date,k,strike,forward,tau_years,rate,fitted_iv
2019-07-01 00:00:00+00:00,-0.6959523333464741,5500.0,11030.9,0.06940639269406393,0.0,1.2978863662025155
2019-07-01 00:00:00+00:00,-0.6736227609217241,5624.194088459652,11030.9,0.06940639269406393,0.0,1.2138963581592028
2019-07-01 00:00:00+00:00,-0.6512931884969742,5751.19257175718,11030.9,0.06940639269406393,0.0,1.1560588243734793
2019-07-01 00:00:00+00:00,-0.6289636160722242,5881.05877521269,11030.9,0.06940639269406393,0.0,1.114615515639845
2019-07-01 00:00:00+00:00,-0.6066340436474742,6013.857454079085,11030.9,0.06940639269406393,0.0,1.084007144500227
2019-07-01 00:00:00+00:00,-0.5843044712227243,6149.654825831018,11030.9,0.06940639269406393,0.0,1.060892110191332
2019-07-01 00:00:00+00:00,-0.5619748987979744,6288.518603182942,11030.9,0.06940639269406393,0.0,1.0431583194154475
2019-07-01 00:00:00+00:00,-0.5396453263732244,6430.518027852736,11030.9,0.06940639269406393,0.0,1.029411278512131
2019-07-01 00:00:00+00:00,-0.5173157539484744,6575.723905087741,11030.9,0.06940639269406393,0.0,1.018695449532455
2019-07-01 00:00:00+00:00,-0.4949861815237244,6724.208638970415,11030.9,0.06940639269406393,0.0,1.0103350770651682
2019-07-01 00:00:00+00:00,-0.47265660909897445,6876.046268521224,11030.9,0.06940639269406393,0.0,1.0038392025195686
2019-07-01 00:00:00+00:00,-0.4503270366742245,7031.312504616748,11030.9,0.06940639269406393,0.0,0.9988427516317766
2019-07-01 00:00:00+00:00,-0.42799746424947455,7190.084767741444,11030.9,0.06940639269406393,0.0,0.9950687360880421
2019-07-01 00:00:00+00:00,-0.40566789182472457,7352.442226591857,11030.9,0.06940639269406393,0.0,0.9923032691249094
2019-07-01 00:00:00+00:00,-0.38333831939997465,7518.465837552552,11030.9,0.06940639269406393,0.0,0.9903786117867254
2019-07-01 00:00:00+00:00,-0.36100874697522467,7688.238385063439,11030.9,0.06940639269406393,0.0,0.9891613978750962
2019-07-01 00:00:00+00:00,-0.3386791745504747,7861.844522898612,11030.9,0.06940639269406393,0.0,0.9885442845609417
2019-07-01 00:00:00+00:00,-0.3163496021257247,8039.370816377321,11030.9,0.06940639269406393,0.0,0.9884399212679771
2019-07-01 00:00:00+00:00,-0.29402002970097474,8220.905785528068,11030.9,0.06940639269406393,0.0,0.988776519879922
2019-07-01 00:00:00+00:00,-0.2716904572762248,8406.539949227401,11030.9,0.06940639269406393,0.0,0.9894945516913095
2019-07-01 00:00:00+00:00,-0.24936088485147484,8596.36587033539,11030.9,0.06940639269406393,0.0,0.9905442505767409
2019-07-01 00:00:00+00:00,-0.22703131242672486,8790.478201850292,11030.9,0.06940639269406393,0.0,0.9918837019060842
2019-07-01 00:00:00+00:00,-0.20470174000197494,8988.973734105426,11030.9,0.06940639269406393,0.0,0.9934773630020253
2019-07-01 00:00:00+00:00,-0.18237216757722496,9191.951443031785,11030.9,0.06940639269406393,0.0,0.9952949056254243
2019-07-01 00:00:00+00:00,-0.160042595152475,9399.51253951046,11030.9,0.06940639269406393,0.0,0.9973103016110889
2019-07-01 00:00:00+00:00,-0.137713022727725,9611.760519839472,11030.9,0.06940639269406393,0.0,0.9995010941026793
2019-07-01 00:00:00+00:00,-0.11538345030297503,9828.801217340186,11030.9,0.06940639269406393,0.0,1.0018478118894762
2019-07-01 00:00:00+00:00,-0.09305387787822506,10050.742855129038,11030.9,0.06940639269406393,0.0,1.0043334951137444
2019-07-01 00:00:00+00:00,-0.07072430545347519,10277.696100080873,11030.9,0.06940639269406393,0.0,1.0069433084098978
2019-07-01 00:00:00+00:00,-0.04839473302872521,10509.774118010848,11030.9,0.06940639269406393,0.0,1.0096642232413748
2019-07-01 00:00:00+00:00,-0.026065160603975235,10747.092630102337,11030.9,0.06940639269406393,0.0,1.0124847554203746
2019-07-01 00:00:00+00:00,-0.0037355881792252577,10989.769970609064,11030.9,0.06940639269406393,0.0,1.0153947469481055
2019-07-01 00:00:00+00:00,0.01859398424552472,11237.927145860163,11030.9,0.06940639269406393,0.0,1.0183851836894902
2019-07-01 00:00:00+00:00,0.0409235566702747,11491.687894597633,11030.9,0.06940639269406393,0.0,1.0214480422034646
2019-07-01 00:00:00+00:00,0.06325312909502467,11751.178749676246,11030.9,0.06940639269406393,0.0,1.0245761604356305
2019-07-01 00:00:00+00:00,0.08558270151977465,12016.529101156695,11030.9,0.06940639269406393,0.0,1.0277631280501025
2019-07-01 00:00:00+00:00,0.10791227394452463,12287.871260823427,11030.9,0.06940639269406393,0.0,1.0310031930105716
2019-07-01 00:00:00+00:00,0.1302418463692745,12565.340528159339,11030.9,0.06940639269406393,0.0,1.0342911816729232
2019-07-01 00:00:00+00:00,0.15257141879402447,12849.075257810224,11030.9,0.06940639269406393,0.0,1.0376224301663448
2019-07-01 00:00:00+00:00,0.17490099121877445,13139.216928572623,11030.9,0.06940639269406393,0.0,1.0409927252482873
2019-07-01 00:00:00+00:00,0.19723056364352443,13435.910213939478,11030.9,0.06940639269406393,0.0,1.0443982531441283
2019-07-01 00:00:00+00:00,0.2195601360682744,13739.303054238739,11030.9,0.06940639269406393,0.0,1.0478355551442622
2019-07-01 00:00:00+00:00,0.24188970849302438,14049.546730400938,11030.9,0.06940639269406393,0.0,1.0513014889418022
2019-07-01 00:00:00+00:00,0.26421928091777436,14366.795939392468,11030.9,0.06940639269406393,0.0,1.054793194865486
2019-07-01 00:00:00+00:00,0.2865488533425242,14691.208871352224,11030.9,0.06940639269406393,0.0,1.0583080663014608
2019-07-01 00:00:00+00:00,0.3088784257672743,15022.947288470034,11030.9,0.06940639269406393,0.0,1.0618437237116938
2019-07-01 00:00:00+00:00,0.3312079981920242,15362.176605646202,11030.9,0.06940639269406393,0.0,1.065397991750518
2019-07-01 00:00:00+00:00,0.35353757061677427,15709.065972972461,11030.9,0.06940639269406393,0.0,1.0689688790581595
2019-07-01 00:00:00+00:00,0.37586714304152413,16063.788360075341,11030.9,0.06940639269406393,0.0,1.0725545603741538
2019-07-01 00:00:00+00:00,0.398196715466274,16426.520642364125,11030.9,0.06940639269406393,0.0,1.076153360667104
2019-07-01 00:00:00+00:00,0.4205262878910241,16797.44368922632,11030.9,0.06940639269406393,0.0,1.0797637410214675
2019-07-01 00:00:00+00:00,0.44285586031577395,17176.74245421464,11030.9,0.06940639269406393,0.0,1.083384286059636
2019-07-01 00:00:00+00:00,0.46518543274052404,17564.60606727053,11030.9,0.06940639269406393,0.0,1.0870136927089122
2019-07-01 00:00:00+00:00,0.4875150051652739,17961.227929030083,11030.9,0.06940639269406393,0.0,1.0906507601493853
2019-07-01 00:00:00+00:00,0.509844577590024,18366.805807259523,11030.9,0.06940639269406393,0.0,1.0942943808012056
2019-07-01 00:00:00+00:00,0.5321741500147739,18781.541935468256,11030.9,0.06940639269406393,0.0,1.0979435322286855
2019-07-01 00:00:00+00:00,0.5545037224395237,19205.643113748654,11030.9,0.06940639269406393,0.0,1.1015972698550425
2019-07-01 00:00:00+00:00,0.5768332948642738,19639.32081189291,11030.9,0.06940639269406393,0.0,1.1052547203951317
2019-07-01 00:00:00+00:00,0.5991628672890237,20082.79127483831,11030.9,0.06940639269406393,0.0,1.1089150759257014
2019-07-01 00:00:00+00:00,0.6214924397137738,20536.27563049358,11030.9,0.06940639269406393,0.0,1.112577588522541
2019-07-01 00:00:00+00:00,0.6438220121385236,21000.0,11030.9,0.06940639269406393,0.0,1.1162415654028353
2019-07-01 00:30:00+00:00,-0.7028364512372606,5500.0,11107.1,0.06934931506849315,0.0,1.3420877853792048
2019-07-01 00:30:00+00:00,-0.6805068788125106,5624.1940884596515,11107.1,0.06934931506849315,0.0,1.2722547015736687
2019-07-01 00:30:00+00:00,-0.6581773063877606,5751.19257175718,11107.1,0.06934931506849315,0.0,1.2175615945328895
2019-07-01 00:30:00+00:00,-0.6358477339630106,5881.058775212689,11107.1,0.06934931506849315,0.0,1.1742237455458675
2019-07-01 00:30:00+00:00,-0.6135181615382608,6013.857454079084,11107.1,0.06934931506849315,0.0,1.1395030555441308
2019-07-01 00:30:00+00:00,-0.5911885891135108,6149.654825831018,11107.1,0.06934931506849315,0.0,1.1114208114423576
2019-07-01 00:30:00+00:00,-0.5688590166887608,6288.518603182942,11107.1,0.06934931506849315,0.0,1.0885331809381387
2019-07-01 00:30:00+00:00,-0.5465294442640108,6430.518027852736,11107.1,0.06934931506849315,0.0,1.0697716810204136
2019-07-01 00:30:00+00:00,-0.5241998718392609,6575.723905087741,11107.1,0.06934931506849315,0.0,1.0543332835142327
2019-07-01 00:30:00+00:00,-0.5018702994145109,6724.208638970415,11107.1,0.06934931506849315,0.0,1.0416051091745642
2019-07-01 00:30:00+00:00,-0.4795407269897609,6876.046268521224,11107.1,0.06934931506849315,0.0,1.0311124974970964
2019-07-01 00:30:00+00:00,-0.457211154565011,7031.312504616748,11107.1,0.06934931506849315,0.0,1.0224827803191683
2019-07-01 00:30:00+00:00,-0.434881582140261,7190.084767741443,11107.1,0.06934931506849315,0.0,1.0154196604666441
2019-07-01 00:30:00+00:00,-0.41255200971551104,7352.4422265918565,11107.1,0.06934931506849315,0.0,1.009684827680321
2019-07-01 00:30:00+00:00,-0.3902224372907611,7518.465837552552,11107.1,0.06934931506849315,0.0,1.00508457745477
2019-07-01 00:30:00+00:00,-0.36789286486601114,7688.238385063438,11107.1,0.06934931506849315,0.0,1.001459936079573
2019-07-01 00:30:00+00:00,-0.34556329244126116,7861.844522898613,11107.1,0.06934931506849315,0.0,0.9986792771499562
2019-07-01 00:30:00+00:00,-0.3232337200165112,8039.370816377321,11107.1,0.06934931506849315,0.0,0.9966327325387584
2019-07-01 00:30:00+00:00,-0.3009041475917612,8220.905785528068,11107.1,0.06934931506849315,0.0,0.9952279126535873
2019-07-01 00:30:00+00:00,-0.2785745751670113,8406.539949227401,11107.1,0.06934931506849315,0.0,0.9943865937992221
2019-07-01 00:30:00+00:00,-0.2562450027422613,8596.36587033539,11107.1,0.06934931506849315,0.0,0.9940421282344928
2019-07-01 00:30:00+00:00,-0.23391543031751133,8790.478201850294,11107.1,0.06934931506849315,0.0,0.9941374002132718
2019-07-01 00:30:00+00:00,-0.2115858578927614,8988.973734105426,11107.1,0.06934931506849315,0.0,0.9946231987623584
2019-07-01 00:30:00+00:00,-0.18925628546801143,9191.951443031785,11107.1,0.06934931506849315,0.0,0.9954569116233901
2019-07-01 00:30:00+00:00,-0.16692671304326145,9399.51253951046,11107.1,0.06934931506849315,0.0,0.9966014689519974
2019-07-01 00:30:00+00:00,-0.14459714061851148,9611.760519839472,11107.1,0.06934931506849315,0.0,0.9980244828993572
2019-07-01 00:30:00+00:00,-0.1222675681937615,9828.801217340188,11107.1,0.06934931506849315,0.0,0.9996975420526127
2019-07-01 00:30:00+00:00,-0.09993799576901152,10050.742855129036,11107.1,0.06934931506849315,0.0,1.0015956292236776
2019-07-01 00:30:00+00:00,-0.07760842334426166,10277.696100080873,11107.1,0.06934931506849315,0.0,1.0036966381836259
2019-07-01 00:30:00+00:00,-0.05527885091951168,10509.77411801085,11107.1,0.06934931506849315,0.0,1.0059809702973135
2019-07-01 00:30:00+00:00,-0.0329492784947617,10747.092630102337,11107.1,0.06934931506849315,0.0,1.0084311960849153
2019-07-01 00:30:00+00:00,-0.010619706070011725,10989.769970609066,11107.1,0.06934931506849315,0.0,1.0110317698567273
2019-07-01 00:30:00+00:00,0.011709866354738252,11237.927145860165,11107.1,0.06934931506849315,0.0,1.0137687879754356
2019-07-01 00:30:00+00:00,0.03403943877948823,11491.687894597633,11107.1,0.06934931506849315,0.0,1.0166297831720132
2019-07-01 00:30:00+00:00,0.056369011204238206,11751.178749676246,11107.1,0.06934931506849315,0.0,1.0196035488064388
2019-07-01 00:30:00+00:00,0.07869858362898818,12016.529101156695,11107.1,0.06934931506849315,0.0,1.0226799881183835
2019-07-01 00:30:00+00:00,0.10102815605373816,12287.871260823427,11107.1,0.06934931506849315,0.0,1.0258499844276714
2019-07-01 00:30:00+00:00,0.12335772847848803,12565.340528159337,11107.1,0.06934931506849315,0.0,1.0291052889733194
2019-07-01 00:30:00+00:00,0.145687300903238,12849.075257810222,11107.1,0.06934931506849315,0.0,1.0324384236643556
2019-07-01 00:30:00+00:00,0.16801687332798798,13139.216928572623,11107.1,0.06934931506849315,0.0,1.0358425964865958
2019-07-01 00:30:00+00:00,0.19034644575273796,13435.910213939478,11107.1,0.06934931506849315,0.0,1.0393116276908283
2019-07-01 00:30:00+00:00,0.21267601817748794,13739.30305423874,11107.1,0.06934931506849315,0.0,1.0428398851983864
2019-07-01 00:30:00+00:00,0.2350055906022379,14049.546730400938,11107.1,0.06934931506849315,0.0,1.0464222279137538
2019-07-01 00:30:00+00:00,0.2573351630269879,14366.795939392468,11107.1,0.06934931506849315,0.0,1.0500539558421993
2019-07-01 00:30:00+00:00,0.27966473545173776,14691.208871352226,11107.1,0.06934931506849315,0.0,1.053730766082461
2019-07-01 00:30:00+00:00,0.30199430787648784,15022.947288470035,11107.1,0.06934931506849315,0.0,1.0574487139064708
2019-07-01 00:30:00+00:00,0.3243238803012377,15362.176605646202,11107.1,0.06934931506849315,0.0,1.0612041782567683
2019-07-01 00:30:00+00:00,0.3466534527259878,15709.065972972461,11107.1,0.06934931506849315,0.0,1.0649938310905502
2019-07-01 00:30:00+00:00,0.36898302515073766,16063.788360075341,11107.1,0.06934931506849315,0.0,1.0688146100822016
2019-07-01 00:30:00+00:00,0.39131259757548753,16426.520642364125,11107.1,0.06934931506849315,0.0,1.07266369426538
2019-07-01 00:30:00+00:00,0.4136421700002376,16797.44368922632,11107.1,0.06934931506849315,0.0,1.076538482254432
2019-07-01 00:30:00+00:00,0.4359717424249875,17176.742454214644,11107.1,0.06934931506849315,0.0,1.0804365727341447
2019-07-01 00:30:00+00:00,0.4583013148497376,17564.60606727053,11107.1,0.06934931506849315,0.0,1.0843557469490925
2019-07-01 00:30:00+00:00,0.48063088727448744,17961.227929030083,11107.1,0.06934931506849315,0.0,1.0882939529593385
2019-07-01 00:30:00+00:00,0.5029604596992375,18366.805807259527,11107.1,0.06934931506849315,0.0,1.0922492914597972
2019-07-01 00:30:00+00:00,0.5252900321239874,18781.541935468256,11107.1,0.06934931506849315,0.0,1.0962200029866844
2019-07-01 00:30:00+00:00,0.5476196045487373,19205.643113748654,11107.1,0.06934931506849315,0.0,1.1002044563566866
2019-07-01 00:30:00+00:00,0.5699491769734873,19639.32081189291,11107.1,0.06934931506849315,0.0,1.1042011382039045
2019-07-01 00:30:00+00:00,0.5922787493982372,20082.79127483831,11107.1,0.06934931506849315,0.0,1.1082086434960383
2019-07-01 00:30:00+00:00,0.6146083218229873,20536.275630493583,11107.1,0.06934931506849315,0.0,1.1122256669257131
2019-07-01 00:30:00+00:00,0.6369378942477372,21000.0,11107.1,0.06934931506849315,0.0,1.116250995085177
2019-07-01 01:00:00+00:00,-0.7003042349082419,5500.0,11079.01,0.06929223744292237,0.0,1.2994538337164478
2019-07-01 01:00:00+00:00,-0.6779746624834919,5624.1940884596515,11079.01,0.06929223744292237,0.0,1.2235829224309416
2019-07-01 01:00:00+00:00,-0.6556450900587419,5751.19257175718,11079.01,0.06929223744292237,0.0,1.16783225774916
2019-07-01 01:00:00+00:00,-0.633315517633992,5881.05877521269,11079.01,0.06929223744292237,0.0,1.125723503830522
2019-07-01 01:00:00+00:00,-0.6109859452092421,6013.857454079085,11079.01,0.06929223744292237,0.0,1.0932231084521864
2019-07-01 01:00:00+00:00,-0.5886563727844921,6149.654825831019,11079.01,0.06929223744292237,0.0,1.0677195513181066
2019-07-01 01:00:00+00:00,-0.5663268003597421,6288.518603182943,11079.01,0.06929223744292237,0.0,1.0474579486561553
2019-07-01 01:00:00+00:00,-0.5439972279349922,6430.518027852737,11079.01,0.06929223744292237,0.0,1.0312192909816615
2019-07-01 01:00:00+00:00,-0.5216676555102422,6575.723905087741,11079.01,0.06929223744292237,0.0,1.0181319191287217
2019-07-01 01:00:00+00:00,-0.4993380830854922,6724.208638970415,11079.01,0.06929223744292237,0.0,1.0075566585180384
2019-07-01 01:00:00+00:00,-0.47700851066074224,6876.046268521225,11079.01,0.06929223744292237,0.0,0.9990144296281614
2019-07-01 01:00:00+00:00,-0.4546789382359923,7031.312504616749,11079.01,0.06929223744292237,0.0,0.9921392060837518
2019-07-01 01:00:00+00:00,-0.43234936581124234,7190.084767741444,11079.01,0.06929223744292237,0.0,0.9866465907562586
2019-07-01 01:00:00+00:00,-0.41001979338649236,7352.442226591857,11079.01,0.06929223744292237,0.0,0.9823123006637225
2019-07-01 01:00:00+00:00,-0.38769022096174244,7518.465837552553,11079.01,0.06929223744292237,0.0,0.9789571073914346
2019-07-01 01:00:00+00:00,-0.36536064853699246,7688.238385063439,11079.01,0.06929223744292237,0.0,0.9764360852328018
2019-07-01 01:00:00+00:00,-0.3430310761122425,7861.844522898613,11079.01,0.06929223744292237,0.0,0.9746307967743526
2019-07-01 01:00:00+00:00,-0.3207015036874925,8039.370816377322,11079.01,0.06929223744292237,0.0,0.973443521201324
2019-07-01 01:00:00+00:00,-0.29837193126274253,8220.905785528068,11079.01,0.06929223744292237,0.0,0.9727929286449443
2019-07-01 01:00:00+00:00,-0.2760423588379926,8406.539949227401,11079.01,0.06929223744292237,0.0,0.9726107949129681
2019-07-01 01:00:00+00:00,-0.25371278641324263,8596.36587033539,11079.01,0.06929223744292237,0.0,0.9728394759108582
2019-07-01 01:00:00+00:00,-0.23138321398849265,8790.478201850292,11079.01,0.06929223744292237,0.0,0.9734299443680422
2019-07-01 01:00:00+00:00,-0.20905364156374273,8988.973734105426,11079.01,0.06929223744292237,0.0,0.9743402479908919
2019-07-01 01:00:00+00:00,-0.18672406913899275,9191.951443031785,11079.01,0.06929223744292237,0.0,0.9755342871095588
2019-07-01 01:00:00+00:00,-0.16439449671424278,9399.51253951046,11079.01,0.06929223744292237,0.0,0.976980837127472
2019-07-01 01:00:00+00:00,-0.1420649242894928,9611.760519839472,11079.01,0.06929223744292237,0.0,0.9786527603989481
2019-07-01 01:00:00+00:00,-0.11973535186474282,9828.801217340188,11079.01,0.06929223744292237,0.0,0.9805263660328651
2019-07-01 01:00:00+00:00,-0.09740577943999285,10050.742855129038,11079.01,0.06929223744292237,0.0,0.9825808862012163
2019-07-01 01:00:00+00:00,-0.07507620701524298,10277.696100080875,11079.01,0.06929223744292237,0.0,0.9847980449381197
2019-07-01 01:00:00+00:00,-0.052746634590493,10509.77411801085,11079.01,0.06929223744292237,0.0,0.9871617009129344
2019-07-01 01:00:00+00:00,-0.030417062165743025,10747.09263010234,11079.01,0.06929223744292237,0.0,0.989657549781895
2019-07-01 01:00:00+00:00,-0.008087489740993048,10989.769970609066,11079.01,0.06929223744292237,0.0,0.9922728748394709
2019-07-01 01:00:00+00:00,0.01424208268375693,11237.927145860167,11079.01,0.06929223744292237,0.0,0.9949963370677829
2019-07-01 01:00:00+00:00,0.036571655108506906,11491.687894597633,11079.01,0.06929223744292237,0.0,0.9978177975099498
2019-07-01 01:00:00+00:00,0.058901227533256884,11751.178749676246,11079.01,0.06929223744292237,0.0,1.0007281663095176
2019-07-01 01:00:00+00:00,0.08123079995800686,12016.529101156695,11079.01,0.06929223744292237,0.0,1.003719273862388
2019-07-01 01:00:00+00:00,0.10356037238275684,12287.87126082343,11079.01,0.06929223744292237,0.0,1.0067837603957686
2019-07-01 01:00:00+00:00,0.1258899448075067,12565.340528159339,11079.01,0.06929223744292237,0.0,1.0099149809742292
2019-07-01 01:00:00+00:00,0.14821951723225668,12849.075257810224,11079.01,0.06929223744292237,0.0,1.0131069234788386
2019-07-01 01:00:00+00:00,0.17054908965700666,13139.216928572623,11079.01,0.06929223744292237,0.0,1.0163541375413008
2019-07-01 01:00:00+00:00,0.19287866208175664,13435.910213939478,11079.01,0.06929223744292237,0.0,1.0196516727662428
2019-07-01 01:00:00+00:00,0.2152082345065066,13739.30305423874,11079.01,0.06929223744292237,0.0,1.022995024858318
2019-07-01 01:00:00+00:00,0.2375378069312566,14049.546730400938,11079.01,0.06929223744292237,0.0,1.0263800885014092
2019-07-01 01:00:00+00:00,0.25986737935600657,14366.79593939247,11079.01,0.06929223744292237,0.0,1.0298031160252101
2019-07-01 01:00:00+00:00,0.28219695178075643,14691.208871352226,11079.01,0.06929223744292237,0.0,1.0332606810489486
2019-07-01 01:00:00+00:00,0.3045265242055065,15022.947288470034,11079.01,0.06929223744292237,0.0,1.036749646418875
2019-07-01 01:00:00+00:00,0.3268560966302564,15362.176605646204,11079.01,0.06929223744292237,0.0,1.040267135861388
2019-07-01 01:00:00+00:00,0.3491856690550065,15709.065972972461,11079.01,0.06929223744292237,0.0,1.0438105088607545
2019-07-01 01:00:00+00:00,0.37151524147975634,16063.788360075341,11079.01,0.06929223744292237,0.0,1.047377338343236
2019-07-01 01:00:00+00:00,0.3938448139045062,16426.520642364125,11079.01,0.06929223744292237,0.0,1.0509653908100893
2019-07-01 01:00:00+00:00,0.4161743863292563,16797.44368922632,11079.01,0.06929223744292237,0.0,1.05457260861301
2019-07-01 01:00:00+00:00,0.43850395875400616,17176.742454214644,11079.01,0.06929223744292237,0.0,1.0581970941087562
2019-07-01 01:00:00+00:00,0.46083353117875625,17564.606067270535,11079.01,0.06929223744292237,0.0,1.0618370954656127
2019-07-01 01:00:00+00:00,0.4831631036035061,17961.227929030083,11079.01,0.06929223744292237,0.0,1.065490993925521
2019-07-01 01:00:00+00:00,0.5054926760282562,18366.805807259527,11079.01,0.06929223744292237,0.0,1.069157292351703
2019-07-01 01:00:00+00:00,0.5278222484530061,18781.541935468256,11079.01,0.06929223744292237,0.0,1.0728346049139375
2019-07-01 01:00:00+00:00,0.5501518208777559,19205.643113748654,11079.01,0.06929223744292237,0.0,1.0765216477826522
2019-07-01 01:00:00+00:00,0.572481393302506,19639.32081189291,11079.01,0.06929223744292237,0.0,1.0802172307195168
2019-07-01 01:00:00+00:00,0.5948109657272559,20082.79127483831,11079.01,0.06929223744292237,0.0,1.0839202494661304
2019-07-01 01:00:00+00:00,0.617140538152006,20536.275630493583,11079.01,0.06929223744292237,0.0,1.0876296788445172
2019-07-01 01:00:00+00:00,0.6394701105767558,21000.0,11079.01,0.06929223744292237,0.0,1.0913445664937367
2019-07-01 01:30:00+00:00,-0.6913847192461396,5500.0,10980.63,0.0692351598173516,0.0,1.302681386052095
2019-07-01 01:30:00+00:00,-0.6690551468213897,5624.1940884596515,10980.63,0.0692351598173516,0.0,1.221648177513615
2019-07-01 01:30:00+00:00,-0.6467255743966397,5751.19257175718,10980.63,0.0692351598173516,0.0,1.1635438904247957
2019-07-01 01:30:00+00:00,-0.6243960019718897,5881.058775212689,10980.63,0.0692351598173516,0.0,1.1205215972854385
2019-07-01 01:30:00+00:00,-0.6020664295471398,6013.857454079084,10980.63,0.0692351598173516,0.0,1.087858651439527
2019-07-01 01:30:00+00:00,-0.5797368571223899,6149.654825831019,10980.63,0.0692351598173516,0.0,1.062585313289771
2019-07-01 01:30:00+00:00,-0.5574072846976399,6288.518603182943,10980.63,0.0692351598173516,0.0,1.0427542846254878
2019-07-01 01:30:00+00:00,-0.5350777122728899,6430.518027852736,10980.63,0.0692351598173516,0.0,1.0270404539716191
2019-07-01 01:30:00+00:00,-0.5127481398481399,6575.723905087741,10980.63,0.0692351598173516,0.0,1.0145126672769766
2019-07-01 01:30:00+00:00,-0.49041856742338996,6724.208638970415,10980.63,0.0692351598173516,0.0,1.0044982322687708
2019-07-01 01:30:00+00:00,-0.46808899499864,6876.046268521224,10980.63,0.0692351598173516,0.0,0.9964994072841848
2019-07-01 01:30:00+00:00,-0.44575942257389006,7031.312504616748,10980.63,0.0692351598173516,0.0,0.9901401646499322
2019-07-01 01:30:00+00:00,-0.4234298501491401,7190.084767741444,10980.63,0.0692351598173516,0.0,0.9851312183293351
2019-07-01 01:30:00+00:00,-0.4011002777243901,7352.442226591857,10980.63,0.0692351598173516,0.0,0.9812464280609707
2019-07-01 01:30:00+00:00,-0.3787707052996402,7518.465837552552,10980.63,0.0692351598173516,0.0,0.9783064963714064
2019-07-01 01:30:00+00:00,-0.3564411328748902,7688.238385063438,10980.63,0.0692351598173516,0.0,0.976167462908567
2019-07-01 01:30:00+00:00,-0.33411156045014023,7861.844522898612,10980.63,0.0692351598173516,0.0,0.9747124285783615
2019-07-01 01:30:00+00:00,-0.31178198802539026,8039.370816377321,10980.63,0.0692351598173516,0.0,0.9738455001058447
2019-07-01 01:30:00+00:00,-0.2894524156006403,8220.905785528068,10980.63,0.0692351598173516,0.0,0.9734872902342931
2019-07-01 01:30:00+00:00,-0.26712284317589036,8406.539949227401,10980.63,0.0692351598173516,0.0,0.9735715266719914
2019-07-01 01:30:00+00:00,-0.24479327075114038,8596.36587033539,10980.63,0.0692351598173516,0.0,0.9740424637185909
2019-07-01 01:30:00+00:00,-0.2224636983263904,8790.478201850294,10980.63,0.0692351598173516,0.0,0.9748528833477133
2019-07-01 01:30:00+00:00,-0.20013412590164048,8988.973734105426,10980.63,0.0692351598173516,0.0,0.9759625348658012
2019-07-01 01:30:00+00:00,-0.1778045534768905,9191.951443031785,10980.63,0.0692351598173516,0.0,0.9773369048387457
2019-07-01 01:30:00+00:00,-0.15547498105214053,9399.51253951046,10980.63,0.0692351598173516,0.0,0.978946238502569
2019-07-01 01:30:00+00:00,-0.13314540862739055,9611.760519839472,10980.63,0.0692351598173516,0.0,0.9807647546452526
2019-07-01 01:30:00+00:00,-0.11081583620264057,9828.801217340186,10980.63,0.0692351598173516,0.0,0.9827700107547984
2019-07-01 01:30:00+00:00,-0.0884862637778906,10050.742855129038,10980.63,0.0692351598173516,0.0,0.9849423859160763
2019-07-01 01:30:00+00:00,-0.06615669135314073,10277.696100080873,10980.63,0.0692351598173516,0.0,0.9872646567411874
2019-07-01 01:30:00+00:00,-0.04382711892839075,10509.774118010848,10980.63,0.0692351598173516,0.0,0.9897216473758171
2019-07-01 01:30:00+00:00,-0.021497546503640774,10747.09263010234,10980.63,0.0692351598173516,0.0,0.9922999389147328
2019-07-01 01:30:00+00:00,0.0008320259211092029,10989.769970609066,10980.63,0.0692351598173516,0.0,0.9949876267881319
2019-07-01 01:30:00+00:00,0.02316159834585918,11237.927145860163,10980.63,0.0692351598173516,0.0,0.9977741171304229
2019-07-01 01:30:00+00:00,0.04549117077060916,11491.687894597633,10980.63,0.0692351598173516,0.0,1.0006499550181673
2019-07-01 01:30:00+00:00,0.06782074319535913,11751.178749676244,10980.63,0.0692351598173516,0.0,1.003606678909682
2019-07-01 01:30:00+00:00,0.09015031562010911,12016.529101156695,10980.63,0.0692351598173516,0.0,1.0066366967425024
2019-07-01 01:30:00+00:00,0.11247988804485909,12287.87126082343,10980.63,0.0692351598173516,0.0,1.0097331800236216
2019-07-01 01:30:00+00:00,0.13480946046960895,12565.340528159339,10980.63,0.0692351598173516,0.0,1.0128899729396068
2019-07-01 01:30:00+00:00,0.15713903289435893,12849.075257810224,10980.63,0.0692351598173516,0.0,1.0161015140620828
2019-07-01 01:30:00+00:00,0.1794686053191089,13139.216928572625,10980.63,0.0692351598173516,0.0,1.0193627686612479
2019-07-01 01:30:00+00:00,0.2017981777438589,13435.91021393948,10980.63,0.0692351598173516,0.0,1.0226691699905635
2019-07-01 01:30:00+00:00,0.22412775016860886,13739.30305423874,10980.63,0.0692351598173516,0.0,1.0260165681879327
2019-07-01 01:30:00+00:00,0.24645732259335884,14049.546730400936,10980.63,0.0692351598173516,0.0,1.029401185667742
2019-07-01 01:30:00+00:00,0.2687868950181088,14366.795939392468,10980.63,0.0692351598173516,0.0,1.0328195780639642
2019-07-01 01:30:00+00:00,0.2911164674428587,14691.208871352226,10980.63,0.0692351598173516,0.0,1.0362685999369687
2019-07-01 01:30:00+00:00,0.31344603986760877,15022.947288470035,10980.63,0.0692351598173516,0.0,1.0397453745817546
2019-07-01 01:30:00+00:00,0.33577561229235864,15362.176605646202,10980.63,0.0692351598173516,0.0,1.0432472673782713
2019-07-01 01:30:00+00:00,0.3581051847171087,15709.065972972461,10980.63,0.0692351598173516,0.0,1.0467718622099986
2019-07-01 01:30:00+00:00,0.3804347571418586,16063.78836007534,10980.63,0.0692351598173516,0.0,1.0503169405479986
2019-07-01 01:30:00+00:00,0.40276432956660846,16426.520642364125,10980.63,0.0692351598173516,0.0,1.0538804628569747
2019-07-01 01:30:00+00:00,0.42509390199135855,16797.44368922632,10980.63,0.0692351598173516,0.0,1.0574605520292304
2019-07-01 01:30:00+00:00,0.4474234744161084,17176.74245421464,10980.63,0.0692351598173516,0.0,1.0610554785945006
2019-07-01 01:30:00+00:00,0.4697530468408585,17564.60606727053,10980.63,0.0692351598173516,0.0,1.0646636474884732
2019-07-01 01:30:00+00:00,0.49208261926560837,17961.227929030083,10980.63,0.0692351598173516,0.0,1.0682835861927944
2019-07-01 01:30:00+00:00,0.5144121916903585,18366.805807259527,10980.63,0.0692351598173516,0.0,1.0719139340844999
2019-07-01 01:30:00+00:00,0.5367417641151083,18781.541935468256,10980.63,0.0692351598173516,0.0,1.075553432854232
2019-07-01 01:30:00+00:00,0.5590713365398582,19205.643113748654,10980.63,0.0692351598173516,0.0,1.0792009178710704
2019-07-01 01:30:00+00:00,0.5814009089646083,19639.32081189291,10980.63,0.0692351598173516,0.0,1.0828553103873353
2019-07-01 01:30:00+00:00,0.6037304813893581,20082.79127483831,10980.63,0.0692351598173516,0.0,1.0865156104903868
2019-07-01 01:30:00+00:00,0.6260600538141082,20536.275630493583,10980.63,0.0692351598173516,0.0,1.0901808907197985
2019-07-01 01:30:00+00:00,0.6483896262388581,21000.0,10980.63,0.0692351598173516,0.0,1.0938502902783624
2019-07-01 02:00:00+00:00,-0.7030083985317874,5500.0,11109.01,0.06917808219178082,0.0,1.2990501038820401
2019-07-01 02:00:00+00:00,-0.6806788261070374,5624.1940884596515,11109.01,0.06917808219178082,0.0,1.2335744034190566
2019-07-01 02:00:00+00:00,-0.6583492536822875,5751.19257175718,11109.01,0.06917808219178082,0.0,1.1827140410433084
2019-07-01 02:00:00+00:00,-0.6360196812575375,5881.058775212689,11109.01,0.06917808219178082,0.0,1.1424951348429353
2019-07-01 02:00:00+00:00,-0.6136901088327875,6013.857454079086,11109.01,0.06917808219178082,0.0,1.1102346663041123
2019-07-01 02:00:00+00:00,-0.5913605364080377,6149.654825831018,11109.01,0.06917808219178082,0.0,1.0840689352747184
2019-07-01 02:00:00+00:00,-0.5690309639832877,6288.518603182942,11109.01,0.06917808219178082,0.0,1.0626679384933533
2019-07-01 02:00:00+00:00,-0.5467013915585377,6430.518027852736,11109.01,0.06917808219178082,0.0,1.0450589869853195
2019-07-01 02:00:00+00:00,-0.5243718191337877,6575.723905087741,11109.01,0.06917808219178082,0.0,1.0305149897270605
2019-07-01 02:00:00+00:00,-0.5020422467090377,6724.208638970415,11109.01,0.06917808219178082,0.0,1.0184818086919012
2019-07-01 02:00:00+00:00,-0.47971267428428777,6876.046268521224,11109.01,0.06917808219178082,0.0,1.0085298092041155
2019-07-01 02:00:00+00:00,-0.45738310185953784,7031.312504616747,11109.01,0.06917808219178082,0.0,1.0003207759146013
2019-07-01 02:00:00+00:00,-0.43505352943478787,7190.084767741444,11109.01,0.06917808219178082,0.0,0.9935848269117312
2019-07-01 02:00:00+00:00,-0.4127239570100379,7352.442226591857,11109.01,0.06917808219178082,0.0,0.9881039833668638
2019-07-01 02:00:00+00:00,-0.39039438458528797,7518.465837552552,11109.01,0.06917808219178082,0.0,0.9837002640702676
2019-07-01 02:00:00+00:00,-0.368064812160538,7688.238385063438,11109.01,0.06917808219178082,0.0,0.9802269165995274
2019-07-01 02:00:00+00:00,-0.345735239735788,7861.844522898612,11109.01,0.06917808219178082,0.0,0.9775618618812193
2019-07-01 02:00:00+00:00,-0.32340566731103804,8039.370816377322,11109.01,0.06917808219178082,0.0,0.9756027264067872
2019-07-01 02:00:00+00:00,-0.30107609488628806,8220.905785528068,11109.01,0.06917808219178082,0.0,0.9742630304973539
2019-07-01 02:00:00+00:00,-0.27874652246153814,8406.539949227401,11109.01,0.06917808219178082,0.0,0.9734692300538432
2019-07-01 02:00:00+00:00,-0.25641695003678816,8596.36587033539,11109.01,0.06917808219178082,0.0,0.9731583964885034
2019-07-01 02:00:00+00:00,-0.23408737761203818,8790.478201850292,11109.01,0.06917808219178082,0.0,0.9732763794889011
2019-07-01 02:00:00+00:00,-0.21175780518728826,8988.973734105426,11109.01,0.06917808219178082,0.0,0.973776339075325
2019-07-01 02:00:00+00:00,-0.18942823276253828,9191.951443031785,11109.01,0.06917808219178082,0.0,0.9746175629739742
2019-07-01 02:00:00+00:00,-0.1670986603377883,9399.51253951046,11109.01,0.06917808219178082,0.0,0.9757645064998446
2019-07-01 02:00:00+00:00,-0.14476908791303833,9611.760519839472,11109.01,0.06917808219178082,0.0,0.977186007489175
2019-07-01 02:00:00+00:00,-0.12243951548828835,9828.801217340186,11109.01,0.06917808219178082,0.0,0.9788546400696373
2019-07-01 02:00:00+00:00,-0.10010994306353838,10050.742855129038,11109.01,0.06917808219178082,0.0,0.9807461793885865
2019-07-01 02:00:00+00:00,-0.07778037063878851,10277.696100080875,11109.01,0.06917808219178082,0.0,0.9828391556520996
2019-07-01 02:00:00+00:00,-0.05545079821403853,10509.774118010848,11109.01,0.06917808219178082,0.0,0.9851144805331038
2019-07-01 02:00:00+00:00,-0.033121225789288555,10747.09263010234,11109.01,0.06917808219178082,0.0,0.9875551325901042
2019-07-01 02:00:00+00:00,-0.010791653364538578,10989.769970609066,11109.01,0.06917808219178082,0.0,0.9901458910892916
2019-07-01 02:00:00+00:00,0.011537919060211399,11237.927145860167,11109.01,0.06917808219178082,0.0,0.9928731097514637
2019-07-01 02:00:00+00:00,0.033867491484961376,11491.687894597633,11109.01,0.06917808219178082,0.0,0.995724523604172
2019-07-01 02:00:00+00:00,0.05619706390971135,11751.178749676246,11109.01,0.06917808219178082,0.0,0.9986890834213442
2019-07-01 02:00:00+00:00,0.07852663633446133,12016.529101156695,11109.01,0.06917808219178082,0.0,1.0017568132609473
2019-07-01 02:00:00+00:00,0.10085620875921131,12287.871260823427,11109.01,0.06917808219178082,0.0,1.0049186874284881
2019-07-01 02:00:00+00:00,0.12318578118396117,12565.340528159339,11109.01,0.06917808219178082,0.0,1.0081665238473314
2019-07-01 02:00:00+00:00,0.14551535360871115,12849.075257810224,11109.01,0.06917808219178082,0.0,1.0114928913421666
2019-07-01 02:00:00+00:00,0.16784492603346113,13139.216928572623,11109.01,0.06917808219178082,0.0,1.0148910287661934
2019-07-01 02:00:00+00:00,0.1901744984582111,13435.91021393948,11109.01,0.06917808219178082,0.0,1.0183547742473713
2019-07-01 02:00:00+00:00,0.21250407088296108,13739.30305423874,11109.01,0.06917808219178082,0.0,1.0218785031104893
2019-07-01 02:00:00+00:00,0.23483364330771106,14049.546730400936,11109.01,0.06917808219178082,0.0,1.025457073262314
2019-07-01 02:00:00+00:00,0.25716321573246104,14366.795939392468,11109.01,0.06917808219178082,0.0,1.0290857770171284
2019-07-01 02:00:00+00:00,0.2794927881572109,14691.208871352226,11109.01,0.06917808219178082,0.0,1.0327602984971294
2019-07-01 02:00:00+00:00,0.301822360581961,15022.947288470035,11109.01,0.06917808219178082,0.0,1.0364766758723265
2019-07-01 02:00:00+00:00,0.32415193300671086,15362.176605646204,11109.01,0.06917808219178082,0.0,1.0402312678136065
2019-07-01 02:00:00+00:00,0.34648150543146095,15709.065972972461,11109.01,0.06917808219178082,0.0,1.044020723623207
2019-07-01 02:00:00+00:00,0.3688110778562108,16063.788360075341,11109.01,0.06917808219178082,0.0,1.0478419565835364
2019-07-01 02:00:00+00:00,0.3911406502809607,16426.52064236412,11109.01,0.06917808219178082,0.0,1.0516921201292715
2019-07-01 02:00:00+00:00,0.41347022270571077,16797.44368922632,11109.01,0.06917808219178082,0.0,1.0555685865023108
2019-07-01 02:00:00+00:00,0.43579979513046063,17176.742454214644,11109.01,0.06917808219178082,0.0,1.05946892759483
2019-07-01 02:00:00+00:00,0.4581293675552107,17564.60606727053,11109.01,0.06917808219178082,0.0,1.0633908977254156
2019-07-01 02:00:00+00:00,0.4804589399799606,17961.227929030083,11109.01,0.06917808219178082,0.0,1.0673324181260262
2019-07-01 02:00:00+00:00,0.5027885124047107,18366.805807259523,11109.01,0.06917808219178082,0.0,1.0712915629467366
2019-07-01 02:00:00+00:00,0.5251180848294605,18781.541935468256,11109.01,0.06917808219178082,0.0,1.0752665466091333
2019-07-01 02:00:00+00:00,0.5474476572542104,19205.643113748654,11109.01,0.06917808219178082,0.0,1.0792557123607895
2019-07-01 02:00:00+00:00,0.5697772296789605,19639.32081189291,11109.01,0.06917808219178082,0.0,1.0832575219010763
2019-07-01 02:00:00+00:00,0.5921068021037104,20082.79127483831,11109.01,0.06917808219178082,0.0,1.087270545964391
2019-07-01 02:00:00+00:00,0.6144363745284604,20536.275630493583,11109.01,0.06917808219178082,0.0,1.0912934557603937
2019-07-01 02:00:00+00:00,0.6367659469532103,21000.0,11109.01,0.06917808219178082,0.0,1.0953250151828795
2019-07-01 02:30:00+00:00,-0.7011090370578812,5500.0,11087.93,0.06912100456621005,0.0,1.3022880923653308
2019-07-01 02:30:00+00:00,-0.6787794646331312,5624.1940884596515,11087.93,0.06912100456621005,0.0,1.2346166592120698
2019-07-01 02:30:00+00:00,-0.6564498922083812,5751.192571757179,11087.93,0.06912100456621005,0.0,1.182718794505211
2019-07-01 02:30:00+00:00,-0.6341203197836313,5881.05877521269,11087.93,0.06912100456621005,0.0,1.1421101698000167
2019-07-01 02:30:00+00:00,-0.6117907473588813,6013.857454079085,11087.93,0.06912100456621005,0.0,1.1098219882365399
2019-07-01 02:30:00+00:00,-0.5894611749341314,6149.654825831018,11087.93,0.06912100456621005,0.0,1.0838271462046885
2019-07-01 02:30:00+00:00,-0.5671316025093814,6288.518603182942,11087.93,0.06912100456621005,0.0,1.0627003612460548
2019-07-01 02:30:00+00:00,-0.5448020300846315,6430.518027852736,11087.93,0.06912100456621005,0.0,1.0454125949185138
2019-07-01 02:30:00+00:00,-0.5224724576598815,6575.723905087741,11087.93,0.06912100456621005,0.0,1.0312032194976175
2019-07-01 02:30:00+00:00,-0.5001428852351315,6724.208638970415,11087.93,0.06912100456621005,0.0,1.019498224767188
2019-07-01 02:30:00+00:00,-0.47781331281038153,6876.046268521224,11087.93,0.06912100456621005,0.0,1.0098564353470605
2019-07-01 02:30:00+00:00,-0.4554837403856316,7031.312504616747,11087.93,0.06912100456621005,0.0,1.0019332416876618
2019-07-01 02:30:00+00:00,-0.43315416796088163,7190.084767741443,11087.93,0.06912100456621005,0.0,0.9954555713627644
2019-07-01 02:30:00+00:00,-0.41082459553613165,7352.442226591857,11087.93,0.06912100456621005,0.0,0.990204252103077
2019-07-01 02:30:00+00:00,-0.38849502311138173,7518.465837552552,11087.93,0.06912100456621005,0.0,0.9860013458324107
2019-07-01 02:30:00+00:00,-0.36616545068663175,7688.238385063438,11087.93,0.06912100456621005,0.0,0.9827008950275258
2019-07-01 02:30:00+00:00,-0.3438358782618818,7861.844522898613,11087.93,0.06912100456621005,0.0,0.9801820557966562
2019-07-01 02:30:00+00:00,-0.3215063058371318,8039.37081637732,11087.93,0.06912100456621005,0.0,0.9783439292016456
2019-07-01 02:30:00+00:00,-0.2991767334123818,8220.905785528066,11087.93,0.06912100456621005,0.0,0.9771016200694339
2019-07-01 02:30:00+00:00,-0.2768471609876319,8406.539949227401,11087.93,0.06912100456621005,0.0,0.976383195903021
2019-07-01 02:30:00+00:00,-0.2545175885628819,8596.36587033539,11087.93,0.06912100456621005,0.0,0.9761273146190306
2019-07-01 02:30:00+00:00,-0.23218801613813195,8790.478201850292,11087.93,0.06912100456621005,0.0,0.9762813553627347
2019-07-01 02:30:00+00:00,-0.20985844371338203,8988.973734105426,11087.93,0.06912100456621005,0.0,0.9767999320157204
2019-07-01 02:30:00+00:00,-0.18752887128863205,9191.951443031785,11087.93,0.06912100456621005,0.0,0.9776437008718897
2019-07-01 02:30:00+00:00,-0.16519929886388207,9399.51253951046,11087.93,0.06912100456621005,0.0,0.9787783966345863
2019-07-01 02:30:00+00:00,-0.1428697264391321,9611.760519839472,11087.93,0.06912100456621005,0.0,0.9801740472296933
2019-07-01 02:30:00+00:00,-0.12054015401438212,9828.801217340186,11087.93,0.06912100456621005,0.0,0.981804329843575
2019-07-01 02:30:00+00:00,-0.09821058158963214,10050.742855129038,11087.93,0.06912100456621005,0.0,0.9836460393747909
2019-07-01 02:30:00+00:00,-0.07588100916488227,10277.696100080873,11087.93,0.06912100456621005,0.0,0.9856786470249764
2019-07-01 02:30:00+00:00,-0.0535514367401323,10509.774118010848,11087.93,0.06912100456621005,0.0,0.9878839316667795
2019-07-01 02:30:00+00:00,-0.03122186431538232,10747.092630102337,11087.93,0.06912100456621005,0.0,0.9902456703516012
2019-07-01 02:30:00+00:00,-0.008892291890632342,10989.769970609066,11087.93,0.06912100456621005,0.0,0.9927493771684115
2019-07-01 02:30:00+00:00,0.013437280534117635,11237.927145860165,11087.93,0.06912100456621005,0.0,0.9953820818601316
2019-07-01 02:30:00+00:00,0.03576685295886761,11491.687894597633,11087.93,0.06912100456621005,0.0,0.9981321413085498
2019-07-01 02:30:00+00:00,0.05809642538361759,11751.178749676246,11087.93,0.06912100456621005,0.0,1.0009890783319044
2019-07-01 02:30:00+00:00,0.08042599780836757,12016.529101156693,11087.93,0.06912100456621005,0.0,1.0039434432882683
2019-07-01 02:30:00+00:00,0.10275557023311754,12287.871260823427,11087.93,0.06912100456621005,0.0,1.0069866948092474
2019-07-01 02:30:00+00:00,0.1250851426578674,12565.340528159339,11087.93,0.06912100456621005,0.0,1.0101110966508675
2019-07-01 02:30:00+00:00,0.1474147150826174,12849.075257810222,11087.93,0.06912100456621005,0.0,1.0133096281793275
2019-07-01 02:30:00+00:00,0.16974428750736736,13139.216928572623,11087.93,0.06912100456621005,0.0,1.0165759064372932
2019-07-01 02:30:00+00:00,0.19207385993211734,13435.910213939478,11087.93,0.06912100456621005,0.0,1.0199041180827053
2019-07-01 02:30:00+00:00,0.21440343235686732,13739.303054238739,11087.93,0.06912100456621005,0.0,1.0232889597742623
2019-07-01 02:30:00+00:00,0.2367330047816173,14049.546730400938,11087.93,0.06912100456621005,0.0,1.0267255858084328
2019-07-01 02:30:00+00:00,0.2590625772063673,14366.795939392468,11087.93,0.06912100456621005,0.0,1.030209562002095
2019-07-01 02:30:00+00:00,0.28139214963111714,14691.208871352226,11087.93,0.06912100456621005,0.0,1.0337368249714634
2019-07-01 02:30:00+00:00,0.3037217220558672,15022.947288470034,11087.93,0.06912100456621005,0.0,1.0373036460873888
2019-07-01 02:30:00+00:00,0.3260512944806171,15362.176605646202,11087.93,0.06912100456621005,0.0,1.0409065994946392
2019-07-01 02:30:00+00:00,0.3483808669053672,15709.06597297246,11087.93,0.06912100456621005,0.0,1.0445425336727454
2019-07-01 02:30:00+00:00,0.37071043933011705,16063.78836007534,11087.93,0.06912100456621005,0.0,1.0482085460914325
2019-07-01 02:30:00+00:00,0.3930400117548669,16426.52064236412,11087.93,0.06912100456621005,0.0,1.0519019605766504
2019-07-01 02:30:00+00:00,0.415369584179617,16797.44368922632,11087.93,0.06912100456621005,0.0,1.0556203070569425
2019-07-01 02:30:00+00:00,0.43769915660436687,17176.742454214644,11087.93,0.06912100456621005,0.0,1.0593613034047316
2019-07-01 02:30:00+00:00,0.46002872902911696,17564.60606727053,11087.93,0.06912100456621005,0.0,1.0631228391258143
2019-07-01 02:30:00+00:00,0.4823583014538668,17961.22792903008,11087.93,0.06912100456621005,0.0,1.0669029606825746
2019-07-01 02:30:00+00:00,0.5046878738786169,18366.805807259523,11087.93,0.06912100456621005,0.0,1.0706998582647154
2019-07-01 02:30:00+00:00,0.5270174463033668,18781.541935468256,11087.93,0.06912100456621005,0.0,1.0745118538448293
2019-07-01 02:30:00+00:00,0.5493470187281166,19205.643113748654,11087.93,0.06912100456621005,0.0,1.078337390376836
2019-07-01 02:30:00+00:00,0.5716765911528667,19639.32081189291,11087.93,0.06912100456621005,0.0,1.0821750220127433
2019-07-01 02:30:00+00:00,0.5940061635776166,20082.79127483831,11087.93,0.06912100456621005,0.0,1.0860234052285875
2019-07-01 02:30:00+00:00,0.6163357360023667,20536.275630493583,11087.93,0.06912100456621005,0.0,1.0898812907633502
2019-07-01 02:30:00+00:00,0.6386653084271166,21000.0,11087.93,0.06912100456621005,0.0,1.0937475162862573
2019-07-01 03:00:00+00:00,-0.7079296521768861,5500.0,11163.814999999999,0.06906392694063927,0.0,1.2235341380135465
2019-07-01 03:00:00+00:00,-0.6856000797521361,5624.194088459651,11163.814999999999,0.06906392694063927,0.0,1.1828129608842244
2019-07-01 03:00:00+00:00,-0.6632705073273861,5751.192571757179,11163.814999999999,0.06906392694063927,0.0,1.149400298088193
2019-07-01 03:00:00+00:00,-0.6409409349026362,5881.0587752126885,11163.814999999999,0.06906392694063927,0.0,1.1216959298318003
2019-07-01 03:00:00+00:00,-0.6186113624778862,6013.857454079085,11163.814999999999,0.06906392694063927,0.0,1.0985305987563612
2019-07-01 03:00:00+00:00,-0.5962817900531363,6149.654825831018,11163.814999999999,0.06906392694063927,0.0,1.0790317048146896
2019-07-01 03:00:00+00:00,-0.5739522176283863,6288.518603182942,11163.814999999999,0.06906392694063927,0.0,1.062535486926867
2019-07-01 03:00:00+00:00,-0.5516226452036364,6430.518027852736,11163.814999999999,0.06906392694063927,0.0,1.048528320512207
2019-07-01 03:00:00+00:00,-0.5292930727788864,6575.72390508774,11163.814999999999,0.06906392694063927,0.0,1.0366066184046026
2019-07-01 03:00:00+00:00,-0.5069635003541364,6724.2086389704145,11163.814999999999,0.06906392694063927,0.0,1.0264488721487286
2019-07-01 03:00:00+00:00,-0.4846339279293864,6876.046268521223,11163.814999999999,0.06906392694063927,0.0,1.0177957827936328
2019-07-01 03:00:00+00:00,-0.4623043555046365,7031.312504616748,11163.814999999999,0.06906392694063927,0.0,1.0104358901581298
2019-07-01 03:00:00+00:00,-0.4399747830798865,7190.084767741442,11163.814999999999,0.06906392694063927,0.0,1.0041950097732248
2019-07-01 03:00:00+00:00,-0.41764521065513655,7352.4422265918565,11163.814999999999,0.06906392694063927,0.0,0.9989283527651953
2019-07-01 03:00:00+00:00,-0.3953156382303866,7518.465837552551,11163.814999999999,0.06906392694063927,0.0,0.9945145667970892
2019-07-01 03:00:00+00:00,-0.37298606580563665,7688.238385063437,11163.814999999999,0.06906392694063927,0.0,0.9908511731347007
2019-07-01 03:00:00+00:00,-0.35065649338088667,7861.844522898611,11163.814999999999,0.06906392694063927,0.0,0.9878510323811188
2019-07-01 03:00:00+00:00,-0.3283269209561367,8039.37081637732,11163.814999999999,0.06906392694063927,0.0,0.9854395778350092
2019-07-01 03:00:00+00:00,-0.3059973485313867,8220.905785528066,11163.814999999999,0.06906392694063927,0.0,0.9835526284591698
2019-07-01 03:00:00+00:00,-0.2836677761066368,8406.5399492274,11163.814999999999,0.06906392694063927,0.0,0.9821346443036744
2019-07-01 03:00:00+00:00,-0.2613382036818868,8596.365870335389,11163.814999999999,0.06906392694063927,0.0,0.9811373231301949
2019-07-01 03:00:00+00:00,-0.23900863125713684,8790.478201850292,11163.814999999999,0.06906392694063927,0.0,0.9805184626538089
2019-07-01 03:00:00+00:00,-0.21667905883238692,8988.973734105424,11163.814999999999,0.06906392694063927,0.0,0.9802410313923168
2019-07-01 03:00:00+00:00,-0.19434948640763694,9191.951443031783,11163.814999999999,0.06906392694063927,0.0,0.9802724047037567
2019-07-01 03:00:00+00:00,-0.17201991398288696,9399.512539510459,11163.814999999999,0.06906392694063927,0.0,0.9805837326415737
2019-07-01 03:00:00+00:00,-0.14969034155813699,9611.76051983947,11163.814999999999,0.06906392694063927,0.0,0.9811494137606687
2019-07-01 03:00:00+00:00,-0.127360769133387,9828.801217340186,11163.814999999999,0.06906392694063927,0.0,0.9819466546630217
2019-07-01 03:00:00+00:00,-0.10503119670863703,10050.742855129036,11163.814999999999,0.06906392694063927,0.0,0.9829550993708372
2019-07-01 03:00:00+00:00,-0.08270162428388717,10277.696100080871,11163.814999999999,0.06906392694063927,0.0,0.9841565159110395
2019-07-01 03:00:00+00:00,-0.06037205185913719,10509.774118010848,11163.814999999999,0.06906392694063927,0.0,0.9855345300406426
2019-07-01 03:00:00+00:00,-0.03804247943438721,10747.092630102337,11163.814999999999,0.06906392694063927,0.0,0.9870743980237694
2019-07-01 03:00:00+00:00,-0.015712907009637234,10989.769970609064,11163.814999999999,0.06906392694063927,0.0,0.9887628119233044
2019-07-01 03:00:00+00:00,0.0066166654151127435,11237.927145860163,11163.814999999999,0.06906392694063927,0.0,0.9905877320947071
2019-07-01 03:00:00+00:00,0.02894623783986272,11491.687894597631,11163.814999999999,0.06906392694063927,0.0,0.9925382425412647
2019-07-01 03:00:00+00:00,0.0512758102646127,11751.178749676244,11163.814999999999,0.06906392694063927,0.0,0.9946044255658397
2019-07-01 03:00:00+00:00,0.07360538268936268,12016.529101156693,11163.814999999999,0.06906392694063927,0.0,0.9967772527772056
2019-07-01 03:00:00+00:00,0.09593495511411265,12287.871260823427,11163.814999999999,0.06906392694063927,0.0,0.9990484900118757
2019-07-01 03:00:00+00:00,0.11826452753886252,12565.340528159337,11163.814999999999,0.06906392694063927,0.0,1.0014106141402022
2019-07-01 03:00:00+00:00,0.1405940999636125,12849.075257810222,11163.814999999999,0.06906392694063927,0.0,1.0038567400581682
2019-07-01 03:00:00+00:00,0.16292367238836247,13139.216928572621,11163.814999999999,0.06906392694063927,0.0,1.0063805564389288
2019-07-01 03:00:00+00:00,0.18525324481311245,13435.910213939476,11163.814999999999,0.06906392694063927,0.0,1.0089762690417714
2019-07-01 03:00:00+00:00,0.20758281723786243,13739.303054238739,11163.814999999999,0.06906392694063927,0.0,1.011638550562074
2019-07-01 03:00:00+00:00,0.2299123896626124,14049.546730400936,11163.814999999999,0.06906392694063927,0.0,1.01436249615879
2019-07-01 03:00:00+00:00,0.2522419620873624,14366.795939392468,11163.814999999999,0.06906392694063927,0.0,1.0171435839244907
2019-07-01 03:00:00+00:00,0.27457153451211225,14691.208871352224,11163.814999999999,0.06906392694063927,0.0,1.0199776396693963
2019-07-01 03:00:00+00:00,0.29690110693686234,15022.947288470032,11163.814999999999,0.06906392694063927,0.0,1.0228608054812962
2019-07-01 03:00:00+00:00,0.3192306793616122,15362.1766056462,11163.814999999999,0.06906392694063927,0.0,1.0257895115979418
2019-07-01 03:00:00+00:00,0.3415602517863623,15709.06597297246,11163.814999999999,0.06906392694063927,0.0,1.0287604511931157
2019-07-01 03:00:00+00:00,0.36388982421111216,16063.788360075338,11163.814999999999,0.06906392694063927,0.0,1.0317705577310106
2019-07-01 03:00:00+00:00,0.386219396635862,16426.52064236412,11163.814999999999,0.06906392694063927,0.0,1.034816984589928
2019-07-01 03:00:00+00:00,0.4085489690606121,16797.44368922632,11163.814999999999,0.06906392694063927,0.0,1.037897086695223
2019-07-01 03:00:00+00:00,0.430878541485362,17176.74245421464,11163.814999999999,0.06906392694063927,0.0,1.0410084039350904
2019-07-01 03:00:00+00:00,0.45320811391011206,17564.60606727053,11163.814999999999,0.06906392694063927,0.0,1.0441486461613183
2019-07-01 03:00:00+00:00,0.47553768633486193,17961.22792903008,11163.814999999999,0.06906392694063927,0.0,1.0473156796019971
2019-07-01 03:00:00+00:00,0.497867258759612,18366.805807259523,11163.814999999999,0.06906392694063927,0.0,1.050507514534206
2019-07-01 03:00:00+00:00,0.5201968311843619,18781.541935468253,11163.814999999999,0.06906392694063927,0.0,1.0537222940833384
2019-07-01 03:00:00+00:00,0.5425264036091118,19205.64311374865,11163.814999999999,0.06906392694063927,0.0,1.0569582840313223
2019-07-01 03:00:00+00:00,0.5648559760338618,19639.320811892907,11163.814999999999,0.06906392694063927,0.0,1.0602138635300984
2019-07-01 03:00:00+00:00,0.5871855484586117,20082.791274838306,11163.814999999999,0.06906392694063927,0.0,1.063487516628424
2019-07-01 03:00:00+00:00,0.6095151208833618,20536.27563049358,11163.814999999999,0.06906392694063927,0.0,1.0667778245309105
2019-07-01 03:00:00+00:00,0.6318446933081118,21000.0,11163.814999999999,0.06906392694063927,0.0,1.0700834585167698
2019-07-01 03:30:00+00:00,-0.708631227032961,5500.0,11171.65,0.0690068493150685,0.0,1.252684525135866
2019-07-01 03:30:00+00:00,-0.686301654608211,5624.194088459651,11171.65,0.0690068493150685,0.0,1.2112099388007542
2019-07-01 03:30:00+00:00,-0.663972082183461,5751.192571757179,11171.65,0.0690068493150685,0.0,1.1761991698120564
2019-07-01 03:30:00+00:00,-0.6416425097587111,5881.05877521269,11171.65,0.0690068493150685,0.0,1.146455350556627
2019-07-01 03:30:00+00:00,-0.6193129373339612,6013.857454079084,11171.65,0.0690068493150685,0.0,1.121058144905075
2019-07-01 03:30:00+00:00,-0.5969833649092112,6149.654825831019,11171.65,0.0690068493150685,0.0,1.0992889712543692
2019-07-01 03:30:00+00:00,-0.5746537924844612,6288.518603182942,11171.65,0.0690068493150685,0.0,1.080578783147344
2019-07-01 03:30:00+00:00,-0.5523242200597113,6430.518027852735,11171.65,0.0690068493150685,0.0,1.0644710719117012
2019-07-01 03:30:00+00:00,-0.5299946476349613,6575.72390508774,11171.65,0.0690068493150685,0.0,1.0505952573026842
2019-07-01 03:30:00+00:00,-0.5076650752102113,6724.208638970415,11171.65,0.0690068493150685,0.0,1.0386472633441926
2019-07-01 03:30:00+00:00,-0.48533550278546134,6876.046268521223,11171.65,0.0690068493150685,0.0,1.0283751353243629
2019-07-01 03:30:00+00:00,-0.4630059303607114,7031.312504616748,11171.65,0.0690068493150685,0.0,1.0195682444695473
2019-07-01 03:30:00+00:00,-0.44067635793596144,7190.084767741443,11171.65,0.0690068493150685,0.0,1.0120490815722925
2019-07-01 03:30:00+00:00,-0.41834678551121146,7352.4422265918565,11171.65,0.0690068493150685,0.0,1.0056669438809875
2019-07-01 03:30:00+00:00,-0.39601721308646154,7518.465837552552,11171.65,0.0690068493150685,0.0,1.000293024097145
2019-07-01 03:30:00+00:00,-0.37368764066171156,7688.238385063437,11171.65,0.0690068493150685,0.0,0.9958165502041079
2019-07-01 03:30:00+00:00,-0.3513580682369616,7861.844522898612,11171.65,0.0690068493150685,0.0,0.9921417217569478
2019-07-01 03:30:00+00:00,-0.3290284958122116,8039.37081637732,11171.65,0.0690068493150685,0.0,0.9891852562503323
2019-07-01 03:30:00+00:00,-0.30669892338746163,8220.905785528066,11171.65,0.0690068493150685,0.0,0.9868744074616465
2019-07-01 03:30:00+00:00,-0.2843693509627117,8406.5399492274,11171.65,0.0690068493150685,0.0,0.9851453523521023
2019-07-01 03:30:00+00:00,-0.26203977853796173,8596.36587033539,11171.65,0.0690068493150685,0.0,0.9839418683046046
2019-07-01 03:30:00+00:00,-0.23971020611321175,8790.478201850292,11171.65,0.0690068493150685,0.0,0.9832142409726183
2019-07-01 03:30:00+00:00,-0.21738063368846183,8988.973734105426,11171.65,0.0690068493150685,0.0,0.9829183567275629
2019-07-01 03:30:00+00:00,-0.19505106126371186,9191.951443031785,11171.65,0.0690068493150685,0.0,0.9830149439562215
2019-07-01 03:30:00+00:00,-0.17272148883896188,9399.512539510459,11171.65,0.0690068493150685,0.0,0.9834689352113254
2019-07-01 03:30:00+00:00,-0.1503919164142119,9611.760519839472,11171.65,0.0690068493150685,0.0,0.9842489281229618
2019-07-01 03:30:00+00:00,-0.12806234398946192,9828.801217340186,11171.65,0.0690068493150685,0.0,0.985326727512313
2019-07-01 03:30:00+00:00,-0.10573277156471195,10050.742855129036,11171.65,0.0690068493150685,0.0,0.9866769546576508
2019-07-01 03:30:00+00:00,-0.08340319913996208,10277.696100080873,11171.65,0.0690068493150685,0.0,0.9882767123973245
2019-07-01 03:30:00+00:00,-0.061073626715212104,10509.774118010848,11171.65,0.0690068493150685,0.0,0.9901052969012033
2019-07-01 03:30:00+00:00,-0.03874405429046213,10747.09263010234,11171.65,0.0690068493150685,0.0,0.9921439486381242
2019-07-01 03:30:00+00:00,-0.01641448186571215,10989.769970609066,11171.65,0.0690068493150685,0.0,0.9943756364158013
2019-07-01 03:30:00+00:00,0.005915090559037828,11237.927145860165,11171.65,0.0690068493150685,0.0,0.9967848694485176
2019-07-01 03:30:00+00:00,0.028244662983787805,11491.687894597635,11171.65,0.0690068493150685,0.0,0.9993575332761856
2019-07-01 03:30:00+00:00,0.05057423540853778,11751.178749676244,11171.65,0.0690068493150685,0.0,1.0020807460604793
2019-07-01 03:30:00+00:00,0.07290380783328776,12016.529101156695,11171.65,0.0690068493150685,0.0,1.0049427323551239
2019-07-01 03:30:00+00:00,0.09523338025803774,12287.871260823427,11171.65,0.0690068493150685,0.0,1.007932711913985
2019-07-01 03:30:00+00:00,0.1175629526827876,12565.340528159337,11171.65,0.0690068493150685,0.0,1.0110408014842398
2019-07-01 03:30:00+00:00,0.13989252510753758,12849.075257810222,11171.65,0.0690068493150685,0.0,1.0142579278479091
2019-07-01 03:30:00+00:00,0.16222209753228756,13139.216928572621,11171.65,0.0690068493150685,0.0,1.0175757506373249
2019-07-01 03:30:00+00:00,0.18455166995703753,13435.910213939478,11171.65,0.0690068493150685,0.0,1.0209865936680282
2019-07-01 03:30:00+00:00,0.2068812423817875,13739.303054238739,11171.65,0.0690068493150685,0.0,1.0244833837148053
2019-07-01 03:30:00+00:00,0.2292108148065375,14049.546730400936,11171.65,0.0690068493150685,0.0,1.028059595809411
2019-07-01 03:30:00+00:00,0.25154038723128747,14366.795939392468,11171.65,0.0690068493150685,0.0,1.0317092042669016
2019-07-01 03:30:00+00:00,0.27386995965603733,14691.208871352226,11171.65,0.0690068493150685,0.0,1.0354266387564999
2019-07-01 03:30:00+00:00,0.2961995320807874,15022.947288470034,11171.65,0.0690068493150685,0.0,1.0392067448245819
2019-07-01 03:30:00+00:00,0.3185291045055373,15362.1766056462,11171.65,0.0690068493150685,0.0,1.0430447483558374
2019-07-01 03:30:00+00:00,0.3408586769302874,15709.065972972461,11171.65,0.0690068493150685,0.0,1.0469362235255397
2019-07-01 03:30:00+00:00,0.36318824935503724,16063.78836007534,11171.65,0.0690068493150685,0.0,1.0508770638526272
2019-07-01 03:30:00+00:00,0.3855178217797871,16426.52064236412,11171.65,0.0690068493150685,0.0,1.0548634560127947
2019-07-01 03:30:00+00:00,0.4078473942045372,16797.44368922632,11171.65,0.0690068493150685,0.0,1.0588918561123588
2019-07-01 03:30:00+00:00,0.43017696662928706,17176.742454214644,11171.65,0.0690068493150685,0.0,1.0629589681606355
2019-07-01 03:30:00+00:00,0.45250653905403715,17564.60606727053,11171.65,0.0690068493150685,0.0,1.067061724509623
2019-07-01 03:30:00+00:00,0.474836111478787,17961.227929030083,11171.65,0.0690068493150685,0.0,1.071197268056972
2019-07-01 03:30:00+00:00,0.4971656839035371,18366.805807259523,11171.65,0.0690068493150685,0.0,1.0753629360324726
2019-07-01 03:30:00+00:00,0.519495256328287,18781.541935468256,11171.65,0.0690068493150685,0.0,1.0795562452081007
2019-07-01 03:30:00+00:00,0.5418248287530368,19205.643113748654,11171.65,0.0690068493150685,0.0,1.0837748783905832
2019-07-01 03:30:00+00:00,0.5641544011777869,19639.32081189291,11171.65,0.0690068493150685,0.0,1.088016672070252
2019-07-01 03:30:00+00:00,0.5864839736025368,20082.79127483831,11171.65,0.0690068493150685,0.0,1.0922796051146546
2019-07-01 03:30:00+00:00,0.6088135460272869,20536.275630493583,11171.65,0.0690068493150685,0.0,1.0965617884068959
2019-07-01 03:30:00+00:00,0.6311431184520367,21000.0,11171.65,0.0690068493150685,0.0,1.1008614553395262
2019-07-01 04:00:00+00:00,-0.7047630902629148,5500.0,11128.52,0.06894977168949772,0.0,1.2968562530281083
2019-07-01 04:00:00+00:00,-0.6824335178381649,5624.1940884596515,11128.52,0.06894977168949772,0.0,1.2358638176317374
2019-07-01 04:00:00+00:00,-0.6601039454134149,5751.192571757179,11128.52,0.06894977168949772,0.0,1.1881528582677359
2019-07-01 04:00:00+00:00,-0.6377743729886649,5881.058775212689,11128.52,0.06894977168949772,0.0,1.1501850595238348
2019-07-01 04:00:00+00:00,-0.615444800563915,6013.857454079084,11128.52,0.06894977168949772,0.0,1.11955228879377
2019-07-01 04:00:00+00:00,-0.5931152281391651,6149.654825831019,11128.52,0.06894977168949772,0.0,1.0945690853820922
2019-07-01 04:00:00+00:00,-0.5707856557144151,6288.518603182942,11128.52,0.06894977168949772,0.0,1.0740244761917281
2019-07-01 04:00:00+00:00,-0.5484560832896651,6430.518027852736,11128.52,0.06894977168949772,0.0,1.05702756110974
2019-07-01 04:00:00+00:00,-0.5261265108649151,6575.723905087741,11128.52,0.06894977168949772,0.0,1.0429089478829943
2019-07-01 04:00:00+00:00,-0.5037969384401652,6724.208638970416,11128.52,0.06894977168949772,0.0,1.0311561834084761
2019-07-01 04:00:00+00:00,-0.4814673660154152,6876.046268521224,11128.52,0.06894977168949772,0.0,1.0213703974548893
2019-07-01 04:00:00+00:00,-0.45913779359066526,7031.312504616748,11128.52,0.06894977168949772,0.0,1.0132365150317406
2019-07-01 04:00:00+00:00,-0.4368082211659153,7190.084767741444,11128.52,0.06894977168949772,0.0,1.0065023566163076
2019-07-01 04:00:00+00:00,-0.4144786487411653,7352.4422265918565,11128.52,0.06894977168949772,0.0,1.0009636908551918
2019-07-01 04:00:00+00:00,-0.3921490763164154,7518.465837552552,11128.52,0.06894977168949772,0.0,0.9964533564741658
2019-07-01 04:00:00+00:00,-0.3698195038916654,7688.238385063438,11128.52,0.06894977168949772,0.0,0.9928332189731327
2019-07-01 04:00:00+00:00,-0.3474899314669154,7861.844522898612,11128.52,0.06894977168949772,0.0,0.9899881366806395
2019-07-01 04:00:00+00:00,-0.32516035904216545,8039.370816377321,11128.52,0.06894977168949772,0.0,0.9878213739346625
2019-07-01 04:00:00+00:00,-0.30283078661741547,8220.905785528066,11128.52,0.06894977168949772,0.0,0.9862510718285789
2019-07-01 04:00:00+00:00,-0.28050121419266555,8406.5399492274,11128.52,0.06894977168949772,0.0,0.9852075023052789
2019-07-01 04:00:00+00:00,-0.25817164176791557,8596.36587033539,11128.52,0.06894977168949772,0.0,0.9846309097337299
2019-07-01 04:00:00+00:00,-0.2358420693431656,8790.478201850292,11128.52,0.06894977168949772,0.0,0.9844697981606297
2019-07-01 04:00:00+00:00,-0.21351249691841567,8988.973734105426,11128.52,0.06894977168949772,0.0,0.984679560271536
2019-07-01 04:00:00+00:00,-0.1911829244936657,9191.951443031785,11128.52,0.06894977168949772,0.0,0.9852213709455141
2019-07-01 04:00:00+00:00,-0.16885335206891572,9399.512539510459,11128.52,0.06894977168949772,0.0,0.9860612875786814
2019-07-01 04:00:00+00:00,-0.14652377964416574,9611.760519839472,11128.52,0.06894977168949772,0.0,0.9871695133765113
2019-07-01 04:00:00+00:00,-0.12419420721941576,9828.801217340186,11128.52,0.06894977168949772,0.0,0.9885197901225187
2019-07-01 04:00:00+00:00,-0.10186463479466579,10050.742855129036,11128.52,0.06894977168949772,0.0,0.9900888945855104
2019-07-01 04:00:00+00:00,-0.07953506236991592,10277.696100080873,11128.52,0.06894977168949772,0.0,0.9918562184665738
2019-07-01 04:00:00+00:00,-0.057205489945165944,10509.774118010848,11128.52,0.06894977168949772,0.0,0.993803416129014
2019-07-01 04:00:00+00:00,-0.03487591752041597,10747.092630102337,11128.52,0.06894977168949772,0.0,0.9959141076676501
2019-07-01 04:00:00+00:00,-0.01254634509566599,10989.769970609064,11128.52,0.06894977168949772,0.0,0.9981736274223596
2019-07-01 04:00:00+00:00,0.009783227329083988,11237.927145860163,11128.52,0.06894977168949772,0.0,1.0005688100157497
2019-07-01 04:00:00+00:00,0.032112799753833965,11491.687894597633,11128.52,0.06894977168949772,0.0,1.003087807536783
2019-07-01 04:00:00+00:00,0.05444237217858394,11751.178749676244,11128.52,0.06894977168949772,0.0,1.00571993270353
2019-07-01 04:00:00+00:00,0.07677194460333392,12016.529101156693,11128.52,0.06894977168949772,0.0,1.0084555237968054
2019-07-01 04:00:00+00:00,0.0991015170280839,12287.871260823427,11128.52,0.06894977168949772,0.0,1.0112858279187997
2019-07-01 04:00:00+00:00,0.12143108945283376,12565.340528159339,11128.52,0.06894977168949772,0.0,1.0142028997412522
2019-07-01 04:00:00+00:00,0.14376066187758374,12849.075257810222,11128.52,0.06894977168949772,0.0,1.0171995133988718
2019-07-01 04:00:00+00:00,0.16609023430233372,13139.216928572623,11128.52,0.06894977168949772,0.0,1.0202690855809722
2019-07-01 04:00:00+00:00,0.1884198067270837,13435.910213939478,11128.52,0.06894977168949772,0.0,1.0234056081974627
2019-07-01 04:00:00+00:00,0.21074937915183367,13739.303054238739,11128.52,0.06894977168949772,0.0,1.0266035892590721
2019-07-01 04:00:00+00:00,0.23307895157658365,14049.546730400936,11128.52,0.06894977168949772,0.0,1.029858000828292
2019-07-01 04:00:00+00:00,0.2554085240013336,14366.795939392468,11128.52,0.06894977168949772,0.0,1.0331642330761104
2019-07-01 04:00:00+00:00,0.2777380964260835,14691.208871352224,11128.52,0.06894977168949772,0.0,1.0365180536269705
2019-07-01 04:00:00+00:00,0.3000676688508336,15022.947288470032,11128.52,0.06894977168949772,0.0,1.0399155714975545
2019-07-01 04:00:00+00:00,0.32239724127558345,15362.1766056462,11128.52,0.06894977168949772,0.0,1.0433532050368213
2019-07-01 04:00:00+00:00,0.34472681370033353,15709.06597297246,11128.52,0.06894977168949772,0.0,1.0468276533610017
2019-07-01 04:00:00+00:00,0.3670563861250834,16063.78836007534,11128.52,0.06894977168949772,0.0,1.050335870848582
2019-07-01 04:00:00+00:00,0.38938595854983327,16426.52064236412,11128.52,0.06894977168949772,0.0,1.0538750443215037
2019-07-01 04:00:00+00:00,0.41171553097458335,16797.44368922632,11128.52,0.06894977168949772,0.0,1.0574425725897982
2019-07-01 04:00:00+00:00,0.4340451033993332,17176.74245421464,11128.52,0.06894977168949772,0.0,1.0610360480804508
2019-07-01 04:00:00+00:00,0.4563746758240833,17564.60606727053,11128.52,0.06894977168949772,0.0,1.0646532403083873
2019-07-01 04:00:00+00:00,0.4787042482488332,17961.22792903008,11128.52,0.06894977168949772,0.0,1.068292080978871
2019-07-01 04:00:00+00:00,0.5010338206735833,18366.805807259523,11128.52,0.06894977168949772,0.0,1.0719506505379368
2019-07-01 04:00:00+00:00,0.5233633930983331,18781.541935468256,11128.52,0.06894977168949772,0.0,1.07562716601023
2019-07-01 04:00:00+00:00,0.545692965523083,19205.643113748654,11128.52,0.06894977168949772,0.0,1.0793199699840696
2019-07-01 04:00:00+00:00,0.5680225379478331,19639.32081189291,11128.52,0.06894977168949772,0.0,1.0830275206202238
2019-07-01 04:00:00+00:00,0.590352110372583,20082.79127483831,11128.52,0.06894977168949772,0.0,1.0867483825763287
2019-07-01 04:00:00+00:00,0.612681682797333,20536.275630493583,11128.52,0.06894977168949772,0.0,1.0904812187510193
2019-07-01 04:00:00+00:00,0.635011255222083,21000.0,11128.52,0.06894977168949772,0.0,1.0942247827639855
2019-07-01 04:30:00+00:00,-0.708848718250261,5500.0,11174.08,0.06889269406392694,0.0,1.2958101536403015
2019-07-01 04:30:00+00:00,-0.686519145825511,5624.1940884596515,11174.08,0.06889269406392694,0.0,1.2363079378548274
2019-07-01 04:30:00+00:00,-0.664189573400761,5751.19257175718,11174.08,0.06889269406392694,0.0,1.1894600927845016
2019-07-01 04:30:00+00:00,-0.641860000976011,5881.058775212689,11174.08,0.06889269406392694,0.0,1.1519758757230667
2019-07-01 04:30:00+00:00,-0.6195304285512611,6013.857454079085,11174.08,0.06889269406392694,0.0,1.1215933791148827
2019-07-01 04:30:00+00:00,-0.5972008561265112,6149.654825831019,11174.08,0.06889269406392694,0.0,1.0967155957994994
2019-07-01 04:30:00+00:00,-0.5748712837017612,6288.518603182942,11174.08,0.06889269406392694,0.0,1.0761863213939016
2019-07-01 04:30:00+00:00,-0.5525417112770112,6430.518027852736,11174.08,0.06889269406392694,0.0,1.0591492679046348
2019-07-01 04:30:00+00:00,-0.5302121388522613,6575.7239050877415,11174.08,0.06889269406392694,0.0,1.0449572842713926
2019-07-01 04:30:00+00:00,-0.5078825664275113,6724.208638970416,11174.08,0.06889269406392694,0.0,1.0331123878690958
2019-07-01 04:30:00+00:00,-0.4855529940027613,6876.046268521224,11174.08,0.06889269406392694,0.0,1.0232251967070694
2019-07-01 04:30:00+00:00,-0.4632234215780114,7031.312504616748,11174.08,0.06889269406392694,0.0,1.0149868727191915
2019-07-01 04:30:00+00:00,-0.4408938491532614,7190.084767741443,11174.08,0.06889269406392694,0.0,1.0081493198713867
2019-07-01 04:30:00+00:00,-0.41856427672851143,7352.442226591857,11174.08,0.06889269406392694,0.0,1.0025109467914046
2019-07-01 04:30:00+00:00,-0.3962347043037615,7518.465837552552,11174.08,0.06889269406392694,0.0,0.9979062556523658
2019-07-01 04:30:00+00:00,-0.37390513187901153,7688.238385063439,11174.08,0.06889269406392694,0.0,0.9941981106624898
2019-07-01 04:30:00+00:00,-0.35157555945426155,7861.844522898612,11174.08,0.06889269406392694,0.0,0.9912719150152918
2019-07-01 04:30:00+00:00,-0.3292459870295116,8039.370816377322,11174.08,0.06889269406392694,0.0,0.9890311682979841
2019-07-01 04:30:00+00:00,-0.3069164146047616,8220.905785528068,11174.08,0.06889269406392694,0.0,0.9873940367758423
2019-07-01 04:30:00+00:00,-0.2845868421800117,8406.539949227401,11174.08,0.06889269406392694,0.0,0.9862906766812629
2019-07-01 04:30:00+00:00,-0.2622572697552617,8596.36587033539,11174.08,0.06889269406392694,0.0,0.9856611241467171
2019-07-01 04:30:00+00:00,-0.23992769733051172,8790.478201850294,11174.08,0.06889269406392694,0.0,0.9854536163581259
2019-07-01 04:30:00+00:00,-0.2175981249057618,8988.973734105426,11174.08,0.06889269406392694,0.0,0.9856232443041281
2019-07-01 04:30:00+00:00,-0.19526855248101183,9191.951443031785,11174.08,0.06889269406392694,0.0,0.9861308629906196
2019-07-01 04:30:00+00:00,-0.17293898005626185,9399.512539510459,11174.08,0.06889269406392694,0.0,0.9869422033695741
2019-07-01 04:30:00+00:00,-0.15060940763151187,9611.760519839472,11174.08,0.06889269406392694,0.0,0.9880271436356443
2019-07-01 04:30:00+00:00,-0.1282798352067619,9828.801217340186,11174.08,0.06889269406392694,0.0,0.9893591074254346
2019-07-01 04:30:00+00:00,-0.10595026278201192,10050.742855129038,11174.08,0.06889269406392694,0.0,0.9909145638126663
2019-07-01 04:30:00+00:00,-0.08362069035726205,10277.696100080873,11174.08,0.06889269406392694,0.0,0.9926726095239153
2019-07-01 04:30:00+00:00,-0.061291117932512074,10509.774118010848,11174.08,0.06889269406392694,0.0,0.9946146179949606
2019-07-01 04:30:00+00:00,-0.038961545507762096,10747.09263010234,11174.08,0.06889269406392694,0.0,0.9967239430966668
2019-07-01 04:30:00+00:00,-0.01663197308301212,10989.769970609066,11174.08,0.06889269406392694,0.0,0.9989856678327075
2019-07-01 04:30:00+00:00,0.005697599341737858,11237.927145860163,11174.08,0.06889269406392694,0.0,1.0013863902327123
2019-07-01 04:30:00+00:00,0.028027171766487835,11491.687894597635,11174.08,0.06889269406392694,0.0,1.0039140401670184
2019-07-01 04:30:00+00:00,0.05035674419123781,11751.178749676244,11174.08,0.06889269406392694,0.0,1.0065577219922552
2019-07-01 04:30:00+00:00,0.07268631661598779,12016.529101156697,11174.08,0.06889269406392694,0.0,1.0093075788744716
2019-07-01 04:30:00+00:00,0.09501588904073777,12287.871260823427,11174.08,0.06889269406392694,0.0,1.0121546753838258
2019-07-01 04:30:00+00:00,0.11734546146548763,12565.340528159339,11174.08,0.06889269406392694,0.0,1.0150908955539735
2019-07-01 04:30:00+00:00,0.1396750338902376,12849.075257810224,11174.08,0.06889269406392694,0.0,1.0181088540820573
2019-07-01 04:30:00+00:00,0.1620046063149876,13139.216928572623,11174.08,0.06889269406392694,0.0,1.0212018187365293
2019-07-01 04:30:00+00:00,0.18433417873973756,13435.91021393948,11174.08,0.06889269406392694,0.0,1.0243636423586497
2019-07-01 04:30:00+00:00,0.20666375116448754,13739.30305423874,11174.08,0.06889269406392694,0.0,1.0275887031039597
2019-07-01 04:30:00+00:00,0.22899332358923752,14049.546730400938,11174.08,0.06889269406392694,0.0,1.030871851784201
2019-07-01 04:30:00+00:00,0.2513228960139875,14366.795939392468,11174.08,0.06889269406392694,0.0,1.0342083653469318
2019-07-01 04:30:00+00:00,0.27365246843873736,14691.208871352226,11174.08,0.06889269406392694,0.0,1.0375939056764132
2019-07-01 04:30:00+00:00,0.29598204086348745,15022.947288470034,11174.08,0.06889269406392694,0.0,1.0410244830211917
2019-07-01 04:30:00+00:00,0.3183116132882373,15362.1766056462,11174.08,0.06889269406392694,0.0,1.0444964234554992
2019-07-01 04:30:00+00:00,0.3406411857129874,15709.065972972461,11174.08,0.06889269406392694,0.0,1.048006339866912
2019-07-01 04:30:00+00:00,0.36297075813773727,16063.788360075341,11174.08,0.06889269406392694,0.0,1.051551106034231
2019-07-01 04:30:00+00:00,0.38530033056248714,16426.520642364125,11174.08,0.06889269406392694,0.0,1.0551278334201981
2019-07-01 04:30:00+00:00,0.4076299029872372,16797.44368922632,11174.08,0.06889269406392694,0.0,1.0587338503547024
2019-07-01 04:30:00+00:00,0.4299594754119871,17176.742454214644,11174.08,0.06889269406392694,0.0,1.062366683327804
2019-07-01 04:30:00+00:00,0.4522890478367372,17564.606067270535,11174.08,0.06889269406392694,0.0,1.0660240401486838
2019-07-01 04:30:00+00:00,0.47461862026148705,17961.22792903008,11174.08,0.06889269406392694,0.0,1.0697037947584143
2019-07-01 04:30:00+00:00,0.49694819268623713,18366.805807259527,11174.08,0.06889269406392694,0.0,1.0734039735114873
2019-07-01 04:30:00+00:00,0.519277765110987,18781.541935468256,11174.08,0.06889269406392694,0.0,1.0771227427642154
2019-07-01 04:30:00+00:00,0.5416073375357369,19205.643113748654,11174.08,0.06889269406392694,0.0,1.0808583976282196
2019-07-01 04:30:00+00:00,0.563936909960487,19639.32081189291,11174.08,0.06889269406392694,0.0,1.0846093517644415
2019-07-01 04:30:00+00:00,0.5862664823852368,20082.79127483831,11174.08,0.06889269406392694,0.0,1.088374128108117
2019-07-01 04:30:00+00:00,0.6085960548099869,20536.275630493583,11174.08,0.06889269406392694,0.0,1.0921513504280058
2019-07-01 04:30:00+00:00,0.6309256272347368,21000.0,11174.08,0.06889269406392694,0.0,1.0959397356345386
2019-07-01 05:00:00+00:00,-0.7095241609257152,5500.0,11181.63,0.06883561643835616,0.0,1.2735637508941147
2019-07-01 05:00:00+00:00,-0.6871945885009653,5624.194088459652,11181.63,0.06883561643835616,0.0,1.2153944599655793
2019-07-01 05:00:00+00:00,-0.6648650160762153,5751.19257175718,11181.63,0.06883561643835616,0.0,1.169951914672929
2019-07-01 05:00:00+00:00,-0.6425354436514653,5881.058775212689,11181.63,0.06883561643835616,0.0,1.133850653152811
2019-07-01 05:00:00+00:00,-0.6202058712267153,6013.857454079085,11181.63,0.06883561643835616,0.0,1.1047871233405309
2019-07-01 05:00:00+00:00,-0.5978762988019655,6149.654825831018,11181.63,0.06883561643835616,0.0,1.0811482786898254
2019-07-01 05:00:00+00:00,-0.5755467263772155,6288.518603182942,11181.63,0.06883561643835616,0.0,1.0617742485030703
2019-07-01 05:00:00+00:00,-0.5532171539524655,6430.518027852736,11181.63,0.06883561643835616,0.0,1.045810952292393
2019-07-01 05:00:00+00:00,-0.5308875815277155,6575.723905087741,11181.63,0.06883561643835616,0.0,1.0326160741529973
2019-07-01 05:00:00+00:00,-0.5085580091029656,6724.208638970415,11181.63,0.06883561643835616,0.0,1.0216974593774055
2019-07-01 05:00:00+00:00,-0.4862284366782156,6876.046268521224,11181.63,0.06883561643835616,0.0,1.0126717280725657
2019-07-01 05:00:00+00:00,-0.46389886425346566,7031.312504616747,11181.63,0.06883561643835616,0.0,1.005235820695966
2019-07-01 05:00:00+00:00,-0.4415692918287157,7190.084767741443,11181.63,0.06883561643835616,0.0,0.9991470175448022
2019-07-01 05:00:00+00:00,-0.4192397194039657,7352.4422265918565,11181.63,0.06883561643835616,0.0,0.9942086368479714
2019-07-01 05:00:00+00:00,-0.3969101469792158,7518.465837552552,11181.63,0.06883561643835616,0.0,0.9902596175766041
2019-07-01 05:00:00+00:00,-0.3745805745544658,7688.238385063439,11181.63,0.06883561643835616,0.0,0.9871668105791326
2019-07-01 05:00:00+00:00,-0.35225100212971583,7861.844522898612,11181.63,0.06883561643835616,0.0,0.9848191909429123
2019-07-01 05:00:00+00:00,-0.32992142970496585,8039.370816377322,11181.63,0.06883561643835616,0.0,0.9831234550928971
2019-07-01 05:00:00+00:00,-0.3075918572802159,8220.905785528068,11181.63,0.06883561643835616,0.0,0.9820006306383933
2019-07-01 05:00:00+00:00,-0.28526228485546595,8406.539949227401,11181.63,0.06883561643835616,0.0,0.9813834369298493
2019-07-01 05:00:00+00:00,-0.262932712430716,8596.36587033539,11181.63,0.06883561643835616,0.0,0.9812142090233311
2019-07-01 05:00:00+00:00,-0.240603140005966,8790.478201850292,11181.63,0.06883561643835616,0.0,0.981443249348625
2019-07-01 05:00:00+00:00,-0.21827356758121608,8988.973734105426,11181.63,0.06883561643835616,0.0,0.9820275075209072
2019-07-01 05:00:00+00:00,-0.1959439951564661,9191.951443031783,11181.63,0.06883561643835616,0.0,0.9829295143980517
2019-07-01 05:00:00+00:00,-0.17361442273171612,9399.512539510459,11181.63,0.06883561643835616,0.0,0.9841165149362997
2019-07-01 05:00:00+00:00,-0.15128485030696615,9611.760519839472,11181.63,0.06883561643835616,0.0,0.9855597578186126
2019-07-01 05:00:00+00:00,-0.12895527788221617,9828.801217340186,11181.63,0.06883561643835616,0.0,0.9872339097013344
2019-07-01 05:00:00+00:00,-0.10662570545746619,10050.742855129036,11181.63,0.06883561643835616,0.0,0.9891165692592743
2019-07-01 05:00:00+00:00,-0.08429613303271632,10277.696100080873,11181.63,0.06883561643835616,0.0,0.991187861711891
2019-07-01 05:00:00+00:00,-0.06196656060796635,10509.774118010848,11181.63,0.06883561643835616,0.0,0.9934300986786898
2019-07-01 05:00:00+00:00,-0.03963698818321637,10747.092630102337,11181.63,0.06883561643835616,0.0,0.9958274913920122
2019-07-01 05:00:00+00:00,-0.017307415758466393,10989.769970609066,11181.63,0.06883561643835616,0.0,0.99836590774288
2019-07-01 05:00:00+00:00,0.005022156666283584,11237.927145860165,11181.63,0.06883561643835616,0.0,1.0010326655332484
2019-07-01 05:00:00+00:00,0.02735172909103356,11491.687894597633,11181.63,0.06883561643835616,0.0,1.0038163557901443
2019-07-01 05:00:00+00:00,0.04968130151578354,11751.178749676244,11181.63,0.06883561643835616,0.0,1.00670669116231
2019-07-01 05:00:00+00:00,0.07201087394053352,12016.529101156695,11181.63,0.06883561643835616,0.0,1.009694375342162
2019-07-01 05:00:00+00:00,0.09434044636528349,12287.87126082343,11181.63,0.06883561643835616,0.0,1.0127709901897477
2019-07-01 05:00:00+00:00,0.11667001879003336,12565.340528159339,11181.63,0.06883561643835616,0.0,1.0159288978232381
2019-07-01 05:00:00+00:00,0.13899959121478334,12849.075257810222,11181.63,0.06883561643835616,0.0,1.0191611554134632
2019-07-01 05:00:00+00:00,0.1613291636395333,13139.216928572625,11181.63,0.06883561643835616,0.0,1.0224614408030765
2019-07-01 05:00:00+00:00,0.1836587360642833,13435.910213939478,11181.63,0.06883561643835616,0.0,1.0258239873822568
2019-07-01 05:00:00+00:00,0.20598830848903327,13739.303054238739,11181.63,0.06883561643835616,0.0,1.0292435269072726
2019-07-01 05:00:00+00:00,0.22831788091378324,14049.546730400938,11181.63,0.06883561643835616,0.0,1.0327152391572516
2019-07-01 05:00:00+00:00,0.2506474533385332,14366.795939392468,11181.63,0.06883561643835616,0.0,1.036234707496628
2019-07-01 05:00:00+00:00,0.2729770257632831,14691.208871352226,11181.63,0.06883561643835616,0.0,1.039797879553071
2019-07-01 05:00:00+00:00,0.2953065981880332,15022.947288470034,11181.63,0.06883561643835616,0.0,1.0434010323398248
2019-07-01 05:00:00+00:00,0.31763617061278304,15362.1766056462,11181.63,0.06883561643835616,0.0,1.0470407412492293
2019-07-01 05:00:00+00:00,0.33996574303753313,15709.065972972461,11181.63,0.06883561643835616,0.0,1.0507138524280069
2019-07-01 05:00:00+00:00,0.362295315462283,16063.788360075341,11181.63,0.06883561643835616,0.0,1.0544174581135384
2019-07-01 05:00:00+00:00,0.38462488788703286,16426.52064236412,11181.63,0.06883561643835616,0.0,1.0581488745696235
2019-07-01 05:00:00+00:00,0.40695446031178295,16797.44368922632,11181.63,0.06883561643835616,0.0,1.0619056223093617
2019-07-01 05:00:00+00:00,0.4292840327365328,17176.74245421464,11181.63,0.06883561643835616,0.0,1.0656854083351375
2019-07-01 05:00:00+00:00,0.4516136051612829,17564.60606727053,11181.63,0.06883561643835616,0.0,1.069486110161237
2019-07-01 05:00:00+00:00,0.47394317758603277,17961.227929030083,11181.63,0.06883561643835616,0.0,1.0733057614154322
2019-07-01 05:00:00+00:00,0.49627275001078286,18366.805807259523,11181.63,0.06883561643835616,0.0,1.0771425388417635
2019-07-01 05:00:00+00:00,0.5186023224355327,18781.541935468256,11181.63,0.06883561643835616,0.0,1.080994750549369
2019-07-01 05:00:00+00:00,0.5409318948602826,19205.643113748654,11181.63,0.06883561643835616,0.0,1.0848608253712886
2019-07-01 05:00:00+00:00,0.5632614672850327,19639.32081189291,11181.63,0.06883561643835616,0.0,1.0887393032141244
2019-07-01 05:00:00+00:00,0.5855910397097825,20082.79127483831,11181.63,0.06883561643835616,0.0,1.0926288262934214
2019-07-01 05:00:00+00:00,0.6079206121345326,20536.275630493583,11181.63,0.06883561643835616,0.0,1.0965281311625261
2019-07-01 05:00:00+00:00,0.6302501845592826,21000.0,11181.63,0.06883561643835616,0.0,1.1004360414530279
2019-07-01 05:30:00+00:00,-0.7019825786753919,5500.0,11097.62,0.0687785388127854,0.0,1.302849812466969
2019-07-01 05:30:00+00:00,-0.679653006250642,5624.1940884596515,11097.62,0.0687785388127854,0.0,1.2345892855222695
2019-07-01 05:30:00+00:00,-0.657323433825892,5751.19257175718,11097.62,0.0687785388127854,0.0,1.1827691052162008
2019-07-01 05:30:00+00:00,-0.634993861401142,5881.058775212689,11097.62,0.0687785388127854,0.0,1.1425422194495094
2019-07-01 05:30:00+00:00,-0.612664288976392,6013.857454079086,11097.62,0.0687785388127854,0.0,1.1107549508953085
2019-07-01 05:30:00+00:00,-0.5903347165516422,6149.654825831019,11097.62,0.0687785388127854,0.0,1.085285492008264
2019-07-01 05:30:00+00:00,-0.5680051441268922,6288.518603182942,11097.62,0.0687785388127854,0.0,1.064660546796257
2019-07-01 05:30:00+00:00,-0.5456755717021422,6430.518027852736,11097.62,0.0687785388127854,0.0,1.0478277589951155
2019-07-01 05:30:00+00:00,-0.5233459992773922,6575.7239050877415,11097.62,0.0687785388127854,0.0,1.0340164463062982
2019-07-01 05:30:00+00:00,-0.5010164268526422,6724.208638970416,11097.62,0.0687785388127854,0.0,1.0226497030738517
2019-07-01 05:30:00+00:00,-0.47868685442789227,6876.046268521225,11097.62,0.0687785388127854,0.0,1.0132872826416321
2019-07-01 05:30:00+00:00,-0.45635728200314235,7031.312504616749,11097.62,0.0687785388127854,0.0,1.0055874742864293
2019-07-01 05:30:00+00:00,-0.4340277095783924,7190.084767741444,11097.62,0.0687785388127854,0.0,0.9992810329295894
2019-07-01 05:30:00+00:00,-0.4116981371536424,7352.442226591857,11097.62,0.0687785388127854,0.0,0.9941529560958463
2019-07-01 05:30:00+00:00,-0.3893685647288925,7518.465837552553,11097.62,0.0687785388127854,0.0,0.9900294916812981
2019-07-01 05:30:00+00:00,-0.3670389923041425,7688.238385063439,11097.62,0.0687785388127854,0.0,0.9867687080615967
2019-07-01 05:30:00+00:00,-0.3447094198793925,7861.844522898613,11097.62,0.0687785388127854,0.0,0.9842535381127586
2019-07-01 05:30:00+00:00,-0.32237984745464254,8039.370816377322,11097.62,0.0687785388127854,0.0,0.9823865721307021
2019-07-01 05:30:00+00:00,-0.30005027502989257,8220.905785528068,11097.62,0.0687785388127854,0.0,0.9810861073723827
2019-07-01 05:30:00+00:00,-0.27772070260514264,8406.539949227401,11097.62,0.0687785388127854,0.0,0.9802831140397708
2019-07-01 05:30:00+00:00,-0.25539113018039267,8596.36587033539,11097.62,0.0687785388127854,0.0,0.979918878802944
2019-07-01 05:30:00+00:00,-0.2330615577556427,8790.478201850292,11097.62,0.0687785388127854,0.0,0.9799431555670558
2019-07-01 05:30:00+00:00,-0.21073198533089277,8988.973734105426,11097.62,0.0687785388127854,0.0,0.9803127004146232
2019-07-01 05:30:00+00:00,-0.1884024129061428,9191.951443031785,11097.62,0.0687785388127854,0.0,0.980990100646645
2019-07-01 05:30:00+00:00,-0.1660728404813928,9399.51253951046,11097.62,0.0687785388127854,0.0,0.9819428312126391
2019-07-01 05:30:00+00:00,-0.14374326805664284,9611.760519839472,11097.62,0.0687785388127854,0.0,0.9831424885809539
2019-07-01 05:30:00+00:00,-0.12141369563189286,9828.801217340188,11097.62,0.0687785388127854,0.0,0.9845641642675157
2019-07-01 05:30:00+00:00,-0.09908412320714288,10050.742855129038,11097.62,0.0687785388127854,0.0,0.986185929171163
2019-07-01 05:30:00+00:00,-0.07675455078239302,10277.696100080875,11097.62,0.0687785388127854,0.0,0.9879884064863413
2019-07-01 05:30:00+00:00,-0.05442497835764304,10509.77411801085,11097.62,0.0687785388127854,0.0,0.9899544159230311
2019-07-01 05:30:00+00:00,-0.03209540593289306,10747.09263010234,11097.62,0.0687785388127854,0.0,0.9920686757112503
2019-07-01 05:30:00+00:00,-0.009765833508143085,10989.769970609066,11097.62,0.0687785388127854,0.0,0.9943175517237174
2019-07-01 05:30:00+00:00,0.012563738916606892,11237.927145860165,11097.62,0.0687785388127854,0.0,0.9966888452445951
2019-07-01 05:30:00+00:00,0.03489331134135687,11491.687894597635,11097.62,0.0687785388127854,0.0,0.999171612611175
2019-07-01 05:30:00+00:00,0.05722288376610685,11751.178749676246,11097.62,0.0687785388127854,0.0,1.0017560112800774
2019-07-01 05:30:00+00:00,0.07955245619085682,12016.529101156695,11097.62,0.0687785388127854,0.0,1.004433167909314
2019-07-01 05:30:00+00:00,0.1018820286156068,12287.87126082343,11097.62,0.0687785388127854,0.0,1.0071950648693835
2019-07-01 05:30:00+00:00,0.12421160104035667,12565.340528159337,11097.62,0.0687785388127854,0.0,1.0100344422496272
2019-07-01 05:30:00+00:00,0.14654117346510664,12849.075257810224,11097.62,0.0687785388127854,0.0,1.0129447129482252
2019-07-01 05:30:00+00:00,0.16887074588985662,13139.216928572625,11097.62,0.0687785388127854,0.0,1.0159198888541852
2019-07-01 05:30:00+00:00,0.1912003183146066,13435.910213939478,11097.62,0.0687785388127854,0.0,1.0189545164688725
2019-07-01 05:30:00+00:00,0.21352989073935658,13739.30305423874,11097.62,0.0687785388127854,0.0,1.0220436205901762
2019-07-01 05:30:00+00:00,0.23585946316410655,14049.546730400938,11097.62,0.0687785388127854,0.0,1.0251826549074572
2019-07-01 05:30:00+00:00,0.25818903558885653,14366.79593939247,11097.62,0.0687785388127854,0.0,1.0283674585395417
2019-07-01 05:30:00+00:00,0.2805186080136064,14691.208871352228,11097.62,0.0687785388127854,0.0,1.0315942177000048
2019-07-01 05:30:00+00:00,0.3028481804383565,15022.947288470035,11097.62,0.0687785388127854,0.0,1.0348594317995403
2019-07-01 05:30:00+00:00,0.32517775286310635,15362.176605646204,11097.62,0.0687785388127854,0.0,1.0381598833991763
2019-07-01 05:30:00+00:00,0.34750732528785644,15709.065972972461,11097.62,0.0687785388127854,0.0,1.0414926115150458
2019-07-01 05:30:00+00:00,0.3698368977126063,16063.788360075341,11097.62,0.0687785388127854,0.0,1.0448548878481407
2019-07-01 05:30:00+00:00,0.39216647013735617,16426.520642364125,11097.62,0.0687785388127854,0.0,1.0482441955730937
2019-07-01 05:30:00+00:00,0.41449604256210626,16797.443689226322,11097.62,0.0687785388127854,0.0,1.0516582103717533
2019-07-01 05:30:00+00:00,0.4368256149868561,17176.742454214644,11097.62,0.0687785388127854,0.0,1.0550947834402955
2019-07-01 05:30:00+00:00,0.4591551874116062,17564.606067270535,11097.62,0.0687785388127854,0.0,1.058551926235518
2019-07-01 05:30:00+00:00,0.4814847598363561,17961.227929030083,11097.62,0.0687785388127854,0.0,1.0620277967573655
2019-07-01 05:30:00+00:00,0.5038143322611062,18366.805807259527,11097.62,0.0687785388127854,0.0,1.0655206871909435
2019-07-01 05:30:00+00:00,0.526143904685856,18781.541935468256,11097.62,0.0687785388127854,0.0,1.069029012754511
2019-07-01 05:30:00+00:00,0.5484734771106059,19205.643113748654,11097.62,0.0687785388127854,0.0,1.0725513016191193
2019-07-01 05:30:00+00:00,0.570803049535356,19639.320811892914,11097.62,0.0687785388127854,0.0,1.076086185782434
2019-07-01 05:30:00+00:00,0.5931326219601059,20082.79127483831,11097.62,0.0687785388127854,0.0,1.0796323927938407
2019-07-01 05:30:00+00:00,0.6154621943848559,20536.275630493583,11097.62,0.0687785388127854,0.0,1.0831887382401948
2019-07-01 05:30:00+00:00,0.6377917668096058,21000.0,11097.62,0.0687785388127854,0.0,1.0867541189126642
2019-07-01 06:00:00+00:00,-0.7020708819991685,5500.0,11098.6,0.06872146118721462,0.0,1.2987876685397994
2019-07-01 06:00:00+00:00,-0.6797413095744185,5624.1940884596515,11098.6,0.06872146118721462,0.0,1.2330485274849268
2019-07-01 06:00:00+00:00,-0.6574117371496685,5751.19257175718,11098.6,0.06872146118721462,0.0,1.182751745678815
2019-07-01 06:00:00+00:00,-0.6350821647249185,5881.058775212689,11098.6,0.06872146118721462,0.0,1.143447779716488
2019-07-01 06:00:00+00:00,-0.6127525923001687,6013.857454079084,11098.6,0.06872146118721462,0.0,1.1122112313782822
2019-07-01 06:00:00+00:00,-0.5904230198754187,6149.654825831019,11098.6,0.06872146118721462,0.0,1.0870554492627154
2019-07-01 06:00:00+00:00,-0.5680934474506687,6288.518603182942,11098.6,0.06872146118721462,0.0,1.0665897603985444
2019-07-01 06:00:00+00:00,-0.5457638750259187,6430.518027852736,11098.6,0.06872146118721462,0.0,1.049813843903888
2019-07-01 06:00:00+00:00,-0.5234343026011687,6575.72390508774,11098.6,0.06872146118721462,0.0,1.035990666847779
2019-07-01 06:00:00+00:00,-0.5011047301764188,6724.208638970416,11098.6,0.06872146118721462,0.0,1.0245655878542492
2019-07-01 06:00:00+00:00,-0.4787751577516688,6876.046268521224,11098.6,0.06872146118721462,0.0,1.0151133825551504
2019-07-01 06:00:00+00:00,-0.45644558532691887,7031.312504616748,11098.6,0.06872146118721462,0.0,1.0073026442462107
2019-07-01 06:00:00+00:00,-0.4341160129021689,7190.084767741443,11098.6,0.06872146118721462,0.0,1.0008712920092144
2019-07-01 06:00:00+00:00,-0.4117864404774189,7352.4422265918565,11098.6,0.06872146118721462,0.0,0.9956093586903746
2019-07-01 06:00:00+00:00,-0.389456868052669,7518.465837552552,11098.6,0.06872146118721462,0.0,0.9913466603072534
2019-07-01 06:00:00+00:00,-0.367127295627919,7688.238385063438,11098.6,0.06872146118721462,0.0,0.987943807577514
2019-07-01 06:00:00+00:00,-0.34479772320316904,7861.844522898612,11098.6,0.06872146118721462,0.0,0.98528554957556
2019-07-01 06:00:00+00:00,-0.32246815077841906,8039.370816377321,11098.6,0.06872146118721462,0.0,0.9832757732237866
2019-07-01 06:00:00+00:00,-0.3001385783536691,8220.905785528066,11098.6,0.06872146118721462,0.0,0.9818336972405157
2019-07-01 06:00:00+00:00,-0.27780900592891916,8406.539949227401,11098.6,0.06872146118721462,0.0,0.9808909403390882
2019-07-01 06:00:00+00:00,-0.2554794335041692,8596.36587033539,11098.6,0.06872146118721462,0.0,0.9803892379123125
2019-07-01 06:00:00+00:00,-0.2331498610794192,8790.478201850294,11098.6,0.06872146118721462,0.0,0.980278645688251
2019-07-01 06:00:00+00:00,-0.21082028865466929,8988.973734105424,11098.6,0.06872146118721462,0.0,0.9805161132447572
2019-07-01 06:00:00+00:00,-0.1884907162299193,9191.951443031785,11098.6,0.06872146118721462,0.0,0.9810643414011968
2019-07-01 06:00:00+00:00,-0.16616114380516933,9399.512539510459,11098.6,0.06872146118721462,0.0,0.9818908596277887
2019-07-01 06:00:00+00:00,-0.14383157138041935,9611.760519839472,11098.6,0.06872146118721462,0.0,0.9829672755309192
2019-07-01 06:00:00+00:00,-0.12150199895566938,9828.801217340186,11098.6,0.06872146118721462,0.0,0.9842686600608207
2019-07-01 06:00:00+00:00,-0.0991724265309194,10050.742855129038,11098.6,0.06872146118721462,0.0,0.985773040616004
2019-07-01 06:00:00+00:00,-0.07684285410616953,10277.696100080873,11098.6,0.06872146118721462,0.0,0.9874609805593093
2019-07-01 06:00:00+00:00,-0.054513281681419556,10509.774118010848,11098.6,0.06872146118721462,0.0,0.9893152284194817
2019-07-01 06:00:00+00:00,-0.03218370925666958,10747.09263010234,11098.6,0.06872146118721462,0.0,0.991320423656383
2019-07-01 06:00:00+00:00,-0.009854136831919602,10989.769970609064,11098.6,0.06872146118721462,0.0,0.9934628486207856
2019-07-01 06:00:00+00:00,0.012475435592830375,11237.927145860163,11098.6,0.06872146118721462,0.0,0.9957302184588139
2019-07-01 06:00:00+00:00,0.03480500801758035,11491.687894597633,11098.6,0.06872146118721462,0.0,0.9981115023546412
2019-07-01 06:00:00+00:00,0.05713458044233033,11751.178749676244,11098.6,0.06872146118721462,0.0,1.0005967707891001
2019-07-01 06:00:00+00:00,0.0794641528670803,12016.529101156695,11098.6,0.06872146118721462,0.0,1.0031770645011782
2019-07-01 06:00:00+00:00,0.10179372529183028,12287.871260823427,11098.6,0.06872146118721462,0.0,1.005844281638609
2019-07-01 06:00:00+00:00,0.12412329771658015,12565.340528159339,11098.6,0.06872146118721462,0.0,1.0085910802194609
2019-07-01 06:00:00+00:00,0.14645287014133013,12849.075257810222,11098.6,0.06872146118721462,0.0,1.0114107935362682
2019-07-01 06:00:00+00:00,0.1687824425660801,13139.216928572623,11098.6,0.06872146118721462,0.0,1.0142973565439377
2019-07-01 06:00:00+00:00,0.19111201499083008,13435.910213939478,11098.6,0.06872146118721462,0.0,1.0172452416046305
2019-07-01 06:00:00+00:00,0.21344158741558006,13739.30305423874,11098.6,0.06872146118721462,0.0,1.0202494022324946
2019-07-01 06:00:00+00:00,0.23577115984033004,14049.546730400938,11098.6,0.06872146118721462,0.0,1.023305223701769
2019-07-01 06:00:00+00:00,0.25810073226508,14366.795939392468,11098.6,0.06872146118721462,0.0,1.0264084795623396
2019-07-01 06:00:00+00:00,0.2804303046898299,14691.208871352224,11098.6,0.06872146118721462,0.0,1.029555293256537
2019-07-01 06:00:00+00:00,0.30275987711457997,15022.947288470034,11098.6,0.06872146118721462,0.0,1.0327421041537577
2019-07-01 06:00:00+00:00,0.32508944953932983,15362.1766056462,11098.6,0.06872146118721462,0.0,1.0359656374226074
2019-07-01 06:00:00+00:00,0.3474190219640799,15709.06597297246,11098.6,0.06872146118721462,0.0,1.0392228772454297
2019-07-01 06:00:00+00:00,0.3697485943888298,16063.78836007534,11098.6,0.06872146118721462,0.0,1.042511042951989
2019-07-01 06:00:00+00:00,0.39207816681357965,16426.52064236412,11098.6,0.06872146118721462,0.0,1.0458275677089826
2019-07-01 06:00:00+00:00,0.41440773923832974,16797.44368922632,11098.6,0.06872146118721462,0.0,1.0491700794530665
2019-07-01 06:00:00+00:00,0.4367373116630796,17176.742454214644,11098.6,0.06872146118721462,0.0,1.0525363837975465
2019-07-01 06:00:00+00:00,0.4590668840878297,17564.60606727053,11098.6,0.06872146118721462,0.0,1.0559244486797257
2019-07-01 06:00:00+00:00,0.48139645651257956,17961.22792903008,11098.6,0.06872146118721462,0.0,1.0593323905464573
2019-07-01 06:00:00+00:00,0.5037260289373297,18366.805807259523,11098.6,0.06872146118721462,0.0,1.0627584619020674
2019-07-01 06:00:00+00:00,0.5260556013620795,18781.541935468253,11098.6,0.06872146118721462,0.0,1.0662010400652757
2019-07-01 06:00:00+00:00,0.5483851737868294,19205.64311374865,11098.6,0.06872146118721462,0.0,1.0696586170012303
2019-07-01 06:00:00+00:00,0.5707147462115795,19639.32081189291,11098.6,0.06872146118721462,0.0,1.073129790111363
2019-07-01 06:00:00+00:00,0.5930443186363293,20082.79127483831,11098.6,0.06872146118721462,0.0,1.0766132538780442
2019-07-01 06:00:00+00:00,0.6153738910610794,20536.275630493583,11098.6,0.06872146118721462,0.0,1.0801077922737594
2019-07-01 06:00:00+00:00,0.6377034634858294,21000.0,11098.6,0.06872146118721462,0.0,1.0836122718548573
2019-07-01 06:30:00+00:00,-0.6901709377581893,5500.0,10967.31,0.06866438356164384,0.0,1.298937477081968
2019-07-01 06:30:00+00:00,-0.6678413653334393,5624.194088459651,10967.31,0.06866438356164384,0.0,1.2401587310659152
2019-07-01 06:30:00+00:00,-0.6455117929086893,5751.192571757179,10967.31,0.06866438356164384,0.0,1.1910178335486115
2019-07-01 06:30:00+00:00,-0.6231822204839393,5881.058775212689,10967.31,0.06866438356164384,0.0,1.1503916675454895
2019-07-01 06:30:00+00:00,-0.6008526480591894,6013.857454079084,10967.31,0.06866438356164384,0.0,1.1169981736090844
2019-07-01 06:30:00+00:00,-0.5785230756344395,6149.654825831017,10967.31,0.06866438356164384,0.0,1.0896086549804678
2019-07-01 06:30:00+00:00,-0.5561935032096895,6288.518603182941,10967.31,0.06866438356164384,0.0,1.0671467448278165
2019-07-01 06:30:00+00:00,-0.5338639307849395,6430.518027852735,10967.31,0.06866438356164384,0.0,1.0487142252751176
2019-07-01 06:30:00+00:00,-0.5115343583601896,6575.72390508774,10967.31,0.06866438356164384,0.0,1.0335804434004574
2019-07-01 06:30:00+00:00,-0.4892047859354396,6724.208638970415,10967.31,0.06866438356164384,0.0,1.0211581449005316
2019-07-01 06:30:00+00:00,-0.4668752135106896,6876.046268521223,10967.31,0.06866438356164384,0.0,1.0109771733104387
2019-07-01 06:30:00+00:00,-0.4445456410859397,7031.312504616747,10967.31,0.06866438356164384,0.0,1.002660770168672
2019-07-01 06:30:00+00:00,-0.4222160686611897,7190.084767741442,10967.31,0.06866438356164384,0.0,0.9959058754769115
2019-07-01 06:30:00+00:00,-0.39988649623643974,7352.4422265918565,10967.31,0.06866438356164384,0.0,0.9904673874560637
2019-07-01 06:30:00+00:00,-0.3775569238116898,7518.465837552551,10967.31,0.06866438356164384,0.0,0.986145829518747
2019-07-01 06:30:00+00:00,-0.35522735138693984,7688.238385063436,10967.31,0.06866438356164384,0.0,0.9827777709911447
2019-07-01 06:30:00+00:00,-0.33289777896218986,7861.844522898611,10967.31,0.06866438356164384,0.0,0.9802284051301331
2019-07-01 06:30:00+00:00,-0.3105682065374399,8039.37081637732,10967.31,0.06866438356164384,0.0,0.9783857913274474
2019-07-01 06:30:00+00:00,-0.2882386341126899,8220.905785528066,10967.31,0.06866438356164384,0.0,0.9771563725702345
2019-07-01 06:30:00+00:00,-0.26590906168794,8406.5399492274,10967.31,0.06866438356164384,0.0,0.976461468630937
2019-07-01 06:30:00+00:00,-0.24357948926319,8596.365870335389,10967.31,0.06866438356164384,0.0,0.976234517006583
2019-07-01 06:30:00+00:00,-0.22124991683844003,8790.478201850292,10967.31,0.06866438356164384,0.0,0.9764188889201191
2019-07-01 06:30:00+00:00,-0.1989203444136901,8988.973734105424,10967.31,0.06866438356164384,0.0,0.9769661496646487
2019-07-01 06:30:00+00:00,-0.17659077198894013,9191.951443031783,10967.31,0.06866438356164384,0.0,0.9778346641488029
2019-07-01 06:30:00+00:00,-0.15426119956419015,9399.512539510459,10967.31,0.06866438356164384,0.0,0.9789884721827669
2019-07-01 06:30:00+00:00,-0.13193162713944018,9611.76051983947,10967.31,0.06866438356164384,0.0,0.9803963758057986
2019-07-01 06:30:00+00:00,-0.1096020547146902,9828.801217340186,10967.31,0.06866438356164384,0.0,0.9820311943069893
2019-07-01 06:30:00+00:00,-0.08727248228994022,10050.742855129036,10967.31,0.06866438356164384,0.0,0.9838691526628928
2019-07-01 06:30:00+00:00,-0.06494290986519036,10277.696100080871,10967.31,0.06866438356164384,0.0,0.9858893767478221
2019-07-01 06:30:00+00:00,-0.04261333744044038,10509.774118010848,10967.31,0.06866438356164384,0.0,0.9880734744851466
2019-07-01 06:30:00+00:00,-0.020283765015690403,10747.092630102337,10967.31,0.06866438356164384,0.0,0.9904051865582632
2019-07-01 06:30:00+00:00,0.0020458074090595746,10989.769970609064,10967.31,0.06866438356164384,0.0,0.9928700937261318
2019-07-01 06:30:00+00:00,0.024375379833809552,11237.927145860162,10967.31,0.06866438356164384,0.0,0.9954553704407111
2019-07-01 06:30:00+00:00,0.04670495225855953,11491.687894597631,10967.31,0.06866438356164384,0.0,0.9981495765284709
2019-07-01 06:30:00+00:00,0.0690345246833095,11751.178749676244,10967.31,0.06866438356164384,0.0,1.000942480314439
2019-07-01 06:30:00+00:00,0.09136409710805948,12016.529101156693,10967.31,0.06866438356164384,0.0,1.003824907839182
2019-07-01 06:30:00+00:00,0.11369366953280946,12287.871260823425,10967.31,0.06866438356164384,0.0,1.0067886138254312
2019-07-01 06:30:00+00:00,0.13602324195755933,12565.340528159337,10967.31,0.06866438356164384,0.0,1.0098261708512646
2019-07-01 06:30:00+00:00,0.1583528143823093,12849.075257810222,10967.31,0.06866438356164384,0.0,1.0129308738262457
2019-07-01 06:30:00+00:00,0.18068238680705928,13139.216928572621,10967.31,0.06866438356164384,0.0,1.0160966573804784
2019-07-01 06:30:00+00:00,0.20301195923180926,13435.910213939476,10967.31,0.06866438356164384,0.0,1.0193180241908448
2019-07-01 06:30:00+00:00,0.22534153165655924,13739.303054238737,10967.31,0.06866438356164384,0.0,1.0225899826045184
2019-07-01 06:30:00+00:00,0.2476711040813092,14049.546730400934,10967.31,0.06866438356164384,0.0,1.0259079921931638
2019-07-01 06:30:00+00:00,0.2700006765060592,14366.795939392467,10967.31,0.06866438356164384,0.0,1.0292679160946925
2019-07-01 06:30:00+00:00,0.29233024893080906,14691.208871352224,10967.31,0.06866438356164384,0.0,1.032665979182867
2019-07-01 06:30:00+00:00,0.31465982135555914,15022.947288470034,10967.31,0.06866438356164384,0.0,1.036098731256141
2019-07-01 06:30:00+00:00,0.336989393780309,15362.176605646198,10967.31,0.06866438356164384,0.0,1.0395630145621826
2019-07-01 06:30:00+00:00,0.3593189662050591,15709.06597297246,10967.31,0.06866438356164384,0.0,1.0430559350782926
2019-07-01 06:30:00+00:00,0.38164853862980896,16063.788360075338,10967.31,0.06866438356164384,0.0,1.0465748370544223
2019-07-01 06:30:00+00:00,0.40397811105455883,16426.52064236412,10967.31,0.06866438356164384,0.0,1.0501172803977754
2019-07-01 06:30:00+00:00,0.4263076834793089,16797.443689226315,10967.31,0.06866438356164384,0.0,1.0536810205386598
2019-07-01 06:30:00+00:00,0.4486372559040588,17176.74245421464,10967.31,0.06866438356164384,0.0,1.0572639904682333
2019-07-01 06:30:00+00:00,0.4709668283288089,17564.60606727053,10967.31,0.06866438356164384,0.0,1.0608642846819294
2019-07-01 06:30:00+00:00,0.49329640075355874,17961.22792903008,10967.31,0.06866438356164384,0.0,1.0644801447987655
2019-07-01 06:30:00+00:00,0.5156259731783088,18366.805807259523,10967.31,0.06866438356164384,0.0,1.068109946657735
2019-07-01 06:30:00+00:00,0.5379555456030587,18781.541935468253,10967.31,0.06866438356164384,0.0,1.0717521887188515
2019-07-01 06:30:00+00:00,0.5602851180278086,19205.64311374865,10967.31,0.06866438356164384,0.0,1.0754054816188972
2019-07-01 06:30:00+00:00,0.5826146904525586,19639.320811892907,10967.31,0.06866438356164384,0.0,1.079068538751251
2019-07-01 06:30:00+00:00,0.6049442628773085,20082.791274838306,10967.31,0.06866438356164384,0.0,1.0827401677556563
2019-07-01 06:30:00+00:00,0.6272738353020586,20536.27563049358,10967.31,0.06866438356164384,0.0,1.086419262818048
2019-07-01 06:30:00+00:00,0.6496034077268086,21000.0,10967.31,0.06866438356164384,0.0,1.0901047976928453
2019-07-01 07:00:00+00:00,-0.6879336135070577,5500.0,10942.8,0.06860730593607306,0.0,1.298943559698507
2019-07-01 07:00:00+00:00,-0.6656040410823078,5624.194088459652,10942.8,0.06860730593607306,0.0,1.2450735446291776
2019-07-01 07:00:00+00:00,-0.6432744686575578,5751.192571757181,10942.8,0.06860730593607306,0.0,1.1978267642687934
2019-07-01 07:00:00+00:00,-0.6209448962328078,5881.05877521269,10942.8,0.06860730593607306,0.0,1.1572200558985182
2019-07-01 07:00:00+00:00,-0.5986153238080578,6013.857454079086,10942.8,0.06860730593607306,0.0,1.1228668628403045
2019-07-01 07:00:00+00:00,-0.576285751383308,6149.654825831018,10942.8,0.06860730593607306,0.0,1.094130993906774
2019-07-01 07:00:00+00:00,-0.553956178958558,6288.518603182943,10942.8,0.06860730593607306,0.0,1.0702761734611812
2019-07-01 07:00:00+00:00,-0.531626606533808,6430.518027852736,10942.8,0.06860730593607306,0.0,1.0505726081019662
2019-07-01 07:00:00+00:00,-0.509297034109058,6575.723905087741,10942.8,0.06860730593607306,0.0,1.0343559596728664
2019-07-01 07:00:00+00:00,-0.48696746168430805,6724.208638970416,10942.8,0.06860730593607306,0.0,1.0210507992029074
2019-07-01 07:00:00+00:00,-0.46463788925955807,6876.046268521225,10942.8,0.06860730593607306,0.0,1.0101729569407643
2019-07-01 07:00:00+00:00,-0.44230831683480815,7031.312504616748,10942.8,0.06860730593607306,0.0,1.0013215842929861
2019-07-01 07:00:00+00:00,-0.41997874441005817,7190.084767741443,10942.8,0.06860730593607306,0.0,0.9941674657743156
2019-07-01 07:00:00+00:00,-0.3976491719853082,7352.442226591857,10942.8,0.06860730593607306,0.0,0.9884409738277836
2019-07-01 07:00:00+00:00,-0.37531959956055827,7518.465837552552,10942.8,0.06860730593607306,0.0,0.9839211651681931
2019-07-01 07:00:00+00:00,-0.3529900271358083,7688.238385063438,10942.8,0.06860730593607306,0.0,0.9804265114319733
2019-07-01 07:00:00+00:00,-0.3306604547110583,7861.844522898613,10942.8,0.06860730593607306,0.0,0.9778072791106547
2019-07-01 07:00:00+00:00,-0.30833088228630834,8039.370816377322,10942.8,0.06860730593607306,0.0,0.9759393784112835
2019-07-01 07:00:00+00:00,-0.28600130986155836,8220.905785528068,10942.8,0.06860730593607306,0.0,0.9747194442550565
2019-07-01 07:00:00+00:00,-0.26367173743680844,8406.539949227401,10942.8,0.06860730593607306,0.0,0.9740609182836434
2019-07-01 07:00:00+00:00,-0.24134216501205846,8596.36587033539,10942.8,0.06860730593607306,0.0,0.9738909300286204
2019-07-01 07:00:00+00:00,-0.21901259258730849,8790.478201850292,10942.8,0.06860730593607306,0.0,0.9741478103034507
2019-07-01 07:00:00+00:00,-0.19668302016255856,8988.973734105426,10942.8,0.06860730593607306,0.0,0.9747791027330261
2019-07-01 07:00:00+00:00,-0.1743534477378086,9191.951443031785,10942.8,0.06860730593607306,0.0,0.9757399674529015
2019-07-01 07:00:00+00:00,-0.1520238753130586,9399.51253951046,10942.8,0.06860730593607306,0.0,0.9769918939463762
2019-07-01 07:00:00+00:00,-0.12969430288830863,9611.760519839472,10942.8,0.06860730593607306,0.0,0.9785016582120601
2019-07-01 07:00:00+00:00,-0.10736473046355866,9828.801217340188,10942.8,0.06860730593607306,0.0,0.9802404737242497
2019-07-01 07:00:00+00:00,-0.08503515803880868,10050.742855129038,10942.8,0.06860730593607306,0.0,0.9821832967337631
2019-07-01 07:00:00+00:00,-0.06270558561405881,10277.696100080873,10942.8,0.06860730593607306,0.0,0.984308255037312
2019-07-01 07:00:00+00:00,-0.040376013189308835,10509.77411801085,10942.8,0.06860730593607306,0.0,0.9865961759790821
2019-07-01 07:00:00+00:00,-0.018046440764558858,10747.09263010234,10942.8,0.06860730593607306,0.0,0.9890301945847605
2019-07-01 07:00:00+00:00,0.00428313166019112,10989.769970609066,10942.8,0.06860730593607306,0.0,0.9915954267130295
2019-07-01 07:00:00+00:00,0.026612704084941097,11237.927145860165,10942.8,0.06860730593607306,0.0,0.9942786952102027
2019-07-01 07:00:00+00:00,0.048942276509691074,11491.687894597635,10942.8,0.06860730593607306,0.0,0.997068299475027
2019-07-01 07:00:00+00:00,0.07127184893444105,11751.178749676246,10942.8,0.06860730593607306,0.0,0.9999538207389502
2019-07-01 07:00:00+00:00,0.09360142135919103,12016.529101156695,10942.8,0.06860730593607306,0.0,1.002925956861687
2019-07-01 07:00:00+00:00,0.115930993783941,12287.871260823427,10942.8,0.06860730593607306,0.0,1.0059763816235503
2019-07-01 07:00:00+00:00,0.13826056620869087,12565.34052815934,10942.8,0.06860730593607306,0.0,1.009097624434429
2019-07-01 07:00:00+00:00,0.16059013863344085,12849.075257810224,10942.8,0.06860730593607306,0.0,1.0122829671278082
2019-07-01 07:00:00+00:00,0.18291971105819083,13139.216928572625,10942.8,0.06860730593607306,0.0,1.0155263551078395
2019-07-01 07:00:00+00:00,0.2052492834829408,13435.910213939478,10942.8,0.06860730593607306,0.0,1.0188223205999272
2019-07-01 07:00:00+00:00,0.22757885590769078,13739.303054238739,10942.8,0.06860730593607306,0.0,1.0221659161451129
2019-07-01 07:00:00+00:00,0.24990842833244076,14049.546730400938,10942.8,0.06860730593607306,0.0,1.025552656794783
2019-07-01 07:00:00+00:00,0.27223800075719073,14366.795939392468,10942.8,0.06860730593607306,0.0,1.0289784697198976
2019-07-01 07:00:00+00:00,0.2945675731819406,14691.208871352226,10942.8,0.06860730593607306,0.0,1.0324396501596227
2019-07-01 07:00:00+00:00,0.3168971456066907,15022.947288470035,10942.8,0.06860730593607306,0.0,1.0359328228072748
2019-07-01 07:00:00+00:00,0.33922671803144056,15362.176605646202,10942.8,0.06860730593607306,0.0,1.039454907874027
2019-07-01 07:00:00+00:00,0.36155629045619064,15709.065972972461,10942.8,0.06860730593607306,0.0,1.0430030911887676
2019-07-01 07:00:00+00:00,0.3838858628809405,16063.788360075341,10942.8,0.06860730593607306,0.0,1.046574797790347
2019-07-01 07:00:00+00:00,0.4062154353056904,16426.520642364125,10942.8,0.06860730593607306,0.0,1.0501676685499899
2019-07-01 07:00:00+00:00,0.42854500773044046,16797.44368922632,10942.8,0.06860730593607306,0.0,1.0537795394297353
2019-07-01 07:00:00+00:00,0.45087458015519033,17176.742454214644,10942.8,0.06860730593607306,0.0,1.0574084230398901
2019-07-01 07:00:00+00:00,0.4732041525799404,17564.606067270535,10942.8,0.06860730593607306,0.0,1.0610524922064966
2019-07-01 07:00:00+00:00,0.4955337250046903,17961.227929030083,10942.8,0.06860730593607306,0.0,1.0647100653003136
2019-07-01 07:00:00+00:00,0.5178632974294404,18366.805807259527,10942.8,0.06860730593607306,0.0,1.068379593113082
2019-07-01 07:00:00+00:00,0.5401928698541902,18781.541935468256,10942.8,0.06860730593607306,0.0,1.0720596470959094
2019-07-01 07:00:00+00:00,0.5625224422789401,19205.643113748654,10942.8,0.06860730593607306,0.0,1.0757489087993588
2019-07-01 07:00:00+00:00,0.5848520147036902,19639.32081189291,10942.8,0.06860730593607306,0.0,1.0794461603758934
2019-07-01 07:00:00+00:00,0.6071815871284401,20082.79127483831,10942.8,0.06860730593607306,0.0,1.0831502760233944
2019-07-01 07:00:00+00:00,0.6295111595531901,20536.275630493583,10942.8,0.06860730593607306,0.0,1.086860214263946
2019-07-01 07:00:00+00:00,0.65184073197794,21000.0,10942.8,0.06860730593607306,0.0,1.0905750109653245
2019-07-01 07:30:00+00:00,-0.6929035145121486,5500.0,10997.32,0.06855022831050228,0.0,1.3041480620595112
2019-07-01 07:30:00+00:00,-0.6705739420873986,5624.1940884596515,10997.32,0.06855022831050228,0.0,1.2489485422827042
2019-07-01 07:30:00+00:00,-0.6482443696626486,5751.192571757179,10997.32,0.06855022831050228,0.0,1.2020395384333717
2019-07-01 07:30:00+00:00,-0.6259147972378987,5881.058775212689,10997.32,0.06855022831050228,0.0,1.1625428473112718
2019-07-01 07:30:00+00:00,-0.6035852248131488,6013.857454079084,10997.32,0.06855022831050228,0.0,1.1294631212282993
2019-07-01 07:30:00+00:00,-0.5812556523883988,6149.654825831018,10997.32,0.06855022831050228,0.0,1.101829004677462
2019-07-01 07:30:00+00:00,-0.5589260799636488,6288.518603182941,10997.32,0.06855022831050228,0.0,1.0787661369692754
2019-07-01 07:30:00+00:00,-0.5365965075388989,6430.518027852735,10997.32,0.06855022831050228,0.0,1.0595229140762008
2019-07-01 07:30:00+00:00,-0.5142669351141489,6575.723905087741,10997.32,0.06855022831050228,0.0,1.0434698848109587
2019-07-01 07:30:00+00:00,-0.4919373626893989,6724.2086389704145,10997.32,0.06855022831050228,0.0,1.0300871692404567
2019-07-01 07:30:00+00:00,-0.46960779026464894,6876.046268521224,10997.32,0.06855022831050228,0.0,1.018948077103182
2019-07-01 07:30:00+00:00,-0.447278217839899,7031.312504616747,10997.32,0.06855022831050228,0.0,1.0097029342262187
2019-07-01 07:30:00+00:00,-0.42494864541514904,7190.084767741444,10997.32,0.06855022831050228,0.0,1.0020647606650865
2019-07-01 07:30:00+00:00,-0.40261907299039906,7352.4422265918565,10997.32,0.06855022831050228,0.0,0.9957972505282854
2019-07-01 07:30:00+00:00,-0.38028950056564914,7518.465837552552,10997.32,0.06855022831050228,0.0,0.9907049663141481
2019-07-01 07:30:00+00:00,-0.35795992814089916,7688.238385063438,10997.32,0.06855022831050228,0.0,0.9866254589908668
2019-07-01 07:30:00+00:00,-0.3356303557161492,7861.844522898611,10997.32,0.06855022831050228,0.0,0.9834229812931968
2019-07-01 07:30:00+00:00,-0.3133007832913992,8039.370816377321,10997.32,0.06855022831050228,0.0,0.9809834846241592
2019-07-01 07:30:00+00:00,-0.29097121086664923,8220.905785528066,10997.32,0.06855022831050228,0.0,0.9792106355981149
2019-07-01 07:30:00+00:00,-0.2686416384418993,8406.539949227401,10997.32,0.06855022831050228,0.0,0.9780226369388701
2019-07-01 07:30:00+00:00,-0.24631206601714933,8596.36587033539,10997.32,0.06855022831050228,0.0,0.9773496812968911
2019-07-01 07:30:00+00:00,-0.22398249359239936,8790.478201850292,10997.32,0.06855022831050228,0.0,0.9771319032184237
2019-07-01 07:30:00+00:00,-0.20165292116764943,8988.973734105426,10997.32,0.06855022831050228,0.0,0.9773177240034626
2019-07-01 07:30:00+00:00,-0.17932334874289946,9191.951443031785,10997.32,0.06855022831050228,0.0,0.9778625074321193
2019-07-01 07:30:00+00:00,-0.15699377631814948,9399.512539510459,10997.32,0.06855022831050228,0.0,0.9787274624386827
2019-07-01 07:30:00+00:00,-0.1346642038933995,9611.760519839472,10997.32,0.06855022831050228,0.0,0.9798787428257435
2019-07-01 07:30:00+00:00,-0.11233463146864953,9828.801217340186,10997.32,0.06855022831050228,0.0,0.9812867049362344
2019-07-01 07:30:00+00:00,-0.09000505904389955,10050.742855129036,10997.32,0.06855022831050228,0.0,0.9829252925654024
2019-07-01 07:30:00+00:00,-0.06767548661914968,10277.696100080873,10997.32,0.06855022831050228,0.0,0.9847715248683612
2019-07-01 07:30:00+00:00,-0.045345914194399706,10509.774118010848,10997.32,0.06855022831050228,0.0,0.986805068043142
2019-07-01 07:30:00+00:00,-0.02301634176964973,10747.092630102337,10997.32,0.06855022831050228,0.0,0.9890078754820084
2019-07-01 07:30:00+00:00,-0.0006867693448997514,10989.769970609064,10997.32,0.06855022831050228,0.0,0.9913638841431144
2019-07-01 07:30:00+00:00,0.021642803079850226,11237.927145860165,10997.32,0.06855022831050228,0.0,0.9938587572965928
2019-07-01 07:30:00+00:00,0.0439723755046002,11491.687894597633,10997.32,0.06855022831050228,0.0,0.9964796656933701
2019-07-01 07:30:00+00:00,0.06630194792935018,11751.178749676244,10997.32,0.06855022831050228,0.0,0.9992151007054365
2019-07-01 07:30:00+00:00,0.08863152035410016,12016.529101156695,10997.32,0.06855022831050228,0.0,1.002054714180233
2019-07-01 07:30:00+00:00,0.11096109277885013,12287.871260823425,10997.32,0.06855022831050228,0.0,1.0049891807060105
2019-07-01 07:30:00+00:00,0.1332906652036,12565.340528159339,10997.32,0.06855022831050228,0.0,1.008010078751103
2019-07-01 07:30:00+00:00,0.15562023762834998,12849.075257810222,10997.32,0.06855022831050228,0.0,1.0111097877577047
2019-07-01 07:30:00+00:00,0.17794981005309995,13139.216928572621,10997.32,0.06855022831050228,0.0,1.0142813987709416
2019-07-01 07:30:00+00:00,0.20027938247784993,13435.910213939478,10997.32,0.06855022831050228,0.0,1.0175186365906854
2019-07-01 07:30:00+00:00,0.2226089549025999,13739.303054238739,10997.32,0.06855022831050228,0.0,1.020815791765642
2019-07-01 07:30:00+00:00,0.2449385273273499,14049.546730400938,10997.32,0.06855022831050228,0.0,1.0241676610213766
2019-07-01 07:30:00+00:00,0.26726809975209986,14366.795939392468,10997.32,0.06855022831050228,0.0,1.0275694949379266
2019-07-01 07:30:00+00:00,0.28959767217684973,14691.208871352224,10997.32,0.06855022831050228,0.0,1.0310169518775656
2019-07-01 07:30:00+00:00,0.3119272446015998,15022.947288470034,10997.32,0.06855022831050228,0.0,1.0345060573166365
2019-07-01 07:30:00+00:00,0.3342568170263497,15362.176605646202,10997.32,0.06855022831050228,0.0,1.0380331678628625
2019-07-01 07:30:00+00:00,0.3565863894510998,15709.06597297246,10997.32,0.06855022831050228,0.0,1.0415949393459911
2019-07-01 07:30:00+00:00,0.37891596187584964,16063.78836007534,10997.32,0.06855022831050228,0.0,1.0451882984587846
2019-07-01 07:30:00+00:00,0.4012455343005995,16426.52064236412,10997.32,0.06855022831050228,0.0,1.0488104175001638
2019-07-01 07:30:00+00:00,0.4235751067253496,16797.44368922632,10997.32,0.06855022831050228,0.0,1.0524586918355276
2019-07-01 07:30:00+00:00,0.44590467915009946,17176.74245421464,10997.32,0.06855022831050228,0.0,1.056130719742461
2019-07-01 07:30:00+00:00,0.46823425157484955,17564.60606727053,10997.32,0.06855022831050228,0.0,1.0598242843553698
2019-07-01 07:30:00+00:00,0.4905638239995994,17961.22792903008,10997.32,0.06855022831050228,0.0,1.0635373374609098
2019-07-01 07:30:00+00:00,0.5128933964243495,18366.805807259523,10997.32,0.06855022831050228,0.0,1.0672679849288884
2019-07-01 07:30:00+00:00,0.5352229688490994,18781.541935468253,10997.32,0.06855022831050228,0.0,1.0710144735912777
2019-07-01 07:30:00+00:00,0.5575525412738492,19205.643113748654,10997.32,0.06855022831050228,0.0,1.074775179405961
2019-07-01 07:30:00+00:00,0.5798821136985993,19639.320811892907,10997.32,0.06855022831050228,0.0,1.0785485967624553
2019-07-01 07:30:00+00:00,0.6022116861233492,20082.79127483831,10997.32,0.06855022831050228,0.0,1.0823333288045385
2019-07-01 07:30:00+00:00,0.6245412585480993,20536.27563049358,10997.32,0.06855022831050228,0.0,1.086128078660097
2019-07-01 07:30:00+00:00,0.6468708309728493,21000.0,10997.32,0.06855022831050228,0.0,1.0899316414816353
2019-07-01 08:00:00+00:00,-0.6950154342866272,5500.0,11020.57,0.0684931506849315,0.0,1.2350836994574903
2019-07-01 08:00:00+00:00,-0.6726858618618772,5624.194088459651,11020.57,0.0684931506849315,0.0,1.206135653651446
2019-07-01 08:00:00+00:00,-0.6503562894371272,5751.19257175718,11020.57,0.0684931506849315,0.0,1.1779511883257963
2019-07-01 08:00:00+00:00,-0.6280267170123772,5881.058775212689,11020.57,0.0684931506849315,0.0,1.1508298568871844
2019-07-01 08:00:00+00:00,-0.6056971445876274,6013.857454079085,11020.57,0.0684931506849315,0.0,1.1251004007470053
2019-07-01 08:00:00+00:00,-0.5833675721628774,6149.654825831017,11020.57,0.0684931506849315,0.0,1.101096160274072
2019-07-01 08:00:00+00:00,-0.5610379997381274,6288.518603182942,11020.57,0.0684931506849315,0.0,1.079119910706793
2019-07-01 08:00:00+00:00,-0.5387084273133774,6430.518027852735,11020.57,0.0684931506849315,0.0,1.059404875822775
2019-07-01 08:00:00+00:00,-0.5163788548886274,6575.723905087741,11020.57,0.0684931506849315,0.0,1.0420832174531185
2019-07-01 08:00:00+00:00,-0.49404928246387747,6724.2086389704145,11020.57,0.0684931506849315,0.0,1.0271726849969272
2019-07-01 08:00:00+00:00,-0.4717197100391275,6876.046268521224,11020.57,0.0684931506849315,0.0,1.0145852559464685
2019-07-01 08:00:00+00:00,-0.44939013761437757,7031.312504616747,11020.57,0.0684931506849315,0.0,1.004152701196609
2019-07-01 08:00:00+00:00,-0.4270605651896276,7190.084767741443,11020.57,0.0684931506849315,0.0,0.9956589223820876
2019-07-01 08:00:00+00:00,-0.4047309927648776,7352.4422265918565,11020.57,0.0684931506849315,0.0,0.9888697080996816
2019-07-01 08:00:00+00:00,-0.3824014203401277,7518.465837552551,11020.57,0.0684931506849315,0.0,0.9835548000444024
2019-07-01 08:00:00+00:00,-0.3600718479153777,7688.238385063438,11020.57,0.0684931506849315,0.0,0.9795013753240535
2019-07-01 08:00:00+00:00,-0.33774227549062774,7861.844522898612,11020.57,0.0684931506849315,0.0,0.9765204881707541
2019-07-01 08:00:00+00:00,-0.31541270306587776,8039.37081637732,11020.57,0.0684931506849315,0.0,0.9744487285024052
2019-07-01 08:00:00+00:00,-0.2930831306411278,8220.905785528066,11020.57,0.0684931506849315,0.0,0.9731470988424628
2019-07-01 08:00:00+00:00,-0.27075355821637787,8406.539949227401,11020.57,0.0684931506849315,0.0,0.9724985397077063
2019-07-01 08:00:00+00:00,-0.2484239857916279,8596.36587033539,11020.57,0.0684931506849315,0.0,0.9724049921598968
2019-07-01 08:00:00+00:00,-0.2260944133668779,8790.478201850292,11020.57,0.0684931506849315,0.0,0.9727844878911664
2019-07-01 08:00:00+00:00,-0.203764840942128,8988.973734105426,11020.57,0.0684931506849315,0.0,0.9735685019468887
2019-07-01 08:00:00+00:00,-0.181435268517378,9191.951443031783,11020.57,0.0684931506849315,0.0,0.9746996549636086
2019-07-01 08:00:00+00:00,-0.15910569609262804,9399.512539510459,11020.57,0.0684931506849315,0.0,0.9761297732320183
2019-07-01 08:00:00+00:00,-0.13677612366787806,9611.760519839472,11020.57,0.0684931506849315,0.0,0.9778182777957769
2019-07-01 08:00:00+00:00,-0.11444655124312808,9828.801217340186,11020.57,0.0684931506849315,0.0,0.9797308596929809
2019-07-01 08:00:00+00:00,-0.0921169788183781,10050.742855129036,11020.57,0.0684931506849315,0.0,0.9818383961992604
2019-07-01 08:00:00+00:00,-0.06978740639362824,10277.696100080873,11020.57,0.0684931506849315,0.0,0.984116066215087
2019-07-01 08:00:00+00:00,-0.04745783396887826,10509.774118010848,11020.57,0.0684931506849315,0.0,0.986542628351426
2019-07-01 08:00:00+00:00,-0.025128261544128283,10747.092630102337,11020.57,0.0684931506849315,0.0,0.9890998310845317
2019-07-01 08:00:00+00:00,-0.002798689119378306,10989.769970609066,11020.57,0.0684931506849315,0.0,0.9917719297757516
2019-07-01 08:00:00+00:00,0.01953088330537167,11237.927145860163,11020.57,0.0684931506849315,0.0,0.9945452900778633
2019-07-01 08:00:00+00:00,0.04186045573012165,11491.687894597633,11020.57,0.0684931506849315,0.0,0.9974080612122601
2019-07-01 08:00:00+00:00,0.06419002815487163,11751.178749676244,11020.57,0.0684931506849315,0.0,1.000349905850174
2019-07-01 08:00:00+00:00,0.0865196005796216,12016.529101156693,11020.57,0.0684931506849315,0.0,1.003361775958322
2019-07-01 08:00:00+00:00,0.10884917300437158,12287.871260823427,11020.57,0.0684931506849315,0.0,1.006435726076435
2019-07-01 08:00:00+00:00,0.13117874542912145,12565.340528159337,11020.57,0.0684931506849315,0.0,1.0095647571762125
2019-07-01 08:00:00+00:00,0.15350831785387142,12849.075257810222,11020.57,0.0684931506849315,0.0,1.012742685591137
2019-07-01 08:00:00+00:00,0.1758378902786214,13139.216928572623,11020.57,0.0684931506849315,0.0,1.0159640325732937
2019-07-01 08:00:00+00:00,0.19816746270337138,13435.910213939476,11020.57,0.0684931506849315,0.0,1.0192239308832298
2019-07-01 08:00:00+00:00,0.22049703512812135,13739.303054238739,11020.57,0.0684931506849315,0.0,1.0225180454969967
2019-07-01 08:00:00+00:00,0.24282660755287133,14049.546730400936,11020.57,0.0684931506849315,0.0,1.0258425060567864
2019-07-01 08:00:00+00:00,0.2651561799776213,14366.795939392468,11020.57,0.0684931506849315,0.0,1.0291938491262989
2019-07-01 08:00:00+00:00,0.2874857524023712,14691.208871352226,11020.57,0.0684931506849315,0.0,1.032568968661532
2019-07-01 08:00:00+00:00,0.30981532482712126,15022.947288470034,11020.57,0.0684931506849315,0.0,1.035965073389589
2019-07-01 08:00:00+00:00,0.33214489725187113,15362.1766056462,11020.57,0.0684931506849315,0.0,1.0393796500162227
2019-07-01 08:00:00+00:00,0.3544744696766212,15709.06597297246,11020.57,0.0684931506849315,0.0,1.0428104313680227
2019-07-01 08:00:00+00:00,0.3768040421013711,16063.78836007534,11020.57,0.0684931506849315,0.0,1.0462553687260192
2019-07-01 08:00:00+00:00,0.39913361452612095,16426.520642364125,11020.57,0.0684931506849315,0.0,1.0497126077307772
2019-07-01 08:00:00+00:00,0.42146318695087104,16797.44368922632,11020.57,0.0684931506849315,0.0,1.053180467340181
2019-07-01 08:00:00+00:00,0.4437927593756209,17176.742454214644,11020.57,0.0684931506849315,0.0,1.0566574214043356
2019-07-01 08:00:00+00:00,0.466122331800371,17564.60606727053,11020.57,0.0684931506849315,0.0,1.0601420824906955
2019-07-01 08:00:00+00:00,0.48845190422512086,17961.22792903008,11020.57,0.0684931506849315,0.0,1.0636331876494676
2019-07-01 08:00:00+00:00,0.510781476649871,18366.805807259523,11020.57,0.0684931506849315,0.0,1.0671295858565943
2019-07-01 08:00:00+00:00,0.5331110490746208,18781.541935468256,11020.57,0.0684931506849315,0.0,1.0706302269110646
2019-07-01 08:00:00+00:00,0.5554406214993707,19205.643113748654,11020.57,0.0684931506849315,0.0,1.0741341515962501
2019-07-01 08:00:00+00:00,0.5777701939241208,19639.320811892907,11020.57,0.0684931506849315,0.0,1.0776404829426127
2019-07-01 08:00:00+00:00,0.6000997663488706,20082.791274838306,11020.57,0.0684931506849315,0.0,1.0811484184523734
2019-07-01 08:00:00+00:00,0.6224293387736207,20536.27563049358,11020.57,0.0684931506849315,0.0,1.0846572231663514
2019-07-01 08:00:00+00:00,0.6447589111983707,21000.0,11020.57,0.0684931506849315,0.0,1.088166223469775
2019-07-01 08:30:00+00:00,-0.711051393817228,5500.0,11198.72,0.06843607305936072,0.0,1.2174897049574063
2019-07-01 08:30:00+00:00,-0.6887218213924781,5624.1940884596515,11198.72,0.06843607305936072,0.0,1.1940872543020284
2019-07-01 08:30:00+00:00,-0.6663922489677281,5751.19257175718,11198.72,0.06843607305936072,0.0,1.1715016626094972
2019-07-01 08:30:00+00:00,-0.6440626765429781,5881.05877521269,11198.72,0.06843607305936072,0.0,1.1498850198639097
2019-07-01 08:30:00+00:00,-0.6217331041182281,6013.857454079084,11198.72,0.06843607305936072,0.0,1.1293853900087787
2019-07-01 08:30:00+00:00,-0.5994035316934783,6149.654825831018,11198.72,0.06843607305936072,0.0,1.1101382183079291
2019-07-01 08:30:00+00:00,-0.5770739592687283,6288.518603182942,11198.72,0.06843607305936072,0.0,1.09225755817976
2019-07-01 08:30:00+00:00,-0.5547443868439783,6430.518027852735,11198.72,0.06843607305936072,0.0,1.0758284602264663
2019-07-01 08:30:00+00:00,-0.5324148144192283,6575.72390508774,11198.72,0.06843607305936072,0.0,1.0609018206402971
2019-07-01 08:30:00+00:00,-0.5100852419944784,6724.208638970415,11198.72,0.06843607305936072,0.0,1.0474925468160425
2019-07-01 08:30:00+00:00,-0.4877556695697284,6876.046268521223,11198.72,0.06843607305936072,0.0,1.0355811919813562
2019-07-01 08:30:00+00:00,-0.46542609714497846,7031.312504616748,11198.72,0.06843607305936072,0.0,1.0251184938678928
2019-07-01 08:30:00+00:00,-0.4430965247202285,7190.084767741443,11198.72,0.06843607305936072,0.0,1.0160317721540615
2019-07-01 08:30:00+00:00,-0.4207669522954785,7352.442226591857,11198.72,0.06843607305936072,0.0,1.0082320101863733
2019-07-01 08:30:00+00:00,-0.3984373798707286,7518.465837552552,11198.72,0.06843607305936072,0.0,1.0016206223375157
2019-07-01 08:30:00+00:00,-0.3761078074459786,7688.238385063438,11198.72,0.06843607305936072,0.0,0.9960952476361125
2019-07-01 08:30:00+00:00,-0.3537782350212286,7861.844522898611,11198.72,0.06843607305936072,0.0,0.991554266720386
2019-07-01 08:30:00+00:00,-0.33144866259647865,8039.37081637732,11198.72,0.06843607305936072,0.0,0.9879000192844686
2019-07-01 08:30:00+00:00,-0.30911909017172867,8220.905785528066,11198.72,0.06843607305936072,0.0,0.9850408719111324
2019-07-01 08:30:00+00:00,-0.28678951774697875,8406.5399492274,11198.72,0.06843607305936072,0.0,0.9828923631402278
2019-07-01 08:30:00+00:00,-0.2644599453222288,8596.36587033539,11198.72,0.06843607305936072,0.0,0.9813776631157329
2019-07-01 08:30:00+00:00,-0.2421303728974788,8790.478201850292,11198.72,0.06843607305936072,0.0,0.9804275587590182
2019-07-01 08:30:00+00:00,-0.21980080047272887,8988.973734105424,11198.72,0.06843607305936072,0.0,0.9799801342236506
2019-07-01 08:30:00+00:00,-0.1974712280479789,9191.951443031785,11198.72,0.06843607305936072,0.0,0.9799802738574228
2019-07-01 08:30:00+00:00,-0.17514165562322892,9399.512539510459,11198.72,0.06843607305936072,0.0,0.9803790776803004
2019-07-01 08:30:00+00:00,-0.15281208319847894,9611.76051983947,11198.72,0.06843607305936072,0.0,0.9811332497623193
2019-07-01 08:30:00+00:00,-0.13048251077372897,9828.801217340186,11198.72,0.06843607305936072,0.0,0.9822044977697765
2019-07-01 08:30:00+00:00,-0.10815293834897899,10050.742855129036,11198.72,0.06843607305936072,0.0,0.9835589662257844
2019-07-01 08:30:00+00:00,-0.08582336592422912,10277.696100080873,11198.72,0.06843607305936072,0.0,0.9851667153100262
2019-07-01 08:30:00+00:00,-0.06349379349947915,10509.774118010848,11198.72,0.06843607305936072,0.0,0.9870012499995596
2019-07-01 08:30:00+00:00,-0.04116422107472917,10747.092630102337,11198.72,0.06843607305936072,0.0,0.9890390999532197
2019-07-01 08:30:00+00:00,-0.01883464864997919,10989.769970609064,11198.72,0.06843607305936072,0.0,0.9912594479423944
2019-07-01 08:30:00+00:00,0.003494923774770786,11237.927145860165,11198.72,0.06843607305936072,0.0,0.9936438032281797
2019-07-01 08:30:00+00:00,0.025824496199520763,11491.687894597633,11198.72,0.06843607305936072,0.0,0.9961757156537968
2019-07-01 08:30:00+00:00,0.04815406862427074,11751.178749676246,11198.72,0.06843607305936072,0.0,0.9988405260696421
2019-07-01 08:30:00+00:00,0.07048364104902072,12016.529101156693,11198.72,0.06843607305936072,0.0,1.0016251488406975
2019-07-01 08:30:00+00:00,0.0928132134737707,12287.871260823427,11198.72,0.06843607305936072,0.0,1.0045178824741232
2019-07-01 08:30:00+00:00,0.11514278589852056,12565.340528159339,11198.72,0.06843607305936072,0.0,1.0075082447669046
2019-07-01 08:30:00+00:00,0.13747235832327054,12849.075257810222,11198.72,0.06843607305936072,0.0,1.0105868292588467
2019-07-01 08:30:00+00:00,0.15980193074802052,13139.216928572623,11198.72,0.06843607305936072,0.0,1.0137451801549742
2019-07-01 08:30:00+00:00,0.1821315031727705,13435.910213939478,11198.72,0.06843607305936072,0.0,1.0169756832369083
2019-07-01 08:30:00+00:00,0.20446107559752047,13739.303054238739,11198.72,0.06843607305936072,0.0,1.0202714706068063
2019-07-01 08:30:00+00:00,0.22679064802227045,14049.546730400938,11198.72,0.06843607305936072,0.0,1.0236263373970818
2019-07-01 08:30:00+00:00,0.24912022044702042,14366.795939392468,11198.72,0.06843607305936072,0.0,1.027034668834479
2019-07-01 08:30:00+00:00,0.2714497928717703,14691.208871352224,11198.72,0.06843607305936072,0.0,1.0304913762700836
2019-07-01 08:30:00+00:00,0.2937793652965204,15022.947288470034,11198.72,0.06843607305936072,0.0,1.0339918409802629
2019-07-01 08:30:00+00:00,0.31610893772127024,15362.1766056462,11198.72,0.06843607305936072,0.0,1.0375318647104679
2019-07-01 08:30:00+00:00,0.33843851014602033,15709.06597297246,11198.72,0.06843607305936072,0.0,1.0411076260774295
2019-07-01 08:30:00+00:00,0.3607680825707702,16063.78836007534,11198.72,0.06843607305936072,0.0,1.0447156420685157
2019-07-01 08:30:00+00:00,0.38309765499552006,16426.52064236412,11198.72,0.06843607305936072,0.0,1.0483527339826404
2019-07-01 08:30:00+00:00,0.40542722742027015,16797.44368922632,11198.72,0.06843607305936072,0.0,1.0520159972475422
2019-07-01 08:30:00+00:00,0.42775679984502,17176.74245421464,11198.72,0.06843607305936072,0.0,1.0557027746256964
2019-07-01 08:30:00+00:00,0.4500863722697701,17564.60606727053,11198.72,0.06843607305936072,0.0,1.0594106323874
2019-07-01 08:30:00+00:00,0.47241594469452,17961.22792903008,11198.72,0.06843607305936072,0.0,1.0631373390863685
2019-07-01 08:30:00+00:00,0.49474551711927006,18366.805807259523,11198.72,0.06843607305936072,0.0,1.0668808466218636
2019-07-01 08:30:00+00:00,0.5170750895440199,18781.541935468256,11198.72,0.06843607305936072,0.0,1.0706392733131316
2019-07-01 08:30:00+00:00,0.5394046619687698,19205.643113748654,11198.72,0.06843607305936072,0.0,1.0744108887478219
2019-07-01 08:30:00+00:00,0.5617342343935199,19639.32081189291,11198.72,0.06843607305936072,0.0,1.0781941001968944
2019-07-01 08:30:00+00:00,0.5840638068182697,20082.79127483831,11198.72,0.06843607305936072,0.0,1.081987440415105
2019-07-01 08:30:00+00:00,0.6063933792430198,20536.275630493583,11198.72,0.06843607305936072,0.0,1.0857895566690627
2019-07-01 08:30:00+00:00,0.6287229516677697,21000.0,11198.72,0.06843607305936072,0.0,1.0895992008546314
2019-07-01 09:00:00+00:00,-0.7039729157136936,5500.0,11119.73,0.06837899543378996,0.0,1.220430167500922
2019-07-01 09:00:00+00:00,-0.6816433432889436,5624.194088459651,11119.73,0.06837899543378996,0.0,1.1958138748274234
2019-07-01 09:00:00+00:00,-0.6593137708641936,5751.192571757179,11119.73,0.06837899543378996,0.0,1.1718464879075103
2019-07-01 09:00:00+00:00,-0.6369841984394436,5881.058775212689,11119.73,0.06837899543378996,0.0,1.1487293559464034
2019-07-01 09:00:00+00:00,-0.6146546260146937,6013.857454079085,11119.73,0.06837899543378996,0.0,1.1266788242280037
2019-07-01 09:00:00+00:00,-0.5923250535899438,6149.654825831018,11119.73,0.06837899543378996,0.0,1.1059136512112175
2019-07-01 09:00:00+00:00,-0.5699954811651938,6288.518603182942,11119.73,0.06837899543378996,0.0,1.086637818310821
2019-07-01 09:00:00+00:00,-0.5476659087404439,6430.518027852735,11119.73,0.06837899543378996,0.0,1.0690211160634862
2019-07-01 09:00:00+00:00,-0.5253363363156939,6575.723905087741,11119.73,0.06837899543378996,0.0,1.053181573010793
2019-07-01 09:00:00+00:00,-0.5030067638909439,6724.208638970415,11119.73,0.06837899543378996,0.0,1.0391741863919168
2019-07-01 09:00:00+00:00,-0.4806771914661939,6876.046268521223,11119.73,0.06837899543378996,0.0,1.0269888706344013
2019-07-01 09:00:00+00:00,-0.458347619041444,7031.312504616748,11119.73,0.06837899543378996,0.0,1.0165576291160883
2019-07-01 09:00:00+00:00,-0.436018046616694,7190.084767741443,11119.73,0.06837899543378996,0.0,1.0077682101581151
2019-07-01 09:00:00+00:00,-0.41368847419194404,7352.4422265918565,11119.73,0.06837899543378996,0.0,1.0004802590423951
2019-07-01 09:00:00+00:00,-0.3913589017671941,7518.465837552552,11119.73,0.06837899543378996,0.0,0.9945404384378994
2019-07-01 09:00:00+00:00,-0.36902932934244415,7688.238385063438,11119.73,0.06837899543378996,0.0,0.9897944139046728
2019-07-01 09:00:00+00:00,-0.34669975691769417,7861.844522898612,11119.73,0.06837899543378996,0.0,0.9860950701541734
2019-07-01 09:00:00+00:00,-0.3243701844929442,8039.370816377321,11119.73,0.06837899543378996,0.0,0.9833073137520173
2019-07-01 09:00:00+00:00,-0.3020406120681942,8220.905785528066,11119.73,0.06837899543378996,0.0,0.9813102564611007
2019-07-01 09:00:00+00:00,-0.2797110396434443,8406.539949227401,11119.73,0.06837899543378996,0.0,0.9799976239428053
2019-07-01 09:00:00+00:00,-0.2573814672186943,8596.36587033539,11119.73,0.06837899543378996,0.0,0.979277093951603
2019-07-01 09:00:00+00:00,-0.23505189479394434,8790.478201850292,11119.73,0.06837899543378996,0.0,0.9790690749353379
2019-07-01 09:00:00+00:00,-0.21272232236919442,8988.973734105426,11119.73,0.06837899543378996,0.0,0.9793052604949914
2019-07-01 09:00:00+00:00,-0.19039274994444444,9191.951443031785,11119.73,0.06837899543378996,0.0,0.9799271613619067
2019-07-01 09:00:00+00:00,-0.16806317751969446,9399.512539510459,11119.73,0.06837899543378996,0.0,0.9808847246604391
2019-07-01 09:00:00+00:00,-0.14573360509494449,9611.76051983947,11119.73,0.06837899543378996,0.0,0.9821350917522832
2019-07-01 09:00:00+00:00,-0.12340403267019451,9828.801217340186,11119.73,0.06837899543378996,0.0,0.9836415111664134
2019-07-01 09:00:00+00:00,-0.10107446024544453,10050.742855129038,11119.73,0.06837899543378996,0.0,0.985372403882047
2019-07-01 09:00:00+00:00,-0.07874488782069466,10277.696100080873,11119.73,0.06837899543378996,0.0,0.9873005686469386
2019-07-01 09:00:00+00:00,-0.05641531539594469,10509.774118010848,11119.73,0.06837899543378996,0.0,0.9894025111170189
2019-07-01 09:00:00+00:00,-0.03408574297119471,10747.092630102337,11119.73,0.06837899543378996,0.0,0.9916578798770456
2019-07-01 09:00:00+00:00,-0.011756170546444733,10989.769970609066,11119.73,0.06837899543378996,0.0,0.994048993311438
2019-07-01 09:00:00+00:00,0.010573401878305244,11237.927145860163,11119.73,0.06837899543378996,0.0,0.9965604429418459
2019-07-01 09:00:00+00:00,0.03290297430305522,11491.687894597631,11119.73,0.06837899543378996,0.0,0.9991787607301801
2019-07-01 09:00:00+00:00,0.0552325467278052,11751.178749676244,11119.73,0.06837899543378996,0.0,1.0018921396973184
2019-07-01 09:00:00+00:00,0.07756211915255518,12016.529101156693,11119.73,0.06837899543378996,0.0,1.0046901989012995
2019-07-01 09:00:00+00:00,0.09989169157730515,12287.871260823427,11119.73,0.06837899543378996,0.0,1.007563785305341
2019-07-01 09:00:00+00:00,0.12222126400205502,12565.340528159339,11119.73,0.06837899543378996,0.0,1.0105048063379418
2019-07-01 09:00:00+00:00,0.144550836426805,12849.075257810222,11119.73,0.06837899543378996,0.0,1.013506088018082
2019-07-01 09:00:00+00:00,0.16688040885155497,13139.216928572623,11119.73,0.06837899543378996,0.0,1.0165612544103575
2019-07-01 09:00:00+00:00,0.18920998127630495,13435.910213939478,11119.73,0.06837899543378996,0.0,1.0196646249126673
2019-07-01 09:00:00+00:00,0.21153955370105493,13739.303054238737,11119.73,0.06837899543378996,0.0,1.022811126486783
2019-07-01 09:00:00+00:00,0.2338691261258049,14049.546730400936,11119.73,0.06837899543378996,0.0,1.025996218441526
2019-07-01 09:00:00+00:00,0.2561986985505549,14366.795939392468,11119.73,0.06837899543378996,0.0,1.0292158277881975
2019-07-01 09:00:00+00:00,0.27852827097530475,14691.208871352226,11119.73,0.06837899543378996,0.0,1.0324662935243494
2019-07-01 09:00:00+00:00,0.30085784340005484,15022.947288470034,11119.73,0.06837899543378996,0.0,1.0357443184782935
2019-07-01 09:00:00+00:00,0.3231874158248047,15362.1766056462,11119.73,0.06837899543378996,0.0,1.0390469275739311
2019-07-01 09:00:00+00:00,0.3455169882495548,15709.06597297246,11119.73,0.06837899543378996,0.0,1.0423714315625585
2019-07-01 09:00:00+00:00,0.36784656067430466,16063.78836007534,11119.73,0.06837899543378996,0.0,1.0457153954226492
2019-07-01 09:00:00+00:00,0.3901761330990545,16426.52064236412,11119.73,0.06837899543378996,0.0,1.0490766107562286
2019-07-01 09:00:00+00:00,0.4125057055238046,16797.44368922632,11119.73,0.06837899543378996,0.0,1.052453071616168
2019-07-01 09:00:00+00:00,0.4348352779485545,17176.74245421464,11119.73,0.06837899543378996,0.0,1.0558429532865665
2019-07-01 09:00:00+00:00,0.45716485037330457,17564.60606727053,11119.73,0.06837899543378996,0.0,1.0592445936114847
2019-07-01 09:00:00+00:00,0.47949442279805443,17961.22792903008,11119.73,0.06837899543378996,0.0,1.0626564765283424
2019-07-01 09:00:00+00:00,0.5018239952228045,18366.805807259523,11119.73,0.06837899543378996,0.0,1.0660772175133473
2019-07-01 09:00:00+00:00,0.5241535676475544,18781.541935468256,11119.73,0.06837899543378996,0.0,1.0695055506891773
2019-07-01 09:00:00+00:00,0.5464831400723043,19205.64311374865,11119.73,0.06837899543378996,0.0,1.0729403173811634
2019-07-01 09:00:00+00:00,0.5688127124970543,19639.320811892907,11119.73,0.06837899543378996,0.0,1.0763804559386114
2019-07-01 09:00:00+00:00,0.5911422849218042,20082.791274838306,11119.73,0.06837899543378996,0.0,1.0798249926635817
2019-07-01 09:00:00+00:00,0.6134718573465543,20536.275630493583,11119.73,0.06837899543378996,0.0,1.0832730337112078
2019-07-01 09:00:00+00:00,0.6358014297713043,21000.0,11119.73,0.06837899543378996,0.0,1.086723757844123
2019-07-01 09:30:00+00:00,-0.705859669736721,5500.0,11140.73,0.06832191780821918,0.0,1.2135603030473858
2019-07-01 09:30:00+00:00,-0.683530097311971,5624.1940884596515,11140.73,0.06832191780821918,0.0,1.1919250808064639
2019-07-01 09:30:00+00:00,-0.661200524887221,5751.19257175718,11140.73,0.06832191780821918,0.0,1.1704914655700713
2019-07-01 09:30:00+00:00,-0.638870952462471,5881.05877521269,11140.73,0.06832191780821918,0.0,1.1493955712577288
2019-07-01 09:30:00+00:00,-0.6165413800377211,6013.857454079085,11140.73,0.06832191780821918,0.0,1.1288070558008683
2019-07-01 09:30:00+00:00,-0.5942118076129712,6149.654825831018,11140.73,0.06832191780821918,0.0,1.1089308175461308
2019-07-01 09:30:00+00:00,-0.5718822351882212,6288.518603182943,11140.73,0.06832191780821918,0.0,1.090003435313785
2019-07-01 09:30:00+00:00,-0.5495526627634713,6430.518027852735,11140.73,0.06832191780821918,0.0,1.0722811139602324
2019-07-01 09:30:00+00:00,-0.5272230903387213,6575.723905087741,11140.73,0.06832191780821918,0.0,1.0560169700616322
2019-07-01 09:30:00+00:00,-0.5048935179139713,6724.208638970415,11140.73,0.06832191780821918,0.0,1.0414292310248352
2019-07-01 09:30:00+00:00,-0.4825639454892213,6876.046268521224,11140.73,0.06832191780821918,0.0,1.028667710934341
2019-07-01 09:30:00+00:00,-0.4602343730644714,7031.312504616748,11140.73,0.06832191780821918,0.0,1.0177900848251782
2019-07-01 09:30:00+00:00,-0.4379048006397214,7190.084767741444,11140.73,0.06832191780821918,0.0,1.0087573909791154
2019-07-01 09:30:00+00:00,-0.41557522821497145,7352.4422265918565,11140.73,0.06832191780821918,0.0,1.0014497207232889
2019-07-01 09:30:00+00:00,-0.3932456557902215,7518.465837552552,11140.73,0.06832191780821918,0.0,0.9956942530929568
2019-07-01 09:30:00+00:00,-0.37091608336547155,7688.238385063438,11140.73,0.06832191780821918,0.0,0.9912948212786691
2019-07-01 09:30:00+00:00,-0.3485865109407216,7861.844522898613,11140.73,0.06832191780821918,0.0,0.9880553266860219
2019-07-01 09:30:00+00:00,-0.3262569385159716,8039.370816377322,11140.73,0.06832191780821918,0.0,0.9857944285317081
2019-07-01 09:30:00+00:00,-0.3039273660912216,8220.905785528068,11140.73,0.06832191780821918,0.0,0.9843525614230045
2019-07-01 09:30:00+00:00,-0.2815977936664717,8406.539949227401,11140.73,0.06832191780821918,0.0,0.9835936849801684
2019-07-01 09:30:00+00:00,-0.2592682212417217,8596.36587033539,11140.73,0.06832191780821918,0.0,0.9834040468335123
2019-07-01 09:30:00+00:00,-0.23693864881697174,8790.478201850292,11140.73,0.06832191780821918,0.0,0.9836895856244849
2019-07-01 09:30:00+00:00,-0.21460907639222182,8988.973734105426,11140.73,0.06832191780821918,0.0,0.9843729491684814
2019-07-01 09:30:00+00:00,-0.19227950396747184,9191.951443031785,11140.73,0.06832191780821918,0.0,0.9853906323296359
2019-07-01 09:30:00+00:00,-0.16994993154272187,9399.512539510459,11140.73,0.06832191780821918,0.0,0.9866904510366818
2019-07-01 09:30:00+00:00,-0.1476203591179719,9611.76051983947,11140.73,0.06832191780821918,0.0,0.9882294122308086
2019-07-01 09:30:00+00:00,-0.1252907866932219,9828.801217340186,11140.73,0.06832191780821918,0.0,0.9899719638335072
2019-07-01 09:30:00+00:00,-0.10296121426847193,10050.742855129038,11140.73,0.06832191780821918,0.0,0.9918885781031183
2019-07-01 09:30:00+00:00,-0.08063164184372207,10277.696100080873,11140.73,0.06832191780821918,0.0,0.9939546139442285
2019-07-01 09:30:00+00:00,-0.05830206941897209,10509.774118010848,11140.73,0.06832191780821918,0.0,0.9961494064604483
2019-07-01 09:30:00+00:00,-0.035972496994222114,10747.09263010234,11140.73,0.06832191780821918,0.0,0.9984555388169594
2019-07-01 09:30:00+00:00,-0.013642924569472137,10989.769970609066,11140.73,0.06832191780821918,0.0,1.00085825914521
2019-07-01 09:30:00+00:00,0.00868664785527784,11237.927145860163,11140.73,0.06832191780821918,0.0,1.0033450123837437
2019-07-01 09:30:00+00:00,0.031016220280027818,11491.687894597633,11140.73,0.06832191780821918,0.0,1.005905063100526
2019-07-01 09:30:00+00:00,0.053345792704777795,11751.178749676244,11140.73,0.06832191780821918,0.0,1.0085291903968818
2019-07-01 09:30:00+00:00,0.07567536512952777,12016.529101156695,11140.73,0.06832191780821918,0.0,1.0112094400433889
2019-07-01 09:30:00+00:00,0.09800493755427775,12287.871260823427,11140.73,0.06832191780821918,0.0,1.0139389221961541
2019-07-01 09:30:00+00:00,0.12033450997902762,12565.340528159339,11140.73,0.06832191780821918,0.0,1.016711645546339
2019-07-01 09:30:00+00:00,0.1426640824037776,12849.075257810222,11140.73,0.06832191780821918,0.0,1.0195223807087246
2019-07-01 09:30:00+00:00,0.16499365482852757,13139.216928572623,11140.73,0.06832191780821918,0.0,1.0223665471756964
2019-07-01 09:30:00+00:00,0.18732322725327755,13435.910213939478,11140.73,0.06832191780821918,0.0,1.0252401193473182
2019-07-01 09:30:00+00:00,0.20965279967802752,13739.303054238739,11140.73,0.06832191780821918,0.0,1.0281395480720037
2019-07-01 09:30:00+00:00,0.2319823721027775,14049.546730400938,11140.73,0.06832191780821918,0.0,1.0310616948547051
2019-07-01 09:30:00+00:00,0.2543119445275275,14366.795939392468,11140.73,0.06832191780821918,0.0,1.0340037764561776
2019-07-01 09:30:00+00:00,0.27664151695227734,14691.208871352226,11140.73,0.06832191780821918,0.0,1.0369633180528675
2019-07-01 09:30:00+00:00,0.29897108937702743,15022.947288470034,11140.73,0.06832191780821918,0.0,1.0399381134793286
2019-07-01 09:30:00+00:00,0.3213006618017773,15362.1766056462,11140.73,0.06832191780821918,0.0,1.0429261913545258
2019-07-01 09:30:00+00:00,0.3436302342265274,15709.065972972461,11140.73,0.06832191780821918,0.0,1.0459257861159332
2019-07-01 09:30:00+00:00,0.36595980665127725,16063.78836007534,11140.73,0.06832191780821918,0.0,1.0489353131632748
2019-07-01 09:30:00+00:00,0.3882893790760271,16426.520642364125,11140.73,0.06832191780821918,0.0,1.051953347456615
2019-07-01 09:30:00+00:00,0.4106189515007772,16797.44368922632,11140.73,0.06832191780821918,0.0,1.0549786050286611
2019-07-01 09:30:00+00:00,0.4329485239255271,17176.742454214644,11140.73,0.06832191780821918,0.0,1.058009926964343
2019-07-01 09:30:00+00:00,0.45527809635027716,17564.60606727053,11140.73,0.06832191780821918,0.0,1.0610462654764583
2019-07-01 09:30:00+00:00,0.47760766877502703,17961.227929030083,11140.73,0.06832191780821918,0.0,1.0640866717679485
2019-07-01 09:30:00+00:00,0.4999372411997771,18366.805807259523,11140.73,0.06832191780821918,0.0,1.0671302854219422
2019-07-01 09:30:00+00:00,0.522266813624527,18781.541935468256,11140.73,0.06832191780821918,0.0,1.0701763251022558
2019-07-01 09:30:00+00:00,0.5445963860492768,19205.643113748654,11140.73,0.06832191780821918,0.0,1.0732240803813409
2019-07-01 09:30:00+00:00,0.5669259584740269,19639.32081189291,11140.73,0.06832191780821918,0.0,1.0762729045410178
2019-07-01 09:30:00+00:00,0.5892555308987768,20082.79127483831,11140.73,0.06832191780821918,0.0,1.079322208214918
2019-07-01 09:30:00+00:00,0.6115851033235269,20536.275630493583,11140.73,0.06832191780821918,0.0,1.0823714537611788
2019-07-01 09:30:00+00:00,0.6339146757482768,21000.0,11140.73,0.06832191780821918,0.0,1.0854201502703544
2019-07-01 10:00:00+00:00,-0.6964861454618216,5500.0,11036.79,0.0682648401826484,0.0,1.20760012510138
2019-07-01 10:00:00+00:00,-0.6741565730370717,5624.1940884596515,11036.79,0.0682648401826484,0.0,1.1833971206528087
2019-07-01 10:00:00+00:00,-0.6518270006123217,5751.19257175718,11036.79,0.0682648401826484,0.0,1.159919309260196
2019-07-01 10:00:00+00:00,-0.6294974281875717,5881.05877521269,11036.79,0.0682648401826484,0.0,1.1373835690741905
2019-07-01 10:00:00+00:00,-0.6071678557628217,6013.857454079086,11036.79,0.0682648401826484,0.0,1.1160190943009367
2019-07-01 10:00:00+00:00,-0.5848382833380719,6149.654825831018,11036.79,0.0682648401826484,0.0,1.0960513213496204
2019-07-01 10:00:00+00:00,-0.5625087109133219,6288.518603182942,11036.79,0.0682648401826484,0.0,1.0776812083434975
2019-07-01 10:00:00+00:00,-0.5401791384885719,6430.518027852735,11036.79,0.0682648401826484,0.0,1.0610635918855449
2019-07-01 10:00:00+00:00,-0.5178495660638219,6575.723905087741,11036.79,0.0682648401826484,0.0,1.0462899867912345
2019-07-01 10:00:00+00:00,-0.49551999363907195,6724.208638970416,11036.79,0.0682648401826484,0.0,1.033380688870471
2019-07-01 10:00:00+00:00,-0.473190421214322,6876.046268521224,11036.79,0.0682648401826484,0.0,1.0222881398672932
2019-07-01 10:00:00+00:00,-0.45086084878957206,7031.312504616748,11036.79,0.0682648401826484,0.0,1.0129097010056594
2019-07-01 10:00:00+00:00,-0.4285312763648221,7190.084767741443,11036.79,0.0682648401826484,0.0,1.0051053925282074
2019-07-01 10:00:00+00:00,-0.4062017039400721,7352.4422265918565,11036.79,0.0682648401826484,0.0,0.9987158616127062
2019-07-01 10:00:00+00:00,-0.3838721315153222,7518.465837552552,11036.79,0.0682648401826484,0.0,0.9935773025954986
2019-07-01 10:00:00+00:00,-0.3615425590905722,7688.238385063438,11036.79,0.0682648401826484,0.0,0.9895320001234483
2019-07-01 10:00:00+00:00,-0.3392129866658222,7861.844522898613,11036.79,0.0682648401826484,0.0,0.9864346486804579
2019-07-01 10:00:00+00:00,-0.31688341424107225,8039.370816377321,11036.79,0.0682648401826484,0.0,0.9841553420831949
2019-07-01 10:00:00+00:00,-0.29455384181632227,8220.905785528068,11036.79,0.0682648401826484,0.0,0.9825802853793006
2019-07-01 10:00:00+00:00,-0.27222426939157235,8406.539949227401,11036.79,0.0682648401826484,0.0,0.9816111336862215
2019-07-01 10:00:00+00:00,-0.24989469696682237,8596.36587033539,11036.79,0.0682648401826484,0.0,0.9811636181495145
2019-07-01 10:00:00+00:00,-0.2275651245420724,8790.478201850292,11036.79,0.0682648401826484,0.0,0.9811658895220595
2019-07-01 10:00:00+00:00,-0.20523555211732247,8988.973734105424,11036.79,0.0682648401826484,0.0,0.9815568342018368
2019-07-01 10:00:00+00:00,-0.1829059796925725,9191.951443031785,11036.79,0.0682648401826484,0.0,0.9822844981548244
2019-07-01 10:00:00+00:00,-0.16057640726782252,9399.51253951046,11036.79,0.0682648401826484,0.0,0.9833046795272472
2019-07-01 10:00:00+00:00,-0.13824683484307254,9611.76051983947,11036.79,0.0682648401826484,0.0,0.9845797074262401
2019-07-01 10:00:00+00:00,-0.11591726241832256,9828.801217340186,11036.79,0.0682648401826484,0.0,0.9860774011687551
2019-07-01 10:00:00+00:00,-0.09358768999357259,10050.742855129036,11036.79,0.0682648401826484,0.0,0.9877701933096865
2019-07-01 10:00:00+00:00,-0.07125811756882272,10277.696100080873,11036.79,0.0682648401826484,0.0,0.9896343957437431
2019-07-01 10:00:00+00:00,-0.048928545144072744,10509.774118010848,11036.79,0.0682648401826484,0.0,0.9916495878999029
2019-07-01 10:00:00+00:00,-0.026598972719322767,10747.09263010234,11036.79,0.0682648401826484,0.0,0.9937981076004625
2019-07-01 10:00:00+00:00,-0.004269400294572789,10989.769970609066,11036.79,0.0682648401826484,0.0,0.9960646274562118
2019-07-01 10:00:00+00:00,0.018060172130177188,11237.927145860163,11036.79,0.0682648401826484,0.0,0.9984358021329645
2019-07-01 10:00:00+00:00,0.040389744554927165,11491.687894597635,11036.79,0.0682648401826484,0.0,1.0008999741619364
2019-07-01 10:00:00+00:00,0.06271931697967714,11751.178749676244,11036.79,0.0682648401826484,0.0,1.0034469280507867
2019-07-01 10:00:00+00:00,0.08504888940442712,12016.529101156695,11036.79,0.0682648401826484,0.0,1.0060676842454783
2019-07-01 10:00:00+00:00,0.1073784618291771,12287.871260823427,11036.79,0.0682648401826484,0.0,1.008754326002365
2019-07-01 10:00:00+00:00,0.12970803425392696,12565.340528159339,11036.79,0.0682648401826484,0.0,1.011499853482309
2019-07-01 10:00:00+00:00,0.15203760667867694,12849.075257810224,11036.79,0.0682648401826484,0.0,1.014298060408634
2019-07-01 10:00:00+00:00,0.17436717910342692,13139.216928572623,11036.79,0.0682648401826484,0.0,1.0171434294731077
2019-07-01 10:00:00+00:00,0.1966967515281769,13435.910213939478,11036.79,0.0682648401826484,0.0,1.020031043360859
2019-07-01 10:00:00+00:00,0.21902632395292687,13739.30305423874,11036.79,0.0682648401826484,0.0,1.0229565088241348
2019-07-01 10:00:00+00:00,0.24135589637767685,14049.546730400936,11036.79,0.0682648401826484,0.0,1.0259158916895783
2019-07-01 10:00:00+00:00,0.2636854688024268,14366.795939392468,11036.79,0.0682648401826484,0.0,1.0289056610540028
2019-07-01 10:00:00+00:00,0.2860150412271767,14691.208871352226,11036.79,0.0682648401826484,0.0,1.0319226412253977
2019-07-01 10:00:00+00:00,0.3083446136519268,15022.947288470034,11036.79,0.0682648401826484,0.0,1.0349639702122861
2019-07-01 10:00:00+00:00,0.33067418607667665,15362.176605646202,11036.79,0.0682648401826484,0.0,1.0380270637660962
2019-07-01 10:00:00+00:00,0.35300375850142673,15709.06597297246,11036.79,0.0682648401826484,0.0,1.041109584146451
2019-07-01 10:00:00+00:00,0.3753333309261766,16063.78836007534,11036.79,0.0682648401826484,0.0,1.0442094129150956
2019-07-01 10:00:00+00:00,0.39766290335092647,16426.52064236412,11036.79,0.0682648401826484,0.0,1.0473246271761032
2019-07-01 10:00:00+00:00,0.41999247577567655,16797.44368922632,11036.79,0.0682648401826484,0.0,1.0504534787724595
2019-07-01 10:00:00+00:00,0.4423220482004264,17176.74245421464,11036.79,0.0682648401826484,0.0,1.053594376025745
2019-07-01 10:00:00+00:00,0.4646516206251765,17564.60606727053,11036.79,0.0682648401826484,0.0,1.0567458676692765
2019-07-01 10:00:00+00:00,0.4869811930499264,17961.22792903008,11036.79,0.0682648401826484,0.0,1.0599066286780925
2019-07-01 10:00:00+00:00,0.5093107654746765,18366.805807259523,11036.79,0.0682648401826484,0.0,1.063075447743463
2019-07-01 10:00:00+00:00,0.5316403378994263,18781.541935468256,11036.79,0.0682648401826484,0.0,1.066251216176707
2019-07-01 10:00:00+00:00,0.5539699103241762,19205.643113748654,11036.79,0.0682648401826484,0.0,1.0694329180582733
2019-07-01 10:00:00+00:00,0.5762994827489263,19639.32081189291,11036.79,0.0682648401826484,0.0,1.0726196214742858
2019-07-01 10:00:00+00:00,0.5986290551736762,20082.79127483831,11036.79,0.0682648401826484,0.0,1.07581047070492
2019-07-01 10:00:00+00:00,0.6209586275984262,20536.275630493583,11036.79,0.0682648401826484,0.0,1.0790046792477532
2019-07-01 10:00:00+00:00,0.6432882000231761,21000.0,11036.79,0.0682648401826484,0.0,1.0822015235751474
2019-07-01 10:30:00+00:00,-0.6945956764376289,5500.0,11015.945,0.06820776255707763,0.0,1.1948634638173397
2019-07-01 10:30:00+00:00,-0.6722661040128789,5624.194088459651,11015.945,0.06820776255707763,0.0,1.1717833154142656
2019-07-01 10:30:00+00:00,-0.6499365315881289,5751.192571757179,11015.945,0.06820776255707763,0.0,1.149161533161104
2019-07-01 10:30:00+00:00,-0.6276069591633789,5881.058775212689,11015.945,0.06820776255707763,0.0,1.1272096906895588
2019-07-01 10:30:00+00:00,-0.605277386738629,6013.857454079084,11015.945,0.06820776255707763,0.0,1.1061766784363298
2019-07-01 10:30:00+00:00,-0.5829478143138791,6149.654825831018,11015.945,0.06820776255707763,0.0,1.086338549878919
2019-07-01 10:30:00+00:00,-0.5606182418891291,6288.518603182942,11015.945,0.06820776255707763,0.0,1.0679769147910663
2019-07-01 10:30:00+00:00,-0.5382886694643791,6430.518027852735,11015.945,0.06820776255707763,0.0,1.0513461570838973
2019-07-01 10:30:00+00:00,-0.5159590970396292,6575.723905087741,11015.945,0.06820776255707763,0.0,1.0366358571833587
2019-07-01 10:30:00+00:00,-0.4936295246148792,6724.208638970415,11015.945,0.06820776255707763,0.0,1.0239404649069372
2019-07-01 10:30:00+00:00,-0.4712999521901292,6876.046268521224,11015.945,0.06820776255707763,0.0,1.0132480813058218
2019-07-01 10:30:00+00:00,-0.4489703797653793,7031.312504616747,11015.945,0.06820776255707763,0.0,1.0044522212452207
2019-07-01 10:30:00+00:00,-0.4266408073406293,7190.084767741443,11015.945,0.06820776255707763,0.0,0.9973799844808768
2019-07-01 10:30:00+00:00,-0.40431123491587934,7352.4422265918565,11015.945,0.06820776255707763,0.0,0.9918248344561852
2019-07-01 10:30:00+00:00,-0.3819816624911294,7518.465837552552,11015.945,0.06820776255707763,0.0,0.9875742807152176
2019-07-01 10:30:00+00:00,-0.35965209006637944,7688.238385063438,11015.945,0.06820776255707763,0.0,0.9844282963624517
2019-07-01 10:30:00+00:00,-0.33732251764162946,7861.844522898612,11015.945,0.06820776255707763,0.0,0.9822088711764262
2019-07-01 10:30:00+00:00,-0.3149929452168795,8039.370816377321,11015.945,0.06820776255707763,0.0,0.9807631485181444
2019-07-01 10:30:00+00:00,-0.2926633727921295,8220.905785528066,11015.945,0.06820776255707763,0.0,0.9799627500252311
2019-07-01 10:30:00+00:00,-0.2703338003673796,8406.539949227401,11015.945,0.06820776255707763,0.0,0.9797012478644448
2019-07-01 10:30:00+00:00,-0.2480042279426296,8596.365870335389,11015.945,0.06820776255707763,0.0,0.9798910045693924
2019-07-01 10:30:00+00:00,-0.22567465551787963,8790.478201850292,11015.945,0.06820776255707763,0.0,0.9804600356794742
2019-07-01 10:30:00+00:00,-0.2033450830931297,8988.973734105424,11015.945,0.06820776255707763,0.0,0.9813491928736083
2019-07-01 10:30:00+00:00,-0.18101551066837973,9191.951443031783,11015.945,0.06820776255707763,0.0,0.9825097655460252
2019-07-01 10:30:00+00:00,-0.15868593824362975,9399.512539510459,11015.945,0.06820776255707763,0.0,0.9839014991205602
2019-07-01 10:30:00+00:00,-0.13635636581887978,9611.76051983947,11015.945,0.06820776255707763,0.0,0.9854909856188905
2019-07-01 10:30:00+00:00,-0.1140267933941298,9828.801217340186,11015.945,0.06820776255707763,0.0,0.9872503688190131
2019-07-01 10:30:00+00:00,-0.09169722096937982,10050.742855129036,11015.945,0.06820776255707763,0.0,0.989156307176432
2019-07-01 10:30:00+00:00,-0.06936764854462996,10277.696100080873,11015.945,0.06820776255707763,0.0,0.9911891442408969
2019-07-01 10:30:00+00:00,-0.04703807611987998,10509.774118010848,11015.945,0.06820776255707763,0.0,0.9933322444667865
2019-07-01 10:30:00+00:00,-0.024708503695130002,10747.092630102337,11015.945,0.06820776255707763,0.0,0.9955714602107832
2019-07-01 10:30:00+00:00,-0.0023789312703800247,10989.769970609066,11015.945,0.06820776255707763,0.0,0.9978947026075811
2019-07-01 10:30:00+00:00,0.019950641154369952,11237.927145860163,11015.945,0.06820776255707763,0.0,1.000291594735241
2019-07-01 10:30:00+00:00,0.04228021357911993,11491.687894597633,11015.945,0.06820776255707763,0.0,1.002753190091116
2019-07-01 10:30:00+00:00,0.0646097860038699,11751.178749676244,11015.945,0.06820776255707763,0.0,1.005271743050819
2019-07-01 10:30:00+00:00,0.08693935842861988,12016.529101156693,11015.945,0.06820776255707763,0.0,1.007840520847759
2019-07-01 10:30:00+00:00,0.10926893085336986,12287.871260823427,11015.945,0.06820776255707763,0.0,1.0104536488472045
2019-07-01 10:30:00+00:00,0.13159850327811973,12565.340528159339,11015.945,0.06820776255707763,0.0,1.0131059826309088
2019-07-01 10:30:00+00:00,0.1539280757028697,12849.075257810222,11015.945,0.06820776255707763,0.0,1.0157930017651908
2019-07-01 10:30:00+00:00,0.17625764812761968,13139.216928572623,11015.945,0.06820776255707763,0.0,1.0185107211834963
2019-07-01 10:30:00+00:00,0.19858722055236966,13435.910213939478,11015.945,0.06820776255707763,0.0,1.0212556169415477
2019-07-01 10:30:00+00:00,0.22091679297711964,13739.30305423874,11015.945,0.06820776255707763,0.0,1.0240245637515257
2019-07-01 10:30:00+00:00,0.2432463654018696,14049.546730400938,11015.945,0.06820776255707763,0.0,1.0268147822116547
2019-07-01 10:30:00+00:00,0.2655759378266196,14366.795939392467,11015.945,0.06820776255707763,0.0,1.0296237940501431
2019-07-01 10:30:00+00:00,0.28790551025136946,14691.208871352226,11015.945,0.06820776255707763,0.0,1.0324493840214526
2019-07-01 10:30:00+00:00,0.31023508267611954,15022.947288470034,11015.945,0.06820776255707763,0.0,1.0352895673467195
2019-07-01 10:30:00+00:00,0.3325646551008694,15362.1766056462,11015.945,0.06820776255707763,0.0,1.0381425617929485
2019-07-01 10:30:00+00:00,0.3548942275256195,15709.065972972461,11015.945,0.06820776255707763,0.0,1.0410067636482714
2019-07-01 10:30:00+00:00,0.37722379995036937,16063.78836007534,11015.945,0.06820776255707763,0.0,1.0438807269815962
2019-07-01 10:30:00+00:00,0.39955337237511923,16426.52064236412,11015.945,0.06820776255707763,0.0,1.0467631456809066
2019-07-01 10:30:00+00:00,0.4218829447998693,16797.44368922632,11015.945,0.06820776255707763,0.0,1.0496528378505103
2019-07-01 10:30:00+00:00,0.4442125172246192,17176.742454214644,11015.945,0.06820776255707763,0.0,1.0525487322176204
2019-07-01 10:30:00+00:00,0.4665420896493693,17564.60606727053,11015.945,0.06820776255707763,0.0,1.0554498562560233
2019-07-01 10:30:00+00:00,0.48887166207411914,17961.22792903008,11015.945,0.06820776255707763,0.0,1.0583553257816818
2019-07-01 10:30:00+00:00,0.5112012344988692,18366.805807259523,11015.945,0.06820776255707763,0.0,1.0612643358139289
2019-07-01 10:30:00+00:00,0.5335308069236191,18781.541935468256,11015.945,0.06820776255707763,0.0,1.0641761525280282
2019-07-01 10:30:00+00:00,0.555860379348369,19205.643113748654,11015.945,0.06820776255707763,0.0,1.0670901061515048
2019-07-01 10:30:00+00:00,0.578189951773119,19639.32081189291,11015.945,0.06820776255707763,0.0,1.0700055846788408
2019-07-01 10:30:00+00:00,0.6005195241978689,20082.79127483831,11015.945,0.06820776255707763,0.0,1.0729220282976737
2019-07-01 10:30:00+00:00,0.622849096622619,20536.275630493583,11015.945,0.06820776255707763,0.0,1.0758389244351505
2019-07-01 10:30:00+00:00,0.6451786690473689,21000.0,11015.945,0.06820776255707763,0.0,1.0787558033461682
2019-07-01 11:00:00+00:00,-0.6943927681299256,5500.0,11013.71,0.06815068493150685,0.0,1.2417865423359453
2019-07-01 11:00:00+00:00,-0.6720631957051756,5624.194088459651,11013.71,0.06815068493150685,0.0,1.2081394538555288
2019-07-01 11:00:00+00:00,-0.6497336232804256,5751.192571757179,11013.71,0.06815068493150685,0.0,1.1764098477694094
2019-07-01 11:00:00+00:00,-0.6274040508556756,5881.058775212689,11013.71,0.06815068493150685,0.0,1.1469939169582004
2019-07-01 11:00:00+00:00,-0.6050744784309257,6013.857454079085,11013.71,0.06815068493150685,0.0,1.1202151642257103
2019-07-01 11:00:00+00:00,-0.5827449060061758,6149.654825831018,11013.71,0.06815068493150685,0.0,1.0962823059346147
2019-07-01 11:00:00+00:00,-0.5604153335814258,6288.518603182942,11013.71,0.06815068493150685,0.0,1.0752668886778571
2019-07-01 11:00:00+00:00,-0.5380857611566758,6430.518027852735,11013.71,0.06815068493150685,0.0,1.057107247607239
2019-07-01 11:00:00+00:00,-0.5157561887319259,6575.723905087741,11013.71,0.06815068493150685,0.0,1.0416347910694446
2019-07-01 11:00:00+00:00,-0.4934266163071759,6724.208638970415,11013.71,0.06815068493150685,0.0,1.0286113519781173
2019-07-01 11:00:00+00:00,-0.4710970438824259,6876.046268521224,11013.71,0.06815068493150685,0.0,1.01776595144279
2019-07-01 11:00:00+00:00,-0.448767471457676,7031.312504616747,11013.71,0.06815068493150685,0.0,1.0088237131534776
2019-07-01 11:00:00+00:00,-0.426437899032926,7190.084767741443,11013.71,0.06815068493150685,0.0,1.0015247814114212
2019-07-01 11:00:00+00:00,-0.404108326608176,7352.442226591857,11013.71,0.06815068493150685,0.0,0.9956344393016341
2019-07-01 11:00:00+00:00,-0.3817787541834261,7518.465837552552,11013.71,0.06815068493150685,0.0,0.9909468918838965
2019-07-01 11:00:00+00:00,-0.35944918175867613,7688.238385063438,11013.71,0.06815068493150685,0.0,0.9872851265918613
2019-07-01 11:00:00+00:00,-0.33711960933392615,7861.844522898612,11013.71,0.06815068493150685,0.0,0.9844986841888836
2019-07-01 11:00:00+00:00,-0.3147900369091762,8039.370816377321,11013.71,0.06815068493150685,0.0,0.9824605418718649
2019-07-01 11:00:00+00:00,-0.2924604644844262,8220.905785528068,11013.71,0.06815068493150685,0.0,0.9810638115287844
2019-07-01 11:00:00+00:00,-0.2701308920596763,8406.539949227401,11013.71,0.06815068493150685,0.0,0.98021861966498
2019-07-01 11:00:00+00:00,-0.2478013196349263,8596.365870335389,11013.71,0.06815068493150685,0.0,0.9798493304424144
2019-07-01 11:00:00+00:00,-0.22547174721017632,8790.478201850292,11013.71,0.06815068493150685,0.0,0.9798921583684164
2019-07-01 11:00:00+00:00,-0.2031421747854264,8988.973734105424,11013.71,0.06815068493150685,0.0,0.9802931583701919
2019-07-01 11:00:00+00:00,-0.18081260236067642,9191.951443031785,11013.71,0.06815068493150685,0.0,0.9810065547271705
2019-07-01 11:00:00+00:00,-0.15848302993592644,9399.512539510459,11013.71,0.06815068493150685,0.0,0.9819933617730627
2019-07-01 11:00:00+00:00,-0.13615345751117647,9611.76051983947,11013.71,0.06815068493150685,0.0,0.9832202496630176
2019-07-01 11:00:00+00:00,-0.11382388508642649,9828.801217340186,11013.71,0.06815068493150685,0.0,0.9846586129096468
2019-07-01 11:00:00+00:00,-0.09149431266167651,10050.742855129036,11013.71,0.06815068493150685,0.0,0.9862838051985223
2019-07-01 11:00:00+00:00,-0.06916474023692665,10277.696100080873,11013.71,0.06815068493150685,0.0,0.988074509882688
2019-07-01 11:00:00+00:00,-0.04683516781217667,10509.774118010848,11013.71,0.06815068493150685,0.0,0.9900122209312192
2019-07-01 11:00:00+00:00,-0.024505595387426693,10747.092630102337,11013.71,0.06815068493150685,0.0,0.992080813753644
2019-07-01 11:00:00+00:00,-0.002176022962676716,10989.769970609064,11013.71,0.06815068493150685,0.0,0.9942661892147199
2019-07-01 11:00:00+00:00,0.02015354946207326,11237.927145860163,11013.71,0.06815068493150685,0.0,0.9965559773534055
2019-07-01 11:00:00+00:00,0.04248312188682324,11491.687894597633,11013.71,0.06815068493150685,0.0,0.9989392899187522
2019-07-01 11:00:00+00:00,0.06481269431157322,11751.178749676244,11013.71,0.06815068493150685,0.0,1.0014065129316858
2019-07-01 11:00:00+00:00,0.08714226673632319,12016.529101156695,11013.71,0.06815068493150685,0.0,1.003949132165778
2019-07-01 11:00:00+00:00,0.10947183916107317,12287.871260823427,11013.71,0.06815068493150685,0.0,1.0065595857906928
2019-07-01 11:00:00+00:00,0.13180141158582304,12565.340528159337,11013.71,0.06815068493150685,0.0,1.0092311395046658
2019-07-01 11:00:00+00:00,0.154130984010573,12849.075257810224,11013.71,0.06815068493150685,0.0,1.0119577803509998
2019-07-01 11:00:00+00:00,0.176460556435323,13139.216928572623,11013.71,0.06815068493150685,0.0,1.0147341261114065
2019-07-01 11:00:00+00:00,0.19879012886007297,13435.910213939476,11013.71,0.06815068493150685,0.0,1.017555347730884
2019-07-01 11:00:00+00:00,0.22111970128482294,13739.30305423874,11013.71,0.06815068493150685,0.0,1.020417102682284
2019-07-01 11:00:00+00:00,0.24344927370957292,14049.546730400936,11013.71,0.06815068493150685,0.0,1.0233154775456645
2019-07-01 11:00:00+00:00,0.2657788461343229,14366.79593939247,11013.71,0.06815068493150685,0.0,1.026246938375388
2019-07-01 11:00:00+00:00,0.28810841855907277,14691.208871352224,11013.71,0.06815068493150685,0.0,1.0292082876703958
2019-07-01 11:00:00+00:00,0.31043799098382285,15022.947288470034,11013.71,0.06815068493150685,0.0,1.0321966269611158
2019-07-01 11:00:00+00:00,0.3327675634085727,15362.176605646202,11013.71,0.06815068493150685,0.0,1.035209324188711
2019-07-01 11:00:00+00:00,0.3550971358333228,15709.06597297246,11013.71,0.06815068493150685,0.0,1.0382439851857166
2019-07-01 11:00:00+00:00,0.3774267082580727,16063.78836007534,11013.71,0.06815068493150685,0.0,1.0412984286770586
2019-07-01 11:00:00+00:00,0.39975628068282254,16426.520642364125,11013.71,0.06815068493150685,0.0,1.0443706643114077
2019-07-01 11:00:00+00:00,0.42208585310757263,16797.44368922632,11013.71,0.06815068493150685,0.0,1.0474588733082633
2019-07-01 11:00:00+00:00,0.4444154255323225,17176.74245421464,11013.71,0.06815068493150685,0.0,1.0505613913689826
2019-07-01 11:00:00+00:00,0.4667449979570726,17564.60606727053,11013.71,0.06815068493150685,0.0,1.053676693552403
2019-07-01 11:00:00+00:00,0.48907457038182245,17961.227929030083,11013.71,0.06815068493150685,0.0,1.056803380859606
2019-07-01 11:00:00+00:00,0.5114041428065725,18366.805807259523,11013.71,0.06815068493150685,0.0,1.0599401683092557
2019-07-01 11:00:00+00:00,0.5337337152313224,18781.541935468256,11013.71,0.06815068493150685,0.0,1.0630858743159757
2019-07-01 11:00:00+00:00,0.5560632876560723,19205.64311374865,11013.71,0.06815068493150685,0.0,1.0662394112104814
2019-07-01 11:00:00+00:00,0.5783928600808224,19639.32081189291,11013.71,0.06815068493150685,0.0,1.069399776762375
2019-07-01 11:00:00+00:00,0.6007224325055722,20082.79127483831,11013.71,0.06815068493150685,0.0,1.0725660465853772
2019-07-01 11:00:00+00:00,0.6230520049303223,20536.275630493583,11013.71,0.06815068493150685,0.0,1.0757373673208201
2019-07-01 11:00:00+00:00,0.6453815773550723,21000.0,11013.71,0.06815068493150685,0.0,1.0789129505089385
2019-07-01 11:30:00+00:00,-0.6998194170552822,5500.0,11073.64,0.06809360730593607,0.0,1.2225792801849913
2019-07-01 11:30:00+00:00,-0.6774898446305322,5624.1940884596515,11073.64,0.06809360730593607,0.0,1.1954532529360251
2019-07-01 11:30:00+00:00,-0.6551602722057822,5751.19257175718,11073.64,0.06809360730593607,0.0,1.1694642487117672
2019-07-01 11:30:00+00:00,-0.6328306997810322,5881.058775212689,11073.64,0.06809360730593607,0.0,1.1448600638851965
2019-07-01 11:30:00+00:00,-0.6105011273562824,6013.857454079085,11073.64,0.06809360730593607,0.0,1.1218736763965516
2019-07-01 11:30:00+00:00,-0.5881715549315324,6149.654825831018,11073.64,0.06809360730593607,0.0,1.1007019600222283
2019-07-01 11:30:00+00:00,-0.5658419825067824,6288.518603182942,11073.64,0.06809360730593607,0.0,1.0814862608558167
2019-07-01 11:30:00+00:00,-0.5435124100820324,6430.518027852735,11073.64,0.06809360730593607,0.0,1.0642995821463086
2019-07-01 11:30:00+00:00,-0.5211828376572825,6575.723905087741,11073.64,0.06809360730593607,0.0,1.0491435331930776
2019-07-01 11:30:00+00:00,-0.4988532652325325,6724.208638970415,11073.64,0.06809360730593607,0.0,1.0359551894656787
2019-07-01 11:30:00+00:00,-0.4765236928077825,6876.046268521224,11073.64,0.06809360730593607,0.0,1.0246211324040666
2019-07-01 11:30:00+00:00,-0.4541941203830326,7031.312504616748,11073.64,0.06809360730593607,0.0,1.0149945473790287
2019-07-01 11:30:00+00:00,-0.4318645479582826,7190.084767741443,11073.64,0.06809360730593607,0.0,1.0069116202539357
2019-07-01 11:30:00+00:00,-0.40953497553353263,7352.4422265918565,11073.64,0.06809360730593607,0.0,1.0002048768516563
2019-07-01 11:30:00+00:00,-0.3872054031087827,7518.465837552551,11073.64,0.06809360730593607,0.0,0.9947126305871647
2019-07-01 11:30:00+00:00,-0.36487583068403273,7688.238385063438,11073.64,0.06809360730593607,0.0,0.9902847796582274
2019-07-01 11:30:00+00:00,-0.34254625825928275,7861.844522898612,11073.64,0.06809360730593607,0.0,0.9867857144992349
2019-07-01 11:30:00+00:00,-0.3202166858345328,8039.37081637732,11073.64,0.06809360730593607,0.0,0.9840952013125996
2019-07-01 11:30:00+00:00,-0.2978871134097828,8220.905785528066,11073.64,0.06809360730593607,0.0,0.9821079932311213
2019-07-01 11:30:00+00:00,-0.2755575409850329,8406.539949227401,11073.64,0.06809360730593607,0.0,0.9807327331641615
2019-07-01 11:30:00+00:00,-0.2532279685602829,8596.36587033539,11073.64,0.06809360730593607,0.0,0.9798905313143157
2019-07-01 11:30:00+00:00,-0.23089839613553292,8790.478201850294,11073.64,0.06809360730593607,0.0,0.9795134566159714
2019-07-01 11:30:00+00:00,-0.208568823710783,8988.973734105426,11073.64,0.06809360730593607,0.0,0.9795430792443787
2019-07-01 11:30:00+00:00,-0.18623925128603303,9191.951443031785,11073.64,0.06809360730593607,0.0,0.979929134203734
2019-07-01 11:30:00+00:00,-0.16390967886128305,9399.512539510459,11073.64,0.06809360730593607,0.0,0.9806283345776315
2019-07-01 11:30:00+00:00,-0.14158010643653307,9611.76051983947,11073.64,0.06809360730593607,0.0,0.9816033390461255
2019-07-01 11:30:00+00:00,-0.1192505340117831,9828.801217340186,11073.64,0.06809360730593607,0.0,0.9828218654647874
2019-07-01 11:30:00+00:00,-0.09692096158703312,10050.742855129036,11073.64,0.06809360730593607,0.0,0.9842559363056897
2019-07-01 11:30:00+00:00,-0.07459138916228325,10277.696100080873,11073.64,0.06809360730593607,0.0,0.9858812397238804
2019-07-01 11:30:00+00:00,-0.05226181673753327,10509.774118010848,11073.64,0.06809360730593607,0.0,0.9876765901445949
2019-07-01 11:30:00+00:00,-0.029932244312783296,10747.09263010234,11073.64,0.06809360730593607,0.0,0.9896234734832516
2019-07-01 11:30:00+00:00,-0.007602671888033319,10989.769970609064,11073.64,0.06809360730593607,0.0,0.9917056637815505
2019-07-01 11:30:00+00:00,0.014726900536716658,11237.927145860163,11073.64,0.06809360730593607,0.0,0.9939088998177926
2019-07-01 11:30:00+00:00,0.037056472961466635,11491.687894597633,11073.64,0.06809360730593607,0.0,0.996220611945044
2019-07-01 11:30:00+00:00,0.05938604538621661,11751.178749676244,11073.64,0.06809360730593607,0.0,0.9986296909422022
2019-07-01 11:30:00+00:00,0.08171561781096659,12016.529101156693,11073.64,0.06809360730593607,0.0,1.0011262920009005
2019-07-01 11:30:00+00:00,0.10404519023571657,12287.871260823427,11073.64,0.06809360730593607,0.0,1.0037016681155335
2019-07-01 11:30:00+00:00,0.12637476266046643,12565.340528159339,11073.64,0.06809360730593607,0.0,1.006348028109105
2019-07-01 11:30:00+00:00,0.1487043350852164,12849.075257810224,11073.64,0.06809360730593607,0.0,1.0090584153347326
2019-07-01 11:30:00+00:00,0.1710339075099664,13139.216928572623,11073.64,0.06809360730593607,0.0,1.01182660376347
2019-07-01 11:30:00+00:00,0.19336347993471636,13435.910213939478,11073.64,0.06809360730593607,0.0,1.0146470087246324
2019-07-01 11:30:00+00:00,0.21569305235946634,13739.303054238739,11073.64,0.06809360730593607,0.0,1.0175146100238874
2019-07-01 11:30:00+00:00,0.23802262478421632,14049.546730400936,11073.64,0.06809360730593607,0.0,1.0204248855434215
2019-07-01 11:30:00+00:00,0.2603521972089663,14366.79593939247,11073.64,0.06809360730593607,0.0,1.0233737537414487
2019-07-01 11:30:00+00:00,0.28268176963371616,14691.208871352226,11073.64,0.06809360730593607,0.0,1.026357523726883
2019-07-01 11:30:00+00:00,0.30501134205846625,15022.947288470034,11073.64,0.06809360730593607,0.0,1.0293728517988372
2019-07-01 11:30:00+00:00,0.3273409144832161,15362.176605646202,11073.64,0.06809360730593607,0.0,1.0324167035177372
2019-07-01 11:30:00+00:00,0.3496704869079662,15709.065972972461,11073.64,0.06809360730593607,0.0,1.0354863205218099
2019-07-01 11:30:00+00:00,0.37200005933271607,16063.788360075341,11073.64,0.06809360730593607,0.0,1.0385791914249014
2019-07-01 11:30:00+00:00,0.39432963175746594,16426.52064236412,11073.64,0.06809360730593607,0.0,1.0416930262333692
2019-07-01 11:30:00+00:00,0.416659204182216,16797.44368922632,11073.64,0.06809360730593607,0.0,1.0448257338048152
2019-07-01 11:30:00+00:00,0.4389887766069659,17176.74245421464,11073.64,0.06809360730593607,0.0,1.047975401942552
2019-07-01 11:30:00+00:00,0.461318349031716,17564.60606727053,11073.64,0.06809360730593607,0.0,1.0511402797793903
2019-07-01 11:30:00+00:00,0.48364792145646585,17961.22792903008,11073.64,0.06809360730593607,0.0,1.054318762154511
2019-07-01 11:30:00+00:00,0.5059774938812159,18366.805807259523,11073.64,0.06809360730593607,0.0,1.057509375729496
2019-07-01 11:30:00+00:00,0.5283070663059658,18781.541935468256,11073.64,0.06809360730593607,0.0,1.0607107666253248
2019-07-01 11:30:00+00:00,0.5506366387307157,19205.643113748654,11073.64,0.06809360730593607,0.0,1.0639216893924337
2019-07-01 11:30:00+00:00,0.5729662111554658,19639.32081189291,11073.64,0.06809360730593607,0.0,1.0671409971516117
2019-07-01 11:30:00+00:00,0.5952957835802156,20082.79127483831,11073.64,0.06809360730593607,0.0,1.0703676327653966
2019-07-01 11:30:00+00:00,0.6176253560049657,20536.275630493583,11073.64,0.06809360730593607,0.0,1.0736006209182825
2019-07-01 11:30:00+00:00,0.6399549284297156,21000.0,11073.64,0.06809360730593607,0.0,1.0768390609999874
2019-07-01 12:00:00+00:00,-0.672561282951286,5500.000000000001,10775.87,0.06803652968036529,0.0,1.1607056693019728
2019-07-01 12:00:00+00:00,-0.650231710526536,5624.194088459652,10775.87,0.06803652968036529,0.0,1.1363370005401536
2019-07-01 12:00:00+00:00,-0.6279021381017861,5751.19257175718,10775.87,0.06803652968036529,0.0,1.1141186460881445
2019-07-01 12:00:00+00:00,-0.6055725656770361,5881.058775212691,10775.87,0.06803652968036529,0.0,1.0940049585403924
2019-07-01 12:00:00+00:00,-0.5832429932522862,6013.857454079086,10775.87,0.06803652968036529,0.0,1.0759183174951008
2019-07-01 12:00:00+00:00,-0.5609134208275363,6149.654825831019,10775.87,0.06803652968036529,0.0,1.0597572812956426
2019-07-01 12:00:00+00:00,-0.5385838484027863,6288.518603182943,10775.87,0.06803652968036529,0.0,1.0454045305545165
2019-07-01 12:00:00+00:00,-0.5162542759780363,6430.518027852736,10775.87,0.06803652968036529,0.0,1.0327339048148252
2019-07-01 12:00:00+00:00,-0.4939247035532863,6575.7239050877415,10775.87,0.06803652968036529,0.0,1.0216161712358578
2019-07-01 12:00:00+00:00,-0.47159513112853635,6724.208638970416,10775.87,0.06803652968036529,0.0,1.0119234368644854
2019-07-01 12:00:00+00:00,-0.44926555870378637,6876.046268521225,10775.87,0.06803652968036529,0.0,1.0035322968812914
2019-07-01 12:00:00+00:00,-0.42693598627903645,7031.312504616749,10775.87,0.06803652968036529,0.0,0.9963259066694529
2019-07-01 12:00:00+00:00,-0.4046064138542865,7190.084767741445,10775.87,0.06803652968036529,0.0,0.9901951973925691
2019-07-01 12:00:00+00:00,-0.3822768414295365,7352.442226591858,10775.87,0.06803652968036529,0.0,0.9850394468756135
2019-07-01 12:00:00+00:00,-0.3599472690047866,7518.465837552553,10775.87,0.06803652968036529,0.0,0.9807663894179627
2019-07-01 12:00:00+00:00,-0.3376176965800366,7688.238385063439,10775.87,0.06803652968036529,0.0,0.9772920129639137
2019-07-01 12:00:00+00:00,-0.3152881241552866,7861.844522898613,10775.87,0.06803652968036529,0.0,0.9745401575328427
2019-07-01 12:00:00+00:00,-0.29295855173053664,8039.370816377321,10775.87,0.06803652968036529,0.0,0.9724419987067285
2019-07-01 12:00:00+00:00,-0.27062897930578667,8220.905785528068,10775.87,0.06803652968036529,0.0,0.9709354755377212
2019-07-01 12:00:00+00:00,-0.24829940688103674,8406.539949227401,10775.87,0.06803652968036529,0.0,0.9699647033647656
2019-07-01 12:00:00+00:00,-0.22596983445628677,8596.36587033539,10775.87,0.06803652968036529,0.0,0.9694793979873749
2019-07-01 12:00:00+00:00,-0.2036402620315368,8790.478201850294,10775.87,0.06803652968036529,0.0,0.9694343275167705
2019-07-01 12:00:00+00:00,-0.18131068960678687,8988.973734105426,10775.87,0.06803652968036529,0.0,0.9697888011195435
2019-07-01 12:00:00+00:00,-0.1589811171820369,9191.951443031787,10775.87,0.06803652968036529,0.0,0.9705061990208684
2019-07-01 12:00:00+00:00,-0.1366515447572869,9399.51253951046,10775.87,0.06803652968036529,0.0,0.9715535449268746
2019-07-01 12:00:00+00:00,-0.11432197233253694,9611.760519839472,10775.87,0.06803652968036529,0.0,0.9729011199847737
2019-07-01 12:00:00+00:00,-0.09199239990778696,9828.801217340188,10775.87,0.06803652968036529,0.0,0.974522116170567
2019-07-01 12:00:00+00:00,-0.06966282748303698,10050.742855129038,10775.87,0.06803652968036529,0.0,0.9763923263195207
2019-07-01 12:00:00+00:00,-0.047333255058287116,10277.696100080875,10775.87,0.06803652968036529,0.0,0.9784898677093528
2019-07-01 12:00:00+00:00,-0.02500368263353714,10509.77411801085,10775.87,0.06803652968036529,0.0,0.9807949360402666
2019-07-01 12:00:00+00:00,-0.0026741102087871615,10747.09263010234,10775.87,0.06803652968036529,0.0,0.9832895867394413
2019-07-01 12:00:00+00:00,0.019655462215962816,10989.769970609068,10775.87,0.06803652968036529,0.0,0.9859575406889106
2019-07-01 12:00:00+00:00,0.04198503464071279,11237.927145860167,10775.87,0.06803652968036529,0.0,0.9887840116936867
2019-07-01 12:00:00+00:00,0.06431460706546277,11491.687894597633,10775.87,0.06803652968036529,0.0,0.9917555532444741
2019-07-01 12:00:00+00:00,0.08664417949021275,11751.178749676248,10775.87,0.06803652968036529,0.0,0.9948599223690804
2019-07-01 12:00:00+00:00,0.10897375191496272,12016.529101156697,10775.87,0.06803652968036529,0.0,0.9980859585981549
2019-07-01 12:00:00+00:00,0.1313033243397127,12287.871260823431,10775.87,0.06803652968036529,0.0,1.0014234762880228
2019-07-01 12:00:00+00:00,0.15363289676446257,12565.34052815934,10775.87,0.06803652968036529,0.0,1.0048631687431469
2019-07-01 12:00:00+00:00,0.17596246918921254,12849.075257810224,10775.87,0.06803652968036529,0.0,1.0083965227619083
2019-07-01 12:00:00+00:00,0.19829204161396252,13139.216928572625,10775.87,0.06803652968036529,0.0,1.0120157423920864
2019-07-01 12:00:00+00:00,0.2206216140387125,13435.910213939482,10775.87,0.06803652968036529,0.0,1.0157136808274219
2019-07-01 12:00:00+00:00,0.24295118646346248,13739.30305423874,10775.87,0.06803652968036529,0.0,1.019483779505171
2019-07-01 12:00:00+00:00,0.26528075888821245,14049.54673040094,10775.87,0.06803652968036529,0.0,1.0233200135780192
2019-07-01 12:00:00+00:00,0.28761033131296243,14366.79593939247,10775.87,0.06803652968036529,0.0,1.0272168430336144
2019-07-01 12:00:00+00:00,0.3099399037377123,14691.208871352228,10775.87,0.06803652968036529,0.0,1.0311691688226714
2019-07-01 12:00:00+00:00,0.3322694761624624,15022.947288470037,10775.87,0.06803652968036529,0.0,1.0351722934335559
2019-07-01 12:00:00+00:00,0.35459904858721225,15362.176605646202,10775.87,0.06803652968036529,0.0,1.0392218854186377
2019-07-01 12:00:00+00:00,0.37692862101196234,15709.065972972461,10775.87,0.06803652968036529,0.0,1.0433139474367519
2019-07-01 12:00:00+00:00,0.3992581934367122,16063.788360075341,10775.87,0.06803652968036529,0.0,1.0474447874277593
2019-07-01 12:00:00+00:00,0.42158776586146207,16426.520642364125,10775.87,0.06803652968036529,0.0,1.051610992580472
2019-07-01 12:00:00+00:00,0.44391733828621216,16797.443689226322,10775.87,0.06803652968036529,0.0,1.0558094057948106
2019-07-01 12:00:00+00:00,0.466246910710962,17176.742454214644,10775.87,0.06803652968036529,0.0,1.0600371043737997
2019-07-01 12:00:00+00:00,0.4885764831357121,17564.606067270535,10775.87,0.06803652968036529,0.0,1.0642913807114474
2019-07-01 12:00:00+00:00,0.510906055560462,17961.227929030083,10775.87,0.06803652968036529,0.0,1.068569724769249
2019-07-01 12:00:00+00:00,0.5332356279852121,18366.805807259527,10775.87,0.06803652968036529,0.0,1.0728698081575325
2019-07-01 12:00:00+00:00,0.5555652004099619,18781.541935468256,10775.87,0.06803652968036529,0.0,1.07718946965844
2019-07-01 12:00:00+00:00,0.5778947728347118,19205.643113748658,10775.87,0.06803652968036529,0.0,1.0815267020455037
2019-07-01 12:00:00+00:00,0.6002243452594619,19639.320811892914,10775.87,0.06803652968036529,0.0,1.0858796400707187
2019-07-01 12:00:00+00:00,0.6225539176842118,20082.791274838313,10775.87,0.06803652968036529,0.0,1.0902465495040923
2019-07-01 12:00:00+00:00,0.6448834901089618,20536.275630493587,10775.87,0.06803652968036529,0.0,1.0946258171230792
2019-07-01 12:00:00+00:00,0.6672130625337116,21000.0,10775.87,0.06803652968036529,0.0,1.099015941560268
2019-07-01 12:30:00+00:00,-0.6652320630917923,5500.0,10697.18,0.06797945205479453,0.0,1.1555629834896155
2019-07-01 12:30:00+00:00,-0.6429024906670423,5624.194088459651,10697.18,0.06797945205479453,0.0,1.1331784531200118
2019-07-01 12:30:00+00:00,-0.6205729182422923,5751.19257175718,10697.18,0.06797945205479453,0.0,1.1124207169575644
2019-07-01 12:30:00+00:00,-0.5982433458175423,5881.0587752126885,10697.18,0.06797945205479453,0.0,1.0933453271336915
2019-07-01 12:30:00+00:00,-0.5759137733927924,6013.857454079084,10697.18,0.06797945205479453,0.0,1.0759719399813563
2019-07-01 12:30:00+00:00,-0.5535842009680425,6149.654825831018,10697.18,0.06797945205479453,0.0,1.0602861116797067
2019-07-01 12:30:00+00:00,-0.5312546285432925,6288.518603182941,10697.18,0.06797945205479453,0.0,1.046243528616226
2019-07-01 12:30:00+00:00,-0.5089250561185426,6430.518027852735,10697.18,0.06797945205479453,0.0,1.0337758009931237
2019-07-01 12:30:00+00:00,-0.4865954836937926,6575.723905087741,10697.18,0.06797945205479453,0.0,1.0227968796661921
2019-07-01 12:30:00+00:00,-0.4642659112690426,6724.208638970415,10697.18,0.06797945205479453,0.0,1.0132092944187572
2019-07-01 12:30:00+00:00,-0.4419363388442926,6876.046268521223,10697.18,0.06797945205479453,0.0,1.0049096608999164
2019-07-01 12:30:00+00:00,-0.4196067664195427,7031.312504616746,10697.18,0.06797945205479453,0.0,0.9977931682458603
2019-07-01 12:30:00+00:00,-0.3972771939947927,7190.084767741442,10697.18,0.06797945205479453,0.0,0.9917569772864258
2019-07-01 12:30:00+00:00,-0.37494762157004274,7352.4422265918565,10697.18,0.06797945205479453,0.0,0.9867026055725086
2019-07-01 12:30:00+00:00,-0.3526180491452928,7518.465837552551,10697.18,0.06797945205479453,0.0,0.9825374533049308
2019-07-01 12:30:00+00:00,-0.33028847672054285,7688.238385063437,10697.18,0.06797945205479453,0.0,0.9791756501659231
2019-07-01 12:30:00+00:00,-0.30795890429579287,7861.844522898612,10697.18,0.06797945205479453,0.0,0.9765383962127768
2019-07-01 12:30:00+00:00,-0.2856293318710429,8039.37081637732,10697.18,0.06797945205479453,0.0,0.9745539463634293
2019-07-01 12:30:00+00:00,-0.2632997594462929,8220.905785528066,10697.18,0.06797945205479453,0.0,0.973157358592217
2019-07-01 12:30:00+00:00,-0.240970187021543,8406.5399492274,10697.18,0.06797945205479453,0.0,0.9722900972192581
2019-07-01 12:30:00+00:00,-0.21864061459679301,8596.365870335389,10697.18,0.06797945205479453,0.0,0.9718995577441069
2019-07-01 12:30:00+00:00,-0.19631104217204304,8790.478201850292,10697.18,0.06797945205479453,0.0,0.9719385595690393
2019-07-01 12:30:00+00:00,-0.17398146974729312,8988.973734105426,10697.18,0.06797945205479453,0.0,0.9723648375572747
2019-07-01 12:30:00+00:00,-0.15165189732254314,9191.951443031785,10697.18,0.06797945205479453,0.0,0.9731405520338448
2019-07-01 12:30:00+00:00,-0.12932232489779316,9399.512539510459,10697.18,0.06797945205479453,0.0,0.9742318287644851
2019-07-01 12:30:00+00:00,-0.10699275247304318,9611.76051983947,10697.18,0.06797945205479453,0.0,0.9756083348765043
2019-07-01 12:30:00+00:00,-0.08466318004829321,9828.801217340184,10697.18,0.06797945205479453,0.0,0.9772428929627933
2019-07-01 12:30:00+00:00,-0.06233360762354323,10050.742855129036,10697.18,0.06797945205479453,0.0,0.9791111332154909
2019-07-01 12:30:00+00:00,-0.040004035198793364,10277.696100080873,10697.18,0.06797945205479453,0.0,0.981191181972263
2019-07-01 12:30:00+00:00,-0.017674462774043387,10509.774118010848,10697.18,0.06797945205479453,0.0,0.9834633842321521
2019-07-01 12:30:00+00:00,0.00465510965070659,10747.092630102336,10697.18,0.06797945205479453,0.0,0.9859100572979345
2019-07-01 12:30:00+00:00,0.026984682075456567,10989.769970609064,10697.18,0.06797945205479453,0.0,0.9885152725783696
2019-07-01 12:30:00+00:00,0.049314254500206545,11237.927145860163,10697.18,0.06797945205479453,0.0,0.9912646626329872
2019-07-01 12:30:00+00:00,0.07164382692495652,11491.687894597633,10697.18,0.06797945205479453,0.0,0.9941452506934576
2019-07-01 12:30:00+00:00,0.0939733993497065,11751.178749676244,10697.18,0.06797945205479453,0.0,0.9971453001019326
2019-07-01 12:30:00+00:00,0.11630297177445648,12016.529101156691,10697.18,0.06797945205479453,0.0,1.0002541813371688
2019-07-01 12:30:00+00:00,0.13863254419920645,12287.871260823427,10697.18,0.06797945205479453,0.0,1.003462254534191
2019-07-01 12:30:00+00:00,0.16096211662395632,12565.340528159337,10697.18,0.06797945205479453,0.0,1.006760765630765
2019-07-01 12:30:00+00:00,0.1832916890487063,12849.075257810222,10697.18,0.06797945205479453,0.0,1.0101417544872957
2019-07-01 12:30:00+00:00,0.20562126147345627,13139.216928572623,10697.18,0.06797945205479453,0.0,1.0135979735224463
2019-07-01 12:30:00+00:00,0.22795083389820625,13435.910213939478,10697.18,0.06797945205479453,0.0,1.017122815583603
2019-07-01 12:30:00+00:00,0.25028040632295623,13739.303054238739,10697.18,0.06797945205479453,0.0,1.0207102499292926
2019-07-01 12:30:00+00:00,0.2726099787477062,14049.546730400936,10697.18,0.06797945205479453,0.0,1.0243547653407397
2019-07-01 12:30:00+00:00,0.2949395511724562,14366.795939392467,10697.18,0.06797945205479453,0.0,1.0280513195031686
2019-07-01 12:30:00+00:00,0.31726912359720605,14691.208871352224,10697.18,0.06797945205479453,0.0,1.0317952939057853
2019-07-01 12:30:00+00:00,0.33959869602195614,15022.947288470034,10697.18,0.06797945205479453,0.0,1.0355824536040958
2019-07-01 12:30:00+00:00,0.361928268446706,15362.176605646198,10697.18,0.06797945205479453,0.0,1.0394089112709348
2019-07-01 12:30:00+00:00,0.3842578408714561,15709.065972972458,10697.18,0.06797945205479453,0.0,1.0432710950346165
2019-07-01 12:30:00+00:00,0.40658741329620596,16063.788360075338,10697.18,0.06797945205479453,0.0,1.047165719665374
2019-07-01 12:30:00+00:00,0.4289169857209558,16426.52064236412,10697.18,0.06797945205479453,0.0,1.0510897607258496
2019-07-01 12:30:00+00:00,0.4512465581457059,16797.44368922632,10697.18,0.06797945205479453,0.0,1.0550404313488784
2019-07-01 12:30:00+00:00,0.4735761305704558,17176.74245421464,10697.18,0.06797945205479453,0.0,1.0590151613471788
2019-07-01 12:30:00+00:00,0.49590570299520587,17564.606067270528,10697.18,0.06797945205479453,0.0,1.0630115783954948
2019-07-01 12:30:00+00:00,0.5182352754199557,17961.22792903008,10697.18,0.06797945205479453,0.0,1.0670274910571134
2019-07-01 12:30:00+00:00,0.5405648478447058,18366.805807259523,10697.18,0.06797945205479453,0.0,1.071060873453968
2019-07-01 12:30:00+00:00,0.5628944202694557,18781.541935468256,10697.18,0.06797945205479453,0.0,1.0751098514033666
2019-07-01 12:30:00+00:00,0.5852239926942056,19205.64311374865,10697.18,0.06797945205479453,0.0,1.0791726898651974
2019-07-01 12:30:00+00:00,0.6075535651189556,19639.320811892907,10697.18,0.06797945205479453,0.0,1.0832477815616197
2019-07-01 12:30:00+00:00,0.6298831375437055,20082.791274838306,10697.18,0.06797945205479453,0.0,1.0873336366471777
2019-07-01 12:30:00+00:00,0.6522127099684556,20536.27563049358,10697.18,0.06797945205479453,0.0,1.091428873321197
2019-07-01 12:30:00+00:00,0.6745422823932056,21000.0,10697.18,0.06797945205479453,0.0,1.095532209286535
2019-07-01 13:00:00+00:00,-0.6713337147005309,5500.0,10762.65,0.06792237442922375,0.0,1.1672460515319012
2019-07-01 13:00:00+00:00,-0.649004142275781,5624.194088459651,10762.65,0.06792237442922375,0.0,1.138677156305785
2019-07-01 13:00:00+00:00,-0.626674569851031,5751.19257175718,10762.65,0.06792237442922375,0.0,1.113205620946735
2019-07-01 13:00:00+00:00,-0.604344997426281,5881.058775212689,10762.65,0.06792237442922375,0.0,1.090715142886462
2019-07-01 13:00:00+00:00,-0.582015425001531,6013.857454079084,10762.65,0.06792237442922375,0.0,1.0710237711791672
2019-07-01 13:00:00+00:00,-0.5596858525767812,6149.654825831018,10762.65,0.06792237442922375,0.0,1.0539091559945188
2019-07-01 13:00:00+00:00,-0.5373562801520312,6288.518603182941,10762.65,0.06792237442922375,0.0,1.039130617574688
2019-07-01 13:00:00+00:00,-0.5150267077272812,6430.518027852736,10762.65,0.06792237442922375,0.0,1.0264460167920066
2019-07-01 13:00:00+00:00,-0.49269713530253123,6575.723905087741,10762.65,0.06792237442922375,0.0,1.015623193810847
2019-07-01 13:00:00+00:00,-0.47036756287778125,6724.208638970415,10762.65,0.06792237442922375,0.0,1.006446758419397
2019-07-01 13:00:00+00:00,-0.4480379904530313,6876.046268521223,10762.65,0.06792237442922375,0.0,0.998721378560307
2019-07-01 13:00:00+00:00,-0.42570841802828135,7031.312504616748,10762.65,0.06792237442922375,0.0,0.9922726784900066
2019-07-01 13:00:00+00:00,-0.4033788456035314,7190.084767741442,10762.65,0.06792237442922375,0.0,0.9869466484656497
2019-07-01 13:00:00+00:00,-0.3810492731787814,7352.4422265918565,10762.65,0.06792237442922375,0.0,0.982608222817754
2019-07-01 13:00:00+00:00,-0.3587197007540315,7518.465837552552,10762.65,0.06792237442922375,0.0,0.9791394684211597
2019-07-01 13:00:00+00:00,-0.3363901283292815,7688.238385063438,10762.65,0.06792237442922375,0.0,0.9764376613102382
2019-07-01 13:00:00+00:00,-0.3140605559045315,7861.844522898612,10762.65,0.06792237442922375,0.0,0.9744134137728295
2019-07-01 13:00:00+00:00,-0.29173098347978155,8039.37081637732,10762.65,0.06792237442922375,0.0,0.9729889379929247
2019-07-01 13:00:00+00:00,-0.26940141105503157,8220.905785528066,10762.65,0.06792237442922375,0.0,0.9720964844578746
2019-07-01 13:00:00+00:00,-0.24707183863028165,8406.539949227401,10762.65,0.06792237442922375,0.0,0.9716769648417574
2019-07-01 13:00:00+00:00,-0.22474226620553167,8596.365870335389,10762.65,0.06792237442922375,0.0,0.9716787531515902
2019-07-01 13:00:00+00:00,-0.2024126937807817,8790.478201850292,10762.65,0.06792237442922375,0.0,0.9720566508609845
2019-07-01 13:00:00+00:00,-0.18008312135603177,8988.973734105424,10762.65,0.06792237442922375,0.0,0.9727709984221284
2019-07-01 13:00:00+00:00,-0.1577535489312818,9191.951443031785,10762.65,0.06792237442922375,0.0,0.973786914930289
2019-07-01 13:00:00+00:00,-0.13542397650653182,9399.512539510459,10762.65,0.06792237442922375,0.0,0.9750736485628484
2019-07-01 13:00:00+00:00,-0.11309440408178184,9611.760519839472,10762.65,0.06792237442922375,0.0,0.9766040219696297
2019-07-01 13:00:00+00:00,-0.09076483165703186,9828.801217340186,10762.65,0.06792237442922375,0.0,0.9783539586099688
2019-07-01 13:00:00+00:00,-0.06843525923228189,10050.742855129036,10762.65,0.06792237442922375,0.0,0.9803020778669498
2019-07-01 13:00:00+00:00,-0.04610568680753202,10277.696100080873,10762.65,0.06792237442922375,0.0,0.9824293484914565
2019-07-01 13:00:00+00:00,-0.023776114382782043,10509.774118010848,10762.65,0.06792237442922375,0.0,0.9847187914792822
2019-07-01 13:00:00+00:00,-0.001446541958032066,10747.092630102337,10762.65,0.06792237442922375,0.0,0.9871552248449568
2019-07-01 13:00:00+00:00,0.02088303046671791,10989.769970609064,10762.65,0.06792237442922375,0.0,0.9897250439293955
2019-07-01 13:00:00+00:00,0.04321260289146789,11237.927145860165,10762.65,0.06792237442922375,0.0,0.9924160318793022
2019-07-01 13:00:00+00:00,0.06554217531621787,11491.687894597633,10762.65,0.06792237442922375,0.0,0.9952171957833975
2019-07-01 13:00:00+00:00,0.08787174774096784,11751.178749676243,10762.65,0.06792237442922375,0.0,0.9981186246639929
2019-07-01 13:00:00+00:00,0.11020132016571782,12016.529101156695,10762.65,0.06792237442922375,0.0,1.00111136612138
2019-07-01 13:00:00+00:00,0.1325308925904678,12287.871260823427,10762.65,0.06792237442922375,0.0,1.0041873189304142
2019-07-01 13:00:00+00:00,0.15486046501521766,12565.340528159339,10762.65,0.06792237442922375,0.0,1.0073391393088824
2019-07-01 13:00:00+00:00,0.17719003743996764,12849.075257810222,10762.65,0.06792237442922375,0.0,1.010560158929015
2019-07-01 13:00:00+00:00,0.19951960986471762,13139.216928572623,10762.65,0.06792237442922375,0.0,1.0138443130381305
2019-07-01 13:00:00+00:00,0.2218491822894676,13435.910213939476,10762.65,0.06792237442922375,0.0,1.0171860773013635
2019-07-01 13:00:00+00:00,0.24417875471421757,13739.303054238739,10762.65,0.06792237442922375,0.0,1.0205804121866882
2019-07-01 13:00:00+00:00,0.26650832713896755,14049.546730400938,10762.65,0.06792237442922375,0.0,1.024022713886668
2019-07-01 13:00:00+00:00,0.2888378995637175,14366.795939392467,10762.65,0.06792237442922375,0.0,1.0275087709180024
2019-07-01 13:00:00+00:00,0.3111674719884674,14691.208871352224,10762.65,0.06792237442922375,0.0,1.031034725663644
2019-07-01 13:00:00+00:00,0.3334970444132175,15022.947288470032,10762.65,0.06792237442922375,0.0,1.0345970402267592
2019-07-01 13:00:00+00:00,0.35582661683796735,15362.176605646202,10762.65,0.06792237442922375,0.0,1.0381924660542965
2019-07-01 13:00:00+00:00,0.37815618926271743,15709.06597297246,10762.65,0.06792237442922375,0.0,1.0418180168629851
2019-07-01 13:00:00+00:00,0.4004857616874673,16063.788360075338,10762.65,0.06792237442922375,0.0,1.0454709444644055
2019-07-01 13:00:00+00:00,0.42281533411221717,16426.52064236412,10762.65,0.06792237442922375,0.0,1.0491487171401248
2019-07-01 13:00:00+00:00,0.44514490653696726,16797.443689226315,10762.65,0.06792237442922375,0.0,1.0528490002643054
2019-07-01 13:00:00+00:00,0.4674744789617171,17176.74245421464,10762.65,0.06792237442922375,0.0,1.056569638910872
2019-07-01 13:00:00+00:00,0.4898040513864672,17564.60606727053,10762.65,0.06792237442922375,0.0,1.0603086422163717
2019-07-01 13:00:00+00:00,0.5121336238112171,17961.22792903008,10762.65,0.06792237442922375,0.0,1.0640641692988593
2019-07-01 13:00:00+00:00,0.5344631962359672,18366.805807259523,10762.65,0.06792237442922375,0.0,1.0678345165583318
2019-07-01 13:00:00+00:00,0.556792768660717,18781.541935468253,10762.65,0.06792237442922375,0.0,1.0716181062058945
2019-07-01 13:00:00+00:00,0.5791223410854669,19205.64311374865,10762.65,0.06792237442922375,0.0,1.0754134758876062
2019-07-01 13:00:00+00:00,0.601451913510217,19639.32081189291,10762.65,0.06792237442922375,0.0,1.0792192692852003
2019-07-01 13:00:00+00:00,0.6237814859349669,20082.791274838306,10762.65,0.06792237442922375,0.0,1.0830342275899203
2019-07-01 13:00:00+00:00,0.6461110583597169,20536.27563049358,10762.65,0.06792237442922375,0.0,1.0868571817579844
2019-07-01 13:00:00+00:00,0.6684406307844669,21000.0,10762.65,0.06792237442922375,0.0,1.0906870454668334
2019-07-01 13:30:00+00:00,-0.6595687741593681,5500.000000000001,10636.77,0.06786529680365297,0.0,1.1857992187621273
2019-07-01 13:30:00+00:00,-0.6372392017346181,5624.194088459652,10636.77,0.06786529680365297,0.0,1.1526540578953473
2019-07-01 13:30:00+00:00,-0.6149096293098681,5751.19257175718,10636.77,0.06786529680365297,0.0,1.1246768128988267
2019-07-01 13:30:00+00:00,-0.5925800568851182,5881.058775212689,10636.77,0.06786529680365297,0.0,1.1009354263676998
2019-07-01 13:30:00+00:00,-0.5702504844603682,6013.857454079085,10636.77,0.06786529680365297,0.0,1.0807082586273646
2019-07-01 13:30:00+00:00,-0.5479209120356183,6149.654825831019,10636.77,0.06786529680365297,0.0,1.063428036384715
2019-07-01 13:30:00+00:00,-0.5255913396108683,6288.518603182943,10636.77,0.06786529680365297,0.0,1.04864264124201
2019-07-01 13:30:00+00:00,-0.5032617671861184,6430.518027852737,10636.77,0.06786529680365297,0.0,1.0359872092205407
2019-07-01 13:30:00+00:00,-0.4809321947613684,6575.7239050877415,10636.77,0.06786529680365297,0.0,1.0251639507911163
2019-07-01 13:30:00+00:00,-0.4586026223366184,6724.208638970416,10636.77,0.06786529680365297,0.0,1.0159273270870524
2019-07-01 13:30:00+00:00,-0.43627304991186844,6876.046268521224,10636.77,0.06786529680365297,0.0,1.0080730014370363
2019-07-01 13:30:00+00:00,-0.4139434774871185,7031.312504616749,10636.77,0.06786529680365297,0.0,1.0014294926071643
2019-07-01 13:30:00+00:00,-0.39161390506236854,7190.084767741445,10636.77,0.06786529680365297,0.0,0.9958517893823454
2019-07-01 13:30:00+00:00,-0.36928433263761856,7352.442226591857,10636.77,0.06786529680365297,0.0,0.9912164083354827
2019-07-01 13:30:00+00:00,-0.34695476021286864,7518.465837552553,10636.77,0.06786529680365297,0.0,0.9874175270209143
2019-07-01 13:30:00+00:00,-0.32462518778811866,7688.238385063439,10636.77,0.06786529680365297,0.0,0.984363928072397
2019-07-01 13:30:00+00:00,-0.3022956153633687,7861.844522898612,10636.77,0.06786529680365297,0.0,0.9819765615432515
2019-07-01 13:30:00+00:00,-0.2799660429386187,8039.370816377321,10636.77,0.06786529680365297,0.0,0.9801865834962478
2019-07-01 13:30:00+00:00,-0.25763647051386873,8220.905785528068,10636.77,0.06786529680365297,0.0,0.9789337650254417
2019-07-01 13:30:00+00:00,-0.2353068980891188,8406.539949227403,10636.77,0.06786529680365297,0.0,0.9781651920226224
2019-07-01 13:30:00+00:00,-0.21297732566436883,8596.365870335392,10636.77,0.06786529680365297,0.0,0.9778341950861921
2019-07-01 13:30:00+00:00,-0.19064775323961886,8790.478201850294,10636.77,0.06786529680365297,0.0,0.9778994630561898
2019-07-01 13:30:00+00:00,-0.16831818081486893,8988.973734105426,10636.77,0.06786529680365297,0.0,0.9783243041586014
2019-07-01 13:30:00+00:00,-0.14598860839011896,9191.951443031785,10636.77,0.06786529680365297,0.0,0.9790760266416605
2019-07-01 13:30:00+00:00,-0.12365903596536898,9399.51253951046,10636.77,0.06786529680365297,0.0,0.9801254167829435
2019-07-01 13:30:00+00:00,-0.101329463540619,9611.760519839472,10636.77,0.06786529680365297,0.0,0.9814462967357782
2019-07-01 13:30:00+00:00,-0.07899989111586903,9828.801217340188,10636.77,0.06786529680365297,0.0,0.983015148224198
2019-07-01 13:30:00+00:00,-0.05667031869111905,10050.742855129038,10636.77,0.06786529680365297,0.0,0.984810790848404
2019-07-01 13:30:00+00:00,-0.03434074626636918,10277.696100080875,10636.77,0.06786529680365297,0.0,0.9868141059172214
2019-07-01 13:30:00+00:00,-0.012011173841619205,10509.77411801085,10636.77,0.06786529680365297,0.0,0.9890077984227026
2019-07-01 13:30:00+00:00,0.010318398583130772,10747.09263010234,10636.77,0.06786529680365297,0.0,0.9913761911191541
2019-07-01 13:30:00+00:00,0.03264797100788075,10989.769970609066,10636.77,0.06786529680365297,0.0,0.9939050457444122
2019-07-01 13:30:00+00:00,0.05497754343263073,11237.927145860165,10636.77,0.06786529680365297,0.0,0.9965814072842588
2019-07-01 13:30:00+00:00,0.0773071158573807,11491.687894597633,10636.77,0.06786529680365297,0.0,0.9993934678780395
2019-07-01 13:30:00+00:00,0.09963668828213068,11751.178749676246,10636.77,0.06786529680365297,0.0,1.0023304475288068
2019-07-01 13:30:00+00:00,0.12196626070688066,12016.529101156695,10636.77,0.06786529680365297,0.0,1.0053824892429635
2019-07-01 13:30:00+00:00,0.14429583313163064,12287.871260823427,10636.77,0.06786529680365297,0.0,1.008540566602103
2019-07-01 13:30:00+00:00,0.1666254055563805,12565.34052815934,10636.77,0.06786529680365297,0.0,1.0117964020813255
2019-07-01 13:30:00+00:00,0.18895497798113048,12849.075257810226,10636.77,0.06786529680365297,0.0,1.015142394685563
2019-07-01 13:30:00+00:00,0.21128455040588046,13139.216928572625,10636.77,0.06786529680365297,0.0,1.0185715556892456
2019-07-01 13:30:00+00:00,0.23361412283063043,13435.910213939478,10636.77,0.06786529680365297,0.0,1.022077451442983
2019-07-01 13:30:00+00:00,0.2559436952553804,13739.30305423874,10636.77,0.06786529680365297,0.0,1.0256541523599758
2019-07-01 13:30:00+00:00,0.2782732676801304,14049.54673040094,10636.77,0.06786529680365297,0.0,1.0292961873204247
2019-07-01 13:30:00+00:00,0.30060284010488036,14366.79593939247,10636.77,0.06786529680365297,0.0,1.0329985028376754
2019-07-01 13:30:00+00:00,0.32293241252963023,14691.208871352226,10636.77,0.06786529680365297,0.0,1.0367564264193068
2019-07-01 13:30:00+00:00,0.3452619849543803,15022.947288470035,10636.77,0.06786529680365297,0.0,1.0405656336322469
2019-07-01 13:30:00+00:00,0.3675915573791302,15362.176605646202,10636.77,0.06786529680365297,0.0,1.0444221184456384
2019-07-01 13:30:00+00:00,0.3899211298038803,15709.065972972463,10636.77,0.06786529680365297,0.0,1.048322166480143
2019-07-01 13:30:00+00:00,0.41225070222863014,16063.788360075341,10636.77,0.06786529680365297,0.0,1.0522623308398389
2019-07-01 13:30:00+00:00,0.43458027465338,16426.520642364125,10636.77,0.06786529680365297,0.0,1.0562394102431738
2019-07-01 13:30:00+00:00,0.4569098470781301,16797.44368922632,10636.77,0.06786529680365297,0.0,1.0602504292046626
2019-07-01 13:30:00+00:00,0.47923941950287996,17176.742454214644,10636.77,0.06786529680365297,0.0,1.0642926200487626
2019-07-01 13:30:00+00:00,0.50156899192763,17564.606067270535,10636.77,0.06786529680365297,0.0,1.0683634065639138
2019-07-01 13:30:00+00:00,0.5238985643523799,17961.227929030083,10636.77,0.06786529680365297,0.0,1.0724603891268318
2019-07-01 13:30:00+00:00,0.54622813677713,18366.805807259527,10636.77,0.06786529680365297,0.0,1.0765813311473469
2019-07-01 13:30:00+00:00,0.5685577092018799,18781.541935468256,10636.77,0.06786529680365297,0.0,1.0807241467008701
2019-07-01 13:30:00+00:00,0.5908872816266297,19205.643113748654,10636.77,0.06786529680365297,0.0,1.0848868892305708
2019-07-01 13:30:00+00:00,0.6132168540513798,19639.320811892914,10636.77,0.06786529680365297,0.0,1.089067741214614
2019-07-01 13:30:00+00:00,0.6355464264761297,20082.79127483831,10636.77,0.06786529680365297,0.0,1.0932650047051962
2019-07-01 13:30:00+00:00,0.6578759989008798,20536.275630493587,10636.77,0.06786529680365297,0.0,1.0974770926561053
2019-07-01 13:30:00+00:00,0.6802055713256296,21000.0,10636.77,0.06786529680365297,0.0,1.1017025209646627
2019-07-01 14:00:00+00:00,-0.6608371517083256,5500.0,10650.27,0.06780821917808219,0.0,1.1849812882420376
2019-07-01 14:00:00+00:00,-0.6385075792835756,5624.194088459652,10650.27,0.06780821917808219,0.0,1.1526768769168712
2019-07-01 14:00:00+00:00,-0.6161780068588256,5751.19257175718,10650.27,0.06780821917808219,0.0,1.1256035064507215
2019-07-01 14:00:00+00:00,-0.5938484344340756,5881.058775212689,10650.27,0.06780821917808219,0.0,1.102760222666044
2019-07-01 14:00:00+00:00,-0.5715188620093257,6013.857454079086,10650.27,0.06780821917808219,0.0,1.083384493711842
2019-07-01 14:00:00+00:00,-0.5491892895845758,6149.654825831018,10650.27,0.06780821917808219,0.0,1.0668856101818656
2019-07-01 14:00:00+00:00,-0.5268597171598258,6288.518603182942,10650.27,0.06780821917808219,0.0,1.0527989944955403
2019-07-01 14:00:00+00:00,-0.5045301447350758,6430.518027852736,10650.27,0.06780821917808219,0.0,1.04075425522281
2019-07-01 14:00:00+00:00,-0.48220057231032587,6575.7239050877415,10650.27,0.06780821917808219,0.0,1.0304524438229656
2019-07-01 14:00:00+00:00,-0.4598709998855759,6724.208638970416,10650.27,0.06780821917808219,0.0,1.021649585950629
2019-07-01 14:00:00+00:00,-0.4375414274608259,6876.046268521225,10650.27,0.06780821917808219,0.0,1.0141445668497133
2019-07-01 14:00:00+00:00,-0.415211855036076,7031.312504616748,10650.27,0.06780821917808219,0.0,1.0077700888366539
2019-07-01 14:00:00+00:00,-0.392882282611326,7190.084767741444,10650.27,0.06780821917808219,0.0,1.002385830408943
2019-07-01 14:00:00+00:00,-0.37055271018657604,7352.4422265918565,10650.27,0.06780821917808219,0.0,0.9978732062830121
2019-07-01 14:00:00+00:00,-0.3482231377618261,7518.465837552553,10650.27,0.06780821917808219,0.0,0.9941313074333136
2019-07-01 14:00:00+00:00,-0.32589356533707614,7688.238385063439,10650.27,0.06780821917808219,0.0,0.9910737219005569
2019-07-01 14:00:00+00:00,-0.30356399291232616,7861.844522898613,10650.27,0.06780821917808219,0.0,0.9886260207628517
2019-07-01 14:00:00+00:00,-0.2812344204875762,8039.370816377321,10650.27,0.06780821917808219,0.0,0.9867237519471714
2019-07-01 14:00:00+00:00,-0.2589048480628262,8220.905785528068,10650.27,0.06780821917808219,0.0,0.9853108257243736
2019-07-01 14:00:00+00:00,-0.2365752756380763,8406.539949227401,10650.27,0.06780821917808219,0.0,0.9843382051731163
2019-07-01 14:00:00+00:00,-0.2142457032133263,8596.36587033539,10650.27,0.06780821917808219,0.0,0.9837628362048834
2019-07-01 14:00:00+00:00,-0.19191613078857633,8790.478201850292,10650.27,0.06780821917808219,0.0,0.983546767333387
2019-07-01 14:00:00+00:00,-0.1695865583638264,8988.973734105426,10650.27,0.06780821917808219,0.0,0.983656420899621
2019-07-01 14:00:00+00:00,-0.14725698593907643,9191.951443031785,10650.27,0.06780821917808219,0.0,0.9840619860719378
2019-07-01 14:00:00+00:00,-0.12492741351432646,9399.51253951046,10650.27,0.06780821917808219,0.0,0.9847369104274502
2019-07-01 14:00:00+00:00,-0.10259784108957648,9611.760519839472,10650.27,0.06780821917808219,0.0,0.9856574718526877
2019-07-01 14:00:00+00:00,-0.0802682686648265,9828.801217340188,10650.27,0.06780821917808219,0.0,0.9868024162815001
2019-07-01 14:00:00+00:00,-0.057938696240076526,10050.742855129036,10650.27,0.06780821917808219,0.0,0.9881526497081061
2019-07-01 14:00:00+00:00,-0.03560912381532666,10277.696100080873,10650.27,0.06780821917808219,0.0,0.9896909751853102
2019-07-01 14:00:00+00:00,-0.013279551390576683,10509.774118010848,10650.27,0.06780821917808219,0.0,0.9914018672987254
2019-07-01 14:00:00+00:00,0.009050021034173295,10747.09263010234,10650.27,0.06780821917808219,0.0,0.9932712780119963
2019-07-01 14:00:00+00:00,0.03137959345892327,10989.769970609066,10650.27,0.06780821917808219,0.0,0.9952864688931718
2019-07-01 14:00:00+00:00,0.05370916588367325,11237.927145860165,10650.27,0.06780821917808219,0.0,0.9974358656224279
2019-07-01 14:00:00+00:00,0.07603873830842323,11491.687894597633,10650.27,0.06780821917808219,0.0,0.9997089313962142
2019-07-01 14:00:00+00:00,0.0983683107331732,11751.178749676244,10650.27,0.06780821917808219,0.0,1.002096056420239
2019-07-01 14:00:00+00:00,0.12069788315792318,12016.529101156695,10650.27,0.06780821917808219,0.0,1.0045884611519087
2019-07-01 14:00:00+00:00,0.14302745558267316,12287.871260823427,10650.27,0.06780821917808219,0.0,1.0071781113350757
2019-07-01 14:00:00+00:00,0.16535702800742302,12565.340528159339,10650.27,0.06780821917808219,0.0,1.009857643182766
2019-07-01 14:00:00+00:00,0.187686600432173,12849.075257810224,10650.27,0.06780821917808219,0.0,1.01262029732133
2019-07-01 14:00:00+00:00,0.21001617285692298,13139.216928572623,10650.27,0.06780821917808219,0.0,1.0154598603222857
2019-07-01 14:00:00+00:00,0.23234574528167296,13435.910213939478,10650.27,0.06780821917808219,0.0,1.0183706128249204
2019-07-01 14:00:00+00:00,0.25467531770642293,13739.303054238739,10650.27,0.06780821917808219,0.0,1.0213472834000232
2019-07-01 14:00:00+00:00,0.2770048901311729,14049.546730400938,10650.27,0.06780821917808219,0.0,1.0243850074280363
2019-07-01 14:00:00+00:00,0.2993344625559229,14366.795939392468,10650.27,0.06780821917808219,0.0,1.0274792903687473
2019-07-01 14:00:00+00:00,0.32166403498067275,14691.208871352228,10650.27,0.06780821917808219,0.0,1.0306259748861852
2019-07-01 14:00:00+00:00,0.34399360740542284,15022.947288470035,10650.27,0.06780821917808219,0.0,1.0338212113663814
2019-07-01 14:00:00+00:00,0.3663231798301727,15362.176605646204,10650.27,0.06780821917808219,0.0,1.0370614314278293
2019-07-01 14:00:00+00:00,0.3886527522549228,15709.065972972461,10650.27,0.06780821917808219,0.0,1.040343324077684
2019-07-01 14:00:00+00:00,0.41098232467967266,16063.78836007534,10650.27,0.06780821917808219,0.0,1.0436638142117334
2019-07-01 14:00:00+00:00,0.4333118971044225,16426.520642364125,10650.27,0.06780821917808219,0.0,1.0470200431952954
2019-07-01 14:00:00+00:00,0.4556414695291726,16797.44368922632,10650.27,0.06780821917808219,0.0,1.0504093512948949
2019-07-01 14:00:00+00:00,0.4779710419539225,17176.742454214644,10650.27,0.06780821917808219,0.0,1.0538292617596772
2019-07-01 14:00:00+00:00,0.5003006143786726,17564.60606727053,10650.27,0.06780821917808219,0.0,1.0572774663755566
2019-07-01 14:00:00+00:00,0.5226301868034224,17961.227929030083,10650.27,0.06780821917808219,0.0,1.0607518123369333
2019-07-01 14:00:00+00:00,0.5449597592281725,18366.805807259527,10650.27,0.06780821917808219,0.0,1.0642502902987432
2019-07-01 14:00:00+00:00,0.5672893316529224,18781.541935468256,10650.27,0.06780821917808219,0.0,1.0677710234880997
2019-07-01 14:00:00+00:00,0.5896189040776723,19205.643113748654,10650.27,0.06780821917808219,0.0,1.07131225776824
2019-07-01 14:00:00+00:00,0.6119484765024223,19639.32081189291,10650.27,0.06780821917808219,0.0,1.074872352560064
2019-07-01 14:00:00+00:00,0.6342780489271722,20082.79127483831,10650.27,0.06780821917808219,0.0,1.0784497725369004
2019-07-01 14:00:00+00:00,0.6566076213519223,20536.275630493583,10650.27,0.06780821917808219,0.0,1.0820430800175216
2019-07-01 14:00:00+00:00,0.6789371937766722,21000.0,10650.27,0.06780821917808219,0.0,1.0856509279906728
2019-07-01 14:30:00+00:00,-0.6268024230986339,5500.0,10293.89,0.06775114155251141,0.0,1.146988221478452
2019-07-01 14:30:00+00:00,-0.6044728506738839,5624.1940884596515,10293.89,0.06775114155251141,0.0,1.1253841324703457
2019-07-01 14:30:00+00:00,-0.5821432782491339,5751.192571757181,10293.89,0.06775114155251141,0.0,1.10701910713568
2019-07-01 14:30:00+00:00,-0.559813705824384,5881.058775212691,10293.89,0.06775114155251141,0.0,1.0913372396850167
2019-07-01 14:30:00+00:00,-0.5374841333996341,6013.857454079086,10293.89,0.06775114155251141,0.0,1.0779022143077694
2019-07-01 14:30:00+00:00,-0.5151545609748841,6149.654825831019,10293.89,0.06775114155251141,0.0,1.0663668371742743
2019-07-01 14:30:00+00:00,-0.4928249885501341,6288.518603182943,10293.89,0.06775114155251141,0.0,1.056451391989903
2019-07-01 14:30:00+00:00,-0.47049541612538415,6430.518027852737,10293.89,0.06775114155251141,0.0,1.047927995607808
2019-07-01 14:30:00+00:00,-0.44816584370063417,6575.7239050877415,10293.89,0.06775114155251141,0.0,1.0406091084028462
2019-07-01 14:30:00+00:00,-0.4258362712758842,6724.208638970417,10293.89,0.06775114155251141,0.0,1.034338970990536
2019-07-01 14:30:00+00:00,-0.4035066988511342,6876.046268521224,10293.89,0.06775114155251141,0.0,1.0289871350048296
2019-07-01 14:30:00+00:00,-0.3811771264263843,7031.312504616749,10293.89,0.06775114155251141,0.0,1.0244435145803936
2019-07-01 14:30:00+00:00,-0.3588475540016343,7190.084767741444,10293.89,0.06775114155251141,0.0,1.0206145573490801
2019-07-01 14:30:00+00:00,-0.33651798157688434,7352.442226591858,10293.89,0.06775114155251141,0.0,1.0174202501021943
2019-07-01 14:30:00+00:00,-0.3141884091521344,7518.465837552553,10293.89,0.06775114155251141,0.0,1.014791754101118
2019-07-01 14:30:00+00:00,-0.29185883672738444,7688.238385063439,10293.89,0.06775114155251141,0.0,1.0126695205895222
2019-07-01 14:30:00+00:00,-0.26952926430263446,7861.844522898613,10293.89,0.06775114155251141,0.0,1.0110017762693715
2019-07-01 14:30:00+00:00,-0.2471996918778845,8039.370816377321,10293.89,0.06775114155251141,0.0,1.009743296519151
2019-07-01 14:30:00+00:00,-0.2248701194531345,8220.905785528068,10293.89,0.06775114155251141,0.0,1.0088544043905492
2019-07-01 14:30:00+00:00,-0.2025405470283846,8406.539949227401,10293.89,0.06775114155251141,0.0,1.008300148231901
2019-07-01 14:30:00+00:00,-0.1802109746036346,8596.36587033539,10293.89,0.06775114155251141,0.0,1.0080496217301802
2019-07-01 14:30:00+00:00,-0.15788140217888463,8790.478201850294,10293.89,0.06775114155251141,0.0,1.0080753983290118
2019-07-01 14:30:00+00:00,-0.1355518297541347,8988.973734105426,10293.89,0.06775114155251141,0.0,1.0083530581294002
2019-07-01 14:30:00+00:00,-0.11322225732938473,9191.951443031787,10293.89,0.06775114155251141,0.0,1.008860790051227
2019-07-01 14:30:00+00:00,-0.09089268490463476,9399.51253951046,10293.89,0.06775114155251141,0.0,1.0095790556114124
2019-07-01 14:30:00+00:00,-0.06856311247988478,9611.760519839472,10293.89,0.06775114155251141,0.0,1.0104903034364885
2019-07-01 14:30:00+00:00,-0.0462335400551348,9828.801217340188,10293.89,0.06775114155251141,0.0,1.0115787257746174
2019-07-01 14:30:00+00:00,-0.023903967630384826,10050.742855129038,10293.89,0.06775114155251141,0.0,1.012830049953691
2019-07-01 14:30:00+00:00,-0.0015743952056349597,10277.696100080875,10293.89,0.06775114155251141,0.0,1.0142313590573135
2019-07-01 14:30:00+00:00,0.020755177219115017,10509.77411801085,10293.89,0.06775114155251141,0.0,1.0157709371415118
2019-07-01 14:30:00+00:00,0.043084749643864995,10747.09263010234,10293.89,0.06775114155251141,0.0,1.017438135153571
2019-07-01 14:30:00+00:00,0.06541432206861497,10989.769970609068,10293.89,0.06775114155251141,0.0,1.0192232543872843
2019-07-01 14:30:00+00:00,0.08774389449336495,11237.927145860165,10293.89,0.06775114155251141,0.0,1.0211174448514526
2019-07-01 14:30:00+00:00,0.11007346691811493,11491.687894597633,10293.89,0.06775114155251141,0.0,1.0231126163686317
2019-07-01 14:30:00+00:00,0.1324030393428649,11751.178749676246,10293.89,0.06775114155251141,0.0,1.0252013605797077
2019-07-01 14:30:00+00:00,0.15473261176761488,12016.529101156695,10293.89,0.06775114155251141,0.0,1.027376882323047
2019-07-01 14:30:00+00:00,0.17706218419236486,12287.87126082343,10293.89,0.06775114155251141,0.0,1.0296329390988133
2019-07-01 14:30:00+00:00,0.19939175661711472,12565.340528159339,10293.89,0.06775114155251141,0.0,1.0319637875276981
2019-07-01 14:30:00+00:00,0.2217213290418647,12849.075257810224,10293.89,0.06775114155251141,0.0,1.0343641358790236
2019-07-01 14:30:00+00:00,0.24405090146661468,13139.216928572627,10293.89,0.06775114155251141,0.0,1.0368291018804265
2019-07-01 14:30:00+00:00,0.26638047389136466,13435.91021393948,10293.89,0.06775114155251141,0.0,1.039354175136306
2019-07-01 14:30:00+00:00,0.28871004631611463,13739.30305423874,10293.89,0.06775114155251141,0.0,1.0419351835785717
2019-07-01 14:30:00+00:00,0.3110396187408646,14049.546730400938,10293.89,0.06775114155251141,0.0,1.0445682634542888
2019-07-01 14:30:00+00:00,0.3333691911656146,14366.79593939247,10293.89,0.06775114155251141,0.0,1.047249832423242
2019-07-01 14:30:00+00:00,0.35569876359036445,14691.208871352226,10293.89,0.06775114155251141,0.0,1.0499765653965034
2019-07-01 14:30:00+00:00,0.37802833601511454,15022.947288470035,10293.89,0.06775114155251141,0.0,1.0527453727961549
2019-07-01 14:30:00+00:00,0.4003579084398644,15362.176605646204,10293.89,0.06775114155251141,0.0,1.0555533809583895
2019-07-01 14:30:00+00:00,0.4226874808646145,15709.065972972463,10293.89,0.06775114155251141,0.0,1.0583979144382034
2019-07-01 14:30:00+00:00,0.44501705328936436,16063.788360075341,10293.89,0.06775114155251141,0.0,1.0612764800042462
2019-07-01 14:30:00+00:00,0.4673466257141142,16426.520642364125,10293.89,0.06775114155251141,0.0,1.0641867521392092
2019-07-01 14:30:00+00:00,0.4896761981388643,16797.44368922632,10293.89,0.06775114155251141,0.0,1.0671265598836168
2019-07-01 14:30:00+00:00,0.5120057705636142,17176.742454214644,10293.89,0.06775114155251141,0.0,1.070093874880547
2019-07-01 14:30:00+00:00,0.5343353429883643,17564.606067270535,10293.89,0.06775114155251141,0.0,1.0730868004959302
2019-07-01 14:30:00+00:00,0.5566649154131141,17961.227929030083,10293.89,0.06775114155251141,0.0,1.0761035619036543
2019-07-01 14:30:00+00:00,0.5789944878378642,18366.805807259527,10293.89,0.06775114155251141,0.0,1.079142497037633
2019-07-01 14:30:00+00:00,0.6013240602626141,18781.541935468256,10293.89,0.06775114155251141,0.0,1.082202048324184
2019-07-01 14:30:00+00:00,0.623653632687364,19205.643113748658,10293.89,0.06775114155251141,0.0,1.085280755117643
2019-07-01 14:30:00+00:00,0.645983205112114,19639.32081189291,10293.89,0.06775114155251141,0.0,1.0883772467710484
2019-07-01 14:30:00+00:00,0.6683127775368639,20082.791274838313,10293.89,0.06775114155251141,0.0,1.0914902362806884
2019-07-01 14:30:00+00:00,0.690642349961614,20536.275630493583,10293.89,0.06775114155251141,0.0,1.0946185144504548
2019-07-01 14:30:00+00:00,0.7129719223863638,21000.0,10293.89,0.06775114155251141,0.0,1.0977609445272487
2019-07-01 15:00:00+00:00,-0.6125413598225489,5500.0,10148.13,0.06769406392694063,0.0,1.160975280296946
2019-07-01 15:00:00+00:00,-0.5902117873977989,5624.1940884596515,10148.13,0.06769406392694063,0.0,1.1454507089692079
2019-07-01 15:00:00+00:00,-0.5678822149730489,5751.19257175718,10148.13,0.06769406392694063,0.0,1.13113254105191
2019-07-01 15:00:00+00:00,-0.5455526425482989,5881.058775212689,10148.13,0.06769406392694063,0.0,1.1179626167699326
2019-07-01 15:00:00+00:00,-0.523223070123549,6013.857454079086,10148.13,0.06769406392694063,0.0,1.1058838734030132
2019-07-01 15:00:00+00:00,-0.5008934976987991,6149.654825831019,10148.13,0.06769406392694063,0.0,1.094840682009492
2019-07-01 15:00:00+00:00,-0.4785639252740491,6288.518603182942,10148.13,0.06769406392694063,0.0,1.0847790980314427
2019-07-01 15:00:00+00:00,-0.45623435284929914,6430.518027852736,10148.13,0.06769406392694063,0.0,1.0756470404485023
2019-07-01 15:00:00+00:00,-0.43390478042454916,6575.7239050877415,10148.13,0.06769406392694063,0.0,1.0673944124651442
2019-07-01 15:00:00+00:00,-0.4115752079997992,6724.208638970415,10148.13,0.06769406392694063,0.0,1.0599731749644175
2019-07-01 15:00:00+00:00,-0.3892456355750492,6876.046268521224,10148.13,0.06769406392694063,0.0,1.0533373822693444
2019-07-01 15:00:00+00:00,-0.3669160631502993,7031.312504616748,10148.13,0.06769406392694063,0.0,1.0474431881964517
2019-07-01 15:00:00+00:00,-0.3445864907255493,7190.084767741444,10148.13,0.06769406392694063,0.0,1.042248829001868
2019-07-01 15:00:00+00:00,-0.32225691830079933,7352.4422265918565,10148.13,0.06769406392694063,0.0,1.0377145886206665
2019-07-01 15:00:00+00:00,-0.2999273458760494,7518.465837552552,10148.13,0.06769406392694063,0.0,1.0338027505803289
2019-07-01 15:00:00+00:00,-0.27759777345129943,7688.238385063438,10148.13,0.06769406392694063,0.0,1.0304775401155604
2019-07-01 15:00:00+00:00,-0.25526820102654946,7861.844522898612,10148.13,0.06769406392694063,0.0,1.0277050593057508
2019-07-01 15:00:00+00:00,-0.23293862860179948,8039.370816377321,10148.13,0.06769406392694063,0.0,1.0254532174783548
2019-07-01 15:00:00+00:00,-0.2106090561770495,8220.905785528068,10148.13,0.06769406392694063,0.0,1.0236916586517706
2019-07-01 15:00:00+00:00,-0.18827948375229958,8406.539949227401,10148.13,0.06769406392694063,0.0,1.0223916874119727
2019-07-01 15:00:00+00:00,-0.1659499113275496,8596.36587033539,10148.13,0.06769406392694063,0.0,1.021526194312273
2019-07-01 15:00:00+00:00,-0.14362033890279963,8790.478201850292,10148.13,0.06769406392694063,0.0,1.0210695816413664
2019-07-01 15:00:00+00:00,-0.1212907664780497,8988.973734105426,10148.13,0.06769406392694063,0.0,1.0209976902096531
2019-07-01 15:00:00+00:00,-0.09896119405329973,9191.951443031785,10148.13,0.06769406392694063,0.0,1.0212877276481587
2019-07-01 15:00:00+00:00,-0.07663162162854975,9399.51253951046,10148.13,0.06769406392694063,0.0,1.0219181985902468
2019-07-01 15:00:00+00:00,-0.054302049203799774,9611.760519839472,10148.13,0.06769406392694063,0.0,1.0228688370074395
2019-07-01 15:00:00+00:00,-0.0319724767790498,9828.801217340188,10148.13,0.06769406392694063,0.0,1.024120540891832
2019-07-01 15:00:00+00:00,-0.00964290435429982,10050.742855129036,10148.13,0.06769406392694063,0.0,1.025655309414817
2019-07-01 15:00:00+00:00,0.012686668070450047,10277.696100080873,10148.13,0.06769406392694063,0.0,1.0274561826417867
2019-07-01 15:00:00+00:00,0.035016240495200024,10509.77411801085,10148.13,0.06769406392694063,0.0,1.0295071838426684
2019-07-01 15:00:00+00:00,0.05734581291995,10747.09263010234,10148.13,0.06769406392694063,0.0,1.0317932644065362
2019-07-01 15:00:00+00:00,0.07967538534469998,10989.769970609066,10148.13,0.06769406392694063,0.0,1.0343002513434432
2019-07-01 15:00:00+00:00,0.10200495776944996,11237.927145860167,10148.13,0.06769406392694063,0.0,1.037014797336935
2019-07-01 15:00:00+00:00,0.12433453019419993,11491.687894597633,10148.13,0.06769406392694063,0.0,1.0399243332952506
2019-07-01 15:00:00+00:00,0.1466641026189499,11751.178749676246,10148.13,0.06769406392694063,0.0,1.0430170233373404
2019-07-01 15:00:00+00:00,0.1689936750436999,12016.529101156695,10148.13,0.06769406392694063,0.0,1.046281722140801
2019-07-01 15:00:00+00:00,0.19132324746844986,12287.871260823427,10148.13,0.06769406392694063,0.0,1.0497079345721725
2019-07-01 15:00:00+00:00,0.21365281989319973,12565.340528159339,10148.13,0.06769406392694063,0.0,1.0532857775153062
2019-07-01 15:00:00+00:00,0.2359823923179497,12849.075257810224,10148.13,0.06769406392694063,0.0,1.0570059438104522
2019-07-01 15:00:00+00:00,0.2583119647426997,13139.216928572625,10148.13,0.06769406392694063,0.0,1.060859668214845
2019-07-01 15:00:00+00:00,0.28064153716744966,13435.91021393948,10148.13,0.06769406392694063,0.0,1.0648386952949203
2019-07-01 15:00:00+00:00,0.30297110959219964,13739.30305423874,10148.13,0.06769406392694063,0.0,1.06893524916043
2019-07-01 15:00:00+00:00,0.3253006820169496,14049.546730400936,10148.13,0.06769406392694063,0.0,1.0731420049516633
2019-07-01 15:00:00+00:00,0.3476302544416996,14366.795939392468,10148.13,0.06769406392694063,0.0,1.0774520619924197
2019-07-01 15:00:00+00:00,0.36995982686644946,14691.208871352226,10148.13,0.06769406392694063,0.0,1.0818589185233818
2019-07-01 15:00:00+00:00,0.39228939929119955,15022.947288470035,10148.13,0.06769406392694063,0.0,1.0863564479328318
2019-07-01 15:00:00+00:00,0.4146189717159494,15362.176605646204,10148.13,0.06769406392694063,0.0,1.0909388764042467
2019-07-01 15:00:00+00:00,0.4369485441406995,15709.065972972463,10148.13,0.06769406392694063,0.0,1.095600761903164
2019-07-01 15:00:00+00:00,0.45927811656544937,16063.78836007534,10148.13,0.06769406392694063,0.0,1.1003369744286153
2019-07-01 15:00:00+00:00,0.48160768899019923,16426.520642364125,10148.13,0.06769406392694063,0.0,1.1051426774575421
2019-07-01 15:00:00+00:00,0.5039372614149493,16797.44368922632,10148.13,0.06769406392694063,0.0,1.1100133105136754
2019-07-01 15:00:00+00:00,0.5262668338396992,17176.74245421464,10148.13,0.06769406392694063,0.0,1.1149445727955236
2019-07-01 15:00:00+00:00,0.5485964062644493,17564.606067270535,10148.13,0.06769406392694063,0.0,1.1199324078012307
2019-07-01 15:00:00+00:00,0.5709259786891991,17961.227929030083,10148.13,0.06769406392694063,0.0,1.1249729888911257
2019-07-01 15:00:00+00:00,0.5932555511139492,18366.805807259527,10148.13,0.06769406392694063,0.0,1.1300627057318542
2019-07-01 15:00:00+00:00,0.6155851235386991,18781.541935468256,10148.13,0.06769406392694063,0.0,1.1351981515688951
2019-07-01 15:00:00+00:00,0.637914695963449,19205.643113748654,10148.13,0.06769406392694063,0.0,1.1403761112771744
2019-07-01 15:00:00+00:00,0.660244268388199,19639.32081189291,10148.13,0.06769406392694063,0.0,1.1455935501422279
2019-07-01 15:00:00+00:00,0.6825738408129489,20082.79127483831,10148.13,0.06769406392694063,0.0,1.1508476033270656
2019-07-01 15:00:00+00:00,0.704903413237699,20536.275630493583,10148.13,0.06769406392694063,0.0,1.156135565982446
2019-07-01 15:00:00+00:00,0.7272329856624488,21000.0,10148.13,0.06769406392694063,0.0,1.1614548839607206
2019-07-01 15:30:00+00:00,-0.640826564399667,5500.0,10439.27,0.06763698630136987,0.0,1.1946757012841143
2019-07-01 15:30:00+00:00,-0.618496991974917,5624.1940884596515,10439.27,0.06763698630136987,0.0,1.1658124271272843
2019-07-01 15:30:00+00:00,-0.596167419550167,5751.19257175718,10439.27,0.06763698630136987,0.0,1.1416446686432238
2019-07-01 15:30:00+00:00,-0.5738378471254171,5881.05877521269,10439.27,0.06763698630136987,0.0,1.1212927829621302
2019-07-01 15:30:00+00:00,-0.5515082747006672,6013.857454079084,10439.27,0.06763698630136987,0.0,1.104082248096745
2019-07-01 15:30:00+00:00,-0.5291787022759172,6149.654825831018,10439.27,0.06763698630136987,0.0,1.0894874325137958
2019-07-01 15:30:00+00:00,-0.5068491298511673,6288.518603182943,10439.27,0.06763698630136987,0.0,1.0770927468030067
2019-07-01 15:30:00+00:00,-0.4845195574264173,6430.518027852736,10439.27,0.06763698630136987,0.0,1.0665652911711594
2019-07-01 15:30:00+00:00,-0.4621899850016673,6575.723905087741,10439.27,0.06763698630136987,0.0,1.0576352506604396
2019-07-01 15:30:00+00:00,-0.4398604125769173,6724.208638970415,10439.27,0.06763698630136987,0.0,1.050081608610916
2019-07-01 15:30:00+00:00,-0.41753084015216735,6876.046268521225,10439.27,0.06763698630136987,0.0,1.0437215748255264
2019-07-01 15:30:00+00:00,-0.3952012677274174,7031.312504616748,10439.27,0.06763698630136987,0.0,1.0384026511545368
2019-07-01 15:30:00+00:00,-0.37287169530266745,7190.084767741444,10439.27,0.06763698630136987,0.0,1.0339965984135162
2019-07-01 15:30:00+00:00,-0.3505421228779175,7352.442226591857,10439.27,0.06763698630136987,0.0,1.0303947935692348
2019-07-01 15:30:00+00:00,-0.32821255045316755,7518.465837552552,10439.27,0.06763698630136987,0.0,1.0275046169841955
2019-07-01 15:30:00+00:00,-0.3058829780284176,7688.238385063439,10439.27,0.06763698630136987,0.0,1.0252466122371755
2019-07-01 15:30:00+00:00,-0.2835534056036676,7861.844522898613,10439.27,0.06763698630136987,0.0,1.023552232028716
2019-07-01 15:30:00+00:00,-0.2612238331789176,8039.370816377321,10439.27,0.06763698630136987,0.0,1.0223620334266497
2019-07-01 15:30:00+00:00,-0.23889426075416764,8220.905785528068,10439.27,0.06763698630136987,0.0,1.0216242210240059
2019-07-01 15:30:00+00:00,-0.21656468832941772,8406.539949227401,10439.27,0.06763698630136987,0.0,1.0212934619637044
2019-07-01 15:30:00+00:00,-0.19423511590466774,8596.36587033539,10439.27,0.06763698630136987,0.0,1.0213299152381947
2019-07-01 15:30:00+00:00,-0.17190554347991777,8790.478201850294,10439.27,0.06763698630136987,0.0,1.021698431234072
2019-07-01 15:30:00+00:00,-0.14957597105516784,8988.973734105426,10439.27,0.06763698630136987,0.0,1.0223678875608702
2019-07-01 15:30:00+00:00,-0.12724639863041787,9191.951443031785,10439.27,0.06763698630136987,0.0,1.0233106347507426
2019-07-01 15:30:00+00:00,-0.10491682620566789,9399.512539510459,10439.27,0.06763698630136987,0.0,1.024502031124562
2019-07-01 15:30:00+00:00,-0.08258725378091791,9611.760519839472,10439.27,0.06763698630136987,0.0,1.0259200504749495
2019-07-01 15:30:00+00:00,-0.060257681356167936,9828.801217340186,10439.27,0.06763698630136987,0.0,1.0275449495652869
2019-07-01 15:30:00+00:00,-0.03792810893141796,10050.742855129038,10439.27,0.06763698630136987,0.0,1.029358985038841
2019-07-01 15:30:00+00:00,-0.015598536506668093,10277.696100080873,10439.27,0.06763698630136987,0.0,1.0313461713569358
2019-07-01 15:30:00+00:00,0.006731035918081885,10509.774118010848,10439.27,0.06763698630136987,0.0,1.033492072976385
2019-07-01 15:30:00+00:00,0.029060608342831862,10747.092630102337,10439.27,0.06763698630136987,0.0,1.0357836252346238
2019-07-01 15:30:00+00:00,0.05139018076758184,10989.769970609066,10439.27,0.06763698630136987,0.0,1.0382089794124199
2019-07-01 15:30:00+00:00,0.07371975319233182,11237.927145860165,10439.27,0.06763698630136987,0.0,1.0407573682450573
2019-07-01 15:30:00+00:00,0.0960493256170818,11491.687894597635,10439.27,0.06763698630136987,0.0,1.0434189887981828
2019-07-01 15:30:00+00:00,0.11837889804183177,11751.178749676246,10439.27,0.06763698630136987,0.0,1.0461849001458545
2019-07-01 15:30:00+00:00,0.14070847046658175,12016.529101156695,10439.27,0.06763698630136987,0.0,1.049046933712846
2019-07-01 15:30:00+00:00,0.16303804289133172,12287.87126082343,10439.27,0.06763698630136987,0.0,1.0519976144897347
2019-07-01 15:30:00+00:00,0.1853676153160816,12565.34052815934,10439.27,0.06763698630136987,0.0,1.0550300916138016
2019-07-01 15:30:00+00:00,0.20769718774083157,12849.075257810224,10439.27,0.06763698630136987,0.0,1.0581380770433153
2019-07-01 15:30:00+00:00,0.23002676016558155,13139.216928572625,10439.27,0.06763698630136987,0.0,1.0613157912469138
2019-07-01 15:30:00+00:00,0.2523563325903315,13435.910213939478,10439.27,0.06763698630136987,0.0,1.0645579149910835
2019-07-01 15:30:00+00:00,0.2746859050150815,13739.30305423874,10439.27,0.06763698630136987,0.0,1.0678595464435063
2019-07-01 15:30:00+00:00,0.2970154774398315,14049.546730400938,10439.27,0.06763698630136987,0.0,1.0712161629226638
2019-07-01 15:30:00+00:00,0.31934504986458145,14366.795939392468,10439.27,0.06763698630136987,0.0,1.0746235867188707
2019-07-01 15:30:00+00:00,0.3416746222893313,14691.208871352226,10439.27,0.06763698630136987,0.0,1.0780779544919252
2019-07-01 15:30:00+00:00,0.3640041947140814,15022.947288470035,10439.27,0.06763698630136987,0.0,1.0815756898178983
2019-07-01 15:30:00+00:00,0.3863337671388313,15362.176605646202,10439.27,0.06763698630136987,0.0,1.0851134785151964
2019-07-01 15:30:00+00:00,0.40866333956358136,15709.065972972461,10439.27,0.06763698630136987,0.0,1.0886882464289234
2019-07-01 15:30:00+00:00,0.43099291198833123,16063.788360075341,10439.27,0.06763698630136987,0.0,1.0922971393937175
2019-07-01 15:30:00+00:00,0.4533224844130811,16426.520642364125,10439.27,0.06763698630136987,0.0,1.0959375051317835
2019-07-01 15:30:00+00:00,0.4756520568378312,16797.44368922632,10439.27,0.06763698630136987,0.0,1.0996068768726512
2019-07-01 15:30:00+00:00,0.49798162926258105,17176.742454214644,10439.27,0.06763698630136987,0.0,1.1033029585081557
2019-07-01 15:30:00+00:00,0.5203112016873311,17564.60606727053,10439.27,0.06763698630136987,0.0,1.1070236111184673
2019-07-01 15:30:00+00:00,0.542640774112081,17961.22792903008,10439.27,0.06763698630136987,0.0,1.1107668407250586
2019-07-01 15:30:00+00:00,0.5649703465368311,18366.805807259527,10439.27,0.06763698630136987,0.0,1.1145307871431605
2019-07-01 15:30:00+00:00,0.587299918961581,18781.541935468256,10439.27,0.06763698630136987,0.0,1.118313713821405
2019-07-01 15:30:00+00:00,0.6096294913863308,19205.643113748654,10439.27,0.06763698630136987,0.0,1.1221139985690995
2019-07-01 15:30:00+00:00,0.6319590638110809,19639.32081189291,10439.27,0.06763698630136987,0.0,1.1259301250828981
2019-07-01 15:30:00+00:00,0.6542886362358308,20082.79127483831,10439.27,0.06763698630136987,0.0,1.1297606751944247
2019-07-01 15:30:00+00:00,0.6766182086605809,20536.275630493583,10439.27,0.06763698630136987,0.0,1.1336043217691036
2019-07-01 15:30:00+00:00,0.6989477810853307,21000.0,10439.27,0.06763698630136987,0.0,1.137459822193997
2019-07-01 16:00:00+00:00,-0.6451379613735847,5500.0,10484.375,0.06757990867579909,0.0,1.1706367219270026
2019-07-01 16:00:00+00:00,-0.6228083889488347,5624.1940884596515,10484.375,0.06757990867579909,0.0,1.1500305728105604
2019-07-01 16:00:00+00:00,-0.6004788165240847,5751.19257175718,10484.375,0.06757990867579909,0.0,1.1318768063827855
2019-07-01 16:00:00+00:00,-0.5781492440993348,5881.05877521269,10484.375,0.06757990867579909,0.0,1.1158671531565938
2019-07-01 16:00:00+00:00,-0.5558196716745849,6013.857454079085,10484.375,0.06757990867579909,0.0,1.1017427710117245
2019-07-01 16:00:00+00:00,-0.5334900992498349,6149.654825831018,10484.375,0.06757990867579909,0.0,1.0892846091234945
2019-07-01 16:00:00+00:00,-0.511160526825085,6288.518603182942,10484.375,0.06757990867579909,0.0,1.0783059470846597
2019-07-01 16:00:00+00:00,-0.48883095440033497,6430.518027852736,10484.375,0.06757990867579909,0.0,1.0686465609611118
2019-07-01 16:00:00+00:00,-0.466501381975585,6575.7239050877415,10484.375,0.06757990867579909,0.0,1.0601681184427785
2019-07-01 16:00:00+00:00,-0.444171809550835,6724.208638970416,10484.375,0.06757990867579909,0.0,1.0527505115822777
2019-07-01 16:00:00+00:00,-0.42184223712608504,6876.046268521224,10484.375,0.06757990867579909,0.0,1.0462889114519132
2019-07-01 16:00:00+00:00,-0.3995126647013351,7031.312504616748,10484.375,0.06757990867579909,0.0,1.0406913836424914
2019-07-01 16:00:00+00:00,-0.37718309227658514,7190.084767741444,10484.375,0.06757990867579909,0.0,1.0358769431936294
2019-07-01 16:00:00+00:00,-0.35485351985183516,7352.4422265918565,10484.375,0.06757990867579909,0.0,1.031773956632652
2019-07-01 16:00:00+00:00,-0.33252394742708524,7518.465837552552,10484.375,0.06757990867579909,0.0,1.0283188203205404
2019-07-01 16:00:00+00:00,-0.31019437500233527,7688.238385063439,10484.375,0.06757990867579909,0.0,1.025454860366341
2019-07-01 16:00:00+00:00,-0.2878648025775853,7861.844522898612,10484.375,0.06757990867579909,0.0,1.023131411460738
2019-07-01 16:00:00+00:00,-0.2655352301528353,8039.37081637732,10484.375,0.06757990867579909,0.0,1.021303041151799
2019-07-01 16:00:00+00:00,-0.24320565772808533,8220.905785528068,10484.375,0.06757990867579909,0.0,1.0199288930991965
2019-07-01 16:00:00+00:00,-0.2208760853033354,8406.539949227401,10484.375,0.06757990867579909,0.0,1.01897212824513
2019-07-01 16:00:00+00:00,-0.19854651287858543,8596.36587033539,10484.375,0.06757990867579909,0.0,1.0183994470311273
2019-07-01 16:00:00+00:00,-0.17621694045383546,8790.478201850292,10484.375,0.06757990867579909,0.0,1.0181806790626642
2019-07-01 16:00:00+00:00,-0.15388736802908554,8988.973734105426,10484.375,0.06757990867579909,0.0,1.0182884291971859
2019-07-01 16:00:00+00:00,-0.13155779560433556,9191.951443031785,10484.375,0.06757990867579909,0.0,1.0186977710663072
2019-07-01 16:00:00+00:00,-0.10922822317958558,9399.51253951046,10484.375,0.06757990867579909,0.0,1.0193859806630767
2019-07-01 16:00:00+00:00,-0.0868986507548356,9611.760519839472,10484.375,0.06757990867579909,0.0,1.020332303921867
2019-07-01 16:00:00+00:00,-0.06456907833008563,9828.801217340186,10484.375,0.06757990867579909,0.0,1.0215177532618243
2019-07-01 16:00:00+00:00,-0.04223950590533565,10050.742855129036,10484.375,0.06757990867579909,0.0,1.0229249289095268
2019-07-01 16:00:00+00:00,-0.019909933480585784,10277.696100080873,10484.375,0.06757990867579909,0.0,1.024537861502775
2019-07-01 16:00:00+00:00,0.002419638944164193,10509.774118010848,10484.375,0.06757990867579909,0.0,1.0263418730390217
2019-07-01 16:00:00+00:00,0.02474921136891417,10747.092630102337,10484.375,0.06757990867579909,0.0,1.0283234536926251
2019-07-01 16:00:00+00:00,0.04707878379366415,10989.769970609066,10484.375,0.06757990867579909,0.0,1.0304701524050852
2019-07-01 16:00:00+00:00,0.06940835621841412,11237.927145860165,10484.375,0.06757990867579909,0.0,1.0327704794676904
2019-07-01 16:00:00+00:00,0.0917379286431641,11491.687894597633,10484.375,0.06757990867579909,0.0,1.0352138195776792
2019-07-01 16:00:00+00:00,0.11406750106791408,11751.178749676246,10484.375,0.06757990867579909,0.0,1.037790354068132
2019-07-01 16:00:00+00:00,0.13639707349266406,12016.529101156695,10484.375,0.06757990867579909,0.0,1.0404909911951499
2019-07-01 16:00:00+00:00,0.15872664591741403,12287.871260823427,10484.375,0.06757990867579909,0.0,1.0433073035207234
2019-07-01 16:00:00+00:00,0.1810562183421639,12565.340528159339,10484.375,0.06757990867579909,0.0,1.04623147155988
2019-07-01 16:00:00+00:00,0.20338579076691388,12849.075257810224,10484.375,0.06757990867579909,0.0,1.0492562329717063
2019-07-01 16:00:00+00:00,0.22571536319166385,13139.216928572625,10484.375,0.06757990867579909,0.0,1.0523748366677677
2019-07-01 16:00:00+00:00,0.24804493561641383,13435.910213939478,10484.375,0.06757990867579909,0.0,1.055581001291978
2019-07-01 16:00:00+00:00,0.2703745080411638,13739.30305423874,10484.375,0.06757990867579909,0.0,1.0588688775946093
2019-07-01 16:00:00+00:00,0.2927040804659138,14049.546730400938,10484.375,0.06757990867579909,0.0,1.0622330142824987
2019-07-01 16:00:00+00:00,0.31503365289066376,14366.795939392468,10484.375,0.06757990867579909,0.0,1.0656683269779392
2019-07-01 16:00:00+00:00,0.33736322531541363,14691.208871352226,10484.375,0.06757990867579909,0.0,1.069170069963147
2019-07-01 16:00:00+00:00,0.3596927977401637,15022.947288470034,10484.375,0.06757990867579909,0.0,1.072733810424939
2019-07-01 16:00:00+00:00,0.3820223701649136,15362.176605646202,10484.375,0.06757990867579909,0.0,1.0763554049474964
2019-07-01 16:00:00+00:00,0.40435194258966367,15709.06597297246,10484.375,0.06757990867579909,0.0,1.0800309780295332
2019-07-01 16:00:00+00:00,0.42668151501441354,16063.78836007534,10484.375,0.06757990867579909,0.0,1.0837569024276485
2019-07-01 16:00:00+00:00,0.4490110874391634,16426.520642364125,10484.375,0.06757990867579909,0.0,1.0875297811493772
2019-07-01 16:00:00+00:00,0.4713406598639135,16797.44368922632,10484.375,0.06757990867579909,0.0,1.091346430938583
2019-07-01 16:00:00+00:00,0.49367023228866336,17176.74245421464,10484.375,0.06757990867579909,0.0,1.0952038671129183
2019-07-01 16:00:00+00:00,0.5159998047134134,17564.60606727053,10484.375,0.06757990867579909,0.0,1.0990992896278335
2019-07-01 16:00:00+00:00,0.5383293771381633,17961.227929030083,10484.375,0.06757990867579909,0.0,1.1030300702547087
2019-07-01 16:00:00+00:00,0.5606589495629134,18366.805807259523,10484.375,0.06757990867579909,0.0,1.1069937407723087
2019-07-01 16:00:00+00:00,0.5829885219876633,18781.541935468256,10484.375,0.06757990867579909,0.0,1.1109879820809048
2019-07-01 16:00:00+00:00,0.6053180944124131,19205.643113748654,10484.375,0.06757990867579909,0.0,1.1150106141576785
2019-07-01 16:00:00+00:00,0.6276476668371632,19639.32081189291,10484.375,0.06757990867579909,0.0,1.1190595867798732
2019-07-01 16:00:00+00:00,0.6499772392619131,20082.79127483831,10484.375,0.06757990867579909,0.0,1.1231329709495304
2019-07-01 16:00:00+00:00,0.6723068116866632,20536.275630493583,10484.375,0.06757990867579909,0.0,1.127228950959907
2019-07-01 16:00:00+00:00,0.6946363841114132,21000.0,10484.375,0.06757990867579909,0.0,1.1313458170495192
2019-07-01 16:30:00+00:00,-0.6335317936128115,5500.0,10363.395,0.06752283105022831,0.0,1.164499937551603
2019-07-01 16:30:00+00:00,-0.6112022211880616,5624.1940884596515,10363.395,0.06752283105022831,0.0,1.1454790688531638
2019-07-01 16:30:00+00:00,-0.5888726487633116,5751.19257175718,10363.395,0.06752283105022831,0.0,1.1291108299051162
2019-07-01 16:30:00+00:00,-0.5665430763385616,5881.058775212689,10363.395,0.06752283105022831,0.0,1.1149859901534593
2019-07-01 16:30:00+00:00,-0.5442135039138116,6013.857454079086,10363.395,0.06752283105022831,0.0,1.102774802508169
2019-07-01 16:30:00+00:00,-0.5218839314890618,6149.654825831018,10363.395,0.06752283105022831,0.0,1.092208596492979
2019-07-01 16:30:00+00:00,-0.4995543590643118,6288.518603182942,10363.395,0.06752283105022831,0.0,1.0830662462019947
2019-07-01 16:30:00+00:00,-0.4772247866395618,6430.518027852736,10363.395,0.06752283105022831,0.0,1.075164079301203
2019-07-01 16:30:00+00:00,-0.4548952142148118,6575.723905087741,10363.395,0.06752283105022831,0.0,1.0683482518237137
2019-07-01 16:30:00+00:00,-0.43256564179006185,6724.208638970415,10363.395,0.06752283105022831,0.0,1.0624889151103243
2019-07-01 16:30:00+00:00,-0.4102360693653119,6876.046268521224,10363.395,0.06752283105022831,0.0,1.0574757026796924
2019-07-01 16:30:00+00:00,-0.38790649694056195,7031.312504616748,10363.395,0.06752283105022831,0.0,1.053214201362347
2019-07-01 16:30:00+00:00,-0.365576924515812,7190.084767741443,10363.395,0.06752283105022831,0.0,1.049623164935647
2019-07-01 16:30:00+00:00,-0.343247352091062,7352.4422265918565,10363.395,0.06752283105022831,0.0,1.0466322939618686
2019-07-01 16:30:00+00:00,-0.3209177796663121,7518.465837552552,10363.395,0.06752283105022831,0.0,1.0441804517664812
2019-07-01 16:30:00+00:00,-0.2985882072415621,7688.238385063438,10363.395,0.06752283105022831,0.0,1.0422142195510555
2019-07-01 16:30:00+00:00,-0.2762586348168121,7861.844522898612,10363.395,0.06752283105022831,0.0,1.040686717545556
2019-07-01 16:30:00+00:00,-0.25392906239206214,8039.370816377321,10363.395,0.06752283105022831,0.0,1.039556636589426
2019-07-01 16:30:00+00:00,-0.23159948996731217,8220.905785528066,10363.395,0.06752283105022831,0.0,1.0387874374488857
2019-07-01 16:30:00+00:00,-0.20926991754256224,8406.539949227401,10363.395,0.06752283105022831,0.0,1.0383466848151264
2019-07-01 16:30:00+00:00,-0.18694034511781227,8596.36587033539,10363.395,0.06752283105022831,0.0,1.038205490184189
2019-07-01 16:30:00+00:00,-0.1646107726930623,8790.478201850292,10363.395,0.06752283105022831,0.0,1.038338043329734
2019-07-01 16:30:00+00:00,-0.14228120026831237,8988.973734105426,10363.395,0.06752283105022831,0.0,1.0387212162995063
2019-07-01 16:30:00+00:00,-0.11995162784356239,9191.951443031785,10363.395,0.06752283105022831,0.0,1.039334227122108
2019-07-01 16:30:00+00:00,-0.09762205541881241,9399.512539510459,10363.395,0.06752283105022831,0.0,1.0401583529416374
2019-07-01 16:30:00+00:00,-0.07529248299406244,9611.76051983947,10363.395,0.06752283105022831,0.0,1.0411766842787176
2019-07-01 16:30:00+00:00,-0.05296291056931246,9828.801217340186,10363.395,0.06752283105022831,0.0,1.0423739136774186
2019-07-01 16:30:00+00:00,-0.030633338144562483,10050.742855129036,10363.395,0.06752283105022831,0.0,1.0437361532351028
2019-07-01 16:30:00+00:00,-0.008303765719812617,10277.696100080873,10363.395,0.06752283105022831,0.0,1.0452507764993848
2019-07-01 16:30:00+00:00,0.01402580670493736,10509.774118010848,10363.395,0.06752283105022831,0.0,1.0469062810081604
2019-07-01 16:30:00+00:00,0.03635537912968734,10747.092630102337,10363.395,0.06752283105022831,0.0,1.0486921683872628
2019-07-01 16:30:00+00:00,0.058684951554437315,10989.769970609066,10363.395,0.06752283105022831,0.0,1.0505988394379584
2019-07-01 16:30:00+00:00,0.08101452397918729,11237.927145860163,10363.395,0.06752283105022831,0.0,1.052617502068132
2019-07-01 16:30:00+00:00,0.10334409640393727,11491.687894597633,10363.395,0.06752283105022831,0.0,1.0547400902663226
2019-07-01 16:30:00+00:00,0.12567366882868725,11751.178749676246,10363.395,0.06752283105022831,0.0,1.056959192601226
2019-07-01 16:30:00+00:00,0.14800324125343722,12016.529101156693,10363.395,0.06752283105022831,0.0,1.0592679889640828
2019-07-01 16:30:00+00:00,0.1703328136781872,12287.871260823427,10363.395,0.06752283105022831,0.0,1.061660194464949
2019-07-01 16:30:00+00:00,0.19266238610293707,12565.340528159339,10363.395,0.06752283105022831,0.0,1.0641300095562036
2019-07-01 16:30:00+00:00,0.21499195852768704,12849.075257810224,10363.395,0.06752283105022831,0.0,1.0666720755912695
2019-07-01 16:30:00+00:00,0.23732153095243702,13139.216928572623,10363.395,0.06752283105022831,0.0,1.0692814351400648
2019-07-01 16:30:00+00:00,0.259651103377187,13435.910213939478,10363.395,0.06752283105022831,0.0,1.0719534964778252
2019-07-01 16:30:00+00:00,0.281980675801937,13739.303054238739,10363.395,0.06752283105022831,0.0,1.0746840017446708
2019-07-01 16:30:00+00:00,0.30431024822668695,14049.546730400938,10363.395,0.06752283105022831,0.0,1.0774689983411727
2019-07-01 16:30:00+00:00,0.32663982065143693,14366.795939392468,10363.395,0.06752283105022831,0.0,1.080304813183319
2019-07-01 16:30:00+00:00,0.3489693930761868,14691.208871352226,10363.395,0.06752283105022831,0.0,1.0831880294895104
2019-07-01 16:30:00+00:00,0.3712989655009369,15022.947288470034,10363.395,0.06752283105022831,0.0,1.0861154658144614
2019-07-01 16:30:00+00:00,0.39362853792568675,15362.176605646202,10363.395,0.06752283105022831,0.0,1.0890841570810228
2019-07-01 16:30:00+00:00,0.41595811035043684,15709.065972972461,10363.395,0.06752283105022831,0.0,1.0920913373918952
2019-07-01 16:30:00+00:00,0.4382876827751867,16063.788360075338,10363.395,0.06752283105022831,0.0,1.0951344244303054
2019-07-01 16:30:00+00:00,0.46061725519993657,16426.520642364125,10363.395,0.06752283105022831,0.0,1.0982110052812168
2019-07-01 16:30:00+00:00,0.48294682762468666,16797.44368922632,10363.395,0.06752283105022831,0.0,1.1013188235254532
2019-07-01 16:30:00+00:00,0.5052764000494365,17176.74245421464,10363.395,0.06752283105022831,0.0,1.1044557674757272
2019-07-01 16:30:00+00:00,0.5276059724741866,17564.60606727053,10363.395,0.06752283105022831,0.0,1.1076198594392428
2019-07-01 16:30:00+00:00,0.5499355448989365,17961.227929030083,10363.395,0.06752283105022831,0.0,1.1108092459042138
2019-07-01 16:30:00+00:00,0.5722651173236866,18366.805807259527,10363.395,0.06752283105022831,0.0,1.1140221885597381
2019-07-01 16:30:00+00:00,0.5945946897484364,18781.541935468256,10363.395,0.06752283105022831,0.0,1.1172570560678199
2019-07-01 16:30:00+00:00,0.6169242621731863,19205.643113748654,10363.395,0.06752283105022831,0.0,1.1205123165158692
2019-07-01 16:30:00+00:00,0.6392538345979364,19639.32081189291,10363.395,0.06752283105022831,0.0,1.123786530485118
2019-07-01 16:30:00+00:00,0.6615834070226863,20082.79127483831,10363.395,0.06752283105022831,0.0,1.1270783446777983
2019-07-01 16:30:00+00:00,0.6839129794474363,20536.275630493583,10363.395,0.06752283105022831,0.0,1.1303864860514852
2019-07-01 16:30:00+00:00,0.7062425518721863,21000.000000000004,10363.395,0.06752283105022831,0.0,1.1337097564147007
2019-07-01 17:00:00+00:00,-0.6312572699668078,5500.0,10339.85,0.06746575342465753,0.0,1.1542261142606531
2019-07-01 17:00:00+00:00,-0.6089276975420578,5624.1940884596515,10339.85,0.06746575342465753,0.0,1.140245094227725
2019-07-01 17:00:00+00:00,-0.5865981251173078,5751.19257175718,10339.85,0.06746575342465753,0.0,1.1277366343167323
2019-07-01 17:00:00+00:00,-0.5642685526925578,5881.05877521269,10339.85,0.06746575342465753,0.0,1.1165580147907
2019-07-01 17:00:00+00:00,-0.5419389802678078,6013.857454079085,10339.85,0.06746575342465753,0.0,1.106582297632825
2019-07-01 17:00:00+00:00,-0.519609407843058,6149.654825831018,10339.85,0.06746575342465753,0.0,1.0976965156492453
2019-07-01 17:00:00+00:00,-0.497279835418308,6288.518603182943,10339.85,0.06746575342465753,0.0,1.089800031498154
2019-07-01 17:00:00+00:00,-0.474950262993558,6430.518027852736,10339.85,0.06746575342465753,0.0,1.0828030711809704
2019-07-01 17:00:00+00:00,-0.45262069056880805,6575.723905087741,10339.85,0.06746575342465753,0.0,1.076625425618405
2019-07-01 17:00:00+00:00,-0.43029111814405807,6724.208638970416,10339.85,0.06746575342465753,0.0,1.0711953081724115
2019-07-01 17:00:00+00:00,-0.4079615457193081,6876.046268521224,10339.85,0.06746575342465753,0.0,1.0664483534160851
2019-07-01 17:00:00+00:00,-0.3856319732945582,7031.312504616748,10339.85,0.06746575342465753,0.0,1.0623267418183149
2019-07-01 17:00:00+00:00,-0.3633024008698082,7190.084767741443,10339.85,0.06746575342465753,0.0,1.0587784354754612
2019-07-01 17:00:00+00:00,-0.3409728284450582,7352.4422265918565,10339.85,0.06746575342465753,0.0,1.0557565110698253
2019-07-01 17:00:00+00:00,-0.3186432560203083,7518.465837552553,10339.85,0.06746575342465753,0.0,1.053218577544949
2019-07-01 17:00:00+00:00,-0.2963136835955583,7688.238385063438,10339.85,0.06746575342465753,0.0,1.0511262673704722
2019-07-01 17:00:00+00:00,-0.27398411117080834,7861.844522898612,10339.85,0.06746575342465753,0.0,1.049444791615701
2019-07-01 17:00:00+00:00,-0.25165453874605836,8039.370816377321,10339.85,0.06746575342465753,0.0,1.0481425503038408
2019-07-01 17:00:00+00:00,-0.2293249663213084,8220.905785528068,10339.85,0.06746575342465753,0.0,1.047190790651876
2019-07-01 17:00:00+00:00,-0.20699539389655847,8406.539949227401,10339.85,0.06746575342465753,0.0,1.0465633068067894
2019-07-01 17:00:00+00:00,-0.1846658214718085,8596.36587033539,10339.85,0.06746575342465753,0.0,1.0462361755702312
2019-07-01 17:00:00+00:00,-0.1623362490470585,8790.478201850294,10339.85,0.06746575342465753,0.0,1.0461875233695348
2019-07-01 17:00:00+00:00,-0.1400066766223086,8988.973734105426,10339.85,0.06746575342465753,0.0,1.0463973203943053
2019-07-01 17:00:00+00:00,-0.11767710419755861,9191.951443031785,10339.85,0.06746575342465753,0.0,1.0468471983865488
2019-07-01 17:00:00+00:00,-0.09534753177280864,9399.51253951046,10339.85,0.06746575342465753,0.0,1.0475202890602144
2019-07-01 17:00:00+00:00,-0.07301795934805866,9611.76051983947,10339.85,0.06746575342465753,0.0,1.0484010805438349
2019-07-01 17:00:00+00:00,-0.05068838692330868,9828.801217340186,10339.85,0.06746575342465753,0.0,1.0494752895974713
2019-07-01 17:00:00+00:00,-0.028358814498558704,10050.742855129038,10339.85,0.06746575342465753,0.0,1.050729747661104
2019-07-01 17:00:00+00:00,-0.006029242073808838,10277.696100080873,10339.85,0.06746575342465753,0.0,1.0521522990533438
2019-07-01 17:00:00+00:00,0.01630033035094114,10509.774118010848,10339.85,0.06746575342465753,0.0,1.0537317098635666
2019-07-01 17:00:00+00:00,0.038629902775691116,10747.092630102337,10339.85,0.06746575342465753,0.0,1.0554575862726965
2019-07-01 17:00:00+00:00,0.06095947520044109,10989.769970609066,10339.85,0.06746575342465753,0.0,1.0573203012028154
2019-07-01 17:00:00+00:00,0.08328904762519107,11237.927145860165,10339.85,0.06746575342465753,0.0,1.0593109283374191
2019-07-01 17:00:00+00:00,0.10561862004994105,11491.687894597633,10339.85,0.06746575342465753,0.0,1.0614211826761346
2019-07-01 17:00:00+00:00,0.12794819247469102,11751.178749676246,10339.85,0.06746575342465753,0.0,1.0636433668927985
2019-07-01 17:00:00+00:00,0.150277764899441,12016.529101156693,10339.85,0.06746575342465753,0.0,1.065970322856507
2019-07-01 17:00:00+00:00,0.17260733732419098,12287.871260823427,10339.85,0.06746575342465753,0.0,1.068395387753751
2019-07-01 17:00:00+00:00,0.19493690974894085,12565.340528159339,10339.85,0.06746575342465753,0.0,1.0709123543177084
2019-07-01 17:00:00+00:00,0.21726648217369082,12849.075257810224,10339.85,0.06746575342465753,0.0,1.0735154347296962
2019-07-01 17:00:00+00:00,0.2395960545984408,13139.216928572625,10339.85,0.06746575342465753,0.0,1.0761992278091683
2019-07-01 17:00:00+00:00,0.2619256270231908,13435.910213939478,10339.85,0.06746575342465753,0.0,1.0789586891531568
2019-07-01 17:00:00+00:00,0.28425519944794075,13739.303054238739,10339.85,0.06746575342465753,0.0,1.0817891039251086
2019-07-01 17:00:00+00:00,0.30658477187269073,14049.546730400938,10339.85,0.06746575342465753,0.0,1.0846860620270569
2019-07-01 17:00:00+00:00,0.3289143442974407,14366.795939392468,10339.85,0.06746575342465753,0.0,1.0876454354188585
2019-07-01 17:00:00+00:00,0.3512439167221906,14691.208871352224,10339.85,0.06746575342465753,0.0,1.09066335737437
2019-07-01 17:00:00+00:00,0.37357348914694066,15022.947288470035,10339.85,0.06746575342465753,0.0,1.0937362034873683
2019-07-01 17:00:00+00:00,0.39590306157169053,15362.1766056462,10339.85,0.06746575342465753,0.0,1.0968605742602118
2019-07-01 17:00:00+00:00,0.4182326339964406,15709.06597297246,10339.85,0.06746575342465753,0.0,1.1000332791260292
2019-07-01 17:00:00+00:00,0.4405622064211905,16063.78836007534,10339.85,0.06746575342465753,0.0,1.103251321770924
2019-07-01 17:00:00+00:00,0.46289177884594035,16426.520642364125,10339.85,0.06746575342465753,0.0,1.1065118866365553
2019-07-01 17:00:00+00:00,0.48522135127069044,16797.44368922632,10339.85,0.06746575342465753,0.0,1.10981232649576
2019-07-01 17:00:00+00:00,0.5075509236954403,17176.742454214644,10339.85,0.06746575342465753,0.0,1.113150151004761
2019-07-01 17:00:00+00:00,0.5298804961201904,17564.60606727053,10339.85,0.06746575342465753,0.0,1.116523016145201
2019-07-01 17:00:00+00:00,0.5522100685449403,17961.227929030083,10339.85,0.06746575342465753,0.0,1.119928714477827
2019-07-01 17:00:00+00:00,0.5745396409696903,18366.805807259523,10339.85,0.06746575342465753,0.0,1.1233651661373352
2019-07-01 17:00:00+00:00,0.5968692133944402,18781.541935468256,10339.85,0.06746575342465753,0.0,1.126830410504692
2019-07-01 17:00:00+00:00,0.6191987858191901,19205.643113748654,10339.85,0.06746575342465753,0.0,1.1303225984994127
2019-07-01 17:00:00+00:00,0.6415283582439402,19639.32081189291,10339.85,0.06746575342465753,0.0,1.1338399854396197
2019-07-01 17:00:00+00:00,0.66385793066869,20082.79127483831,10339.85,0.06746575342465753,0.0,1.1373809244227475
2019-07-01 17:00:00+00:00,0.6861875030934401,20536.275630493583,10339.85,0.06746575342465753,0.0,1.1409438601839859
2019-07-01 17:00:00+00:00,0.7085170755181901,21000.000000000004,10339.85,0.06746575342465753,0.0,1.1445273233936013
2019-07-01 17:30:00+00:00,-0.6317194522488945,5500.0,10344.63,0.06740867579908676,0.0,1.1452945944245796
2019-07-01 17:30:00+00:00,-0.6093898798241445,5624.194088459651,10344.63,0.06740867579908676,0.0,1.1337072527362655
2019-07-01 17:30:00+00:00,-0.5870603073993945,5751.19257175718,10344.63,0.06740867579908676,0.0,1.1230697563615486
2019-07-01 17:30:00+00:00,-0.5647307349746445,5881.058775212689,10344.63,0.06740867579908676,0.0,1.1133269648830701
2019-07-01 17:30:00+00:00,-0.5424011625498946,6013.857454079084,10344.63,0.06740867579908676,0.0,1.104425783193324
2019-07-01 17:30:00+00:00,-0.5200715901251447,6149.654825831018,10344.63,0.06740867579908676,0.0,1.0963153947988469
2019-07-01 17:30:00+00:00,-0.4977420177003947,6288.518603182941,10344.63,0.06740867579908676,0.0,1.088947405407257
2019-07-01 17:30:00+00:00,-0.47541244527564475,6430.518027852735,10344.63,0.06740867579908676,0.0,1.0822759151281305
2019-07-01 17:30:00+00:00,-0.45308287285089477,6575.72390508774,10344.63,0.06740867579908676,0.0,1.0762575350646597
2019-07-01 17:30:00+00:00,-0.4307533004261448,6724.208638970415,10344.63,0.06740867579908676,0.0,1.0708513615626585
2019-07-01 17:30:00+00:00,-0.4084237280013948,6876.046268521224,10344.63,0.06740867579908676,0.0,1.0660189190571903
2019-07-01 17:30:00+00:00,-0.3860941555766449,7031.312504616748,10344.63,0.06740867579908676,0.0,1.06172408038662
2019-07-01 17:30:00+00:00,-0.3637645831518949,7190.084767741442,10344.63,0.06740867579908676,0.0,1.0579329716548584
2019-07-01 17:30:00+00:00,-0.34143501072714494,7352.442226591856,10344.63,0.06740867579908676,0.0,1.0546138672115495
2019-07-01 17:30:00+00:00,-0.319105438302395,7518.465837552551,10344.63,0.06740867579908676,0.0,1.051737079066845
2019-07-01 17:30:00+00:00,-0.29677586587764504,7688.238385063438,10344.63,0.06740867579908676,0.0,1.0492748440337742
2019-07-01 17:30:00+00:00,-0.27444629345289506,7861.844522898611,10344.63,0.06740867579908676,0.0,1.0472012110658355
2019-07-01 17:30:00+00:00,-0.2521167210281451,8039.370816377321,10344.63,0.06740867579908676,0.0,1.0454919305995338
2019-07-01 17:30:00+00:00,-0.2297871486033951,8220.905785528066,10344.63,0.06740867579908676,0.0,1.044124347192811
2019-07-01 17:30:00+00:00,-0.2074575761786452,8406.5399492274,10344.63,0.06740867579908676,0.0,1.04307729634543
2019-07-01 17:30:00+00:00,-0.1851280037538952,8596.365870335389,10344.63,0.06740867579908676,0.0,1.0423310060747237
2019-07-01 17:30:00+00:00,-0.16279843132914523,8790.478201850292,10344.63,0.06740867579908676,0.0,1.0418670035814281
2019-07-01 17:30:00+00:00,-0.1404688589043953,8988.973734105424,10344.63,0.06740867579908676,0.0,1.0416680271603782
2019-07-01 17:30:00+00:00,-0.11813928647964533,9191.951443031783,10344.63,0.06740867579908676,0.0,1.0417179433772634
2019-07-01 17:30:00+00:00,-0.09580971405489536,9399.512539510459,10344.63,0.06740867579908676,0.0,1.0420016694353256
2019-07-01 17:30:00+00:00,-0.07348014163014538,9611.760519839472,10344.63,0.06740867579908676,0.0,1.0425051005867494
2019-07-01 17:30:00+00:00,-0.0511505692053954,9828.801217340186,10344.63,0.06740867579908676,0.0,1.043215042396097
2019-07-01 17:30:00+00:00,-0.028820996780645425,10050.742855129036,10344.63,0.06740867579908676,0.0,1.044119147632331
2019-07-01 17:30:00+00:00,-0.006491424355895559,10277.696100080873,10344.63,0.06740867579908676,0.0,1.045205857547762
2019-07-01 17:30:00+00:00,0.01583814806885442,10509.774118010846,10344.63,0.06740867579908676,0.0,1.046464347293445
2019-07-01 17:30:00+00:00,0.038167720493604396,10747.092630102337,10344.63,0.06740867579908676,0.0,1.0478844752187162
2019-07-01 17:30:00+00:00,0.06049729291835437,10989.769970609064,10344.63,0.06740867579908676,0.0,1.049456735805755
2019-07-01 17:30:00+00:00,0.08282686534310435,11237.927145860163,10344.63,0.06740867579908676,0.0,1.0511722159968373
2019-07-01 17:30:00+00:00,0.10515643776785433,11491.687894597633,10344.63,0.06740867579908676,0.0,1.0530225546811685
2019-07-01 17:30:00+00:00,0.1274860101926043,11751.178749676244,10344.63,0.06740867579908676,0.0,1.0549999051190082
2019-07-01 17:30:00+00:00,0.14981558261735428,12016.529101156693,10344.63,0.06740867579908676,0.0,1.0570969000925559
2019-07-01 17:30:00+00:00,0.17214515504210426,12287.871260823425,10344.63,0.06740867579908676,0.0,1.0593066195852827
2019-07-01 17:30:00+00:00,0.19447472746685412,12565.340528159339,10344.63,0.06740867579908676,0.0,1.0616225608037402
2019-07-01 17:30:00+00:00,0.2168042998916041,12849.075257810222,10344.63,0.06740867579908676,0.0,1.0640386103680533
2019-07-01 17:30:00+00:00,0.23913387231635408,13139.216928572623,10344.63,0.06740867579908676,0.0,1.0665490185091442
2019-07-01 17:30:00+00:00,0.26146344474110406,13435.910213939476,10344.63,0.06740867579908676,0.0,1.0691483751221487
2019-07-01 17:30:00+00:00,0.28379301716585403,13739.303054238739,10344.63,0.06740867579908676,0.0,1.071831587536328
2019-07-01 17:30:00+00:00,0.306122589590604,14049.546730400934,10344.63,0.06740867579908676,0.0,1.0745938598720661
2019-07-01 17:30:00+00:00,0.328452162015354,14366.795939392468,10344.63,0.06740867579908676,0.0,1.077430673865208
2019-07-01 17:30:00+00:00,0.35078173444010385,14691.208871352226,10344.63,0.06740867579908676,0.0,1.0803377710480446
2019-07-01 17:30:00+00:00,0.37311130686485394,15022.947288470034,10344.63,0.06740867579908676,0.0,1.0833111361847172
2019-07-01 17:30:00+00:00,0.3954408792896038,15362.1766056462,10344.63,0.06740867579908676,0.0,1.0863469818666538
2019-07-01 17:30:00+00:00,0.4177704517143539,15709.06597297246,10344.63,0.06740867579908676,0.0,1.0894417341809757
2019-07-01 17:30:00+00:00,0.44010002413910376,16063.78836007534,10344.63,0.06740867579908676,0.0,1.0925920193715564
2019-07-01 17:30:00+00:00,0.46242959656385363,16426.52064236412,10344.63,0.06740867579908676,0.0,1.0957946514186612
2019-07-01 17:30:00+00:00,0.4847591689886037,16797.443689226315,10344.63,0.06740867579908676,0.0,1.0990466204688962
2019-07-01 17:30:00+00:00,0.5070887414133536,17176.74245421464,10344.63,0.06740867579908676,0.0,1.1023450820524936
2019-07-01 17:30:00+00:00,0.5294183138381037,17564.60606727053,10344.63,0.06740867579908676,0.0,1.1056873470298818
2019-07-01 17:30:00+00:00,0.5517478862628535,17961.22792903008,10344.63,0.06740867579908676,0.0,1.1090708722140252
2019-07-01 17:30:00+00:00,0.5740774586876036,18366.805807259523,10344.63,0.06740867579908676,0.0,1.112493251619152
2019-07-01 17:30:00+00:00,0.5964070311123535,18781.541935468253,10344.63,0.06740867579908676,0.0,1.1159522082903546
2019-07-01 17:30:00+00:00,0.6187366035371034,19205.64311374865,10344.63,0.06740867579908676,0.0,1.1194455866720434
2019-07-01 17:30:00+00:00,0.6410661759618534,19639.320811892907,10344.63,0.06740867579908676,0.0,1.122971345476496
2019-07-01 17:30:00+00:00,0.6633957483866033,20082.79127483831,10344.63,0.06740867579908676,0.0,1.1265275510167259
2019-07-01 17:30:00+00:00,0.6857253208113534,20536.275630493583,10344.63,0.06740867579908676,0.0,1.1301123709706176
2019-07-01 17:30:00+00:00,0.7080548932361033,21000.0,10344.63,0.06740867579908676,0.0,1.1337240685458316
2019-07-01 18:00:00+00:00,-0.6309806319487896,5500.0,10336.99,0.06735159817351598,0.0,1.154711601586758
2019-07-01 18:00:00+00:00,-0.6086510595240396,5624.194088459651,10336.99,0.06735159817351598,0.0,1.1433085522212767
2019-07-01 18:00:00+00:00,-0.5863214870992897,5751.192571757179,10336.99,0.06735159817351598,0.0,1.1326979558318462
2019-07-01 18:00:00+00:00,-0.5639919146745397,5881.058775212689,10336.99,0.06735159817351598,0.0,1.122849509702204
2019-07-01 18:00:00+00:00,-0.5416623422497897,6013.857454079085,10336.99,0.06735159817351598,0.0,1.1137326075999079
2019-07-01 18:00:00+00:00,-0.5193327698250398,6149.654825831017,10336.99,0.06735159817351598,0.0,1.1053166226546165
2019-07-01 18:00:00+00:00,-0.4970031974002898,6288.518603182942,10336.99,0.06735159817351598,0.0,1.0975711462455726
2019-07-01 18:00:00+00:00,-0.4746736249755399,6430.518027852736,10336.99,0.06735159817351598,0.0,1.090466186349013
2019-07-01 18:00:00+00:00,-0.4523440525507899,6575.723905087741,10336.99,0.06735159817351598,0.0,1.0839723292125052
2019-07-01 18:00:00+00:00,-0.43001448012603993,6724.208638970415,10336.99,0.06735159817351598,0.0,1.0780608683778092
2019-07-01 18:00:00+00:00,-0.40768490770128996,6876.046268521224,10336.99,0.06735159817351598,0.0,1.0727039050358012
2019-07-01 18:00:00+00:00,-0.38535533527654,7031.312504616748,10336.99,0.06735159817351598,0.0,1.0678744235248445
2019-07-01 18:00:00+00:00,-0.36302576285179,7190.084767741443,10336.99,0.06735159817351598,0.0,1.0635463455253173
2019-07-01 18:00:00+00:00,-0.34069619042704,7352.442226591857,10336.99,0.06735159817351598,0.0,1.059694566194743
2019-07-01 18:00:00+00:00,-0.3183666180022901,7518.465837552552,10336.99,0.06735159817351598,0.0,1.0562949751578379
2019-07-01 18:00:00+00:00,-0.2960370455775401,7688.238385063438,10336.99,0.06735159817351598,0.0,1.0533244649335958
2019-07-01 18:00:00+00:00,-0.27370747315279015,7861.844522898612,10336.99,0.06735159817351598,0.0,1.0507609290607964
2019-07-01 18:00:00+00:00,-0.25137790072804017,8039.370816377321,10336.99,0.06735159817351598,0.0,1.048583251882666
2019-07-01 18:00:00+00:00,-0.2290483283032902,8220.905785528068,10336.99,0.06735159817351598,0.0,1.046771291675724
2019-07-01 18:00:00+00:00,-0.20671875587854027,8406.539949227401,10336.99,0.06735159817351598,0.0,1.045305858559387
2019-07-01 18:00:00+00:00,-0.1843891834537903,8596.36587033539,10336.99,0.06735159817351598,0.0,1.0441686884020176
2019-07-01 18:00:00+00:00,-0.16205961102904032,8790.478201850292,10336.99,0.06735159817351598,0.0,1.0433424137449272
2019-07-01 18:00:00+00:00,-0.13973003860429034,8988.973734105426,10336.99,0.06735159817351598,0.0,1.0428105325967503
2019-07-01 18:00:00+00:00,-0.11740046617954036,9191.951443031785,10336.99,0.06735159817351598,0.0,1.0425573758044746
2019-07-01 18:00:00+00:00,-0.09507089375479039,9399.51253951046,10336.99,0.06735159817351598,0.0,1.0425680735820138
2019-07-01 18:00:00+00:00,-0.07274132133004041,9611.760519839472,10336.99,0.06735159817351598,0.0,1.0428285216702178
2019-07-01 18:00:00+00:00,-0.05041174890529043,9828.801217340186,10336.99,0.06735159817351598,0.0,1.043325347511415
2019-07-01 18:00:00+00:00,-0.028082176480540566,10050.742855129036,10336.99,0.06735159817351598,0.0,1.044045876744908
2019-07-01 18:00:00+00:00,-0.005752604055790589,10277.696100080873,10336.99,0.06735159817351598,0.0,1.0449781002653813
2019-07-01 18:00:00+00:00,0.01657696836895939,10509.774118010848,10336.99,0.06735159817351598,0.0,1.0461106420322348
2019-07-01 18:00:00+00:00,0.038906540793709365,10747.09263010234,10336.99,0.06735159817351598,0.0,1.0474327277728954
2019-07-01 18:00:00+00:00,0.06123611321845934,10989.769970609066,10336.99,0.06735159817351598,0.0,1.0489341546858857
2019-07-01 18:00:00+00:00,0.08356568564320932,11237.927145860165,10336.99,0.06735159817351598,0.0,1.0506052622186512
2019-07-01 18:00:00+00:00,0.1058952580679593,11491.687894597633,10336.99,0.06735159817351598,0.0,1.0524369039698656
2019-07-01 18:00:00+00:00,0.12822483049270927,11751.178749676246,10336.99,0.06735159817351598,0.0,1.0544204207453367
2019-07-01 18:00:00+00:00,0.15055440291745925,12016.529101156695,10336.99,0.06735159817351598,0.0,1.0565476147798998
2019-07-01 18:00:00+00:00,0.17288397534220923,12287.87126082343,10336.99,0.06735159817351598,0.0,1.0588107251242604
2019-07-01 18:00:00+00:00,0.1952135477669592,12565.34052815934,10336.99,0.06735159817351598,0.0,1.061202404185051
2019-07-01 18:00:00+00:00,0.21754312019170907,12849.075257810224,10336.99,0.06735159817351598,0.0,1.063715695397962
2019-07-01 18:00:00+00:00,0.23987269261645905,13139.216928572623,10336.99,0.06735159817351598,0.0,1.0663440120073013
2019-07-01 18:00:00+00:00,0.262202265041209,13435.910213939478,10336.99,0.06735159817351598,0.0,1.0690811169204075
2019-07-01 18:00:00+00:00,0.284531837465959,13739.303054238739,10336.99,0.06735159817351598,0.0,1.0719211036017287
2019-07-01 18:00:00+00:00,0.306861409890709,14049.546730400938,10336.99,0.06735159817351598,0.0,1.0748583779688066
2019-07-01 18:00:00+00:00,0.32919098231545896,14366.79593939247,10336.99,0.06735159817351598,0.0,1.0778876412507568
2019-07-01 18:00:00+00:00,0.35152055474020893,14691.208871352228,10336.99,0.06735159817351598,0.0,1.0810038737688494
2019-07-01 18:00:00+00:00,0.3738501271649588,15022.947288470034,10336.99,0.06735159817351598,0.0,1.0842023195984383
2019-07-01 18:00:00+00:00,0.3961796995897089,15362.176605646204,10336.99,0.06735159817351598,0.0,1.0874784720715467
2019-07-01 18:00:00+00:00,0.41850927201445876,15709.06597297246,10336.99,0.06735159817351598,0.0,1.0908280600798852
2019-07-01 18:00:00+00:00,0.44083884443920884,16063.788360075341,10336.99,0.06735159817351598,0.0,1.094247035138813
2019-07-01 18:00:00+00:00,0.4631684168639587,16426.520642364125,10336.99,0.06735159817351598,0.0,1.0977315591737085
2019-07-01 18:00:00+00:00,0.4854979892887088,16797.443689226322,10336.99,0.06735159817351598,0.0,1.1012779929913648
2019-07-01 18:00:00+00:00,0.5078275617134587,17176.742454214644,10336.99,0.06735159817351598,0.0,1.1048828854002686
2019-07-01 18:00:00+00:00,0.5301571341382088,17564.606067270535,10336.99,0.06735159817351598,0.0,1.108542962944962
2019-07-01 18:00:00+00:00,0.5524867065629586,17961.227929030083,10336.99,0.06735159817351598,0.0,1.1122551202211013
2019-07-01 18:00:00+00:00,0.5748162789877085,18366.805807259523,10336.99,0.06735159817351598,0.0,1.1160164107392399
2019-07-01 18:00:00+00:00,0.5971458514124586,18781.541935468256,10336.99,0.06735159817351598,0.0,1.1198240383068045
2019-07-01 18:00:00+00:00,0.6194754238372084,19205.643113748658,10336.99,0.06735159817351598,0.0,1.1236753488991862
2019-07-01 18:00:00+00:00,0.6418049962619585,19639.320811892914,10336.99,0.06735159817351598,0.0,1.1275678229922694
2019-07-01 18:00:00+00:00,0.6641345686867084,20082.79127483831,10336.99,0.06735159817351598,0.0,1.131499068330118
2019-07-01 18:00:00+00:00,0.6864641411114585,20536.275630493587,10336.99,0.06735159817351598,0.0,1.1354668131028998
2019-07-01 18:00:00+00:00,0.7087937135362083,21000.0,10336.99,0.06735159817351598,0.0,1.1394688995114364
2019-07-01 18:30:00+00:00,-0.63334892175698,5500.0,10361.5,0.0672945205479452,0.0,1.1644259855002959
2019-07-01 18:30:00+00:00,-0.61101934933223,5624.1940884596515,10361.5,0.0672945205479452,0.0,1.1476608634136165
2019-07-01 18:30:00+00:00,-0.58868977690748,5751.192571757179,10361.5,0.0672945205479452,0.0,1.1328952088720736
2019-07-01 18:30:00+00:00,-0.5663602044827301,5881.05877521269,10361.5,0.0672945205479452,0.0,1.1198741268074035
2019-07-01 18:30:00+00:00,-0.5440306320579802,6013.857454079085,10361.5,0.0672945205479452,0.0,1.1083840357014871
2019-07-01 18:30:00+00:00,-0.5217010596332302,6149.654825831019,10361.5,0.0672945205479452,0.0,1.0982445751157413
2019-07-01 18:30:00+00:00,-0.49937148720848024,6288.518603182943,10361.5,0.0672945205479452,0.0,1.0893023461290425
2019-07-01 18:30:00+00:00,-0.47704191478373026,6430.518027852736,10361.5,0.0672945205479452,0.0,1.0814260197854275
2019-07-01 18:30:00+00:00,-0.4547123423589803,6575.723905087741,10361.5,0.0672945205479452,0.0,1.0745024776944156
2019-07-01 18:30:00+00:00,-0.4323827699342303,6724.208638970415,10361.5,0.0672945205479452,0.0,1.0684337394388388
2019-07-01 18:30:00+00:00,-0.4100531975094803,6876.046268521224,10361.5,0.0672945205479452,0.0,1.0631344956360949
2019-07-01 18:30:00+00:00,-0.3877236250847304,7031.312504616747,10361.5,0.0672945205479452,0.0,1.0585301115192711
2019-07-01 18:30:00+00:00,-0.36539405265998043,7190.084767741444,10361.5,0.0672945205479452,0.0,1.0545549992458112
2019-07-01 18:30:00+00:00,-0.34306448023523045,7352.4422265918565,10361.5,0.0672945205479452,0.0,1.0511512815424149
2019-07-01 18:30:00+00:00,-0.32073490781048053,7518.465837552552,10361.5,0.0672945205479452,0.0,1.048267687326837
2019-07-01 18:30:00+00:00,-0.29840533538573055,7688.238385063438,10361.5,0.0672945205479452,0.0,1.0458586333960416
2019-07-01 18:30:00+00:00,-0.2760757629609806,7861.844522898613,10361.5,0.0672945205479452,0.0,1.043883456390161
2019-07-01 18:30:00+00:00,-0.2537461905362306,8039.370816377321,10361.5,0.0672945205479452,0.0,1.0423057669204814
2019-07-01 18:30:00+00:00,-0.23141661811148062,8220.905785528068,10361.5,0.0672945205479452,0.0,1.0410929036236105
2019-07-01 18:30:00+00:00,-0.2090870456867307,8406.539949227401,10361.5,0.0672945205479452,0.0,1.0402154694308292
2019-07-01 18:30:00+00:00,-0.18675747326198072,8596.36587033539,10361.5,0.0672945205479452,0.0,1.0396469358565397
2019-07-01 18:30:00+00:00,-0.16442790083723074,8790.478201850294,10361.5,0.0672945205479452,0.0,1.0393633038572312
2019-07-01 18:30:00+00:00,-0.14209832841248082,8988.973734105426,10361.5,0.0672945205479452,0.0,1.0393428119743886
2019-07-01 18:30:00+00:00,-0.11976875598773085,9191.951443031785,10361.5,0.0672945205479452,0.0,1.0395656841869592
2019-07-01 18:30:00+00:00,-0.09743918356298087,9399.51253951046,10361.5,0.0672945205479452,0.0,1.0400139112626359
2019-07-01 18:30:00+00:00,-0.07510961113823089,9611.760519839472,10361.5,0.0672945205479452,0.0,1.0406710604900475
2019-07-01 18:30:00+00:00,-0.052780038713480915,9828.801217340186,10361.5,0.0672945205479452,0.0,1.0415221095540377
2019-07-01 18:30:00+00:00,-0.030450466288730937,10050.742855129038,10361.5,0.0672945205479452,0.0,1.042553301028995
2019-07-01 18:30:00+00:00,-0.008120893863981071,10277.696100080873,10361.5,0.0672945205479452,0.0,1.0437520145452475
2019-07-01 18:30:00+00:00,0.014208678560768906,10509.774118010848,10361.5,0.0672945205479452,0.0,1.0451066541578928
2019-07-01 18:30:00+00:00,0.03653825098551888,10747.092630102337,10361.5,0.0672945205479452,0.0,1.0466065488370793
2019-07-01 18:30:00+00:00,0.05886782341026886,10989.769970609064,10361.5,0.0672945205479452,0.0,1.0482418643200924
2019-07-01 18:30:00+00:00,0.08119739583501884,11237.927145860163,10361.5,0.0672945205479452,0.0,1.0500035248322084
2019-07-01 18:30:00+00:00,0.10352696825976881,11491.687894597633,10361.5,0.0672945205479452,0.0,1.0518831434047413
2019-07-01 18:30:00+00:00,0.1258565406845188,11751.178749676246,10361.5,0.0672945205479452,0.0,1.0538729597036334
2019-07-01 18:30:00+00:00,0.14818611310926877,12016.529101156695,10361.5,0.0672945205479452,0.0,1.0559657844374197
2019-07-01 18:30:00+00:00,0.17051568553401875,12287.87126082343,10361.5,0.0672945205479452,0.0,1.0581549495435068
2019-07-01 18:30:00+00:00,0.1928452579587686,12565.340528159339,10361.5,0.0672945205479452,0.0,1.0604342634621482
2019-07-01 18:30:00+00:00,0.2151748303835186,12849.075257810224,10361.5,0.0672945205479452,0.0,1.0627979709007245
2019-07-01 18:30:00+00:00,0.23750440280826857,13139.216928572625,10361.5,0.0672945205479452,0.0,1.0652407165700974
2019-07-01 18:30:00+00:00,0.25983397523301854,13435.910213939478,10361.5,0.0672945205479452,0.0,1.0677575124425982
2019-07-01 18:30:00+00:00,0.2821635476577685,13739.30305423874,10361.5,0.0672945205479452,0.0,1.0703437081387859
2019-07-01 18:30:00+00:00,0.3044931200825185,14049.546730400938,10361.5,0.0672945205479452,0.0,1.072994964099628
2019-07-01 18:30:00+00:00,0.3268226925072685,14366.795939392468,10361.5,0.0672945205479452,0.0,1.0757072272435417
2019-07-01 18:30:00+00:00,0.34915226493201834,14691.208871352226,10361.5,0.0672945205479452,0.0,1.0784767088440286
2019-07-01 18:30:00+00:00,0.37148183735676843,15022.947288470035,10361.5,0.0672945205479452,0.0,1.081299864395761
2019-07-01 18:30:00+00:00,0.3938114097815183,15362.1766056462,10361.5,0.0672945205479452,0.0,1.0841733752640652
2019-07-01 18:30:00+00:00,0.4161409822062684,15709.065972972461,10361.5,0.0672945205479452,0.0,1.0870941319368708
2019-07-01 18:30:00+00:00,0.43847055463101825,16063.78836007534,10361.5,0.0672945205479452,0.0,1.0900592187187752
2019-07-01 18:30:00+00:00,0.4608001270557681,16426.520642364125,10361.5,0.0672945205479452,0.0,1.0930658997250624
2019-07-01 18:30:00+00:00,0.4831296994805182,16797.44368922632,10361.5,0.0672945205479452,0.0,1.0961116060492517
2019-07-01 18:30:00+00:00,0.5054592719052681,17176.742454214644,10361.5,0.0672945205479452,0.0,1.099193923991781
2019-07-01 18:30:00+00:00,0.5277888443300182,17564.606067270535,10361.5,0.0672945205479452,0.0,1.1023105842493746
2019-07-01 18:30:00+00:00,0.550118416754768,17961.227929030083,10361.5,0.0672945205479452,0.0,1.1054594519754892
2019-07-01 18:30:00+00:00,0.5724479891795181,18366.805807259523,10361.5,0.0672945205479452,0.0,1.108638517631751
2019-07-01 18:30:00+00:00,0.594777561604268,18781.541935468256,10361.5,0.0672945205479452,0.0,1.1118458885582696
2019-07-01 18:30:00+00:00,0.6171071340290178,19205.643113748654,10361.5,0.0672945205479452,0.0,1.1150797811985607
2019-07-01 18:30:00+00:00,0.6394367064537679,19639.32081189291,10361.5,0.0672945205479452,0.0,1.1183385139209705
2019-07-01 18:30:00+00:00,0.6617662788785178,20082.79127483831,10361.5,0.0672945205479452,0.0,1.1216205003843118
2019-07-01 18:30:00+00:00,0.6840958513032679,20536.275630493583,10361.5,0.0672945205479452,0.0,1.1249242434008686
2019-07-01 18:30:00+00:00,0.7064254237280179,21000.0,10361.5,0.0672945205479452,0.0,1.1282483292540844
2019-07-01 19:00:00+00:00,-0.6144861315926369,5500.0,10167.884999999998,0.06723744292237444,0.0,1.1476088905553323
2019-07-01 19:00:00+00:00,-0.5921565591678869,5624.194088459652,10167.884999999998,0.06723744292237444,0.0,1.1330881787263238
2019-07-01 19:00:00+00:00,-0.5698269867431369,5751.19257175718,10167.884999999998,0.06723744292237444,0.0,1.120165641243287
2019-07-01 19:00:00+00:00,-0.5474974143183869,5881.05877521269,10167.884999999998,0.06723744292237444,0.0,1.1086685038536437
2019-07-01 19:00:00+00:00,-0.525167841893637,6013.857454079085,10167.884999999998,0.06723744292237444,0.0,1.098446800761044
2019-07-01 19:00:00+00:00,-0.5028382694688871,6149.654825831018,10167.884999999998,0.06723744292237444,0.0,1.0893698776714522
2019-07-01 19:00:00+00:00,-0.4805086970441371,6288.518603182942,10167.884999999998,0.06723744292237444,0.0,1.0813234827854825
2019-07-01 19:00:00+00:00,-0.45817912461938715,6430.518027852736,10167.884999999998,0.06723744292237444,0.0,1.0742073441883744
2019-07-01 19:00:00+00:00,-0.43584955219463717,6575.7239050877415,10167.884999999998,0.06723744292237444,0.0,1.0679331482033296
2019-07-01 19:00:00+00:00,-0.4135199797698872,6724.208638970415,10167.884999999998,0.06723744292237444,0.0,1.062422847859154
2019-07-01 19:00:00+00:00,-0.3911904073451372,6876.046268521224,10167.884999999998,0.06723744292237444,0.0,1.057607243218338
2019-07-01 19:00:00+00:00,-0.3688608349203873,7031.312504616749,10167.884999999998,0.06723744292237444,0.0,1.0534247858956531
2019-07-01 19:00:00+00:00,-0.3465312624956373,7190.084767741443,10167.884999999998,0.06723744292237444,0.0,1.0498205688456277
2019-07-01 19:00:00+00:00,-0.32420169007088734,7352.442226591857,10167.884999999998,0.06723744292237444,0.0,1.0467454696562053
2019-07-01 19:00:00+00:00,-0.3018721176461374,7518.465837552553,10167.884999999998,0.06723744292237444,0.0,1.044155421409771
2019-07-01 19:00:00+00:00,-0.27954254522138744,7688.238385063438,10167.884999999998,0.06723744292237444,0.0,1.0420107898958006
2019-07-01 19:00:00+00:00,-0.25721297279663746,7861.844522898612,10167.884999999998,0.06723744292237444,0.0,1.0402758397848548
2019-07-01 19:00:00+00:00,-0.23488340037188749,8039.370816377322,10167.884999999998,0.06723744292237444,0.0,1.038918275472511
2019-07-01 19:00:00+00:00,-0.2125538279471375,8220.905785528068,10167.884999999998,0.06723744292237444,0.0,1.0379088448145408
2019-07-01 19:00:00+00:00,-0.1902242555223876,8406.539949227401,10167.884999999998,0.06723744292237444,0.0,1.0372209960157823
2019-07-01 19:00:00+00:00,-0.1678946830976376,8596.36587033539,10167.884999999998,0.06723744292237444,0.0,1.0368305795966255
2019-07-01 19:00:00+00:00,-0.14556511067288763,8790.478201850294,10167.884999999998,0.06723744292237444,0.0,1.0367155887171455
2019-07-01 19:00:00+00:00,-0.12323553824813771,8988.973734105426,10167.884999999998,0.06723744292237444,0.0,1.036855932248675
2019-07-01 19:00:00+00:00,-0.10090596582338773,9191.951443031785,10167.884999999998,0.06723744292237444,0.0,1.0372332358936658
2019-07-01 19:00:00+00:00,-0.07857639339863776,9399.512539510459,10167.884999999998,0.06723744292237444,0.0,1.037830667404686
2019-07-01 19:00:00+00:00,-0.05624682097388778,9611.760519839472,10167.884999999998,0.06723744292237444,0.0,1.0386327825730022
2019-07-01 19:00:00+00:00,-0.0339172485491378,9828.801217340186,10167.884999999998,0.06723744292237444,0.0,1.0396253891704632
2019-07-01 19:00:00+00:00,-0.011587676124387825,10050.742855129038,10167.884999999998,0.06723744292237444,0.0,1.040795426455121
2019-07-01 19:00:00+00:00,0.010741896300362042,10277.696100080873,10167.884999999998,0.06723744292237444,0.0,1.0421308582067943
2019-07-01 19:00:00+00:00,0.03307146872511202,10509.77411801085,10167.884999999998,0.06723744292237444,0.0,1.0436205775563565
2019-07-01 19:00:00+00:00,0.055401041149861996,10747.09263010234,10167.884999999998,0.06723744292237444,0.0,1.0452543221222943
2019-07-01 19:00:00+00:00,0.07773061357461197,10989.769970609066,10167.884999999998,0.06723744292237444,0.0,1.0470225981781258
2019-07-01 19:00:00+00:00,0.10006018599936195,11237.927145860165,10167.884999999998,0.06723744292237444,0.0,1.048916612751771
2019-07-01 19:00:00+00:00,0.12238975842411193,11491.687894597633,10167.884999999998,0.06723744292237444,0.0,1.0509282127080801
2019-07-01 19:00:00+00:00,0.1447193308488619,11751.178749676246,10167.884999999998,0.06723744292237444,0.0,1.053049829993245
2019-07-01 19:00:00+00:00,0.16704890327361188,12016.529101156693,10167.884999999998,0.06723744292237444,0.0,1.0552744323283858
2019-07-01 19:00:00+00:00,0.18937847569836186,12287.87126082343,10167.884999999998,0.06723744292237444,0.0,1.0575954787323387
2019-07-01 19:00:00+00:00,0.21170804812311173,12565.340528159337,10167.884999999998,0.06723744292237444,0.0,1.060006879332891
2019-07-01 19:00:00+00:00,0.2340376205478617,12849.075257810224,10167.884999999998,0.06723744292237444,0.0,1.0625029589939317
2019-07-01 19:00:00+00:00,0.2563671929726117,13139.216928572625,10167.884999999998,0.06723744292237444,0.0,1.065078424344524
2019-07-01 19:00:00+00:00,0.27869676539736166,13435.91021393948,10167.884999999998,0.06723744292237444,0.0,1.067728333846396
2019-07-01 19:00:00+00:00,0.30102633782211163,13739.30305423874,10167.884999999998,0.06723744292237444,0.0,1.0704480705801378
2019-07-01 19:00:00+00:00,0.3233559102468616,14049.546730400938,10167.884999999998,0.06723744292237444,0.0,1.0732333174681419
2019-07-01 19:00:00+00:00,0.3456854826716116,14366.79593939247,10167.884999999998,0.06723744292237444,0.0,1.0760800346853394
2019-07-01 19:00:00+00:00,0.36801505509636145,14691.208871352226,10167.884999999998,0.06723744292237444,0.0,1.0789844390372894
2019-07-01 19:00:00+00:00,0.39034462752111154,15022.947288470035,10167.884999999998,0.06723744292237444,0.0,1.081942985110241
2019-07-01 19:00:00+00:00,0.4126741999458614,15362.176605646202,10167.884999999998,0.06723744292237444,0.0,1.08495234801959
2019-07-01 19:00:00+00:00,0.4350037723706115,15709.065972972461,10167.884999999998,0.06723744292237444,0.0,1.088009407602264
2019-07-01 19:00:00+00:00,0.45733334479536136,16063.788360075341,10167.884999999998,0.06723744292237444,0.0,1.0911112339153675
2019-07-01 19:00:00+00:00,0.47966291722011123,16426.520642364125,10167.884999999998,0.06723744292237444,0.0,1.094255073918181
2019-07-01 19:00:00+00:00,0.5019924896448613,16797.44368922632,10167.884999999998,0.06723744292237444,0.0,1.0974383392275777
2019-07-01 19:00:00+00:00,0.5243220620696112,17176.742454214644,10167.884999999998,0.06723744292237444,0.0,1.100658594848455
2019-07-01 19:00:00+00:00,0.5466516344943613,17564.606067270535,10167.884999999998,0.06723744292237444,0.0,1.1039135487908298
2019-07-01 19:00:00+00:00,0.5689812069191111,17961.227929030083,10167.884999999998,0.06723744292237444,0.0,1.1072010424943513
2019-07-01 19:00:00+00:00,0.5913107793438612,18366.805807259527,10167.884999999998,0.06723744292237444,0.0,1.110519041988811
2019-07-01 19:00:00+00:00,0.6136403517686111,18781.541935468256,10167.884999999998,0.06723744292237444,0.0,1.1138656297264327
2019-07-01 19:00:00+00:00,0.635969924193361,19205.643113748654,10167.884999999998,0.06723744292237444,0.0,1.1172389970279517
2019-07-01 19:00:00+00:00,0.658299496618111,19639.32081189291,10167.884999999998,0.06723744292237444,0.0,1.1206374370901468
2019-07-01 19:00:00+00:00,0.6806290690428609,20082.79127483831,10167.884999999998,0.06723744292237444,0.0,1.1240593385074285
2019-07-01 19:00:00+00:00,0.702958641467611,20536.275630493583,10167.884999999998,0.06723744292237444,0.0,1.1275031792647114
2019-07-01 19:00:00+00:00,0.7252882138923608,20999.999999999996,10167.884999999998,0.06723744292237444,0.0,1.1309675211625843
2019-07-01 19:30:00+00:00,-0.6261309257071583,5500.000000000001,10286.98,0.06718036529680366,0.0,1.1218205118322093
2019-07-01 19:30:00+00:00,-0.6038013532824084,5624.1940884596515,10286.98,0.06718036529680366,0.0,1.11226684728633
2019-07-01 19:30:00+00:00,-0.5814717808576584,5751.192571757181,10286.98,0.06718036529680366,0.0,1.103425530396873
2019-07-01 19:30:00+00:00,-0.5591422084329084,5881.05877521269,10286.98,0.06718036529680366,0.0,1.0952675442427495
2019-07-01 19:30:00+00:00,-0.5368126360081584,6013.857454079086,10286.98,0.06718036529680366,0.0,1.087763791123599
2019-07-01 19:30:00+00:00,-0.5144830635834086,6149.6548258310195,10286.98,0.06718036529680366,0.0,1.08088533919185
2019-07-01 19:30:00+00:00,-0.4921534911586586,6288.518603182943,10286.98,0.06718036529680366,0.0,1.0746036279531404
2019-07-01 19:30:00+00:00,-0.4698239187339086,6430.518027852737,10286.98,0.06718036529680366,0.0,1.0688906362252624
2019-07-01 19:30:00+00:00,-0.44749434630915863,6575.7239050877415,10286.98,0.06718036529680366,0.0,1.0637190164397552
2019-07-01 19:30:00+00:00,-0.42516477388440865,6724.208638970417,10286.98,0.06718036529680366,0.0,1.0590621992359255
2019-07-01 19:30:00+00:00,-0.4028352014596587,6876.046268521224,10286.98,0.06718036529680366,0.0,1.054894472197714
2019-07-01 19:30:00+00:00,-0.38050562903490875,7031.312504616749,10286.98,0.06718036529680366,0.0,1.0511910363724308
2019-07-01 19:30:00+00:00,-0.3581760566101588,7190.084767741445,10286.98,0.06718036529680366,0.0,1.0479280439294039
2019-07-01 19:30:00+00:00,-0.3358464841854088,7352.442226591858,10286.98,0.06718036529680366,0.0,1.0450826199986523
2019-07-01 19:30:00+00:00,-0.3135169117606589,7518.465837552553,10286.98,0.06718036529680366,0.0,1.0426328713988726
2019-07-01 19:30:00+00:00,-0.2911873393359089,7688.238385063439,10286.98,0.06718036529680366,0.0,1.0405578846373598
2019-07-01 19:30:00+00:00,-0.2688577669111589,7861.844522898614,10286.98,0.06718036529680366,0.0,1.0388377152532775
2019-07-01 19:30:00+00:00,-0.24652819448640895,8039.370816377322,10286.98,0.06718036529680366,0.0,1.037453370286946
2019-07-01 19:30:00+00:00,-0.22419862206165897,8220.905785528068,10286.98,0.06718036529680366,0.0,1.0363867853952773
2019-07-01 19:30:00+00:00,-0.20186904963690905,8406.539949227401,10286.98,0.06718036529680366,0.0,1.035620797898573
2019-07-01 19:30:00+00:00,-0.17953947721215907,8596.365870335392,10286.98,0.06718036529680366,0.0,1.035139116836439
2019-07-01 19:30:00+00:00,-0.1572099047874091,8790.478201850294,10286.98,0.06718036529680366,0.0,1.0349262909293002
2019-07-01 19:30:00+00:00,-0.13488033236265917,8988.973734105428,10286.98,0.06718036529680366,0.0,1.0349676751851387
2019-07-01 19:30:00+00:00,-0.1125507599379092,9191.951443031787,10286.98,0.06718036529680366,0.0,1.035249396756318
2019-07-01 19:30:00+00:00,-0.09022118751315922,9399.51253951046,10286.98,0.06718036529680366,0.0,1.0357583205365113
2019-07-01 19:30:00+00:00,-0.06789161508840924,9611.760519839474,10286.98,0.06718036529680366,0.0,1.0364820148903942
2019-07-01 19:30:00+00:00,-0.045562042663659263,9828.801217340188,10286.98,0.06718036529680366,0.0,1.0374087178268043
2019-07-01 19:30:00+00:00,-0.023232470238909286,10050.74285512904,10286.98,0.06718036529680366,0.0,1.0385273038574103
2019-07-01 19:30:00+00:00,-0.0009028978141594202,10277.696100080875,10286.98,0.06718036529680366,0.0,1.0398272517257363
2019-07-01 19:30:00+00:00,0.021426674610590557,10509.774118010848,10286.98,0.06718036529680366,0.0,1.0412986131440198
2019-07-01 19:30:00+00:00,0.043756247035340534,10747.092630102341,10286.98,0.06718036529680366,0.0,1.0429319826363794
2019-07-01 19:30:00+00:00,0.06608581946009051,10989.769970609068,10286.98,0.06718036529680366,0.0,1.0447184685548074
2019-07-01 19:30:00+00:00,0.08841539188484049,11237.927145860165,10286.98,0.06718036529680366,0.0,1.0466496653085697
2019-07-01 19:30:00+00:00,0.11074496430959047,11491.687894597635,10286.98,0.06718036529680366,0.0,1.0487176268266143
2019-07-01 19:30:00+00:00,0.13307453673434044,11751.178749676248,10286.98,0.06718036529680366,0.0,1.0509148412558766
2019-07-01 19:30:00+00:00,0.15540410915909042,12016.529101156697,10286.98,0.06718036529680366,0.0,1.0532342068850846
2019-07-01 19:30:00+00:00,0.1777336815838404,12287.87126082343,10286.98,0.06718036529680366,0.0,1.055669009273363
2019-07-01 19:30:00+00:00,0.20006325400859026,12565.34052815934,10286.98,0.06718036529680366,0.0,1.0582128995549627
2019-07-01 19:30:00+00:00,0.22239282643334024,12849.075257810226,10286.98,0.06718036529680366,0.0,1.0608598738855277
2019-07-01 19:30:00+00:00,0.24472239885809022,13139.216928572627,10286.98,0.06718036529680366,0.0,1.0636042539909412
2019-07-01 19:30:00+00:00,0.2670519712828402,13435.910213939482,10286.98,0.06718036529680366,0.0,1.0664406687768344
2019-07-01 19:30:00+00:00,0.28938154370759017,13739.30305423874,10286.98,0.06718036529680366,0.0,1.069364036954893
2019-07-01 19:30:00+00:00,0.31171111613234015,14049.54673040094,10286.98,0.06718036529680366,0.0,1.0723695506410376
2019-07-01 19:30:00+00:00,0.3340406885570901,14366.79593939247,10286.98,0.06718036529680366,0.0,1.075452659880223
2019-07-01 19:30:00+00:00,0.35637026098184,14691.208871352226,10286.98,0.06718036529680366,0.0,1.0786090580527603
2019-07-01 19:30:00+00:00,0.3786998334065901,15022.947288470035,10286.98,0.06718036529680366,0.0,1.081834668117699
2019-07-01 19:30:00+00:00,0.40102940583133995,15362.176605646204,10286.98,0.06718036529680366,0.0,1.085125629649768
2019-07-01 19:30:00+00:00,0.42335897825609003,15709.065972972463,10286.98,0.06718036529680366,0.0,1.0884782866275668
2019-07-01 19:30:00+00:00,0.4456885506808399,16063.788360075343,10286.98,0.06718036529680366,0.0,1.091889175932086
2019-07-01 19:30:00+00:00,0.46801812310558977,16426.520642364125,10286.98,0.06718036529680366,0.0,1.0953550165161758
2019-07-01 19:30:00+00:00,0.49034769553033986,16797.443689226322,10286.98,0.06718036529680366,0.0,1.0988726992071556
2019-07-01 19:30:00+00:00,0.5126772679550897,17176.742454214644,10286.98,0.06718036529680366,0.0,1.1024392771064442
2019-07-01 19:30:00+00:00,0.5350068403798398,17564.606067270535,10286.98,0.06718036529680366,0.0,1.1060519565517573
2019-07-01 19:30:00+00:00,0.5573364128045897,17961.227929030083,10286.98,0.06718036529680366,0.0,1.1097080886090844
2019-07-01 19:30:00+00:00,0.5796659852293398,18366.805807259527,10286.98,0.06718036529680366,0.0,1.113405161063355
2019-07-01 19:30:00+00:00,0.6019955576540896,18781.54193546826,10286.98,0.06718036529680366,0.0,1.1171407908782847
2019-07-01 19:30:00+00:00,0.6243251300788395,19205.643113748658,10286.98,0.06718036529680366,0.0,1.1209127170975228
2019-07-01 19:30:00+00:00,0.6466547025035896,19639.320811892914,10286.98,0.06718036529680366,0.0,1.124718794160736
2019-07-01 19:30:00+00:00,0.6689842749283395,20082.791274838313,10286.98,0.06718036529680366,0.0,1.128556985609746
2019-07-01 19:30:00+00:00,0.6913138473530895,20536.275630493587,10286.98,0.06718036529680366,0.0,1.1324253581612678
2019-07-01 19:30:00+00:00,0.7136434197778393,21000.0,10286.98,0.06718036529680366,0.0,1.136322076124156
2019-07-01 20:00:00+00:00,-0.6395689811131456,5500.0,10426.15,0.06712328767123288,0.0,1.15255671811902
2019-07-01 20:00:00+00:00,-0.6172394086883957,5624.1940884596515,10426.15,0.06712328767123288,0.0,1.139425210162812
2019-07-01 20:00:00+00:00,-0.5949098362636457,5751.192571757179,10426.15,0.06712328767123288,0.0,1.1274824885172006
2019-07-01 20:00:00+00:00,-0.5725802638388957,5881.05877521269,10426.15,0.06712328767123288,0.0,1.1166403029333865
2019-07-01 20:00:00+00:00,-0.5502506914141458,6013.857454079084,10426.15,0.06712328767123288,0.0,1.1068164551860358
2019-07-01 20:00:00+00:00,-0.5279211189893959,6149.654825831019,10426.15,0.06712328767123288,0.0,1.097934680011117
2019-07-01 20:00:00+00:00,-0.5055915465646459,6288.518603182942,10426.15,0.06712328767123288,0.0,1.089924423428682
2019-07-01 20:00:00+00:00,-0.4832619741398959,6430.518027852736,10426.15,0.06712328767123288,0.0,1.0827205559532023
2019-07-01 20:00:00+00:00,-0.46093240171514593,6575.723905087741,10426.15,0.06712328767123288,0.0,1.0762630485463205
2019-07-01 20:00:00+00:00,-0.43860282929039596,6724.208638970416,10426.15,0.06712328767123288,0.0,1.0704966315024915
2019-07-01 20:00:00+00:00,-0.416273256865646,6876.046268521223,10426.15,0.06712328767123288,0.0,1.0653704505189328
2019-07-01 20:00:00+00:00,-0.39394368444089606,7031.312504616748,10426.15,0.06712328767123288,0.0,1.0608377296938951
2019-07-01 20:00:00+00:00,-0.3716141120161461,7190.084767741443,10426.15,0.06712328767123288,0.0,1.0568554478388916
2019-07-01 20:00:00+00:00,-0.3492845395913961,7352.442226591857,10426.15,0.06712328767123288,0.0,1.0533840320316332
2019-07-01 20:00:00+00:00,-0.3269549671666462,7518.465837552552,10426.15,0.06712328767123288,0.0,1.0503870705681182
2019-07-01 20:00:00+00:00,-0.3046253947418962,7688.238385063438,10426.15,0.06712328767123288,0.0,1.04783104622571
2019-07-01 20:00:00+00:00,-0.2822958223171462,7861.844522898613,10426.15,0.06712328767123288,0.0,1.045685089890974
2019-07-01 20:00:00+00:00,-0.25996624989239625,8039.370816377321,10426.15,0.06712328767123288,0.0,1.0439207540337319
2019-07-01 20:00:00+00:00,-0.23763667746764627,8220.905785528068,10426.15,0.06712328767123288,0.0,1.0425118051438411
2019-07-01 20:00:00+00:00,-0.21530710504289635,8406.539949227401,10426.15,0.06712328767123288,0.0,1.0414340340307655
2019-07-01 20:00:00+00:00,-0.19297753261814637,8596.36587033539,10426.15,0.06712328767123288,0.0,1.040665082774299
2019-07-01 20:00:00+00:00,-0.1706479601933964,8790.478201850292,10426.15,0.06712328767123288,0.0,1.0401842870754814
2019-07-01 20:00:00+00:00,-0.14831838776864648,8988.973734105426,10426.15,0.06712328767123288,0.0,1.0399725327664102
2019-07-01 20:00:00+00:00,-0.1259888153438965,9191.951443031785,10426.15,0.06712328767123288,0.0,1.0400121252791386
2019-07-01 20:00:00+00:00,-0.10365924291914652,9399.51253951046,10426.15,0.06712328767123288,0.0,1.0402866709351493
2019-07-01 20:00:00+00:00,-0.08132967049439654,9611.760519839472,10426.15,0.06712328767123288,0.0,1.0407809689893037
2019-07-01 20:00:00+00:00,-0.05900009806964657,9828.801217340186,10426.15,0.06712328767123288,0.0,1.0414809134398102
2019-07-01 20:00:00+00:00,-0.03667052564489659,10050.742855129038,10426.15,0.06712328767123288,0.0,1.0423734036945134
2019-07-01 20:00:00+00:00,-0.014340953220146724,10277.696100080873,10426.15,0.06712328767123288,0.0,1.043446263260995
2019-07-01 20:00:00+00:00,0.007988619204603253,10509.774118010848,10426.15,0.06712328767123288,0.0,1.0446881657019218
2019-07-01 20:00:00+00:00,0.03031819162935323,10747.092630102337,10426.15,0.06712328767123288,0.0,1.0460885671666518
2019-07-01 20:00:00+00:00,0.05264776405410321,10989.769970609066,10426.15,0.06712328767123288,0.0,1.0476376448749554
2019-07-01 20:00:00+00:00,0.07497733647885318,11237.927145860165,10426.15,0.06712328767123288,0.0,1.049326240988355
2019-07-01 20:00:00+00:00,0.09730690890360316,11491.687894597633,10426.15,0.06712328767123288,0.0,1.0511458113593732
2019-07-01 20:00:00+00:00,0.11963648132835314,11751.178749676244,10426.15,0.06712328767123288,0.0,1.0530883786987433
2019-07-01 20:00:00+00:00,0.14196605375310312,12016.529101156695,10426.15,0.06712328767123288,0.0,1.0551464897459026
2019-07-01 20:00:00+00:00,0.1642956261778531,12287.87126082343,10426.15,0.06712328767123288,0.0,1.0573131760689616
2019-07-01 20:00:00+00:00,0.18662519860260296,12565.340528159339,10426.15,0.06712328767123288,0.0,1.0595819181572392
2019-07-01 20:00:00+00:00,0.20895477102735294,12849.075257810222,10426.15,0.06712328767123288,0.0,1.0619466125027515
2019-07-01 20:00:00+00:00,0.23128434345210291,13139.216928572623,10426.15,0.06712328767123288,0.0,1.0644015413968813
2019-07-01 20:00:00+00:00,0.2536139158768529,13435.910213939478,10426.15,0.06712328767123288,0.0,1.0669413451954184
2019-07-01 20:00:00+00:00,0.27594348830160287,13739.303054238739,10426.15,0.06712328767123288,0.0,1.0695609968292448
2019-07-01 20:00:00+00:00,0.29827306072635285,14049.546730400938,10426.15,0.06712328767123288,0.0,1.0722557783596756
2019-07-01 20:00:00+00:00,0.3206026331511028,14366.795939392468,10426.15,0.06712328767123288,0.0,1.0750212593969095
2019-07-01 20:00:00+00:00,0.3429322055758527,14691.208871352226,10426.15,0.06712328767123288,0.0,1.0778532772175446
2019-07-01 20:00:00+00:00,0.3652617780006028,15022.947288470034,10426.15,0.06712328767123288,0.0,1.0807479184328002
2019-07-01 20:00:00+00:00,0.38759135042535264,15362.176605646202,10426.15,0.06712328767123288,0.0,1.0837015020732024
2019-07-01 20:00:00+00:00,0.40992092285010273,15709.065972972461,10426.15,0.06712328767123288,0.0,1.0867105639681622
2019-07-01 20:00:00+00:00,0.4322504952748526,16063.78836007534,10426.15,0.06712328767123288,0.0,1.089771842310259
2019-07-01 20:00:00+00:00,0.45458006769960246,16426.520642364125,10426.15,0.06712328767123288,0.0,1.0928822643043212
2019-07-01 20:00:00+00:00,0.47690964012435255,16797.44368922632,10426.15,0.06712328767123288,0.0,1.0960389338105692
2019-07-01 20:00:00+00:00,0.4992392125491024,17176.742454214644,10426.15,0.06712328767123288,0.0,1.0992391198994678
2019-07-01 20:00:00+00:00,0.5215687849738525,17564.60606727053,10426.15,0.06712328767123288,0.0,1.1024802462433418
2019-07-01 20:00:00+00:00,0.5438983573986024,17961.227929030083,10426.15,0.06712328767123288,0.0,1.1057598812766474
2019-07-01 20:00:00+00:00,0.5662279298233525,18366.805807259523,10426.15,0.06712328767123288,0.0,1.1090757290627966
2019-07-01 20:00:00+00:00,0.5885575022481023,18781.541935468256,10426.15,0.06712328767123288,0.0,1.1124256208110272
2019-07-01 20:00:00+00:00,0.6108870746728522,19205.643113748654,10426.15,0.06712328767123288,0.0,1.1158075069917124
2019-07-01 20:00:00+00:00,0.6332166470976023,19639.32081189291,10426.15,0.06712328767123288,0.0,1.1192194500030495
2019-07-01 20:00:00+00:00,0.6555462195223521,20082.79127483831,10426.15,0.06712328767123288,0.0,1.1226596173461318
2019-07-01 20:00:00+00:00,0.6778757919471022,20536.275630493583,10426.15,0.06712328767123288,0.0,1.1261262752690868
2019-07-01 20:00:00+00:00,0.7002053643718521,21000.0,10426.15,0.06712328767123288,0.0,1.1296177828443215
2019-07-01 20:30:00+00:00,-0.6544734450598363,5500.0,10582.71,0.0670662100456621,0.0,1.1867817643780063
2019-07-01 20:30:00+00:00,-0.6321438726350863,5624.194088459652,10582.71,0.0670662100456621,0.0,1.1621037581642049
2019-07-01 20:30:00+00:00,-0.6098143002103363,5751.192571757181,10582.71,0.0670662100456621,0.0,1.140005849151862
2019-07-01 20:30:00+00:00,-0.5874847277855864,5881.05877521269,10582.71,0.0670662100456621,0.0,1.1205900190259646
2019-07-01 20:30:00+00:00,-0.5651551553608365,6013.857454079085,10582.71,0.0670662100456621,0.0,1.1038229576653582
2019-07-01 20:30:00+00:00,-0.5428255829360865,6149.654825831019,10582.71,0.0670662100456621,0.0,1.0895573458454588
2019-07-01 20:30:00+00:00,-0.5204960105113365,6288.518603182943,10582.71,0.0670662100456621,0.0,1.0775690015071318
2019-07-01 20:30:00+00:00,-0.49816643808658656,6430.518027852737,10582.71,0.0670662100456621,0.0,1.0675961979400748
2019-07-01 20:30:00+00:00,-0.4758368656618366,6575.7239050877415,10582.71,0.0670662100456621,0.0,1.05937149645968
2019-07-01 20:30:00+00:00,-0.4535072932370866,6724.208638970416,10582.71,0.0670662100456621,0.0,1.0526426371476756
2019-07-01 20:30:00+00:00,-0.43117772081233663,6876.046268521224,10582.71,0.0670662100456621,0.0,1.0471834876289918
2019-07-01 20:30:00+00:00,-0.4088481483875867,7031.312504616749,10582.71,0.0670662100456621,0.0,1.0427978576486716
2019-07-01 20:30:00+00:00,-0.38651857596283673,7190.084767741444,10582.71,0.0670662100456621,0.0,1.0393190053901102
2019-07-01 20:30:00+00:00,-0.36418900353808675,7352.442226591858,10582.71,0.0670662100456621,0.0,1.0366069593017893
2019-07-01 20:30:00+00:00,-0.34185943111333683,7518.465837552553,10582.71,0.0670662100456621,0.0,1.0345450064250117
2019-07-01 20:30:00+00:00,-0.31952985868858685,7688.238385063439,10582.71,0.0670662100456621,0.0,1.0330361024497943
2019-07-01 20:30:00+00:00,-0.2972002862638369,7861.844522898613,10582.71,0.0670662100456621,0.0,1.0319995709279393
2019-07-01 20:30:00+00:00,-0.2748707138390869,8039.370816377322,10582.71,0.0670662100456621,0.0,1.0313682333649123
2019-07-01 20:30:00+00:00,-0.2525411414143369,8220.905785528068,10582.71,0.0670662100456621,0.0,1.0310859926718847
2019-07-01 20:30:00+00:00,-0.230211568989587,8406.539949227401,10582.71,0.0670662100456621,0.0,1.0311058363568424
2019-07-01 20:30:00+00:00,-0.20788199656483702,8596.365870335392,10582.71,0.0670662100456621,0.0,1.0313882043811657
2019-07-01 20:30:00+00:00,-0.18555242414008705,8790.478201850294,10582.71,0.0670662100456621,0.0,1.0318996627709116
2019-07-01 20:30:00+00:00,-0.16322285171533713,8988.973734105428,10582.71,0.0670662100456621,0.0,1.032611828315531
2019-07-01 20:30:00+00:00,-0.14089327929058715,9191.951443031785,10582.71,0.0670662100456621,0.0,1.0335004969720885
2019-07-01 20:30:00+00:00,-0.11856370686583717,9399.51253951046,10582.71,0.0670662100456621,0.0,1.0345449364244907
2019-07-01 20:30:00+00:00,-0.0962341344410872,9611.760519839472,10582.71,0.0670662100456621,0.0,1.0357273105024174
2019-07-01 20:30:00+00:00,-0.07390456201633722,9828.801217340188,10582.71,0.0670662100456621,0.0,1.0370322094294828
2019-07-01 20:30:00+00:00,-0.05157498959158724,10050.742855129038,10582.71,0.0670662100456621,0.0,1.0384462650749773
2019-07-01 20:30:00+00:00,-0.029245417166837373,10277.696100080875,10582.71,0.0670662100456621,0.0,1.039957834610931
2019-07-01 20:30:00+00:00,-0.006915844742087396,10509.77411801085,10582.71,0.0670662100456621,0.0,1.0415567393636842
2019-07-01 20:30:00+00:00,0.015413727682662581,10747.09263010234,10582.71,0.0670662100456621,0.0,1.0432340483421616
2019-07-01 20:30:00+00:00,0.03774330010741256,10989.769970609066,10582.71,0.0670662100456621,0.0,1.0449818980568872
2019-07-01 20:30:00+00:00,0.060072872532162536,11237.927145860167,10582.71,0.0670662100456621,0.0,1.0467933419283895
2019-07-01 20:30:00+00:00,0.08240244495691251,11491.687894597633,10582.71,0.0670662100456621,0.0,1.0486622239146621
2019-07-01 20:30:00+00:00,0.10473201738166249,11751.178749676246,10582.71,0.0670662100456621,0.0,1.0505830720401799
2019-07-01 20:30:00+00:00,0.12706158980641247,12016.529101156695,10582.71,0.0670662100456621,0.0,1.0525510083433136
2019-07-01 20:30:00+00:00,0.14939116223116244,12287.87126082343,10582.71,0.0670662100456621,0.0,1.0545616724218856
2019-07-01 20:30:00+00:00,0.1717207346559123,12565.340528159339,10582.71,0.0670662100456621,0.0,1.0566111562848
2019-07-01 20:30:00+00:00,0.1940503070806623,12849.075257810224,10582.71,0.0670662100456621,0.0,1.0586959486399223
2019-07-01 20:30:00+00:00,0.21637987950541226,13139.216928572625,10582.71,0.0670662100456621,0.0,1.0608128870870677
2019-07-01 20:30:00+00:00,0.23870945193016224,13435.91021393948,10582.71,0.0670662100456621,0.0,1.0629591169575625
2019-07-01 20:30:00+00:00,0.2610390243549122,13739.30305423874,10582.71,0.0670662100456621,0.0,1.0651320557620902
2019-07-01 20:30:00+00:00,0.2833685967796622,14049.546730400938,10582.71,0.0670662100456621,0.0,1.067329362387086
2019-07-01 20:30:00+00:00,0.3056981692044122,14366.79593939247,10582.71,0.0670662100456621,0.0,1.069548910325236
2019-07-01 20:30:00+00:00,0.32802774162916204,14691.208871352228,10582.71,0.0670662100456621,0.0,1.0717887643443031
2019-07-01 20:30:00+00:00,0.35035731405391213,15022.947288470037,10582.71,0.0670662100456621,0.0,1.0740471600957415
2019-07-01 20:30:00+00:00,0.372686886478662,15362.176605646204,10582.71,0.0670662100456621,0.0,1.0763224862445353
2019-07-01 20:30:00+00:00,0.3950164589034121,15709.065972972463,10582.71,0.0670662100456621,0.0,1.0786132687677124
2019-07-01 20:30:00+00:00,0.41734603132816195,16063.788360075343,10582.71,0.0670662100456621,0.0,1.0809181571236337
2019-07-01 20:30:00+00:00,0.4396756037529118,16426.520642364125,10582.71,0.0670662100456621,0.0,1.0832359120395563
2019-07-01 20:30:00+00:00,0.4620051761776619,16797.44368922632,10582.71,0.0670662100456621,0.0,1.0855653947028325
2019-07-01 20:30:00+00:00,0.48433474860241177,17176.742454214644,10582.71,0.0670662100456621,0.0,1.0879055571727354
2019-07-01 20:30:00+00:00,0.5066643210271619,17564.60606727053,10582.71,0.0670662100456621,0.0,1.0902554338564492
2019-07-01 20:30:00+00:00,0.5289938934519117,17961.227929030083,10582.71,0.0670662100456621,0.0,1.0926141339150723
2019-07-01 20:30:00+00:00,0.5513234658766618,18366.805807259527,10582.71,0.0670662100456621,0.0,1.094980834484341
2019-07-01 20:30:00+00:00,0.5736530383014117,18781.541935468256,10582.71,0.0670662100456621,0.0,1.0973547746106735
2019-07-01 20:30:00+00:00,0.5959826107261615,19205.643113748658,10582.71,0.0670662100456621,0.0,1.099735249816698
2019-07-01 20:30:00+00:00,0.6183121831509116,19639.320811892914,10582.71,0.0670662100456621,0.0,1.1021216072218842
2019-07-01 20:30:00+00:00,0.6406417555756615,20082.791274838313,10582.71,0.0670662100456621,0.0,1.1045132411537348
2019-07-01 20:30:00+00:00,0.6629713280004116,20536.275630493583,10582.71,0.0670662100456621,0.0,1.1069095891933596
2019-07-01 20:30:00+00:00,0.6853009004251613,21000.0,10582.71,0.0670662100456621,0.0,1.1093101286064504
2019-07-01 21:00:00+00:00,-0.6532461633250362,5500.000000000001,10569.73,0.06700913242009132,0.0,1.179141772123836
2019-07-01 21:00:00+00:00,-0.6309165909002862,5624.194088459652,10569.73,0.06700913242009132,0.0,1.1516444136638082
2019-07-01 21:00:00+00:00,-0.6085870184755362,5751.19257175718,10569.73,0.06700913242009132,0.0,1.1294164305098955
2019-07-01 21:00:00+00:00,-0.5862574460507862,5881.058775212691,10569.73,0.06700913242009132,0.0,1.1112496497770112
2019-07-01 21:00:00+00:00,-0.5639278736260362,6013.857454079086,10569.73,0.06700913242009132,0.0,1.096275951058344
2019-07-01 21:00:00+00:00,-0.5415983012012864,6149.654825831019,10569.73,0.06700913242009132,0.0,1.0838563136329817
2019-07-01 21:00:00+00:00,-0.5192687287765364,6288.518603182943,10569.73,0.06700913242009132,0.0,1.0735102978548072
2019-07-01 21:00:00+00:00,-0.4969391563517864,6430.518027852737,10569.73,0.06700913242009132,0.0,1.064869909309476
2019-07-01 21:00:00+00:00,-0.47460958392703645,6575.723905087741,10569.73,0.06700913242009132,0.0,1.0576486128177212
2019-07-01 21:00:00+00:00,-0.45228001150228647,6724.208638970416,10569.73,0.06700913242009132,0.0,1.0516200236803628
2019-07-01 21:00:00+00:00,-0.4299504390775365,6876.046268521225,10569.73,0.06700913242009132,0.0,1.0466029387483307
2019-07-01 21:00:00+00:00,-0.4076208666527866,7031.312504616749,10569.73,0.06700913242009132,0.0,1.0424506175051846
2019-07-01 21:00:00+00:00,-0.3852912942280366,7190.084767741444,10569.73,0.06700913242009132,0.0,1.0390429723625472
2019-07-01 21:00:00+00:00,-0.3629617218032866,7352.442226591857,10569.73,0.06700913242009132,0.0,1.0362807885495662
2019-07-01 21:00:00+00:00,-0.3406321493785367,7518.465837552553,10569.73,0.06700913242009132,0.0,1.034081384645495
2019-07-01 21:00:00+00:00,-0.3183025769537867,7688.238385063439,10569.73,0.06700913242009132,0.0,1.0323753119904786
2019-07-01 21:00:00+00:00,-0.29597300452903674,7861.844522898614,10569.73,0.06700913242009132,0.0,1.031103814168694
2019-07-01 21:00:00+00:00,-0.27364343210428677,8039.370816377322,10569.73,0.06700913242009132,0.0,1.030216850016819
2019-07-01 21:00:00+00:00,-0.2513138596795368,8220.905785528068,10569.73,0.06700913242009132,0.0,1.029671539576606
2019-07-01 21:00:00+00:00,-0.22898428725478687,8406.539949227401,10569.73,0.06700913242009132,0.0,1.0294309310852965
2019-07-01 21:00:00+00:00,-0.2066547148300369,8596.365870335392,10569.73,0.06700913242009132,0.0,1.0294630142119274
2019-07-01 21:00:00+00:00,-0.1843251424052869,8790.478201850294,10569.73,0.06700913242009132,0.0,1.029739924012962
2019-07-01 21:00:00+00:00,-0.161995569980537,8988.973734105428,10569.73,0.06700913242009132,0.0,1.0302372939406155
2019-07-01 21:00:00+00:00,-0.139665997555787,9191.951443031785,10569.73,0.06700913242009132,0.0,1.0309337263247456
2019-07-01 21:00:00+00:00,-0.11733642513103704,9399.51253951046,10569.73,0.06700913242009132,0.0,1.031810356170657
2019-07-01 21:00:00+00:00,-0.09500685270628706,9611.760519839472,10569.73,0.06700913242009132,0.0,1.0328504896309645
2019-07-01 21:00:00+00:00,-0.07267728028153708,9828.801217340188,10569.73,0.06700913242009132,0.0,1.0340393026482282
2019-07-01 21:00:00+00:00,-0.050347707856787105,10050.742855129038,10569.73,0.06700913242009132,0.0,1.0353635883978047
2019-07-01 21:00:00+00:00,-0.02801813543203724,10277.696100080875,10569.73,0.06700913242009132,0.0,1.0368115445520905
2019-07-01 21:00:00+00:00,-0.005688563007287262,10509.77411801085,10569.73,0.06700913242009132,0.0,1.0383725932272299
2019-07-01 21:00:00+00:00,0.016641009417462715,10747.092630102341,10569.73,0.06700913242009132,0.0,1.0400372279001004
2019-07-01 21:00:00+00:00,0.03897058184221269,10989.769970609066,10569.73,0.06700913242009132,0.0,1.0417968826966018
2019-07-01 21:00:00+00:00,0.06130015426696267,11237.927145860165,10569.73,0.06700913242009132,0.0,1.0436438203276348
2019-07-01 21:00:00+00:00,0.08362972669171265,11491.687894597635,10569.73,0.06700913242009132,0.0,1.0455710356411896
2019-07-01 21:00:00+00:00,0.10595929911646262,11751.178749676246,10569.73,0.06700913242009132,0.0,1.0475721723094913
2019-07-01 21:00:00+00:00,0.1282888715412126,12016.529101156695,10569.73,0.06700913242009132,0.0,1.0496414506108422
2019-07-01 21:00:00+00:00,0.15061844396596258,12287.87126082343,10569.73,0.06700913242009132,0.0,1.0517736046202466
2019-07-01 21:00:00+00:00,0.17294801639071244,12565.340528159339,10569.73,0.06700913242009132,0.0,1.0539638274095287
2019-07-01 21:00:00+00:00,0.19527758881546242,12849.075257810226,10569.73,0.06700913242009132,0.0,1.0562077230905398
2019-07-01 21:00:00+00:00,0.2176071612402124,13139.216928572623,10569.73,0.06700913242009132,0.0,1.058501264725355
2019-07-01 21:00:00+00:00,0.23993673366496238,13435.91021393948,10569.73,0.06700913242009132,0.0,1.0608407572831802
2019-07-01 21:00:00+00:00,0.26226630608971235,13739.30305423874,10569.73,0.06700913242009132,0.0,1.063222804952513
2019-07-01 21:00:00+00:00,0.28459587851446233,14049.54673040094,10569.73,0.06700913242009132,0.0,1.065644282222802
2019-07-01 21:00:00+00:00,0.3069254509392123,14366.79593939247,10569.73,0.06700913242009132,0.0,1.0681023082387715
2019-07-01 21:00:00+00:00,0.3292550233639622,14691.208871352228,10569.73,0.06700913242009132,0.0,1.0705942240035613
2019-07-01 21:00:00+00:00,0.35158459578871226,15022.947288470035,10569.73,0.06700913242009132,0.0,1.0731175720687771
2019-07-01 21:00:00+00:00,0.37391416821346213,15362.176605646202,10569.73,0.06700913242009132,0.0,1.0756700784008086
2019-07-01 21:00:00+00:00,0.3962437406382122,15709.065972972463,10569.73,0.06700913242009132,0.0,1.0782496361567429
2019-07-01 21:00:00+00:00,0.4185733130629621,16063.788360075341,10569.73,0.06700913242009132,0.0,1.0808542911394987
2019-07-01 21:00:00+00:00,0.44090288548771195,16426.520642364125,10569.73,0.06700913242009132,0.0,1.0834822287333112
2019-07-01 21:00:00+00:00,0.46323245791246204,16797.44368922632,10569.73,0.06700913242009132,0.0,1.086131762146994
2019-07-01 21:00:00+00:00,0.4855620303372119,17176.742454214644,10569.73,0.06700913242009132,0.0,1.0888013218151478
2019-07-01 21:00:00+00:00,0.507891602761962,17564.606067270535,10569.73,0.06700913242009132,0.0,1.091489445826571
2019-07-01 21:00:00+00:00,0.5302211751867119,17961.227929030083,10569.73,0.06700913242009132,0.0,1.094194771266044
2019-07-01 21:00:00+00:00,0.552550747611462,18366.805807259527,10569.73,0.06700913242009132,0.0,1.0969160263695013
2019-07-01 21:00:00+00:00,0.5748803200362118,18781.54193546826,10569.73,0.06700913242009132,0.0,1.0996520234051177
2019-07-01 21:00:00+00:00,0.5972098924609617,19205.643113748654,10569.73,0.06700913242009132,0.0,1.1024016522033986
2019-07-01 21:00:00+00:00,0.6195394648857118,19639.320811892914,10569.73,0.06700913242009132,0.0,1.105163874268504
2019-07-01 21:00:00+00:00,0.6418690373104616,20082.79127483831,10569.73,0.06700913242009132,0.0,1.107937717410902
2019-07-01 21:00:00+00:00,0.6641986097352117,20536.275630493583,10569.73,0.06700913242009132,0.0,1.1107222708486095
2019-07-01 21:00:00+00:00,0.6865281821599615,21000.0,10569.73,0.06700913242009132,0.0,1.1135166807301307
2019-07-01 21:30:00+00:00,-0.6612699109305743,5500.0,10654.88,0.06695205479452054,0.0,1.194835836925657
2019-07-01 21:30:00+00:00,-0.6389403385058243,5624.1940884596515,10654.88,0.06695205479452054,0.0,1.1747312610468
2019-07-01 21:30:00+00:00,-0.6166107660810743,5751.19257175718,10654.88,0.06695205479452054,0.0,1.155389497711035
2019-07-01 21:30:00+00:00,-0.5942811936563244,5881.058775212689,10654.88,0.06695205479452054,0.0,1.1370452653780472
2019-07-01 21:30:00+00:00,-0.5719516212315745,6013.857454079084,10654.88,0.06695205479452054,0.0,1.1199448570219601
2019-07-01 21:30:00+00:00,-0.5496220488068245,6149.654825831019,10654.88,0.06695205479452054,0.0,1.104320117160575
2019-07-01 21:30:00+00:00,-0.5272924763820745,6288.518603182941,10654.88,0.06695205479452054,0.0,1.0903555822979223
2019-07-01 21:30:00+00:00,-0.5049629039573246,6430.518027852736,10654.88,0.06695205479452054,0.0,1.0781582451674927
2019-07-01 21:30:00+00:00,-0.4826333315325746,6575.7239050877415,10654.88,0.06695205479452054,0.0,1.0677415336756022
2019-07-01 21:30:00+00:00,-0.4603037591078246,6724.208638970415,10654.88,0.06695205479452054,0.0,1.059029953895771
2019-07-01 21:30:00+00:00,-0.43797418668307464,6876.046268521223,10654.88,0.06695205479452054,0.0,1.051881174507533
2019-07-01 21:30:00+00:00,-0.4156446142583247,7031.312504616748,10654.88,0.06695205479452054,0.0,1.0461154733227707
2019-07-01 21:30:00+00:00,-0.39331504183357474,7190.084767741444,10654.88,0.06695205479452054,0.0,1.0415425496762596
2019-07-01 21:30:00+00:00,-0.37098546940882476,7352.4422265918565,10654.88,0.06695205479452054,0.0,1.0379803949791062
2019-07-01 21:30:00+00:00,-0.34865589698407484,7518.465837552552,10654.88,0.06695205479452054,0.0,1.035265681601673
2019-07-01 21:30:00+00:00,-0.32632632455932487,7688.238385063438,10654.88,0.06695205479452054,0.0,1.0332576634003432
2019-07-01 21:30:00+00:00,-0.3039967521345749,7861.844522898612,10654.88,0.06695205479452054,0.0,1.0318380743248945
2019-07-01 21:30:00+00:00,-0.2816671797098249,8039.37081637732,10654.88,0.06695205479452054,0.0,1.0309090077920773
2019-07-01 21:30:00+00:00,-0.25933760728507493,8220.905785528066,10654.88,0.06695205479452054,0.0,1.0303900488509987
2019-07-01 21:30:00+00:00,-0.237008034860325,8406.5399492274,10654.88,0.06695205479452054,0.0,1.0302153562936391
2019-07-01 21:30:00+00:00,-0.21467846243557503,8596.36587033539,10654.88,0.06695205479452054,0.0,1.030331018690387
2019-07-01 21:30:00+00:00,-0.19234889001082506,8790.478201850294,10654.88,0.06695205479452054,0.0,1.0306927971586934
2019-07-01 21:30:00+00:00,-0.17001931758607514,8988.973734105426,10654.88,0.06695205479452054,0.0,1.0312642614090486
2019-07-01 21:30:00+00:00,-0.14768974516132516,9191.951443031785,10654.88,0.06695205479452054,0.0,1.0320152794312447
2019-07-01 21:30:00+00:00,-0.12536017273657518,9399.512539510459,10654.88,0.06695205479452054,0.0,1.0329208063554804
2019-07-01 21:30:00+00:00,-0.1030306003118252,9611.76051983947,10654.88,0.06695205479452054,0.0,1.0339599180533288
2019-07-01 21:30:00+00:00,-0.08070102788707523,9828.801217340188,10654.88,0.06695205479452054,0.0,1.0351150411683194
2019-07-01 21:30:00+00:00,-0.05837145546232525,10050.742855129036,10654.88,0.06695205479452054,0.0,1.036371339146321
2019-07-01 21:30:00+00:00,-0.036041883037575384,10277.696100080873,10654.88,0.06695205479452054,0.0,1.037716221506804
2019-07-01 21:30:00+00:00,-0.013712310612825407,10509.774118010848,10654.88,0.06695205479452054,0.0,1.039138950296382
2019-07-01 21:30:00+00:00,0.00861726181192457,10747.092630102337,10654.88,0.06695205479452054,0.0,1.0406303232089167
2019-07-01 21:30:00+00:00,0.030946834236674547,10989.769970609066,10654.88,0.06695205479452054,0.0,1.0421824173055423
2019-07-01 21:30:00+00:00,0.053276406661424525,11237.927145860163,10654.88,0.06695205479452054,0.0,1.0437883807774688
2019-07-01 21:30:00+00:00,0.0756059790861745,11491.687894597633,10654.88,0.06695205479452054,0.0,1.0454422629356614
2019-07-01 21:30:00+00:00,0.09793555151092448,11751.178749676246,10654.88,0.06695205479452054,0.0,1.0471388747416435
2019-07-01 21:30:00+00:00,0.12026512393567446,12016.529101156695,10654.88,0.06695205479452054,0.0,1.0488736738455449
2019-07-01 21:30:00+00:00,0.14259469636042443,12287.87126082343,10654.88,0.06695205479452054,0.0,1.0506426693785436
2019-07-01 21:30:00+00:00,0.1649242687851743,12565.340528159339,10654.88,0.06695205479452054,0.0,1.0524423427416505
2019-07-01 21:30:00+00:00,0.18725384120992428,12849.075257810222,10654.88,0.06695205479452054,0.0,1.0542695814072318
2019-07-01 21:30:00+00:00,0.20958341363467425,13139.216928572623,10654.88,0.06695205479452054,0.0,1.0561216233543733
2019-07-01 21:30:00+00:00,0.23191298605942423,13435.910213939478,10654.88,0.06695205479452054,0.0,1.0579960102330699
2019-07-01 21:30:00+00:00,0.2542425584841742,13739.303054238739,10654.88,0.06695205479452054,0.0,1.0598905477249847
2019-07-01 21:30:00+00:00,0.2765721309089242,14049.546730400936,10654.88,0.06695205479452054,0.0,1.0618032718629467
2019-07-01 21:30:00+00:00,0.29890170333367416,14366.795939392468,10654.88,0.06695205479452054,0.0,1.063732420304851
2019-07-01 21:30:00+00:00,0.32123127575842403,14691.208871352226,10654.88,0.06695205479452054,0.0,1.065676407743612
2019-07-01 21:30:00+00:00,0.3435608481831741,15022.947288470034,10654.88,0.06695205479452054,0.0,1.067633804783543
2019-07-01 21:30:00+00:00,0.365890420607924,15362.176605646202,10654.88,0.06695205479452054,0.0,1.0696033197330104
2019-07-01 21:30:00+00:00,0.38821999303267407,15709.065972972461,10654.88,0.06695205479452054,0.0,1.071583782859549
2019-07-01 21:30:00+00:00,0.41054956545742394,16063.78836007534,10654.88,0.06695205479452054,0.0,1.0735741327316428
2019-07-01 21:30:00+00:00,0.4328791378821738,16426.520642364125,10654.88,0.06695205479452054,0.0,1.0755734043348049
2019-07-01 21:30:00+00:00,0.4552087103069239,16797.44368922632,10654.88,0.06695205479452054,0.0,1.07758071870136
2019-07-01 21:30:00+00:00,0.47753828273167376,17176.742454214644,10654.88,0.06695205479452054,0.0,1.0795952738357537
2019-07-01 21:30:00+00:00,0.49986785515642385,17564.60606727053,10654.88,0.06695205479452054,0.0,1.0816163367520928
2019-07-01 21:30:00+00:00,0.5221974275811737,17961.22792903008,10654.88,0.06695205479452054,0.0,1.0836432364694104
2019-07-01 21:30:00+00:00,0.5445270000059238,18366.805807259523,10654.88,0.06695205479452054,0.0,1.0856753578340042
2019-07-01 21:30:00+00:00,0.5668565724306737,18781.541935468256,10654.88,0.06695205479452054,0.0,1.0877121360580075
2019-07-01 21:30:00+00:00,0.5891861448554235,19205.643113748654,10654.88,0.06695205479452054,0.0,1.0897530518798884
2019-07-01 21:30:00+00:00,0.6115157172801736,19639.32081189291,10654.88,0.06695205479452054,0.0,1.0917976272663894
2019-07-01 21:30:00+00:00,0.6338452897049235,20082.79127483831,10654.88,0.06695205479452054,0.0,1.0938454215870388
2019-07-01 21:30:00+00:00,0.6561748621296736,20536.275630493583,10654.88,0.06695205479452054,0.0,1.09589602820212
2019-07-01 21:30:00+00:00,0.6785044345544234,21000.0,10654.88,0.06695205479452054,0.0,1.0979490714132372
2019-07-01 22:00:00+00:00,-0.6521158838344816,5500.0,10557.79,0.06689497716894977,0.0,1.168545551162085
2019-07-01 22:00:00+00:00,-0.6297863114097316,5624.194088459651,10557.79,0.06689497716894977,0.0,1.1450597038612687
2019-07-01 22:00:00+00:00,-0.6074567389849816,5751.192571757179,10557.79,0.06689497716894977,0.0,1.1253592801150811
2019-07-01 22:00:00+00:00,-0.5851271665602317,5881.058775212689,10557.79,0.06689497716894977,0.0,1.1087431488899784
2019-07-01 22:00:00+00:00,-0.5627975941354817,6013.857454079085,10557.79,0.06689497716894977,0.0,1.0946720198064304
2019-07-01 22:00:00+00:00,-0.5404680217107318,6149.654825831018,10557.79,0.06689497716894977,0.0,1.0827244532311449
2019-07-01 22:00:00+00:00,-0.5181384492859819,6288.518603182942,10557.79,0.06689497716894977,0.0,1.0725663966890127
2019-07-01 22:00:00+00:00,-0.4958088768612319,6430.518027852735,10557.79,0.06689497716894977,0.0,1.0639296705050136
2019-07-01 22:00:00+00:00,-0.4734793044364819,6575.72390508774,10557.79,0.06689497716894977,0.0,1.0565964965501389
2019-07-01 22:00:00+00:00,-0.4511497320117319,6724.208638970415,10557.79,0.06689497716894977,0.0,1.0503881866006308
2019-07-01 22:00:00+00:00,-0.42882015958698194,6876.046268521223,10557.79,0.06689497716894977,0.0,1.0451567452949466
2019-07-01 22:00:00+00:00,-0.406490587162232,7031.312504616747,10557.79,0.06689497716894977,0.0,1.040778549252881
2019-07-01 22:00:00+00:00,-0.38416101473748204,7190.084767741442,10557.79,0.06689497716894977,0.0,1.037149527801996
2019-07-01 22:00:00+00:00,-0.36183144231273207,7352.4422265918565,10557.79,0.06689497716894977,0.0,1.0341814451405669
2019-07-01 22:00:00+00:00,-0.33950186988798214,7518.465837552552,10557.79,0.06689497716894977,0.0,1.0317990009810405
2019-07-01 22:00:00+00:00,-0.31717229746323217,7688.238385063437,10557.79,0.06689497716894977,0.0,1.0299375467706915
2019-07-01 22:00:00+00:00,-0.2948427250384822,7861.844522898611,10557.79,0.06689497716894977,0.0,1.028541270078089
2019-07-01 22:00:00+00:00,-0.2725131526137322,8039.37081637732,10557.79,0.06689497716894977,0.0,1.027561738740802
2019-07-01 22:00:00+00:00,-0.25018358018898224,8220.905785528066,10557.79,0.06689497716894977,0.0,1.026956724146672
2019-07-01 22:00:00+00:00,-0.2278540077642323,8406.5399492274,10557.79,0.06689497716894977,0.0,1.0266892430438432
2019-07-01 22:00:00+00:00,-0.20552443533948234,8596.36587033539,10557.79,0.06689497716894977,0.0,1.026726771873185
2019-07-01 22:00:00+00:00,-0.18319486291473236,8790.478201850292,10557.79,0.06689497716894977,0.0,1.0270405983742843
2019-07-01 22:00:00+00:00,-0.16086529048998244,8988.973734105424,10557.79,0.06689497716894977,0.0,1.0276052832235618
2019-07-01 22:00:00+00:00,-0.13853571806523246,9191.951443031785,10557.79,0.06689497716894977,0.0,1.0283982104792035
2019-07-01 22:00:00+00:00,-0.11620614564048248,9399.512539510459,10557.79,0.06689497716894977,0.0,1.029399210168432
2019-07-01 22:00:00+00:00,-0.0938765732157325,9611.76051983947,10557.79,0.06689497716894977,0.0,1.030590239838485
2019-07-01 22:00:00+00:00,-0.07154700079098253,9828.801217340184,10557.79,0.06689497716894977,0.0,1.0319551145785046
2019-07-01 22:00:00+00:00,-0.04921742836623255,10050.742855129036,10557.79,0.06689497716894977,0.0,1.033479277104183
2019-07-01 22:00:00+00:00,-0.026887855941482686,10277.696100080871,10557.79,0.06689497716894977,0.0,1.0351496011263421
2019-07-01 22:00:00+00:00,-0.0045582835167327085,10509.774118010846,10557.79,0.06689497716894977,0.0,1.036954222506695
2019-07-01 22:00:00+00:00,0.01777128890801727,10747.092630102336,10557.79,0.06689497716894977,0.0,1.0388823937195113
2019-07-01 22:00:00+00:00,0.040100861332767246,10989.769970609064,10557.79,0.06689497716894977,0.0,1.0409243579463576
2019-07-01 22:00:00+00:00,0.06243043375751722,11237.927145860163,10557.79,0.06689497716894977,0.0,1.0430712397793276
2019-07-01 22:00:00+00:00,0.0847600061822672,11491.687894597631,10557.79,0.06689497716894977,0.0,1.0453149500298515
2019-07-01 22:00:00+00:00,0.10708957860701718,11751.178749676244,10557.79,0.06689497716894977,0.0,1.0476481025629696
2019-07-01 22:00:00+00:00,0.12941915103176715,12016.529101156691,10557.79,0.06689497716894977,0.0,1.0500639414207522
2019-07-01 22:00:00+00:00,0.15174872345651713,12287.871260823427,10557.79,0.06689497716894977,0.0,1.0525562767795942
2019-07-01 22:00:00+00:00,0.174078295881267,12565.340528159337,10557.79,0.06689497716894977,0.0,1.0551194285170817
2019-07-01 22:00:00+00:00,0.19640786830601697,12849.075257810222,10557.79,0.06689497716894977,0.0,1.0577481763545296
2019-07-01 22:00:00+00:00,0.21873744073076695,13139.216928572623,10557.79,0.06689497716894977,0.0,1.0604377156987612
2019-07-01 22:00:00+00:00,0.24106701315551693,13435.910213939478,10557.79,0.06689497716894977,0.0,1.0631836184381562
2019-07-01 22:00:00+00:00,0.2633965855802669,13739.303054238739,10557.79,0.06689497716894977,0.0,1.0659817980569621
2019-07-01 22:00:00+00:00,0.2857261580050169,14049.546730400936,10557.79,0.06689497716894977,0.0,1.0688284785239397
2019-07-01 22:00:00+00:00,0.30805573042976686,14366.795939392467,10557.79,0.06689497716894977,0.0,1.0717201664880809
2019-07-01 22:00:00+00:00,0.3303853028545167,14691.208871352223,10557.79,0.06689497716894977,0.0,1.0746536263792708
2019-07-01 22:00:00+00:00,0.3527148752792668,15022.947288470032,10557.79,0.06689497716894977,0.0,1.0776258580667575
2019-07-01 22:00:00+00:00,0.3750444477040167,15362.176605646198,10557.79,0.06689497716894977,0.0,1.0806340767747349
2019-07-01 22:00:00+00:00,0.39737402012876677,15709.06597297246,10557.79,0.06689497716894977,0.0,1.0836756949942719
2019-07-01 22:00:00+00:00,0.41970359255351664,16063.788360075338,10557.79,0.06689497716894977,0.0,1.0867483061646612
2019-07-01 22:00:00+00:00,0.4420331649782665,16426.52064236412,10557.79,0.06689497716894977,0.0,1.0898496699260434
2019-07-01 22:00:00+00:00,0.4643627374030166,16797.443689226315,10557.79,0.06689497716894977,0.0,1.0929776987704074
2019-07-01 22:00:00+00:00,0.48669230982776646,17176.74245421464,10557.79,0.06689497716894977,0.0,1.0961304459393637
2019-07-01 22:00:00+00:00,0.5090218822525165,17564.606067270528,10557.79,0.06689497716894977,0.0,1.099306094435393
2019-07-01 22:00:00+00:00,0.5313514546772664,17961.22792903008,10557.79,0.06689497716894977,0.0,1.1025029470295933
2019-07-01 22:00:00+00:00,0.5536810271020165,18366.805807259523,10557.79,0.06689497716894977,0.0,1.105719417162538
2019-07-01 22:00:00+00:00,0.5760105995267664,18781.541935468253,10557.79,0.06689497716894977,0.0,1.1089540206470532
2019-07-01 22:00:00+00:00,0.5983401719515162,19205.64311374865,10557.79,0.06689497716894977,0.0,1.1122053680920914
2019-07-01 22:00:00+00:00,0.6206697443762663,19639.320811892907,10557.79,0.06689497716894977,0.0,1.1154721579761813
2019-07-01 22:00:00+00:00,0.6429993168010162,20082.791274838306,10557.79,0.06689497716894977,0.0,1.1187531703067584
2019-07-01 22:00:00+00:00,0.6653288892257663,20536.27563049358,10557.79,0.06689497716894977,0.0,1.1220472608088157
2019-07-01 22:00:00+00:00,0.6876584616505163,21000.0,10557.79,0.06689497716894977,0.0,1.1253533555923803
2019-07-01 22:30:00+00:00,-0.651725574490428,5500.0,10553.67,0.066837899543379,0.0,1.1807522196578524
2019-07-01 22:30:00+00:00,-0.629396002065678,5624.194088459652,10553.67,0.066837899543379,0.0,1.1558447225200545
2019-07-01 22:30:00+00:00,-0.607066429640928,5751.192571757181,10553.67,0.066837899543379,0.0,1.134819184606992
2019-07-01 22:30:00+00:00,-0.5847368572161781,5881.05877521269,10553.67,0.066837899543379,0.0,1.1169818960970312
2019-07-01 22:30:00+00:00,-0.5624072847914281,6013.857454079085,10553.67,0.066837899543379,0.0,1.1017940273339129
2019-07-01 22:30:00+00:00,-0.5400777123666782,6149.654825831019,10553.67,0.066837899543379,0.0,1.0888308125076276
2019-07-01 22:30:00+00:00,-0.5177481399419283,6288.518603182943,10553.67,0.066837899543379,0.0,1.077752917037034
2019-07-01 22:30:00+00:00,-0.4954185675171783,6430.518027852737,10553.67,0.066837899543379,0.0,1.0682859852775908
2019-07-01 22:30:00+00:00,-0.4730889950924283,6575.7239050877415,10553.67,0.066837899543379,0.0,1.0602057836461654
2019-07-01 22:30:00+00:00,-0.4507594226676783,6724.208638970416,10553.67,0.066837899543379,0.0,1.0533272392358772
2019-07-01 22:30:00+00:00,-0.42842985024292835,6876.046268521225,10553.67,0.066837899543379,0.0,1.047496235760809
2019-07-01 22:30:00+00:00,-0.4061002778181784,7031.312504616749,10553.67,0.066837899543379,0.0,1.042583391608538
2019-07-01 22:30:00+00:00,-0.38377070539342845,7190.084767741444,10553.67,0.066837899543379,0.0,1.0384792833502923
2019-07-01 22:30:00+00:00,-0.36144113296867847,7352.442226591857,10553.67,0.066837899543379,0.0,1.0350907375099865
2019-07-01 22:30:00+00:00,-0.33911156054392855,7518.465837552554,10553.67,0.066837899543379,0.0,1.0323379216619233
2019-07-01 22:30:00+00:00,-0.31678198811917857,7688.238385063439,10553.67,0.066837899543379,0.0,1.030152040548248
2019-07-01 22:30:00+00:00,-0.2944524156944286,7861.844522898612,10553.67,0.066837899543379,0.0,1.0284734950657122
2019-07-01 22:30:00+00:00,-0.2721228432696786,8039.370816377322,10553.67,0.066837899543379,0.0,1.027250398913546
2019-07-01 22:30:00+00:00,-0.24979327084492864,8220.905785528068,10553.67,0.066837899543379,0.0,1.0264373741854602
2019-07-01 22:30:00+00:00,-0.22746369842017872,8406.539949227401,10553.67,0.066837899543379,0.0,1.025994566407746
2019-07-01 22:30:00+00:00,-0.20513412599542874,8596.36587033539,10553.67,0.066837899543379,0.0,1.0258868336220461
2019-07-01 22:30:00+00:00,-0.18280455357067876,8790.478201850294,10553.67,0.066837899543379,0.0,1.026083074557097
2019-07-01 22:30:00+00:00,-0.16047498114592884,8988.973734105426,10553.67,0.066837899543379,0.0,1.0265556687495228
2019-07-01 22:30:00+00:00,-0.13814540872117886,9191.951443031785,10553.67,0.066837899543379,0.0,1.027280007375087
2019-07-01 22:30:00+00:00,-0.11581583629642889,9399.51253951046,10553.67,0.066837899543379,0.0,1.0282340980458617
2019-07-01 22:30:00+00:00,-0.09348626387167891,9611.760519839472,10553.67,0.066837899543379,0.0,1.0293982302793796
2019-07-01 22:30:00+00:00,-0.07115669144692893,9828.801217340188,10553.67,0.066837899543379,0.0,1.0307546910146963
2019-07-01 22:30:00+00:00,-0.048827119022178955,10050.742855129038,10553.67,0.066837899543379,0.0,1.0322875216306975
2019-07-01 22:30:00+00:00,-0.02649754659742909,10277.696100080875,10553.67,0.066837899543379,0.0,1.0339823095537672
2019-07-01 22:30:00+00:00,-0.004167974172679112,10509.77411801085,10553.67,0.066837899543379,0.0,1.035826008830754
2019-07-01 22:30:00+00:00,0.018161598252070865,10747.09263010234,10553.67,0.066837899543379,0.0,1.0378067850673092
2019-07-01 22:30:00+00:00,0.04049117067682084,10989.769970609066,10553.67,0.066837899543379,0.0,1.0399138809500674
2019-07-01 22:30:00+00:00,0.06282074310157082,11237.927145860167,10553.67,0.066837899543379,0.0,1.0421374992290793
2019-07-01 22:30:00+00:00,0.0851503155263208,11491.687894597633,10553.67,0.066837899543379,0.0,1.0444687005684843
2019-07-01 22:30:00+00:00,0.10747988795107077,11751.178749676246,10553.67,0.066837899543379,0.0,1.046899314104959
2019-07-01 22:30:00+00:00,0.12980946037582075,12016.529101156695,10553.67,0.066837899543379,0.0,1.0494218589058266
2019-07-01 22:30:00+00:00,0.15213903280057073,12287.87126082343,10553.67,0.066837899543379,0.0,1.0520294748075905
2019-07-01 22:30:00+00:00,0.1744686052253206,12565.340528159339,10553.67,0.066837899543379,0.0,1.0547158613532215
2019-07-01 22:30:00+00:00,0.19679817765007057,12849.075257810224,10553.67,0.066837899543379,0.0,1.0574752237433704
2019-07-01 22:30:00+00:00,0.21912775007482055,13139.216928572625,10553.67,0.066837899543379,0.0,1.0603022248799145
2019-07-01 22:30:00+00:00,0.24145732249957053,13435.91021393948,10553.67,0.066837899543379,0.0,1.0631919427160774
2019-07-01 22:30:00+00:00,0.2637868949243205,13739.30305423874,10553.67,0.066837899543379,0.0,1.0661398322416076
2019-07-01 22:30:00+00:00,0.2861164673490705,14049.546730400938,10553.67,0.066837899543379,0.0,1.069141691526749
2019-07-01 22:30:00+00:00,0.30844603977382046,14366.79593939247,10553.67,0.066837899543379,0.0,1.072193631329175
2019-07-01 22:30:00+00:00,0.3307756121985703,14691.208871352226,10553.67,0.066837899543379,0.0,1.0752920478366355
2019-07-01 22:30:00+00:00,0.3531051846233204,15022.947288470035,10553.67,0.066837899543379,0.0,1.0784335981750457
2019-07-01 22:30:00+00:00,0.3754347570480703,15362.176605646202,10553.67,0.066837899543379,0.0,1.0816151783613204
2019-07-01 22:30:00+00:00,0.39776432947282037,15709.065972972463,10553.67,0.066837899543379,0.0,1.0848339034220515
2019-07-01 22:30:00+00:00,0.42009390189757023,16063.788360075341,10553.67,0.066837899543379,0.0,1.0880870894346093
2019-07-01 22:30:00+00:00,0.4424234743223201,16426.520642364125,10553.67,0.066837899543379,0.0,1.0913722372783838
2019-07-01 22:30:00+00:00,0.4647530467470702,16797.44368922632,10553.67,0.066837899543379,0.0,1.0946870179100494
2019-07-01 22:30:00+00:00,0.48708261917182005,17176.742454214644,10553.67,0.066837899543379,0.0,1.0980292589994236
2019-07-01 22:30:00+00:00,0.5094121915965701,17564.606067270535,10553.67,0.066837899543379,0.0,1.1013969327824995
2019-07-01 22:30:00+00:00,0.53174176402132,17961.227929030083,10553.67,0.066837899543379,0.0,1.1047881450048713
2019-07-01 22:30:00+00:00,0.5540713364460701,18366.805807259527,10553.67,0.066837899543379,0.0,1.1082011248439054
2019-07-01 22:30:00+00:00,0.57640090887082,18781.541935468256,10553.67,0.066837899543379,0.0,1.1116342157107884
2019-07-01 22:30:00+00:00,0.5987304812955698,19205.643113748654,10553.67,0.066837899543379,0.0,1.1150858668446135
2019-07-01 22:30:00+00:00,0.6210600537203199,19639.320811892914,10553.67,0.066837899543379,0.0,1.1185546256209036
2019-07-01 22:30:00+00:00,0.6433896261450698,20082.79127483831,10553.67,0.066837899543379,0.0,1.1220391305051585
2019-07-01 22:30:00+00:00,0.6657191985698199,20536.275630493583,10553.67,0.066837899543379,0.0,1.1255381045898145
2019-07-01 22:30:00+00:00,0.6880487709945696,21000.0,10553.67,0.066837899543379,0.0,1.1290503496595214
2019-07-01 23:00:00+00:00,-0.6656414329949891,5500.0,10701.56,0.06678082191780822,0.0,1.2232642038115868
2019-07-01 23:00:00+00:00,-0.6433118605702391,5624.1940884596515,10701.56,0.06678082191780822,0.0,1.187800670605302
2019-07-01 23:00:00+00:00,-0.6209822881454892,5751.19257175718,10701.56,0.06678082191780822,0.0,1.1592775345445472
2019-07-01 23:00:00+00:00,-0.5986527157207392,5881.058775212689,10701.56,0.06678082191780822,0.0,1.1360528024200427
2019-07-01 23:00:00+00:00,-0.5763231432959892,6013.857454079084,10701.56,0.06678082191780822,0.0,1.1169592561568007
2019-07-01 23:00:00+00:00,-0.5539935708712393,6149.654825831018,10701.56,0.06678082191780822,0.0,1.101146113321706
2019-07-01 23:00:00+00:00,-0.5316639984464894,6288.518603182942,10701.56,0.06678082191780822,0.0,1.0879793409657434
2019-07-01 23:00:00+00:00,-0.5093344260217394,6430.518027852735,10701.56,0.06678082191780822,0.0,1.0769770993989851
2019-07-01 23:00:00+00:00,-0.4870048535969894,6575.72390508774,10701.56,0.06678082191780822,0.0,1.0677668191571617
2019-07-01 23:00:00+00:00,-0.46467528117223944,6724.2086389704145,10701.56,0.06678082191780822,0.0,1.060055964125186
2019-07-01 23:00:00+00:00,-0.44234570874748946,6876.046268521223,10701.56,0.06678082191780822,0.0,1.053611675125256
2019-07-01 23:00:00+00:00,-0.42001613632273954,7031.312504616747,10701.56,0.06678082191780822,0.0,1.0482463119804535
2019-07-01 23:00:00+00:00,-0.39768656389798956,7190.084767741443,10701.56,0.06678082191780822,0.0,1.043806998232572
2019-07-01 23:00:00+00:00,-0.3753569914732396,7352.4422265918565,10701.56,0.06678082191780822,0.0,1.040167935748379
2019-07-01 23:00:00+00:00,-0.35302741904848967,7518.465837552551,10701.56,0.06678082191780822,0.0,1.0372246707439077
2019-07-01 23:00:00+00:00,-0.3306978466237397,7688.238385063437,10701.56,0.06678082191780822,0.0,1.0348897573042002
2019-07-01 23:00:00+00:00,-0.3083682741989897,7861.844522898611,10701.56,0.06678082191780822,0.0,1.0330894368447205
2019-07-01 23:00:00+00:00,-0.28603870177423973,8039.370816377321,10701.56,0.06678082191780822,0.0,1.031761066386995
2019-07-01 23:00:00+00:00,-0.26370912934948976,8220.905785528066,10701.56,0.06678082191780822,0.0,1.0308511058079908
2019-07-01 23:00:00+00:00,-0.24137955692473984,8406.5399492274,10701.56,0.06678082191780822,0.0,1.0303135272679378
2019-07-01 23:00:00+00:00,-0.21904998449998986,8596.365870335389,10701.56,0.06678082191780822,0.0,1.0301085469728046
2019-07-01 23:00:00+00:00,-0.19672041207523988,8790.478201850292,10701.56,0.06678082191780822,0.0,1.030201605526545
2019-07-01 23:00:00+00:00,-0.17439083965048996,8988.973734105424,10701.56,0.06678082191780822,0.0,1.0305625417991624
2019-07-01 23:00:00+00:00,-0.15206126722573998,9191.951443031783,10701.56,0.06678082191780822,0.0,1.0311649187551974
2019-07-01 23:00:00+00:00,-0.12973169480099,9399.512539510459,10701.56,0.06678082191780822,0.0,1.0319854695843078
2019-07-01 23:00:00+00:00,-0.10740212237624003,9611.76051983947,10701.56,0.06678082191780822,0.0,1.0330036397981386
2019-07-01 23:00:00+00:00,-0.08507254995149005,9828.801217340186,10701.56,0.06678082191780822,0.0,1.0342012064280106
2019-07-01 23:00:00+00:00,-0.06274297752674007,10050.742855129036,10701.56,0.06678082191780822,0.0,1.0355619595827348
2019-07-01 23:00:00+00:00,-0.04041340510199021,10277.696100080873,10701.56,0.06678082191780822,0.0,1.0370714347627212
2019-07-01 23:00:00+00:00,-0.01808383267724023,10509.774118010846,10701.56,0.06678082191780822,0.0,1.0387166867316757
2019-07-01 23:00:00+00:00,0.004245739747509747,10747.092630102337,10701.56,0.06678082191780822,0.0,1.0404860976055392
2019-07-01 23:00:00+00:00,0.026575312172259724,10989.769970609064,10701.56,0.06678082191780822,0.0,1.0423692132644142
2019-07-01 23:00:00+00:00,0.0489048845970097,11237.927145860163,10701.56,0.06678082191780822,0.0,1.0443566033264258
2019-07-01 23:00:00+00:00,0.07123445702175968,11491.687894597633,10701.56,0.06678082191780822,0.0,1.0464397408163664
2019-07-01 23:00:00+00:00,0.09356402944650966,11751.178749676243,10701.56,0.06678082191780822,0.0,1.0486108983709173
2019-07-01 23:00:00+00:00,0.11589360187125963,12016.529101156691,10701.56,0.06678082191780822,0.0,1.0508630583885772
2019-07-01 23:00:00+00:00,0.1382231742960096,12287.871260823425,10701.56,0.06678082191780822,0.0,1.0531898349867646
2019-07-01 23:00:00+00:00,0.16055274672075948,12565.340528159335,10701.56,0.06678082191780822,0.0,1.0555854059950607
2019-07-01 23:00:00+00:00,0.18288231914550945,12849.075257810222,10701.56,0.06678082191780822,0.0,1.058044453511112
2019-07-01 23:00:00+00:00,0.20521189157025943,13139.216928572623,10701.56,0.06678082191780822,0.0,1.0605621117878214
2019-07-01 23:00:00+00:00,0.2275414639950094,13435.910213939476,10701.56,0.06678082191780822,0.0,1.063133921418941
2019-07-01 23:00:00+00:00,0.24987103641975938,13739.303054238737,10701.56,0.06678082191780822,0.0,1.065755788953192
2019-07-01 23:00:00+00:00,0.27220060884450936,14049.546730400936,10701.56,0.06678082191780822,0.0,1.0684239512018343
2019-07-01 23:00:00+00:00,0.29453018126925934,14366.795939392468,10701.56,0.06678082191780822,0.0,1.071134943616025
2019-07-01 23:00:00+00:00,0.3168597536940092,14691.208871352224,10701.56,0.06678082191780822,0.0,1.0738855722034713
2019-07-01 23:00:00+00:00,0.3391893261187593,15022.947288470032,10701.56,0.06678082191780822,0.0,1.0766728885314196
2019-07-01 23:00:00+00:00,0.36151889854350916,15362.1766056462,10701.56,0.06678082191780822,0.0,1.0794941674279903
2019-07-01 23:00:00+00:00,0.38384847096825925,15709.06597297246,10701.56,0.06678082191780822,0.0,1.082346887048676
2019-07-01 23:00:00+00:00,0.4061780433930091,16063.78836007534,10701.56,0.06678082191780822,0.0,1.0852287110211492
2019-07-01 23:00:00+00:00,0.428507615817759,16426.52064236412,10701.56,0.06678082191780822,0.0,1.0881374724203572
2019-07-01 23:00:00+00:00,0.45083718824250907,16797.443689226315,10701.56,0.06678082191780822,0.0,1.0910711593593267
2019-07-01 23:00:00+00:00,0.47316676066725893,17176.74245421464,10701.56,0.06678082191780822,0.0,1.094027902009249
2019-07-01 23:00:00+00:00,0.495496333092009,17564.60606727053,10701.56,0.06678082191780822,0.0,1.0970059608866538
2019-07-01 23:00:00+00:00,0.5178259055167589,17961.22792903008,10701.56,0.06678082191780822,0.0,1.100003716266202
2019-07-01 23:00:00+00:00,0.540155477941509,18366.805807259523,10701.56,0.06678082191780822,0.0,1.1030196585952505
2019-07-01 23:00:00+00:00,0.5624850503662588,18781.541935468253,10701.56,0.06678082191780822,0.0,1.1060523798017154
2019-07-01 23:00:00+00:00,0.5848146227910087,19205.64311374865,10701.56,0.06678082191780822,0.0,1.1091005654001276
2019-07-01 23:00:00+00:00,0.6071441952157588,19639.32081189291,10701.56,0.06678082191780822,0.0,1.1121629873118801
2019-07-01 23:00:00+00:00,0.6294737676405087,20082.791274838306,10701.56,0.06678082191780822,0.0,1.1152384973258418
2019-07-01 23:00:00+00:00,0.6518033400652588,20536.27563049358,10701.56,0.06678082191780822,0.0,1.1183260211339558
2019-07-01 23:00:00+00:00,0.6741329124900087,21000.0,10701.56,0.06678082191780822,0.0,1.1214245528839974
2019-07-01 23:30:00+00:00,-0.6640768862516957,5500.0,10684.83,0.06672374429223744,0.0,1.1547177995371545
2019-07-01 23:30:00+00:00,-0.6417473138269457,5624.194088459652,10684.83,0.06672374429223744,0.0,1.1345596191289669
2019-07-01 23:30:00+00:00,-0.6194177414021957,5751.19257175718,10684.83,0.06672374429223744,0.0,1.1171927368977994
2019-07-01 23:30:00+00:00,-0.5970881689774458,5881.05877521269,10684.83,0.06672374429223744,0.0,1.102194512885967
2019-07-01 23:30:00+00:00,-0.5747585965526958,6013.857454079086,10684.83,0.06672374429223744,0.0,1.0892229945473588
2019-07-01 23:30:00+00:00,-0.5524290241279459,6149.654825831018,10684.83,0.06672374429223744,0.0,1.0779984969222332
2019-07-01 23:30:00+00:00,-0.530099451703196,6288.518603182943,10684.83,0.06672374429223744,0.0,1.0682899999485314
2019-07-01 23:30:00+00:00,-0.507769879278446,6430.518027852736,10684.83,0.06672374429223744,0.0,1.0599049630592474
2019-07-01 23:30:00+00:00,-0.485440306853696,6575.723905087741,10684.83,0.06672374429223744,0.0,1.0526815994390948
2019-07-01 23:30:00+00:00,-0.463110734428946,6724.208638970415,10684.83,0.06672374429223744,0.0,1.0464829451495214
2019-07-01 23:30:00+00:00,-0.44078116200419604,6876.046268521224,10684.83,0.06672374429223744,0.0,1.041192255041043
2019-07-01 23:30:00+00:00,-0.4184515895794461,7031.312504616748,10684.83,0.06672374429223744,0.0,1.0367093913964056
2019-07-01 23:30:00+00:00,-0.39612201715469614,7190.084767741443,10684.83,0.06672374429223744,0.0,1.0329479638290282
2019-07-01 23:30:00+00:00,-0.37379244472994616,7352.442226591857,10684.83,0.06672374429223744,0.0,1.0298330437636454
2019-07-01 23:30:00+00:00,-0.35146287230519624,7518.465837552552,10684.83,0.06672374429223744,0.0,1.0272993227599523
2019-07-01 23:30:00+00:00,-0.32913329988044626,7688.238385063439,10684.83,0.06672374429223744,0.0,1.0252896168901493
2019-07-01 23:30:00+00:00,-0.3068037274556963,7861.844522898613,10684.83,0.06672374429223744,0.0,1.023753643286968
2019-07-01 23:30:00+00:00,-0.2844741550309463,8039.370816377321,10684.83,0.06672374429223744,0.0,1.0226470125088802
2019-07-01 23:30:00+00:00,-0.26214458260619633,8220.905785528068,10684.83,0.06672374429223744,0.0,1.0219303933548038
2019-07-01 23:30:00+00:00,-0.2398150101814464,8406.539949227401,10684.83,0.06672374429223744,0.0,1.0215688164720345
2019-07-01 23:30:00+00:00,-0.21748543775669643,8596.36587033539,10684.83,0.06672374429223744,0.0,1.021531090430228
2019-07-01 23:30:00+00:00,-0.19515586533194645,8790.478201850294,10684.83,0.06672374429223744,0.0,1.021789309512395
2019-07-01 23:30:00+00:00,-0.17282629290719653,8988.973734105426,10684.83,0.06672374429223744,0.0,1.0223184367541174
2019-07-01 23:30:00+00:00,-0.15049672048244656,9191.951443031785,10684.83,0.06672374429223744,0.0,1.0230959490718852
2019-07-01 23:30:00+00:00,-0.12816714805769658,9399.51253951046,10684.83,0.06672374429223744,0.0,1.0241015338990378
2019-07-01 23:30:00+00:00,-0.1058375756329466,9611.760519839472,10684.83,0.06672374429223744,0.0,1.0253168287694068
2019-07-01 23:30:00+00:00,-0.08350800320819662,9828.801217340188,10684.83,0.06672374429223744,0.0,1.026725196884417
2019-07-01 23:30:00+00:00,-0.06117843078344665,10050.742855129038,10684.83,0.06672374429223744,0.0,1.0283115329671317
2019-07-01 23:30:00+00:00,-0.03884885835869678,10277.696100080873,10684.83,0.06672374429223744,0.0,1.0300620947194161
2019-07-01 23:30:00+00:00,-0.016519285933946803,10509.774118010848,10684.83,0.06672374429223744,0.0,1.0319643560123462
2019-07-01 23:30:00+00:00,0.005810286490803174,10747.09263010234,10684.83,0.06672374429223744,0.0,1.0340068785975898
2019-07-01 23:30:00+00:00,0.02813985891555315,10989.769970609066,10684.83,0.06672374429223744,0.0,1.0361791996612244
2019-07-01 23:30:00+00:00,0.05046943134030313,11237.927145860165,10684.83,0.06672374429223744,0.0,1.0384717329774649
2019-07-01 23:30:00+00:00,0.0727990037650531,11491.687894597633,10684.83,0.06672374429223744,0.0,1.0408756817767273
2019-07-01 23:30:00+00:00,0.09512857618980308,11751.178749676246,10684.83,0.06672374429223744,0.0,1.0433829617369141
2019-07-01 23:30:00+00:00,0.11745814861455306,12016.529101156695,10684.83,0.06672374429223744,0.0,1.0459861327499258
2019-07-01 23:30:00+00:00,0.13978772103930304,12287.871260823427,10684.83,0.06672374429223744,0.0,1.0486783383174403
2019-07-01 23:30:00+00:00,0.1621172934640529,12565.34052815934,10684.83,0.06672374429223744,0.0,1.0514532515989268
2019-07-01 23:30:00+00:00,0.18444686588880288,12849.075257810226,10684.83,0.06672374429223744,0.0,1.0543050272751577
2019-07-01 23:30:00+00:00,0.20677643831355286,13139.216928572625,10684.83,0.06672374429223744,0.0,1.0572282585094774
2019-07-01 23:30:00+00:00,0.22910601073830283,13435.91021393948,10684.83,0.06672374429223744,0.0,1.0602179383886963
2019-07-01 23:30:00+00:00,0.2514355831630528,13739.303054238742,10684.83,0.06672374429223744,0.0,1.0632694253098736
2019-07-01 23:30:00+00:00,0.2737651555878028,14049.546730400938,10684.83,0.06672374429223744,0.0,1.0663784118508106
2019-07-01 23:30:00+00:00,0.29609472801255277,14366.79593939247,10684.83,0.06672374429223744,0.0,1.0695408967233009
2019-07-01 23:30:00+00:00,0.31842430043730263,14691.208871352226,10684.83,0.06672374429223744,0.0,1.0727531594598532
2019-07-01 23:30:00+00:00,0.3407538728620527,15022.947288470034,10684.83,0.06672374429223744,0.0,1.0760117375291973
2019-07-01 23:30:00+00:00,0.3630834452868026,15362.176605646202,10684.83,0.06672374429223744,0.0,1.079313405614486
2019-07-01 23:30:00+00:00,0.3854130177115527,15709.065972972463,10684.83,0.06672374429223744,0.0,1.0826551568203766
2019-07-01 23:30:00+00:00,0.40774259013630254,16063.78836007534,10684.83,0.06672374429223744,0.0,1.0860341856040319
2019-07-01 23:30:00+00:00,0.4300721625610524,16426.520642364125,10684.83,0.06672374429223744,0.0,1.0894478722494882
2019-07-01 23:30:00+00:00,0.4524017349858025,16797.443689226322,10684.83,0.06672374429223744,0.0,1.0928937687260283
2019-07-01 23:30:00+00:00,0.47473130741055236,17176.742454214644,10684.83,0.06672374429223744,0.0,1.0963695857898041
2019-07-01 23:30:00+00:00,0.49706087983530245,17564.606067270535,10684.83,0.06672374429223744,0.0,1.0998731812040938
2019-07-01 23:30:00+00:00,0.5193904522600523,17961.227929030083,10684.83,0.06672374429223744,0.0,1.103402548967474
2019-07-01 23:30:00+00:00,0.5417200246848024,18366.805807259527,10684.83,0.06672374429223744,0.0,1.10695580945169
2019-07-01 23:30:00+00:00,0.5640495971095523,18781.541935468256,10684.83,0.06672374429223744,0.0,1.110531200361673
2019-07-01 23:30:00+00:00,0.5863791695343021,19205.643113748654,10684.83,0.06672374429223744,0.0,1.1141270684395888
2019-07-01 23:30:00+00:00,0.6087087419590522,19639.32081189291,10684.83,0.06672374429223744,0.0,1.117741861843253
2019-07-01 23:30:00+00:00,0.6310383143838021,20082.791274838313,10684.83,0.06672374429223744,0.0,1.121374123136541
2019-07-01 23:30:00+00:00,0.6533678868085522,20536.275630493583,10684.83,0.06672374429223744,0.0,1.1250224828358446
2019-07-01 23:30:00+00:00,0.675697459233302,21000.0,10684.83,0.06672374429223744,0.0,1.1286856534623462
