date,strike,option_type,mid_iv,forward,underlying_price,tau_years,rate
2019-07-01 00:00:00+00:00,5500,call,1.2997999999999998,11030.9,11030.9,0.06940639269406393,0.0
2019-07-01 00:00:00+00:00,6000,call,1.0734000000000001,11030.9,11030.9,0.06940639269406393,0.0
2019-07-01 00:00:00+00:00,6500,call,1.0183,11030.9,11030.9,0.06940639269406393,0.0
2019-07-01 00:00:00+00:00,7000,call,1.0070000000000001,11030.9,11030.9,0.06940639269406393,0.0
2019-07-01 00:00:00+00:00,7500,call,1.0051999999999999,11030.9,11030.9,0.06940639269406393,0.0
2019-07-01 00:00:00+00:00,8000,call,1.0051999999999999,11030.9,11030.9,0.06940639269406393,0.0
2019-07-01 00:00:00+00:00,8500,call,1.0044,11030.9,11030.9,0.06940639269406393,0.0
2019-07-01 00:00:00+00:00,9000,call,1.0045,11030.9,11030.9,0.06940639269406393,0.0
2019-07-01 00:00:00+00:00,9500,call,1.0043,11030.9,11030.9,0.06940639269406393,0.0
2019-07-01 00:00:00+00:00,10000,call,1.0034999999999998,11030.9,11030.9,0.06940639269406393,0.0
2019-07-01 00:00:00+00:00,10500,call,1.0041,11030.9,11030.9,0.06940639269406393,0.0
2019-07-01 00:00:00+00:00,11000,call,1.004,11030.9,11030.9,0.06940639269406393,0.0
2019-07-01 00:00:00+00:00,11500,call,1.0029000000000001,11030.9,11030.9,0.06940639269406393,0.0
2019-07-01 00:00:00+00:00,12000,call,1.0238,11030.9,11030.9,0.06940639269406393,0.0
2019-07-01 00:00:00+00:00,12500,call,1.0290000000000001,11030.9,11030.9,0.06940639269406393,0.0
2019-07-01 00:00:00+00:00,13000,call,1.0319,11030.9,11030.9,0.06940639269406393,0.0
2019-07-01 00:00:00+00:00,13500,call,1.0388,11030.9,11030.9,0.06940639269406393,0.0
2019-07-01 00:00:00+00:00,14000,call,1.0451000000000001,11030.9,11030.9,0.06940639269406393,0.0
2019-07-01 00:00:00+00:00,14500,call,1.0490000000000002,11030.9,11030.9,0.06940639269406393,0.0
2019-07-01 00:00:00+00:00,15000,call,1.0549,11030.9,11030.9,0.06940639269406393,0.0
2019-07-01 00:00:00+00:00,16000,call,1.0647,11030.9,11030.9,0.06940639269406393,0.0
2019-07-01 00:00:00+00:00,17000,call,1.0756999999999999,11030.9,11030.9,0.06940639269406393,0.0
2019-07-01 00:00:00+00:00,18000,call,1.0875,11030.9,11030.9,0.06940639269406393,0.0
2019-07-01 00:00:00+00:00,19000,call,1.1001,11030.9,11030.9,0.06940639269406393,0.0
2019-07-01 00:00:00+00:00,20000,call,1.1272,11030.9,11030.9,0.06940639269406393,0.0
2019-07-01 00:00:00+00:00,21000,call,1.1376,11030.9,11030.9,0.06940639269406393,0.0
2019-07-01 00:30:00+00:00,5500,call,1.3419999999999999,11107.1,11107.1,0.06934931506849315,0.0
2019-07-01 00:30:00+00:00,6000,call,1.1426,11107.1,11107.1,0.06934931506849315,0.0
2019-07-01 00:30:00+00:00,6500,call,1.073,11107.1,11107.1,0.06934931506849315,0.0
2019-07-01 00:30:00+00:00,7000,call,0.9982,11107.1,11107.1,0.06934931506849315,0.0
2019-07-01 00:30:00+00:00,7500,call,1.0048000000000001,11107.1,11107.1,0.06934931506849315,0.0
2019-07-01 00:30:00+00:00,8000,call,1.0043,11107.1,11107.1,0.06934931506849315,0.0
2019-07-01 00:30:00+00:00,8500,call,1.0042,11107.1,11107.1,0.06934931506849315,0.0
2019-07-01 00:30:00+00:00,9000,call,1.004,11107.1,11107.1,0.06934931506849315,0.0
2019-07-01 00:30:00+00:00,9500,call,1.0028,11107.1,11107.1,0.06934931506849315,0.0
2019-07-01 00:30:00+00:00,10000,call,1.0025,11107.1,11107.1,0.06934931506849315,0.0
2019-07-01 00:30:00+00:00,10500,call,1.0026000000000002,11107.1,11107.1,0.06934931506849315,0.0
2019-07-01 00:30:00+00:00,11000,call,1.0022,11107.1,11107.1,0.06934931506849315,0.0
2019-07-01 00:30:00+00:00,11500,call,1.0057,11107.1,11107.1,0.06934931506849315,0.0
2019-07-01 00:30:00+00:00,12000,call,1.0158,11107.1,11107.1,0.06934931506849315,0.0
2019-07-01 00:30:00+00:00,12500,call,1.0318,11107.1,11107.1,0.06934931506849315,0.0
2019-07-01 00:30:00+00:00,13000,call,1.0463,11107.1,11107.1,0.06934931506849315,0.0
2019-07-01 00:30:00+00:00,13500,call,1.0464,11107.1,11107.1,0.06934931506849315,0.0
2019-07-01 00:30:00+00:00,14000,call,1.047,11107.1,11107.1,0.06934931506849315,0.0
2019-07-01 00:30:00+00:00,14500,call,1.0489,11107.1,11107.1,0.06934931506849315,0.0
2019-07-01 00:30:00+00:00,15000,call,1.0534999999999999,11107.1,11107.1,0.06934931506849315,0.0
2019-07-01 00:30:00+00:00,16000,call,1.0624,11107.1,11107.1,0.06934931506849315,0.0
2019-07-01 00:30:00+00:00,17000,call,1.0745,11107.1,11107.1,0.06934931506849315,0.0
2019-07-01 00:30:00+00:00,18000,call,1.0842,11107.1,11107.1,0.06934931506849315,0.0
2019-07-01 00:30:00+00:00,19000,call,1.0968,11107.1,11107.1,0.06934931506849315,0.0
2019-07-01 00:30:00+00:00,20000,call,1.105,11107.1,11107.1,0.06934931506849315,0.0
2019-07-01 00:30:00+00:00,21000,call,1.1293,11107.1,11107.1,0.06934931506849315,0.0
2019-07-01 01:00:00+00:00,5500,call,1.3003,11079.01,11079.01,0.06929223744292237,0.0
2019-07-01 01:00:00+00:00,6000,call,1.0891,11079.01,11079.01,0.06929223744292237,0.0
2019-07-01 01:00:00+00:00,6500,call,1.0336,11079.01,11079.01,0.06929223744292237,0.0
2019-07-01 01:00:00+00:00,7000,call,0.9887,11079.01,11079.01,0.06929223744292237,0.0
2019-07-01 01:00:00+00:00,7500,call,0.9786,11079.01,11079.01,0.06929223744292237,0.0
2019-07-01 01:00:00+00:00,8000,call,0.9797,11079.01,11079.01,0.06929223744292237,0.0
2019-07-01 01:00:00+00:00,8500,call,0.9797,11079.01,11079.01,0.06929223744292237,0.0
2019-07-01 01:00:00+00:00,9000,call,0.9797,11079.01,11079.01,0.06929223744292237,0.0
2019-07-01 01:00:00+00:00,9500,call,0.9793000000000001,11079.01,11079.01,0.06929223744292237,0.0
2019-07-01 01:00:00+00:00,10000,call,0.9797,11079.01,11079.01,0.06929223744292237,0.0
2019-07-01 01:00:00+00:00,10500,call,0.9797,11079.01,11079.01,0.06929223744292237,0.0
2019-07-01 01:00:00+00:00,11000,call,0.9797,11079.01,11079.01,0.06929223744292237,0.0
2019-07-01 01:00:00+00:00,11500,call,0.9802,11079.01,11079.01,0.06929223744292237,0.0
2019-07-01 01:00:00+00:00,12000,call,1.0055,11079.01,11079.01,0.06929223744292237,0.0
2019-07-01 01:00:00+00:00,12500,call,1.0089,11079.01,11079.01,0.06929223744292237,0.0
2019-07-01 01:00:00+00:00,13000,call,1.0337,11079.01,11079.01,0.06929223744292237,0.0
2019-07-01 01:00:00+00:00,13500,call,1.0337,11079.01,11079.01,0.06929223744292237,0.0
2019-07-01 01:00:00+00:00,14000,call,1.0336,11079.01,11079.01,0.06929223744292237,0.0
2019-07-01 01:00:00+00:00,14500,call,1.0337,11079.01,11079.01,0.06929223744292237,0.0
2019-07-01 01:00:00+00:00,15000,call,1.0336,11079.01,11079.01,0.06929223744292237,0.0
2019-07-01 01:00:00+00:00,16000,call,1.0337,11079.01,11079.01,0.06929223744292237,0.0
2019-07-01 01:00:00+00:00,17000,call,1.043,11079.01,11079.01,0.06929223744292237,0.0
2019-07-01 01:00:00+00:00,18000,call,1.0561,11079.01,11079.01,0.06929223744292237,0.0
2019-07-01 01:00:00+00:00,19000,call,1.0769,11079.01,11079.01,0.06929223744292237,0.0
2019-07-01 01:00:00+00:00,20000,call,1.0769,11079.01,11079.01,0.06929223744292237,0.0
2019-07-01 01:00:00+00:00,21000,call,1.1124,11079.01,11079.01,0.06929223744292237,0.0
2019-07-01 01:30:00+00:00,5500,call,1.3056,10980.63,10980.63,0.0692351598173516,0.0
2019-07-01 01:30:00+00:00,6000,call,1.0669,10980.63,10980.63,0.0692351598173516,0.0
2019-07-01 01:30:00+00:00,6500,call,1.0385,10980.63,10980.63,0.0692351598173516,0.0
2019-07-01 01:30:00+00:00,7000,call,0.9889,10980.63,10980.63,0.0692351598173516,0.0
2019-07-01 01:30:00+00:00,7500,call,0.9893000000000001,10980.63,10980.63,0.0692351598173516,0.0
2019-07-01 01:30:00+00:00,8000,call,0.9876999999999999,10980.63,10980.63,0.0692351598173516,0.0
2019-07-01 01:30:00+00:00,8500,call,0.987,10980.63,10980.63,0.0692351598173516,0.0
2019-07-01 01:30:00+00:00,9000,call,0.9856,10980.63,10980.63,0.0692351598173516,0.0
2019-07-01 01:30:00+00:00,9500,call,0.9851000000000001,10980.63,10980.63,0.0692351598173516,0.0
2019-07-01 01:30:00+00:00,10000,call,0.9853000000000001,10980.63,10980.63,0.0692351598173516,0.0
2019-07-01 01:30:00+00:00,10500,call,0.9843000000000001,10980.63,10980.63,0.0692351598173516,0.0
2019-07-01 01:30:00+00:00,11000,call,0.9851000000000001,10980.63,10980.63,0.0692351598173516,0.0
2019-07-01 01:30:00+00:00,11500,call,0.9856999999999999,10980.63,10980.63,0.0692351598173516,0.0
2019-07-01 01:30:00+00:00,12000,call,0.9947,10980.63,10980.63,0.0692351598173516,0.0
2019-07-01 01:30:00+00:00,12500,call,1.0014,10980.63,10980.63,0.0692351598173516,0.0
2019-07-01 01:30:00+00:00,13000,call,1.0246,10980.63,10980.63,0.0692351598173516,0.0
2019-07-01 01:30:00+00:00,13500,call,1.025,10980.63,10980.63,0.0692351598173516,0.0
2019-07-01 01:30:00+00:00,14000,call,1.0246,10980.63,10980.63,0.0692351598173516,0.0
2019-07-01 01:30:00+00:00,14500,call,1.0255,10980.63,10980.63,0.0692351598173516,0.0
2019-07-01 01:30:00+00:00,15000,call,1.0282,10980.63,10980.63,0.0692351598173516,0.0
2019-07-01 01:30:00+00:00,16000,call,1.0392000000000001,10980.63,10980.63,0.0692351598173516,0.0
2019-07-01 01:30:00+00:00,17000,call,1.0537,10980.63,10980.63,0.0692351598173516,0.0
2019-07-01 01:30:00+00:00,18000,call,1.0648,10980.63,10980.63,0.0692351598173516,0.0
2019-07-01 01:30:00+00:00,19000,call,1.0824,10980.63,10980.63,0.0692351598173516,0.0
2019-07-01 01:30:00+00:00,20000,call,1.097,10980.63,10980.63,0.0692351598173516,0.0
2019-07-01 01:30:00+00:00,21000,call,1.1176000000000001,10980.63,10980.63,0.0692351598173516,0.0
2019-07-01 02:00:00+00:00,5500,call,1.3027000000000002,11109.01,11109.01,0.06917808219178082,0.0
2019-07-01 02:00:00+00:00,6000,call,1.0952,11109.01,11109.01,0.06917808219178082,0.0
2019-07-01 02:00:00+00:00,6500,call,1.0390000000000001,11109.01,11109.01,0.06917808219178082,0.0
2019-07-01 02:00:00+00:00,7000,call,1.0056,11109.01,11109.01,0.06917808219178082,0.0
2019-07-01 02:00:00+00:00,7500,call,0.9928,11109.01,11109.01,0.06917808219178082,0.0
2019-07-01 02:00:00+00:00,8000,call,0.9834999999999999,11109.01,11109.01,0.06917808219178082,0.0
2019-07-01 02:00:00+00:00,8500,call,0.9865999999999999,11109.01,11109.01,0.06917808219178082,0.0
2019-07-01 02:00:00+00:00,9000,call,0.985,11109.01,11109.01,0.06917808219178082,0.0
2019-07-01 02:00:00+00:00,9500,call,0.9865999999999999,11109.01,11109.01,0.06917808219178082,0.0
2019-07-01 02:00:00+00:00,10000,call,0.9867,11109.01,11109.01,0.06917808219178082,0.0
2019-07-01 02:00:00+00:00,10500,call,0.9868000000000001,11109.01,11109.01,0.06917808219178082,0.0
2019-07-01 02:00:00+00:00,11000,call,0.9867,11109.01,11109.01,0.06917808219178082,0.0
2019-07-01 02:00:00+00:00,11500,call,0.9868000000000001,11109.01,11109.01,0.06917808219178082,0.0
2019-07-01 02:00:00+00:00,12000,call,0.9948,11109.01,11109.01,0.06917808219178082,0.0
2019-07-01 02:00:00+00:00,12500,call,1.002,11109.01,11109.01,0.06917808219178082,0.0
2019-07-01 02:00:00+00:00,13000,call,1.0009000000000001,11109.01,11109.01,0.06917808219178082,0.0
2019-07-01 02:00:00+00:00,13500,call,1.0102,11109.01,11109.01,0.06917808219178082,0.0
2019-07-01 02:00:00+00:00,14000,call,1.0170000000000001,11109.01,11109.01,0.06917808219178082,0.0
2019-07-01 02:00:00+00:00,14500,call,1.0211,11109.01,11109.01,0.06917808219178082,0.0
2019-07-01 02:00:00+00:00,15000,call,1.0256,11109.01,11109.01,0.06917808219178082,0.0
2019-07-01 02:00:00+00:00,16000,call,1.0377,11109.01,11109.01,0.06917808219178082,0.0
2019-07-01 02:00:00+00:00,17000,call,1.0495,11109.01,11109.01,0.06917808219178082,0.0
2019-07-01 02:00:00+00:00,18000,call,1.0671,11109.01,11109.01,0.06917808219178082,0.0
2019-07-01 02:00:00+00:00,19000,call,1.0826,11109.01,11109.01,0.06917808219178082,0.0
2019-07-01 02:00:00+00:00,20000,call,1.1023,11109.01,11109.01,0.06917808219178082,0.0
2019-07-01 02:00:00+00:00,21000,call,1.1162,11109.01,11109.01,0.06917808219178082,0.0
2019-07-01 02:30:00+00:00,5500,call,1.3048,11087.93,11087.93,0.06912100456621005,0.0
2019-07-01 02:30:00+00:00,6000,call,1.1014,11087.93,11087.93,0.06912100456621005,0.0
2019-07-01 02:30:00+00:00,6500,call,1.0343,11087.93,11087.93,0.06912100456621005,0.0
2019-07-01 02:30:00+00:00,7000,call,1.0034999999999998,11087.93,11087.93,0.06912100456621005,0.0
2019-07-01 02:30:00+00:00,7500,call,0.9972,11087.93,11087.93,0.06912100456621005,0.0
2019-07-01 02:30:00+00:00,8000,call,0.9884999999999999,11087.93,11087.93,0.06912100456621005,0.0
2019-07-01 02:30:00+00:00,8500,call,0.9886,11087.93,11087.93,0.06912100456621005,0.0
2019-07-01 02:30:00+00:00,9000,call,0.9892,11087.93,11087.93,0.06912100456621005,0.0
2019-07-01 02:30:00+00:00,9500,call,0.987,11087.93,11087.93,0.06912100456621005,0.0
2019-07-01 02:30:00+00:00,10000,call,0.9872,11087.93,11087.93,0.06912100456621005,0.0
2019-07-01 02:30:00+00:00,10500,call,0.9887999999999999,11087.93,11087.93,0.06912100456621005,0.0
2019-07-01 02:30:00+00:00,11000,call,0.9875,11087.93,11087.93,0.06912100456621005,0.0
2019-07-01 02:30:00+00:00,11500,call,0.9876999999999999,11087.93,11087.93,0.06912100456621005,0.0
2019-07-01 02:30:00+00:00,12000,call,0.9882,11087.93,11087.93,0.06912100456621005,0.0
2019-07-01 02:30:00+00:00,12500,call,1.0067,11087.93,11087.93,0.06912100456621005,0.0
2019-07-01 02:30:00+00:00,13000,call,1.0073999999999999,11087.93,11087.93,0.06912100456621005,0.0
2019-07-01 02:30:00+00:00,13500,call,1.016,11087.93,11087.93,0.06912100456621005,0.0
2019-07-01 02:30:00+00:00,14000,call,1.0205,11087.93,11087.93,0.06912100456621005,0.0
2019-07-01 02:30:00+00:00,14500,call,1.0244,11087.93,11087.93,0.06912100456621005,0.0
2019-07-01 02:30:00+00:00,15000,call,1.0298,11087.93,11087.93,0.06912100456621005,0.0
2019-07-01 02:30:00+00:00,16000,call,1.0405,11087.93,11087.93,0.06912100456621005,0.0
2019-07-01 02:30:00+00:00,17000,call,1.0537999999999998,11087.93,11087.93,0.06912100456621005,0.0
2019-07-01 02:30:00+00:00,18000,call,1.0656,11087.93,11087.93,0.06912100456621005,0.0
2019-07-01 02:30:00+00:00,19000,call,1.081,11087.93,11087.93,0.06912100456621005,0.0
2019-07-01 02:30:00+00:00,20000,call,1.1008,11087.93,11087.93,0.06912100456621005,0.0
2019-07-01 02:30:00+00:00,21000,call,1.1072,11087.93,11087.93,0.06912100456621005,0.0
2019-07-01 03:00:00+00:00,5500,call,1.2263,11163.814999999999,11163.814999999999,0.06906392694063927,0.0
2019-07-01 03:00:00+00:00,6000,call,1.0859,11163.814999999999,11163.814999999999,0.06906392694063927,0.0
2019-07-01 03:00:00+00:00,6500,call,1.0592,11163.814999999999,11163.814999999999,0.06906392694063927,0.0
2019-07-01 03:00:00+00:00,7000,call,1.0075,11163.814999999999,11163.814999999999,0.06906392694063927,0.0
2019-07-01 03:00:00+00:00,7500,call,0.9895999999999999,11163.814999999999,11163.814999999999,0.06906392694063927,0.0
2019-07-01 03:00:00+00:00,8000,call,0.9901000000000001,11163.814999999999,11163.814999999999,0.06906392694063927,0.0
2019-07-01 03:00:00+00:00,8500,call,0.9838,11163.814999999999,11163.814999999999,0.06906392694063927,0.0
2019-07-01 03:00:00+00:00,9000,call,0.9865,11163.814999999999,11163.814999999999,0.06906392694063927,0.0
2019-07-01 03:00:00+00:00,9500,call,0.9856,11163.814999999999,11163.814999999999,0.06906392694063927,0.0
2019-07-01 03:00:00+00:00,10000,call,0.985,11163.814999999999,11163.814999999999,0.06906392694063927,0.0
2019-07-01 03:00:00+00:00,10500,call,0.9821,11163.814999999999,11163.814999999999,0.06906392694063927,0.0
2019-07-01 03:00:00+00:00,11000,call,0.9842,11163.814999999999,11163.814999999999,0.06906392694063927,0.0
2019-07-01 03:00:00+00:00,11500,call,0.983,11163.814999999999,11163.814999999999,0.06906392694063927,0.0
2019-07-01 03:00:00+00:00,12000,call,1.0047,11163.814999999999,11163.814999999999,0.06906392694063927,0.0
2019-07-01 03:00:00+00:00,12500,call,1.0063,11163.814999999999,11163.814999999999,0.06906392694063927,0.0
2019-07-01 03:00:00+00:00,13000,call,1.0070000000000001,11163.814999999999,11163.814999999999,0.06906392694063927,0.0
2019-07-01 03:00:00+00:00,13500,call,1.0098,11163.814999999999,11163.814999999999,0.06906392694063927,0.0
2019-07-01 03:00:00+00:00,14000,call,1.0128,11163.814999999999,11163.814999999999,0.06906392694063927,0.0
2019-07-01 03:00:00+00:00,14500,call,1.0142,11163.814999999999,11163.814999999999,0.06906392694063927,0.0
2019-07-01 03:00:00+00:00,15000,call,1.0181,11163.814999999999,11163.814999999999,0.06906392694063927,0.0
2019-07-01 03:00:00+00:00,16000,call,1.0225,11163.814999999999,11163.814999999999,0.06906392694063927,0.0
2019-07-01 03:00:00+00:00,17000,call,1.0299,11163.814999999999,11163.814999999999,0.06906392694063927,0.0
2019-07-01 03:00:00+00:00,18000,call,1.0379,11163.814999999999,11163.814999999999,0.06906392694063927,0.0
2019-07-01 03:00:00+00:00,19000,call,1.0661,11163.814999999999,11163.814999999999,0.06906392694063927,0.0
2019-07-01 03:00:00+00:00,20000,call,1.0656,11163.814999999999,11163.814999999999,0.06906392694063927,0.0
2019-07-01 03:00:00+00:00,21000,call,1.0814,11163.814999999999,11163.814999999999,0.06906392694063927,0.0
2019-07-01 03:30:00+00:00,5500,call,1.2548000000000001,11171.65,11171.65,0.0690068493150685,0.0
2019-07-01 03:30:00+00:00,6000,call,1.1161,11171.65,11171.65,0.0690068493150685,0.0
2019-07-01 03:30:00+00:00,6500,call,1.0612000000000001,11171.65,11171.65,0.0690068493150685,0.0
2019-07-01 03:30:00+00:00,7000,call,1.0149,11171.65,11171.65,0.0690068493150685,0.0
2019-07-01 03:30:00+00:00,7500,call,1.0055,11171.65,11171.65,0.0690068493150685,0.0
2019-07-01 03:30:00+00:00,8000,call,0.9926999999999999,11171.65,11171.65,0.0690068493150685,0.0
2019-07-01 03:30:00+00:00,8500,call,0.9895999999999999,11171.65,11171.65,0.0690068493150685,0.0
2019-07-01 03:30:00+00:00,9000,call,0.9893000000000001,11171.65,11171.65,0.0690068493150685,0.0
2019-07-01 03:30:00+00:00,9500,call,0.9894,11171.65,11171.65,0.0690068493150685,0.0
2019-07-01 03:30:00+00:00,10000,call,0.9893000000000001,11171.65,11171.65,0.0690068493150685,0.0
2019-07-01 03:30:00+00:00,10500,call,0.9893000000000001,11171.65,11171.65,0.0690068493150685,0.0
2019-07-01 03:30:00+00:00,11000,call,0.9894,11171.65,11171.65,0.0690068493150685,0.0
2019-07-01 03:30:00+00:00,11500,call,0.9893000000000001,11171.65,11171.65,0.0690068493150685,0.0
2019-07-01 03:30:00+00:00,12000,call,0.9974,11171.65,11171.65,0.0690068493150685,0.0
2019-07-01 03:30:00+00:00,12500,call,1.0065,11171.65,11171.65,0.0690068493150685,0.0
2019-07-01 03:30:00+00:00,13000,call,1.0075,11171.65,11171.65,0.0690068493150685,0.0
2019-07-01 03:30:00+00:00,13500,call,1.0351000000000001,11171.65,11171.65,0.0690068493150685,0.0
2019-07-01 03:30:00+00:00,14000,call,1.0351000000000001,11171.65,11171.65,0.0690068493150685,0.0
2019-07-01 03:30:00+00:00,14500,call,1.0351000000000001,11171.65,11171.65,0.0690068493150685,0.0
2019-07-01 03:30:00+00:00,15000,call,1.0351000000000001,11171.65,11171.65,0.0690068493150685,0.0
2019-07-01 03:30:00+00:00,16000,call,1.0426,11171.65,11171.65,0.0690068493150685,0.0
2019-07-01 03:30:00+00:00,17000,call,1.0545,11171.65,11171.65,0.0690068493150685,0.0
2019-07-01 03:30:00+00:00,18000,call,1.07,11171.65,11171.65,0.0690068493150685,0.0
2019-07-01 03:30:00+00:00,19000,call,1.0824,11171.65,11171.65,0.0690068493150685,0.0
2019-07-01 03:30:00+00:00,20000,call,1.1014,11171.65,11171.65,0.0690068493150685,0.0
2019-07-01 03:30:00+00:00,21000,call,1.1026,11171.65,11171.65,0.0690068493150685,0.0
2019-07-01 04:00:00+00:00,5500,call,1.2999,11128.52,11128.52,0.06894977168949772,0.0
2019-07-01 04:00:00+00:00,6000,call,1.1073,11128.52,11128.52,0.06894977168949772,0.0
2019-07-01 04:00:00+00:00,6500,call,1.0518,11128.52,11128.52,0.06894977168949772,0.0
2019-07-01 04:00:00+00:00,7000,call,1.0212999999999999,11128.52,11128.52,0.06894977168949772,0.0
2019-07-01 04:00:00+00:00,7500,call,1.0009000000000001,11128.52,11128.52,0.06894977168949772,0.0
2019-07-01 04:00:00+00:00,8000,call,0.9944,11128.52,11128.52,0.06894977168949772,0.0
2019-07-01 04:00:00+00:00,8500,call,0.9936,11128.52,11128.52,0.06894977168949772,0.0
2019-07-01 04:00:00+00:00,9000,call,0.9936,11128.52,11128.52,0.06894977168949772,0.0
2019-07-01 04:00:00+00:00,9500,call,0.9933,11128.52,11128.52,0.06894977168949772,0.0
2019-07-01 04:00:00+00:00,10000,call,0.9936,11128.52,11128.52,0.06894977168949772,0.0
2019-07-01 04:00:00+00:00,10500,call,0.9939,11128.52,11128.52,0.06894977168949772,0.0
2019-07-01 04:00:00+00:00,11000,call,0.9936,11128.52,11128.52,0.06894977168949772,0.0
2019-07-01 04:00:00+00:00,11500,call,0.9937999999999999,11128.52,11128.52,0.06894977168949772,0.0
2019-07-01 04:00:00+00:00,12000,call,1.0061,11128.52,11128.52,0.06894977168949772,0.0
2019-07-01 04:00:00+00:00,12500,call,1.0069,11128.52,11128.52,0.06894977168949772,0.0
2019-07-01 04:00:00+00:00,13000,call,1.0107,11128.52,11128.52,0.06894977168949772,0.0
2019-07-01 04:00:00+00:00,13500,call,1.0201,11128.52,11128.52,0.06894977168949772,0.0
2019-07-01 04:00:00+00:00,14000,call,1.0244,11128.52,11128.52,0.06894977168949772,0.0
2019-07-01 04:00:00+00:00,14500,call,1.0273,11128.52,11128.52,0.06894977168949772,0.0
2019-07-01 04:00:00+00:00,15000,call,1.0328,11128.52,11128.52,0.06894977168949772,0.0
2019-07-01 04:00:00+00:00,16000,call,1.0426,11128.52,11128.52,0.06894977168949772,0.0
2019-07-01 04:00:00+00:00,17000,call,1.0558,11128.52,11128.52,0.06894977168949772,0.0
2019-07-01 04:00:00+00:00,18000,call,1.0703,11128.52,11128.52,0.06894977168949772,0.0
2019-07-01 04:00:00+00:00,19000,call,1.0859,11128.52,11128.52,0.06894977168949772,0.0
2019-07-01 04:00:00+00:00,20000,call,1.0967,11128.52,11128.52,0.06894977168949772,0.0
2019-07-01 04:00:00+00:00,21000,call,1.103,11128.52,11128.52,0.06894977168949772,0.0
2019-07-01 04:30:00+00:00,5500,call,1.2978999999999998,11174.08,11174.08,0.06889269406392694,0.0
2019-07-01 04:30:00+00:00,6000,call,1.1137000000000001,11174.08,11174.08,0.06889269406392694,0.0
2019-07-01 04:30:00+00:00,6500,call,1.0565,11174.08,11174.08,0.06889269406392694,0.0
2019-07-01 04:30:00+00:00,7000,call,1.0168000000000001,11174.08,11174.08,0.06889269406392694,0.0
2019-07-01 04:30:00+00:00,7500,call,1.0017,11174.08,11174.08,0.06889269406392694,0.0
2019-07-01 04:30:00+00:00,8000,call,0.9934000000000001,11174.08,11174.08,0.06889269406392694,0.0
2019-07-01 04:30:00+00:00,8500,call,0.9932,11174.08,11174.08,0.06889269406392694,0.0
2019-07-01 04:30:00+00:00,9000,call,0.9932,11174.08,11174.08,0.06889269406392694,0.0
2019-07-01 04:30:00+00:00,9500,call,0.9931,11174.08,11174.08,0.06889269406392694,0.0
2019-07-01 04:30:00+00:00,10000,call,0.993,11174.08,11174.08,0.06889269406392694,0.0
2019-07-01 04:30:00+00:00,10500,call,0.993,11174.08,11174.08,0.06889269406392694,0.0
2019-07-01 04:30:00+00:00,11000,call,0.993,11174.08,11174.08,0.06889269406392694,0.0
2019-07-01 04:30:00+00:00,11500,call,0.993,11174.08,11174.08,0.06889269406392694,0.0
2019-07-01 04:30:00+00:00,12000,call,0.9928,11174.08,11174.08,0.06889269406392694,0.0
2019-07-01 04:30:00+00:00,12500,call,1.0081,11174.08,11174.08,0.06889269406392694,0.0
2019-07-01 04:30:00+00:00,13000,call,1.0319,11174.08,11174.08,0.06889269406392694,0.0
2019-07-01 04:30:00+00:00,13500,call,1.0317,11174.08,11174.08,0.06889269406392694,0.0
2019-07-01 04:30:00+00:00,14000,call,1.0319,11174.08,11174.08,0.06889269406392694,0.0
2019-07-01 04:30:00+00:00,14500,call,1.0319,11174.08,11174.08,0.06889269406392694,0.0
2019-07-01 04:30:00+00:00,15000,call,1.033,11174.08,11174.08,0.06889269406392694,0.0
2019-07-01 04:30:00+00:00,16000,call,1.0439,11174.08,11174.08,0.06889269406392694,0.0
2019-07-01 04:30:00+00:00,17000,call,1.0545,11174.08,11174.08,0.06889269406392694,0.0
2019-07-01 04:30:00+00:00,18000,call,1.0698,11174.08,11174.08,0.06889269406392694,0.0
2019-07-01 04:30:00+00:00,19000,call,1.0863,11174.08,11174.08,0.06889269406392694,0.0
2019-07-01 04:30:00+00:00,20000,call,1.0952,11174.08,11174.08,0.06889269406392694,0.0
2019-07-01 04:30:00+00:00,21000,call,1.1002,11174.08,11174.08,0.06889269406392694,0.0
2019-07-01 05:00:00+00:00,5500,call,1.2788,11181.63,11181.63,0.06883561643835616,0.0
2019-07-01 05:00:00+00:00,6000,call,1.0756000000000001,11181.63,11181.63,0.06883561643835616,0.0
2019-07-01 05:00:00+00:00,6500,call,1.0586,11181.63,11181.63,0.06883561643835616,0.0
2019-07-01 05:00:00+00:00,7000,call,1.0231000000000001,11181.63,11181.63,0.06883561643835616,0.0
2019-07-01 05:00:00+00:00,7500,call,0.9915999999999999,11181.63,11181.63,0.06883561643835616,0.0
2019-07-01 05:00:00+00:00,8000,call,0.9852,11181.63,11181.63,0.06883561643835616,0.0
2019-07-01 05:00:00+00:00,8500,call,0.9863,11181.63,11181.63,0.06883561643835616,0.0
2019-07-01 05:00:00+00:00,9000,call,0.9873000000000001,11181.63,11181.63,0.06883561643835616,0.0
2019-07-01 05:00:00+00:00,9500,call,0.9945999999999999,11181.63,11181.63,0.06883561643835616,0.0
2019-07-01 05:00:00+00:00,10000,call,0.9922,11181.63,11181.63,0.06883561643835616,0.0
2019-07-01 05:00:00+00:00,10500,call,0.992,11181.63,11181.63,0.06883561643835616,0.0
2019-07-01 05:00:00+00:00,11000,call,0.9918,11181.63,11181.63,0.06883561643835616,0.0
2019-07-01 05:00:00+00:00,11500,call,0.9917,11181.63,11181.63,0.06883561643835616,0.0
2019-07-01 05:00:00+00:00,12000,call,1.0044,11181.63,11181.63,0.06883561643835616,0.0
2019-07-01 05:00:00+00:00,12500,call,1.0092,11181.63,11181.63,0.06883561643835616,0.0
2019-07-01 05:00:00+00:00,13000,call,1.018,11181.63,11181.63,0.06883561643835616,0.0
2019-07-01 05:00:00+00:00,13500,call,1.0204,11181.63,11181.63,0.06883561643835616,0.0
2019-07-01 05:00:00+00:00,14000,call,1.0273999999999999,11181.63,11181.63,0.06883561643835616,0.0
2019-07-01 05:00:00+00:00,14500,call,1.0324,11181.63,11181.63,0.06883561643835616,0.0
2019-07-01 05:00:00+00:00,15000,call,1.0386,11181.63,11181.63,0.06883561643835616,0.0
2019-07-01 05:00:00+00:00,16000,call,1.0476999999999999,11181.63,11181.63,0.06883561643835616,0.0
2019-07-01 05:00:00+00:00,17000,call,1.0589,11181.63,11181.63,0.06883561643835616,0.0
2019-07-01 05:00:00+00:00,18000,call,1.0755,11181.63,11181.63,0.06883561643835616,0.0
2019-07-01 05:00:00+00:00,19000,call,1.0898,11181.63,11181.63,0.06883561643835616,0.0
2019-07-01 05:00:00+00:00,20000,call,1.1061,11181.63,11181.63,0.06883561643835616,0.0
2019-07-01 05:00:00+00:00,21000,call,1.1072,11181.63,11181.63,0.06883561643835616,0.0
2019-07-01 05:30:00+00:00,5500,call,1.305,11097.62,11097.62,0.0687785388127854,0.0
2019-07-01 05:30:00+00:00,6000,call,1.1005,11097.62,11097.62,0.0687785388127854,0.0
2019-07-01 05:30:00+00:00,6500,call,1.0444,11097.62,11097.62,0.0687785388127854,0.0
2019-07-01 05:30:00+00:00,7000,call,1.0146,11097.62,11097.62,0.0687785388127854,0.0
2019-07-01 05:30:00+00:00,7500,call,0.9975,11097.62,11097.62,0.0687785388127854,0.0
2019-07-01 05:30:00+00:00,8000,call,0.9868000000000001,11097.62,11097.62,0.0687785388127854,0.0
2019-07-01 05:30:00+00:00,8500,call,0.9861,11097.62,11097.62,0.0687785388127854,0.0
2019-07-01 05:30:00+00:00,9000,call,0.985,11097.62,11097.62,0.0687785388127854,0.0
2019-07-01 05:30:00+00:00,9500,call,0.9854,11097.62,11097.62,0.0687785388127854,0.0
2019-07-01 05:30:00+00:00,10000,call,0.9853000000000001,11097.62,11097.62,0.0687785388127854,0.0
2019-07-01 05:30:00+00:00,10500,call,0.9854999999999999,11097.62,11097.62,0.0687785388127854,0.0
2019-07-01 05:30:00+00:00,11000,call,0.9853000000000001,11097.62,11097.62,0.0687785388127854,0.0
2019-07-01 05:30:00+00:00,11500,call,0.9854,11097.62,11097.62,0.0687785388127854,0.0
2019-07-01 05:30:00+00:00,12000,call,1.005,11097.62,11097.62,0.0687785388127854,0.0
2019-07-01 05:30:00+00:00,12500,call,1.0089,11097.62,11097.62,0.0687785388127854,0.0
2019-07-01 05:30:00+00:00,13000,call,1.0147,11097.62,11097.62,0.0687785388127854,0.0
2019-07-01 05:30:00+00:00,13500,call,1.018,11097.62,11097.62,0.0687785388127854,0.0
2019-07-01 05:30:00+00:00,14000,call,1.0246,11097.62,11097.62,0.0687785388127854,0.0
2019-07-01 05:30:00+00:00,14500,call,1.0270000000000001,11097.62,11097.62,0.0687785388127854,0.0
2019-07-01 05:30:00+00:00,15000,call,1.0324,11097.62,11097.62,0.0687785388127854,0.0
2019-07-01 05:30:00+00:00,16000,call,1.0434999999999999,11097.62,11097.62,0.0687785388127854,0.0
2019-07-01 05:30:00+00:00,17000,call,1.0498,11097.62,11097.62,0.0687785388127854,0.0
2019-07-01 05:30:00+00:00,18000,call,1.0597,11097.62,11097.62,0.0687785388127854,0.0
2019-07-01 05:30:00+00:00,19000,call,1.0682,11097.62,11097.62,0.0687785388127854,0.0
2019-07-01 05:30:00+00:00,20000,call,1.0922,11097.62,11097.62,0.0687785388127854,0.0
2019-07-01 05:30:00+00:00,21000,call,1.0922,11097.62,11097.62,0.0687785388127854,0.0
2019-07-01 06:00:00+00:00,5500,call,1.3008000000000002,11098.6,11098.6,0.06872146118721462,0.0
2019-07-01 06:00:00+00:00,6000,call,1.1029,11098.6,11098.6,0.06872146118721462,0.0
2019-07-01 06:00:00+00:00,6500,call,1.0467,11098.6,11098.6,0.06872146118721462,0.0
2019-07-01 06:00:00+00:00,7000,call,1.0175,11098.6,11098.6,0.06872146118721462,0.0
2019-07-01 06:00:00+00:00,7500,call,0.9948999999999999,11098.6,11098.6,0.06872146118721462,0.0
2019-07-01 06:00:00+00:00,8000,call,0.9853000000000001,11098.6,11098.6,0.06872146118721462,0.0
2019-07-01 06:00:00+00:00,8500,call,0.9864,11098.6,11098.6,0.06872146118721462,0.0
2019-07-01 06:00:00+00:00,9000,call,0.9854,11098.6,11098.6,0.06872146118721462,0.0
2019-07-01 06:00:00+00:00,9500,call,0.9861,11098.6,11098.6,0.06872146118721462,0.0
2019-07-01 06:00:00+00:00,10000,call,0.9854,11098.6,11098.6,0.06872146118721462,0.0
2019-07-01 06:00:00+00:00,10500,call,0.9854,11098.6,11098.6,0.06872146118721462,0.0
2019-07-01 06:00:00+00:00,11000,call,0.9854999999999999,11098.6,11098.6,0.06872146118721462,0.0
2019-07-01 06:00:00+00:00,11500,call,0.9854999999999999,11098.6,11098.6,0.06872146118721462,0.0
2019-07-01 06:00:00+00:00,12000,call,1.0039,11098.6,11098.6,0.06872146118721462,0.0
2019-07-01 06:00:00+00:00,12500,call,1.0104,11098.6,11098.6,0.06872146118721462,0.0
2019-07-01 06:00:00+00:00,13000,call,1.0129000000000001,11098.6,11098.6,0.06872146118721462,0.0
2019-07-01 06:00:00+00:00,13500,call,1.0156999999999998,11098.6,11098.6,0.06872146118721462,0.0
2019-07-01 06:00:00+00:00,14000,call,1.0216,11098.6,11098.6,0.06872146118721462,0.0
2019-07-01 06:00:00+00:00,14500,call,1.0255,11098.6,11098.6,0.06872146118721462,0.0
2019-07-01 06:00:00+00:00,15000,call,1.0307,11098.6,11098.6,0.06872146118721462,0.0
2019-07-01 06:00:00+00:00,16000,call,1.0417,11098.6,11098.6,0.06872146118721462,0.0
2019-07-01 06:00:00+00:00,17000,call,1.0466,11098.6,11098.6,0.06872146118721462,0.0
2019-07-01 06:00:00+00:00,18000,call,1.0561,11098.6,11098.6,0.06872146118721462,0.0
2019-07-01 06:00:00+00:00,19000,call,1.0641,11098.6,11098.6,0.06872146118721462,0.0
2019-07-01 06:00:00+00:00,20000,call,1.0892,11098.6,11098.6,0.06872146118721462,0.0
2019-07-01 06:00:00+00:00,21000,call,1.0893000000000002,11098.6,11098.6,0.06872146118721462,0.0
2019-07-01 06:30:00+00:00,5500,call,1.2983000000000002,10967.31,10967.31,0.06866438356164384,0.0
2019-07-01 06:30:00+00:00,6000,call,1.1275,10967.31,10967.31,0.06866438356164384,0.0
2019-07-01 06:30:00+00:00,6500,call,1.026,10967.31,10967.31,0.06866438356164384,0.0
2019-07-01 06:30:00+00:00,7000,call,1.0019,10967.31,10967.31,0.06866438356164384,0.0
2019-07-01 06:30:00+00:00,7500,call,0.986,10967.31,10967.31,0.06866438356164384,0.0
2019-07-01 06:30:00+00:00,8000,call,0.9856999999999999,10967.31,10967.31,0.06866438356164384,0.0
2019-07-01 06:30:00+00:00,8500,call,0.9858,10967.31,10967.31,0.06866438356164384,0.0
2019-07-01 06:30:00+00:00,9000,call,0.9861,10967.31,10967.31,0.06866438356164384,0.0
2019-07-01 06:30:00+00:00,9500,call,0.9852,10967.31,10967.31,0.06866438356164384,0.0
2019-07-01 06:30:00+00:00,10000,call,0.9859,10967.31,10967.31,0.06866438356164384,0.0
2019-07-01 06:30:00+00:00,10500,call,0.9861,10967.31,10967.31,0.06866438356164384,0.0
2019-07-01 06:30:00+00:00,11000,call,0.9861,10967.31,10967.31,0.06866438356164384,0.0
2019-07-01 06:30:00+00:00,11500,call,0.9856,10967.31,10967.31,0.06866438356164384,0.0
2019-07-01 06:30:00+00:00,12000,call,1.0008,10967.31,10967.31,0.06866438356164384,0.0
2019-07-01 06:30:00+00:00,12500,call,1.0139,10967.31,10967.31,0.06866438356164384,0.0
2019-07-01 06:30:00+00:00,13000,call,1.0167,10967.31,10967.31,0.06866438356164384,0.0
2019-07-01 06:30:00+00:00,13500,call,1.0199,10967.31,10967.31,0.06866438356164384,0.0
2019-07-01 06:30:00+00:00,14000,call,1.0219,10967.31,10967.31,0.06866438356164384,0.0
2019-07-01 06:30:00+00:00,14500,call,1.0271,10967.31,10967.31,0.06866438356164384,0.0
2019-07-01 06:30:00+00:00,15000,call,1.0321,10967.31,10967.31,0.06866438356164384,0.0
2019-07-01 06:30:00+00:00,16000,call,1.0433,10967.31,10967.31,0.06866438356164384,0.0
2019-07-01 06:30:00+00:00,17000,call,1.0536,10967.31,10967.31,0.06866438356164384,0.0
2019-07-01 06:30:00+00:00,18000,call,1.0583,10967.31,10967.31,0.06866438356164384,0.0
2019-07-01 06:30:00+00:00,19000,call,1.079,10967.31,10967.31,0.06866438356164384,0.0
2019-07-01 06:30:00+00:00,20000,call,1.0917000000000001,10967.31,10967.31,0.06866438356164384,0.0
2019-07-01 06:30:00+00:00,21000,call,1.0918,10967.31,10967.31,0.06866438356164384,0.0
2019-07-01 07:00:00+00:00,5500,call,1.2978999999999998,10942.8,10942.8,0.06860730593607306,0.0
2019-07-01 07:00:00+00:00,6000,call,1.1356,10942.8,10942.8,0.06860730593607306,0.0
2019-07-01 07:00:00+00:00,6500,call,1.0238,10942.8,10942.8,0.06860730593607306,0.0
2019-07-01 07:00:00+00:00,7000,call,1.0,10942.8,10942.8,0.06860730593607306,0.0
2019-07-01 07:00:00+00:00,7500,call,0.9865999999999999,10942.8,10942.8,0.06860730593607306,0.0
2019-07-01 07:00:00+00:00,8000,call,0.9837,10942.8,10942.8,0.06860730593607306,0.0
2019-07-01 07:00:00+00:00,8500,call,0.9834,10942.8,10942.8,0.06860730593607306,0.0
2019-07-01 07:00:00+00:00,9000,call,0.9845,10942.8,10942.8,0.06860730593607306,0.0
2019-07-01 07:00:00+00:00,9500,call,0.9841,10942.8,10942.8,0.06860730593607306,0.0
2019-07-01 07:00:00+00:00,10000,call,0.9843999999999999,10942.8,10942.8,0.06860730593607306,0.0
2019-07-01 07:00:00+00:00,10500,call,0.9840000000000001,10942.8,10942.8,0.06860730593607306,0.0
2019-07-01 07:00:00+00:00,11000,call,0.9838,10942.8,10942.8,0.06860730593607306,0.0
2019-07-01 07:00:00+00:00,11500,call,0.9856,10942.8,10942.8,0.06860730593607306,0.0
2019-07-01 07:00:00+00:00,12000,call,1.0042,10942.8,10942.8,0.06860730593607306,0.0
2019-07-01 07:00:00+00:00,12500,call,1.0117,10942.8,10942.8,0.06860730593607306,0.0
2019-07-01 07:00:00+00:00,13000,call,1.0143,10942.8,10942.8,0.06860730593607306,0.0
2019-07-01 07:00:00+00:00,13500,call,1.0185,10942.8,10942.8,0.06860730593607306,0.0
2019-07-01 07:00:00+00:00,14000,call,1.0205,10942.8,10942.8,0.06860730593607306,0.0
2019-07-01 07:00:00+00:00,14500,call,1.0264,10942.8,10942.8,0.06860730593607306,0.0
2019-07-01 07:00:00+00:00,15000,call,1.0316,10942.8,10942.8,0.06860730593607306,0.0
2019-07-01 07:00:00+00:00,16000,call,1.0415999999999999,10942.8,10942.8,0.06860730593607306,0.0
2019-07-01 07:00:00+00:00,17000,call,1.0482,10942.8,10942.8,0.06860730593607306,0.0
2019-07-01 07:00:00+00:00,18000,call,1.0628,10942.8,10942.8,0.06860730593607306,0.0
2019-07-01 07:00:00+00:00,19000,call,1.0773000000000001,10942.8,10942.8,0.06860730593607306,0.0
2019-07-01 07:00:00+00:00,20000,call,1.0946,10942.8,10942.8,0.06860730593607306,0.0
2019-07-01 07:00:00+00:00,21000,call,1.0945,10942.8,10942.8,0.06860730593607306,0.0
2019-07-01 07:30:00+00:00,5500,call,1.3032,10997.32,10997.32,0.06855022831050228,0.0
2019-07-01 07:30:00+00:00,6000,call,1.1423999999999999,10997.32,10997.32,0.06855022831050228,0.0
2019-07-01 07:30:00+00:00,6500,call,1.0316,10997.32,10997.32,0.06855022831050228,0.0
2019-07-01 07:30:00+00:00,7000,call,1.0123,10997.32,10997.32,0.06855022831050228,0.0
2019-07-01 07:30:00+00:00,7500,call,0.9876999999999999,10997.32,10997.32,0.06855022831050228,0.0
2019-07-01 07:30:00+00:00,8000,call,0.988,10997.32,10997.32,0.06855022831050228,0.0
2019-07-01 07:30:00+00:00,8500,call,0.9894,10997.32,10997.32,0.06855022831050228,0.0
2019-07-01 07:30:00+00:00,9000,call,0.9883,10997.32,10997.32,0.06855022831050228,0.0
2019-07-01 07:30:00+00:00,9500,call,0.9890000000000001,10997.32,10997.32,0.06855022831050228,0.0
2019-07-01 07:30:00+00:00,10000,call,0.9865,10997.32,10997.32,0.06855022831050228,0.0
2019-07-01 07:30:00+00:00,10500,call,0.9821,10997.32,10997.32,0.06855022831050228,0.0
2019-07-01 07:30:00+00:00,11000,call,0.9825,10997.32,10997.32,0.06855022831050228,0.0
2019-07-01 07:30:00+00:00,11500,call,0.9823999999999999,10997.32,10997.32,0.06855022831050228,0.0
2019-07-01 07:30:00+00:00,12000,call,0.9826999999999999,10997.32,10997.32,0.06855022831050228,0.0
2019-07-01 07:30:00+00:00,12500,call,1.0178,10997.32,10997.32,0.06855022831050228,0.0
2019-07-01 07:30:00+00:00,13000,call,1.0212,10997.32,10997.32,0.06855022831050228,0.0
2019-07-01 07:30:00+00:00,13500,call,1.0212999999999999,10997.32,10997.32,0.06855022831050228,0.0
2019-07-01 07:30:00+00:00,14000,call,1.0212999999999999,10997.32,10997.32,0.06855022831050228,0.0
2019-07-01 07:30:00+00:00,14500,call,1.0256,10997.32,10997.32,0.06855022831050228,0.0
2019-07-01 07:30:00+00:00,15000,call,1.0312000000000001,10997.32,10997.32,0.06855022831050228,0.0
2019-07-01 07:30:00+00:00,16000,call,1.0425,10997.32,10997.32,0.06855022831050228,0.0
2019-07-01 07:30:00+00:00,17000,call,1.0507,10997.32,10997.32,0.06855022831050228,0.0
2019-07-01 07:30:00+00:00,18000,call,1.0584,10997.32,10997.32,0.06855022831050228,0.0
2019-07-01 07:30:00+00:00,19000,call,1.0749,10997.32,10997.32,0.06855022831050228,0.0
2019-07-01 07:30:00+00:00,20000,call,1.0922,10997.32,10997.32,0.06855022831050228,0.0
2019-07-01 07:30:00+00:00,21000,call,1.0922,10997.32,10997.32,0.06855022831050228,0.0
2019-07-01 08:00:00+00:00,5500,call,1.2302,11020.57,11020.57,0.0684931506849315,0.0
2019-07-01 08:00:00+00:00,6000,call,1.1459000000000001,11020.57,11020.57,0.0684931506849315,0.0
2019-07-01 08:00:00+00:00,6500,call,1.0314,11020.57,11020.57,0.0684931506849315,0.0
2019-07-01 08:00:00+00:00,7000,call,0.9983,11020.57,11020.57,0.0684931506849315,0.0
2019-07-01 08:00:00+00:00,7500,call,0.9894,11020.57,11020.57,0.0684931506849315,0.0
2019-07-01 08:00:00+00:00,8000,call,0.9819,11020.57,11020.57,0.0684931506849315,0.0
2019-07-01 08:00:00+00:00,8500,call,0.9819,11020.57,11020.57,0.0684931506849315,0.0
2019-07-01 08:00:00+00:00,9000,call,0.9819,11020.57,11020.57,0.0684931506849315,0.0
2019-07-01 08:00:00+00:00,9500,call,0.9819,11020.57,11020.57,0.0684931506849315,0.0
2019-07-01 08:00:00+00:00,10000,call,0.9819,11020.57,11020.57,0.0684931506849315,0.0
2019-07-01 08:00:00+00:00,10500,call,0.9818000000000001,11020.57,11020.57,0.0684931506849315,0.0
2019-07-01 08:00:00+00:00,11000,call,0.9819,11020.57,11020.57,0.0684931506849315,0.0
2019-07-01 08:00:00+00:00,11500,call,0.9819,11020.57,11020.57,0.0684931506849315,0.0
2019-07-01 08:00:00+00:00,12000,call,1.0041,11020.57,11020.57,0.0684931506849315,0.0
2019-07-01 08:00:00+00:00,12500,call,1.0151000000000001,11020.57,11020.57,0.0684931506849315,0.0
2019-07-01 08:00:00+00:00,13000,call,1.018,11020.57,11020.57,0.0684931506849315,0.0
2019-07-01 08:00:00+00:00,13500,call,1.0237,11020.57,11020.57,0.0684931506849315,0.0
2019-07-01 08:00:00+00:00,14000,call,1.0232999999999999,11020.57,11020.57,0.0684931506849315,0.0
2019-07-01 08:00:00+00:00,14500,call,1.0266,11020.57,11020.57,0.0684931506849315,0.0
2019-07-01 08:00:00+00:00,15000,call,1.0315,11020.57,11020.57,0.0684931506849315,0.0
2019-07-01 08:00:00+00:00,16000,call,1.0414,11020.57,11020.57,0.0684931506849315,0.0
2019-07-01 08:00:00+00:00,17000,call,1.0511,11020.57,11020.57,0.0684931506849315,0.0
2019-07-01 08:00:00+00:00,18000,call,1.0583,11020.57,11020.57,0.0684931506849315,0.0
2019-07-01 08:00:00+00:00,19000,call,1.078,11020.57,11020.57,0.0684931506849315,0.0
2019-07-01 08:00:00+00:00,20000,call,1.0901,11020.57,11020.57,0.0684931506849315,0.0
2019-07-01 08:00:00+00:00,21000,call,1.0901,11020.57,11020.57,0.0684931506849315,0.0
2019-07-01 08:30:00+00:00,5500,call,1.2144,11198.72,11198.72,0.06843607305936072,0.0
2019-07-01 08:30:00+00:00,6000,call,1.1431,11198.72,11198.72,0.06843607305936072,0.0
2019-07-01 08:30:00+00:00,6500,call,1.0568,11198.72,11198.72,0.06843607305936072,0.0
2019-07-01 08:30:00+00:00,7000,call,1.0241,11198.72,11198.72,0.06843607305936072,0.0
2019-07-01 08:30:00+00:00,7500,call,1.0033,11198.72,11198.72,0.06843607305936072,0.0
2019-07-01 08:30:00+00:00,8000,call,0.9925,11198.72,11198.72,0.06843607305936072,0.0
2019-07-01 08:30:00+00:00,8500,call,0.9843999999999999,11198.72,11198.72,0.06843607305936072,0.0
2019-07-01 08:30:00+00:00,9000,call,0.9845999999999999,11198.72,11198.72,0.06843607305936072,0.0
2019-07-01 08:30:00+00:00,9500,call,0.9845,11198.72,11198.72,0.06843607305936072,0.0
2019-07-01 08:30:00+00:00,10000,call,0.9845,11198.72,11198.72,0.06843607305936072,0.0
2019-07-01 08:30:00+00:00,10500,call,0.9845,11198.72,11198.72,0.06843607305936072,0.0
2019-07-01 08:30:00+00:00,11000,call,0.9845,11198.72,11198.72,0.06843607305936072,0.0
2019-07-01 08:30:00+00:00,11500,call,0.9854999999999999,11198.72,11198.72,0.06843607305936072,0.0
2019-07-01 08:30:00+00:00,12000,call,1.0067,11198.72,11198.72,0.06843607305936072,0.0
2019-07-01 08:30:00+00:00,12500,call,1.0067,11198.72,11198.72,0.06843607305936072,0.0
2019-07-01 08:30:00+00:00,13000,call,1.0156999999999998,11198.72,11198.72,0.06843607305936072,0.0
2019-07-01 08:30:00+00:00,13500,call,1.0168000000000001,11198.72,11198.72,0.06843607305936072,0.0
2019-07-01 08:30:00+00:00,14000,call,1.022,11198.72,11198.72,0.06843607305936072,0.0
2019-07-01 08:30:00+00:00,14500,call,1.0282,11198.72,11198.72,0.06843607305936072,0.0
2019-07-01 08:30:00+00:00,15000,call,1.0351000000000001,11198.72,11198.72,0.06843607305936072,0.0
2019-07-01 08:30:00+00:00,16000,call,1.044,11198.72,11198.72,0.06843607305936072,0.0
2019-07-01 08:30:00+00:00,17000,call,1.0504,11198.72,11198.72,0.06843607305936072,0.0
2019-07-01 08:30:00+00:00,18000,call,1.0637999999999999,11198.72,11198.72,0.06843607305936072,0.0
2019-07-01 08:30:00+00:00,19000,call,1.0793000000000001,11198.72,11198.72,0.06843607305936072,0.0
2019-07-01 08:30:00+00:00,20000,call,1.0844,11198.72,11198.72,0.06843607305936072,0.0
2019-07-01 08:30:00+00:00,21000,call,1.0843,11198.72,11198.72,0.06843607305936072,0.0
2019-07-01 09:00:00+00:00,5500,call,1.2162,11119.73,11119.73,0.06837899543378996,0.0
2019-07-01 09:00:00+00:00,6000,call,1.1428,11119.73,11119.73,0.06837899543378996,0.0
2019-07-01 09:00:00+00:00,6500,call,1.0517,11119.73,11119.73,0.06837899543378996,0.0
2019-07-01 09:00:00+00:00,7000,call,1.0068000000000001,11119.73,11119.73,0.06837899543378996,0.0
2019-07-01 09:00:00+00:00,7500,call,0.9987999999999999,11119.73,11119.73,0.06837899543378996,0.0
2019-07-01 09:00:00+00:00,8000,call,0.9887999999999999,11119.73,11119.73,0.06837899543378996,0.0
2019-07-01 09:00:00+00:00,8500,call,0.9853000000000001,11119.73,11119.73,0.06837899543378996,0.0
2019-07-01 09:00:00+00:00,9000,call,0.9858,11119.73,11119.73,0.06837899543378996,0.0
2019-07-01 09:00:00+00:00,9500,call,0.9856,11119.73,11119.73,0.06837899543378996,0.0
2019-07-01 09:00:00+00:00,10000,call,0.9856999999999999,11119.73,11119.73,0.06837899543378996,0.0
2019-07-01 09:00:00+00:00,10500,call,0.986,11119.73,11119.73,0.06837899543378996,0.0
2019-07-01 09:00:00+00:00,11000,call,0.9861,11119.73,11119.73,0.06837899543378996,0.0
2019-07-01 09:00:00+00:00,11500,call,0.9883,11119.73,11119.73,0.06837899543378996,0.0
2019-07-01 09:00:00+00:00,12000,call,1.0110999999999999,11119.73,11119.73,0.06837899543378996,0.0
2019-07-01 09:00:00+00:00,12500,call,1.0136,11119.73,11119.73,0.06837899543378996,0.0
2019-07-01 09:00:00+00:00,13000,call,1.0231999999999999,11119.73,11119.73,0.06837899543378996,0.0
2019-07-01 09:00:00+00:00,13500,call,1.0231000000000001,11119.73,11119.73,0.06837899543378996,0.0
2019-07-01 09:00:00+00:00,14000,call,1.0232999999999999,11119.73,11119.73,0.06837899543378996,0.0
2019-07-01 09:00:00+00:00,14500,call,1.0249,11119.73,11119.73,0.06837899543378996,0.0
2019-07-01 09:00:00+00:00,15000,call,1.0304,11119.73,11119.73,0.06837899543378996,0.0
2019-07-01 09:00:00+00:00,16000,call,1.0377,11119.73,11119.73,0.06837899543378996,0.0
2019-07-01 09:00:00+00:00,17000,call,1.0495999999999999,11119.73,11119.73,0.06837899543378996,0.0
2019-07-01 09:00:00+00:00,18000,call,1.0574,11119.73,11119.73,0.06837899543378996,0.0
2019-07-01 09:00:00+00:00,19000,call,1.0771,11119.73,11119.73,0.06837899543378996,0.0
2019-07-01 09:00:00+00:00,20000,call,1.0885,11119.73,11119.73,0.06837899543378996,0.0
2019-07-01 09:00:00+00:00,21000,call,1.0886,11119.73,11119.73,0.06837899543378996,0.0
2019-07-01 09:30:00+00:00,5500,call,1.2087,11140.73,11140.73,0.06832191780821918,0.0
2019-07-01 09:30:00+00:00,6000,call,1.1452,11140.73,11140.73,0.06832191780821918,0.0
2019-07-01 09:30:00+00:00,6500,call,1.0534000000000001,11140.73,11140.73,0.06832191780821918,0.0
2019-07-01 09:30:00+00:00,7000,call,1.0129000000000001,11140.73,11140.73,0.06832191780821918,0.0
2019-07-01 09:30:00+00:00,7500,call,1.0024,11140.73,11140.73,0.06832191780821918,0.0
2019-07-01 09:30:00+00:00,8000,call,0.9891,11140.73,11140.73,0.06832191780821918,0.0
2019-07-01 09:30:00+00:00,8500,call,0.9879000000000001,11140.73,11140.73,0.06832191780821918,0.0
2019-07-01 09:30:00+00:00,9000,call,0.9892,11140.73,11140.73,0.06832191780821918,0.0
2019-07-01 09:30:00+00:00,9500,call,0.9891,11140.73,11140.73,0.06832191780821918,0.0
2019-07-01 09:30:00+00:00,10000,call,0.9891,11140.73,11140.73,0.06832191780821918,0.0
2019-07-01 09:30:00+00:00,10500,call,0.9890000000000001,11140.73,11140.73,0.06832191780821918,0.0
2019-07-01 09:30:00+00:00,11000,call,0.9891,11140.73,11140.73,0.06832191780821918,0.0
2019-07-01 09:30:00+00:00,11500,call,0.9886,11140.73,11140.73,0.06832191780821918,0.0
2019-07-01 09:30:00+00:00,12000,call,1.0273999999999999,11140.73,11140.73,0.06832191780821918,0.0
2019-07-01 09:30:00+00:00,12500,call,1.0301,11140.73,11140.73,0.06832191780821918,0.0
2019-07-01 09:30:00+00:00,13000,call,1.0303,11140.73,11140.73,0.06832191780821918,0.0
2019-07-01 09:30:00+00:00,13500,call,1.0299,11140.73,11140.73,0.06832191780821918,0.0
2019-07-01 09:30:00+00:00,14000,call,1.0303,11140.73,11140.73,0.06832191780821918,0.0
2019-07-01 09:30:00+00:00,14500,call,1.0303,11140.73,11140.73,0.06832191780821918,0.0
2019-07-01 09:30:00+00:00,15000,call,1.0338,11140.73,11140.73,0.06832191780821918,0.0
2019-07-01 09:30:00+00:00,16000,call,1.0385,11140.73,11140.73,0.06832191780821918,0.0
2019-07-01 09:30:00+00:00,17000,call,1.0476999999999999,11140.73,11140.73,0.06832191780821918,0.0
2019-07-01 09:30:00+00:00,18000,call,1.0598,11140.73,11140.73,0.06832191780821918,0.0
2019-07-01 09:30:00+00:00,19000,call,1.0814,11140.73,11140.73,0.06832191780821918,0.0
2019-07-01 09:30:00+00:00,20000,call,1.0856000000000001,11140.73,11140.73,0.06832191780821918,0.0
2019-07-01 09:30:00+00:00,21000,call,1.0857999999999999,11140.73,11140.73,0.06832191780821918,0.0
2019-07-01 10:00:00+00:00,5500,call,1.204,11036.79,11036.79,0.0682648401826484,0.0
2019-07-01 10:00:00+00:00,6000,call,1.1305,11036.79,11036.79,0.0682648401826484,0.0
2019-07-01 10:00:00+00:00,6500,call,1.0434999999999999,11036.79,11036.79,0.0682648401826484,0.0
2019-07-01 10:00:00+00:00,7000,call,1.01,11036.79,11036.79,0.0682648401826484,0.0
2019-07-01 10:00:00+00:00,7500,call,0.9884999999999999,11036.79,11036.79,0.0682648401826484,0.0
2019-07-01 10:00:00+00:00,8000,call,0.9915,11036.79,11036.79,0.0682648401826484,0.0
2019-07-01 10:00:00+00:00,8500,call,0.9883,11036.79,11036.79,0.0682648401826484,0.0
2019-07-01 10:00:00+00:00,9000,call,0.9886,11036.79,11036.79,0.0682648401826484,0.0
2019-07-01 10:00:00+00:00,9500,call,0.9884999999999999,11036.79,11036.79,0.0682648401826484,0.0
2019-07-01 10:00:00+00:00,10000,call,0.9894,11036.79,11036.79,0.0682648401826484,0.0
2019-07-01 10:00:00+00:00,10500,call,0.9884000000000001,11036.79,11036.79,0.0682648401826484,0.0
2019-07-01 10:00:00+00:00,11000,call,0.9883,11036.79,11036.79,0.0682648401826484,0.0
2019-07-01 10:00:00+00:00,11500,call,0.9881,11036.79,11036.79,0.0682648401826484,0.0
2019-07-01 10:00:00+00:00,12000,call,1.0173,11036.79,11036.79,0.0682648401826484,0.0
2019-07-01 10:00:00+00:00,12500,call,1.018,11036.79,11036.79,0.0682648401826484,0.0
2019-07-01 10:00:00+00:00,13000,call,1.0186,11036.79,11036.79,0.0682648401826484,0.0
2019-07-01 10:00:00+00:00,13500,call,1.0211,11036.79,11036.79,0.0682648401826484,0.0
2019-07-01 10:00:00+00:00,14000,call,1.0221,11036.79,11036.79,0.0682648401826484,0.0
2019-07-01 10:00:00+00:00,14500,call,1.0253,11036.79,11036.79,0.0682648401826484,0.0
2019-07-01 10:00:00+00:00,15000,call,1.0281,11036.79,11036.79,0.0682648401826484,0.0
2019-07-01 10:00:00+00:00,16000,call,1.0358,11036.79,11036.79,0.0682648401826484,0.0
2019-07-01 10:00:00+00:00,17000,call,1.0439,11036.79,11036.79,0.0682648401826484,0.0
2019-07-01 10:00:00+00:00,18000,call,1.0582,11036.79,11036.79,0.0682648401826484,0.0
2019-07-01 10:00:00+00:00,19000,call,1.0743,11036.79,11036.79,0.0682648401826484,0.0
2019-07-01 10:00:00+00:00,20000,call,1.0849,11036.79,11036.79,0.0682648401826484,0.0
2019-07-01 10:00:00+00:00,21000,call,1.0848,11036.79,11036.79,0.0682648401826484,0.0
2019-07-01 10:30:00+00:00,5500,call,1.1909,11015.945,11015.945,0.06820776255707763,0.0
2019-07-01 10:30:00+00:00,6000,call,1.121,11015.945,11015.945,0.06820776255707763,0.0
2019-07-01 10:30:00+00:00,6500,call,1.0337,11015.945,11015.945,0.06820776255707763,0.0
2019-07-01 10:30:00+00:00,7000,call,0.9997,11015.945,11015.945,0.06820776255707763,0.0
2019-07-01 10:30:00+00:00,7500,call,0.9862000000000001,11015.945,11015.945,0.06820776255707763,0.0
2019-07-01 10:30:00+00:00,8000,call,0.9884000000000001,11015.945,11015.945,0.06820776255707763,0.0
2019-07-01 10:30:00+00:00,8500,call,0.9884999999999999,11015.945,11015.945,0.06820776255707763,0.0
2019-07-01 10:30:00+00:00,9000,call,0.9884000000000001,11015.945,11015.945,0.06820776255707763,0.0
2019-07-01 10:30:00+00:00,9500,call,0.9873000000000001,11015.945,11015.945,0.06820776255707763,0.0
2019-07-01 10:30:00+00:00,10000,call,0.9889,11015.945,11015.945,0.06820776255707763,0.0
2019-07-01 10:30:00+00:00,10500,call,0.9886,11015.945,11015.945,0.06820776255707763,0.0
2019-07-01 10:30:00+00:00,11000,call,0.9879000000000001,11015.945,11015.945,0.06820776255707763,0.0
2019-07-01 10:30:00+00:00,11500,call,0.9887999999999999,11015.945,11015.945,0.06820776255707763,0.0
2019-07-01 10:30:00+00:00,12000,call,1.0183,11015.945,11015.945,0.06820776255707763,0.0
2019-07-01 10:30:00+00:00,12500,call,1.0189,11015.945,11015.945,0.06820776255707763,0.0
2019-07-01 10:30:00+00:00,13000,call,1.0185,11015.945,11015.945,0.06820776255707763,0.0
2019-07-01 10:30:00+00:00,13500,call,1.0299,11015.945,11015.945,0.06820776255707763,0.0
2019-07-01 10:30:00+00:00,14000,call,1.0299,11015.945,11015.945,0.06820776255707763,0.0
2019-07-01 10:30:00+00:00,14500,call,1.0293,11015.945,11015.945,0.06820776255707763,0.0
2019-07-01 10:30:00+00:00,15000,call,1.0293999999999999,11015.945,11015.945,0.06820776255707763,0.0
2019-07-01 10:30:00+00:00,16000,call,1.0297,11015.945,11015.945,0.06820776255707763,0.0
2019-07-01 10:30:00+00:00,17000,call,1.0381,11015.945,11015.945,0.06820776255707763,0.0
2019-07-01 10:30:00+00:00,18000,call,1.0401,11015.945,11015.945,0.06820776255707763,0.0
2019-07-01 10:30:00+00:00,19000,call,1.0826,11015.945,11015.945,0.06820776255707763,0.0
2019-07-01 10:30:00+00:00,20000,call,1.0826,11015.945,11015.945,0.06820776255707763,0.0
2019-07-01 10:30:00+00:00,21000,call,1.0856999999999999,11015.945,11015.945,0.06820776255707763,0.0
2019-07-01 11:00:00+00:00,5500,call,1.2405,11013.71,11013.71,0.06815068493150685,0.0
2019-07-01 11:00:00+00:00,6000,call,1.1291,11013.71,11013.71,0.06815068493150685,0.0
2019-07-01 11:00:00+00:00,6500,call,1.0415999999999999,11013.71,11013.71,0.06815068493150685,0.0
2019-07-01 11:00:00+00:00,7000,call,1.0076,11013.71,11013.71,0.06815068493150685,0.0
2019-07-01 11:00:00+00:00,7500,call,0.99,11013.71,11013.71,0.06815068493150685,0.0
2019-07-01 11:00:00+00:00,8000,call,0.9865,11013.71,11013.71,0.06815068493150685,0.0
2019-07-01 11:00:00+00:00,8500,call,0.9864,11013.71,11013.71,0.06815068493150685,0.0
2019-07-01 11:00:00+00:00,9000,call,0.9863,11013.71,11013.71,0.06815068493150685,0.0
2019-07-01 11:00:00+00:00,9500,call,0.9863,11013.71,11013.71,0.06815068493150685,0.0
2019-07-01 11:00:00+00:00,10000,call,0.9861,11013.71,11013.71,0.06815068493150685,0.0
2019-07-01 11:00:00+00:00,10500,call,0.9862000000000001,11013.71,11013.71,0.06815068493150685,0.0
2019-07-01 11:00:00+00:00,11000,call,0.9861,11013.71,11013.71,0.06815068493150685,0.0
2019-07-01 11:00:00+00:00,11500,call,0.9865,11013.71,11013.71,0.06815068493150685,0.0
2019-07-01 11:00:00+00:00,12000,call,1.0139,11013.71,11013.71,0.06815068493150685,0.0
2019-07-01 11:00:00+00:00,12500,call,1.0143,11013.71,11013.71,0.06815068493150685,0.0
2019-07-01 11:00:00+00:00,13000,call,1.016,11013.71,11013.71,0.06815068493150685,0.0
2019-07-01 11:00:00+00:00,13500,call,1.0243,11013.71,11013.71,0.06815068493150685,0.0
2019-07-01 11:00:00+00:00,14000,call,1.0245,11013.71,11013.71,0.06815068493150685,0.0
2019-07-01 11:00:00+00:00,14500,call,1.0246,11013.71,11013.71,0.06815068493150685,0.0
2019-07-01 11:00:00+00:00,15000,call,1.0254,11013.71,11013.71,0.06815068493150685,0.0
2019-07-01 11:00:00+00:00,16000,call,1.033,11013.71,11013.71,0.06815068493150685,0.0
2019-07-01 11:00:00+00:00,17000,call,1.035,11013.71,11013.71,0.06815068493150685,0.0
2019-07-01 11:00:00+00:00,18000,call,1.0508,11013.71,11013.71,0.06815068493150685,0.0
2019-07-01 11:00:00+00:00,19000,call,1.0785,11013.71,11013.71,0.06815068493150685,0.0
2019-07-01 11:00:00+00:00,20000,call,1.0783,11013.71,11013.71,0.06815068493150685,0.0
2019-07-01 11:00:00+00:00,21000,call,1.0813,11013.71,11013.71,0.06815068493150685,0.0
2019-07-01 11:30:00+00:00,5500,call,1.2206000000000001,11073.64,11073.64,0.06809360730593607,0.0
2019-07-01 11:30:00+00:00,6000,call,1.1323,11073.64,11073.64,0.06809360730593607,0.0
2019-07-01 11:30:00+00:00,6500,call,1.0478,11073.64,11073.64,0.06809360730593607,0.0
2019-07-01 11:30:00+00:00,7000,call,1.0137,11073.64,11073.64,0.06809360730593607,0.0
2019-07-01 11:30:00+00:00,7500,call,0.9982,11073.64,11073.64,0.06809360730593607,0.0
2019-07-01 11:30:00+00:00,8000,call,0.9848,11073.64,11073.64,0.06809360730593607,0.0
2019-07-01 11:30:00+00:00,8500,call,0.9843999999999999,11073.64,11073.64,0.06809360730593607,0.0
2019-07-01 11:30:00+00:00,9000,call,0.9842,11073.64,11073.64,0.06809360730593607,0.0
2019-07-01 11:30:00+00:00,9500,call,0.9843000000000001,11073.64,11073.64,0.06809360730593607,0.0
2019-07-01 11:30:00+00:00,10000,call,0.9843000000000001,11073.64,11073.64,0.06809360730593607,0.0
2019-07-01 11:30:00+00:00,10500,call,0.9842,11073.64,11073.64,0.06809360730593607,0.0
2019-07-01 11:30:00+00:00,11000,call,0.9842,11073.64,11073.64,0.06809360730593607,0.0
2019-07-01 11:30:00+00:00,11500,call,0.9843000000000001,11073.64,11073.64,0.06809360730593607,0.0
2019-07-01 11:30:00+00:00,12000,call,1.0107,11073.64,11073.64,0.06809360730593607,0.0
2019-07-01 11:30:00+00:00,12500,call,1.0121,11073.64,11073.64,0.06809360730593607,0.0
2019-07-01 11:30:00+00:00,13000,call,1.0141,11073.64,11073.64,0.06809360730593607,0.0
2019-07-01 11:30:00+00:00,13500,call,1.0204,11073.64,11073.64,0.06809360730593607,0.0
2019-07-01 11:30:00+00:00,14000,call,1.021,11073.64,11073.64,0.06809360730593607,0.0
2019-07-01 11:30:00+00:00,14500,call,1.0221,11073.64,11073.64,0.06809360730593607,0.0
2019-07-01 11:30:00+00:00,15000,call,1.026,11073.64,11073.64,0.06809360730593607,0.0
2019-07-01 11:30:00+00:00,16000,call,1.0306,11073.64,11073.64,0.06809360730593607,0.0
2019-07-01 11:30:00+00:00,17000,call,1.0353,11073.64,11073.64,0.06809360730593607,0.0
2019-07-01 11:30:00+00:00,18000,call,1.0466,11073.64,11073.64,0.06809360730593607,0.0
2019-07-01 11:30:00+00:00,19000,call,1.075,11073.64,11073.64,0.06809360730593607,0.0
2019-07-01 11:30:00+00:00,20000,call,1.075,11073.64,11073.64,0.06809360730593607,0.0
2019-07-01 11:30:00+00:00,21000,call,1.0783,11073.64,11073.64,0.06809360730593607,0.0
2019-07-01 12:00:00+00:00,5500,call,1.1551,10775.87,10775.87,0.06803652968036529,0.0
2019-07-01 12:00:00+00:00,6000,call,1.1054000000000002,10775.87,10775.87,0.06803652968036529,0.0
2019-07-01 12:00:00+00:00,6500,call,0.9958,10775.87,10775.87,0.06803652968036529,0.0
2019-07-01 12:00:00+00:00,7000,call,0.9908,10775.87,10775.87,0.06803652968036529,0.0
2019-07-01 12:00:00+00:00,7500,call,0.9784999999999999,10775.87,10775.87,0.06803652968036529,0.0
2019-07-01 12:00:00+00:00,8000,call,0.9793000000000001,10775.87,10775.87,0.06803652968036529,0.0
2019-07-01 12:00:00+00:00,8500,call,0.9798,10775.87,10775.87,0.06803652968036529,0.0
2019-07-01 12:00:00+00:00,9000,call,0.9753000000000001,10775.87,10775.87,0.06803652968036529,0.0
2019-07-01 12:00:00+00:00,9500,call,0.977,10775.87,10775.87,0.06803652968036529,0.0
2019-07-01 12:00:00+00:00,10000,call,0.9801000000000001,10775.87,10775.87,0.06803652968036529,0.0
2019-07-01 12:00:00+00:00,10500,call,0.9806,10775.87,10775.87,0.06803652968036529,0.0
2019-07-01 12:00:00+00:00,11000,call,0.9804,10775.87,10775.87,0.06803652968036529,0.0
2019-07-01 12:00:00+00:00,11500,call,0.9923000000000001,10775.87,10775.87,0.06803652968036529,0.0
2019-07-01 12:00:00+00:00,12000,call,1.0073,10775.87,10775.87,0.06803652968036529,0.0
2019-07-01 12:00:00+00:00,12500,call,1.0103,10775.87,10775.87,0.06803652968036529,0.0
2019-07-01 12:00:00+00:00,13000,call,1.0124,10775.87,10775.87,0.06803652968036529,0.0
2019-07-01 12:00:00+00:00,13500,call,1.0156999999999998,10775.87,10775.87,0.06803652968036529,0.0
2019-07-01 12:00:00+00:00,14000,call,1.0175,10775.87,10775.87,0.06803652968036529,0.0
2019-07-01 12:00:00+00:00,14500,call,1.0219,10775.87,10775.87,0.06803652968036529,0.0
2019-07-01 12:00:00+00:00,15000,call,1.0245,10775.87,10775.87,0.06803652968036529,0.0
2019-07-01 12:00:00+00:00,16000,call,1.037,10775.87,10775.87,0.06803652968036529,0.0
2019-07-01 12:00:00+00:00,17000,call,1.0464,10775.87,10775.87,0.06803652968036529,0.0
2019-07-01 12:00:00+00:00,18000,call,1.0593000000000001,10775.87,10775.87,0.06803652968036529,0.0
2019-07-01 12:00:00+00:00,19000,call,1.0918,10775.87,10775.87,0.06803652968036529,0.0
2019-07-01 12:00:00+00:00,20000,call,1.0929,10775.87,10775.87,0.06803652968036529,0.0
2019-07-01 12:00:00+00:00,21000,call,1.1117,10775.87,10775.87,0.06803652968036529,0.0
2019-07-01 12:30:00+00:00,5500,call,1.1505,10697.18,10697.18,0.06797945205479453,0.0
2019-07-01 12:30:00+00:00,6000,call,1.1012,10697.18,10697.18,0.06797945205479453,0.0
2019-07-01 12:30:00+00:00,6500,call,0.9991,10697.18,10697.18,0.06797945205479453,0.0
2019-07-01 12:30:00+00:00,7000,call,0.9987999999999999,10697.18,10697.18,0.06797945205479453,0.0
2019-07-01 12:30:00+00:00,7500,call,0.9854999999999999,10697.18,10697.18,0.06797945205479453,0.0
2019-07-01 12:30:00+00:00,8000,call,0.9778,10697.18,10697.18,0.06797945205479453,0.0
2019-07-01 12:30:00+00:00,8500,call,0.9764,10697.18,10697.18,0.06797945205479453,0.0
2019-07-01 12:30:00+00:00,9000,call,0.9764,10697.18,10697.18,0.06797945205479453,0.0
2019-07-01 12:30:00+00:00,9500,call,0.9764,10697.18,10697.18,0.06797945205479453,0.0
2019-07-01 12:30:00+00:00,10000,call,0.9769,10697.18,10697.18,0.06797945205479453,0.0
2019-07-01 12:30:00+00:00,10500,call,0.9765999999999999,10697.18,10697.18,0.06797945205479453,0.0
2019-07-01 12:30:00+00:00,11000,call,0.9856999999999999,10697.18,10697.18,0.06797945205479453,0.0
2019-07-01 12:30:00+00:00,11500,call,1.0064,10697.18,10697.18,0.06797945205479453,0.0
2019-07-01 12:30:00+00:00,12000,call,1.0087000000000002,10697.18,10697.18,0.06797945205479453,0.0
2019-07-01 12:30:00+00:00,12500,call,1.0131999999999999,10697.18,10697.18,0.06797945205479453,0.0
2019-07-01 12:30:00+00:00,13000,call,1.0171999999999999,10697.18,10697.18,0.06797945205479453,0.0
2019-07-01 12:30:00+00:00,13500,call,1.0183,10697.18,10697.18,0.06797945205479453,0.0
2019-07-01 12:30:00+00:00,14000,call,1.0190000000000001,10697.18,10697.18,0.06797945205479453,0.0
2019-07-01 12:30:00+00:00,14500,call,1.0275,10697.18,10697.18,0.06797945205479453,0.0
2019-07-01 12:30:00+00:00,15000,call,1.0276,10697.18,10697.18,0.06797945205479453,0.0
2019-07-01 12:30:00+00:00,16000,call,1.0351000000000001,10697.18,10697.18,0.06797945205479453,0.0
2019-07-01 12:30:00+00:00,17000,call,1.046,10697.18,10697.18,0.06797945205479453,0.0
2019-07-01 12:30:00+00:00,18000,call,1.0544,10697.18,10697.18,0.06797945205479453,0.0
2019-07-01 12:30:00+00:00,19000,call,1.0756999999999999,10697.18,10697.18,0.06797945205479453,0.0
2019-07-01 12:30:00+00:00,20000,call,1.0806,10697.18,10697.18,0.06797945205479453,0.0
2019-07-01 12:30:00+00:00,21000,call,1.1253,10697.18,10697.18,0.06797945205479453,0.0
2019-07-01 13:00:00+00:00,5500,call,1.1639,10762.65,10762.65,0.06792237442922375,0.0
2019-07-01 13:00:00+00:00,6000,call,1.0932,10762.65,10762.65,0.06792237442922375,0.0
2019-07-01 13:00:00+00:00,6500,call,0.9944,10762.65,10762.65,0.06792237442922375,0.0
2019-07-01 13:00:00+00:00,7000,call,0.9838,10762.65,10762.65,0.06792237442922375,0.0
2019-07-01 13:00:00+00:00,7500,call,0.9829000000000001,10762.65,10762.65,0.06792237442922375,0.0
2019-07-01 13:00:00+00:00,8000,call,0.981,10762.65,10762.65,0.06792237442922375,0.0
2019-07-01 13:00:00+00:00,8500,call,0.9815,10762.65,10762.65,0.06792237442922375,0.0
2019-07-01 13:00:00+00:00,9000,call,0.981,10762.65,10762.65,0.06792237442922375,0.0
2019-07-01 13:00:00+00:00,9500,call,0.9809,10762.65,10762.65,0.06792237442922375,0.0
2019-07-01 13:00:00+00:00,10000,call,0.9811,10762.65,10762.65,0.06792237442922375,0.0
2019-07-01 13:00:00+00:00,10500,call,0.981,10762.65,10762.65,0.06792237442922375,0.0
2019-07-01 13:00:00+00:00,11000,call,0.9811,10762.65,10762.65,0.06792237442922375,0.0
2019-07-01 13:00:00+00:00,11500,call,1.0001,10762.65,10762.65,0.06792237442922375,0.0
2019-07-01 13:00:00+00:00,12000,call,1.0088,10762.65,10762.65,0.06792237442922375,0.0
2019-07-01 13:00:00+00:00,12500,call,1.011,10762.65,10762.65,0.06792237442922375,0.0
2019-07-01 13:00:00+00:00,13000,call,1.0109000000000001,10762.65,10762.65,0.06792237442922375,0.0
2019-07-01 13:00:00+00:00,13500,call,1.0155,10762.65,10762.65,0.06792237442922375,0.0
2019-07-01 13:00:00+00:00,14000,call,1.02,10762.65,10762.65,0.06792237442922375,0.0
2019-07-01 13:00:00+00:00,14500,call,1.024,10762.65,10762.65,0.06792237442922375,0.0
2019-07-01 13:00:00+00:00,15000,call,1.028,10762.65,10762.65,0.06792237442922375,0.0
2019-07-01 13:00:00+00:00,16000,call,1.0378,10762.65,10762.65,0.06792237442922375,0.0
2019-07-01 13:00:00+00:00,17000,call,1.0473999999999999,10762.65,10762.65,0.06792237442922375,0.0
2019-07-01 13:00:00+00:00,18000,call,1.0539,10762.65,10762.65,0.06792237442922375,0.0
2019-07-01 13:00:00+00:00,19000,call,1.0739,10762.65,10762.65,0.06792237442922375,0.0
2019-07-01 13:00:00+00:00,20000,call,1.0741,10762.65,10762.65,0.06792237442922375,0.0
2019-07-01 13:00:00+00:00,21000,call,1.12,10762.65,10762.65,0.06792237442922375,0.0
2019-07-01 13:30:00+00:00,5500,call,1.1837,10636.77,10636.77,0.06786529680365297,0.0
2019-07-01 13:30:00+00:00,6000,call,1.1023,10636.77,10636.77,0.06786529680365297,0.0
2019-07-01 13:30:00+00:00,6500,call,0.9986,10636.77,10636.77,0.06786529680365297,0.0
2019-07-01 13:30:00+00:00,7000,call,0.9984999999999999,10636.77,10636.77,0.06786529680365297,0.0
2019-07-01 13:30:00+00:00,7500,call,0.9873000000000001,10636.77,10636.77,0.06786529680365297,0.0
2019-07-01 13:30:00+00:00,8000,call,0.9884999999999999,10636.77,10636.77,0.06786529680365297,0.0
2019-07-01 13:30:00+00:00,8500,call,0.9872,10636.77,10636.77,0.06786529680365297,0.0
2019-07-01 13:30:00+00:00,9000,call,0.9871,10636.77,10636.77,0.06786529680365297,0.0
2019-07-01 13:30:00+00:00,9500,call,0.9876999999999999,10636.77,10636.77,0.06786529680365297,0.0
2019-07-01 13:30:00+00:00,10000,call,0.9876,10636.77,10636.77,0.06786529680365297,0.0
2019-07-01 13:30:00+00:00,10500,call,0.9869,10636.77,10636.77,0.06786529680365297,0.0
2019-07-01 13:30:00+00:00,11000,call,0.9873999999999999,10636.77,10636.77,0.06786529680365297,0.0
2019-07-01 13:30:00+00:00,11500,call,1.0093,10636.77,10636.77,0.06786529680365297,0.0
2019-07-01 13:30:00+00:00,12000,call,1.0110999999999999,10636.77,10636.77,0.06786529680365297,0.0
2019-07-01 13:30:00+00:00,12500,call,1.0126,10636.77,10636.77,0.06786529680365297,0.0
2019-07-01 13:30:00+00:00,13000,call,1.0156999999999998,10636.77,10636.77,0.06786529680365297,0.0
2019-07-01 13:30:00+00:00,13500,call,1.0179,10636.77,10636.77,0.06786529680365297,0.0
2019-07-01 13:30:00+00:00,14000,call,1.0205,10636.77,10636.77,0.06786529680365297,0.0
2019-07-01 13:30:00+00:00,14500,call,1.0332,10636.77,10636.77,0.06786529680365297,0.0
2019-07-01 13:30:00+00:00,15000,call,1.0332,10636.77,10636.77,0.06786529680365297,0.0
2019-07-01 13:30:00+00:00,16000,call,1.0433,10636.77,10636.77,0.06786529680365297,0.0
2019-07-01 13:30:00+00:00,17000,call,1.053,10636.77,10636.77,0.06786529680365297,0.0
2019-07-01 13:30:00+00:00,18000,call,1.0626,10636.77,10636.77,0.06786529680365297,0.0
2019-07-01 13:30:00+00:00,19000,call,1.082,10636.77,10636.77,0.06786529680365297,0.0
2019-07-01 13:30:00+00:00,20000,call,1.0865,10636.77,10636.77,0.06786529680365297,0.0
2019-07-01 13:30:00+00:00,21000,call,1.1323,10636.77,10636.77,0.06786529680365297,0.0
2019-07-01 14:00:00+00:00,5500,call,1.1838,10650.27,10650.27,0.06780821917808219,0.0
2019-07-01 14:00:00+00:00,6000,call,1.0969,10650.27,10650.27,0.06780821917808219,0.0
2019-07-01 14:00:00+00:00,6500,call,1.0131999999999999,10650.27,10650.27,0.06780821917808219,0.0
2019-07-01 14:00:00+00:00,7000,call,1.0131999999999999,10650.27,10650.27,0.06780821917808219,0.0
2019-07-01 14:00:00+00:00,7500,call,0.9967,10650.27,10650.27,0.06780821917808219,0.0
2019-07-01 14:00:00+00:00,8000,call,0.9894,10650.27,10650.27,0.06780821917808219,0.0
2019-07-01 14:00:00+00:00,8500,call,0.9868000000000001,10650.27,10650.27,0.06780821917808219,0.0
2019-07-01 14:00:00+00:00,9000,call,0.9868000000000001,10650.27,10650.27,0.06780821917808219,0.0
2019-07-01 14:00:00+00:00,9500,call,0.9869,10650.27,10650.27,0.06780821917808219,0.0
2019-07-01 14:00:00+00:00,10000,call,0.9868000000000001,10650.27,10650.27,0.06780821917808219,0.0
2019-07-01 14:00:00+00:00,10500,call,0.9868000000000001,10650.27,10650.27,0.06780821917808219,0.0
2019-07-01 14:00:00+00:00,11000,call,0.9875,10650.27,10650.27,0.06780821917808219,0.0
2019-07-01 14:00:00+00:00,11500,call,1.0097,10650.27,10650.27,0.06780821917808219,0.0
2019-07-01 14:00:00+00:00,12000,call,1.0164,10650.27,10650.27,0.06780821917808219,0.0
2019-07-01 14:00:00+00:00,12500,call,1.0166,10650.27,10650.27,0.06780821917808219,0.0
2019-07-01 14:00:00+00:00,13000,call,1.0168000000000001,10650.27,10650.27,0.06780821917808219,0.0
2019-07-01 14:00:00+00:00,13500,call,1.0193,10650.27,10650.27,0.06780821917808219,0.0
2019-07-01 14:00:00+00:00,14000,call,1.021,10650.27,10650.27,0.06780821917808219,0.0
2019-07-01 14:00:00+00:00,14500,call,1.0259,10650.27,10650.27,0.06780821917808219,0.0
2019-07-01 14:00:00+00:00,15000,call,1.0276,10650.27,10650.27,0.06780821917808219,0.0
2019-07-01 14:00:00+00:00,16000,call,1.0318,10650.27,10650.27,0.06780821917808219,0.0
2019-07-01 14:00:00+00:00,17000,call,1.0452,10650.27,10650.27,0.06780821917808219,0.0
2019-07-01 14:00:00+00:00,18000,call,1.0476999999999999,10650.27,10650.27,0.06780821917808219,0.0
2019-07-01 14:00:00+00:00,19000,call,1.0588,10650.27,10650.27,0.06780821917808219,0.0
2019-07-01 14:00:00+00:00,20000,call,1.0868,10650.27,10650.27,0.06780821917808219,0.0
2019-07-01 14:00:00+00:00,21000,call,1.1067,10650.27,10650.27,0.06780821917808219,0.0
2019-07-01 14:30:00+00:00,5500,call,1.1514,10293.89,10293.89,0.06775114155251141,0.0
2019-07-01 14:30:00+00:00,6000,call,1.0683,10293.89,10293.89,0.06775114155251141,0.0
2019-07-01 14:30:00+00:00,6500,call,1.0398,10293.89,10293.89,0.06775114155251141,0.0
2019-07-01 14:30:00+00:00,7000,call,1.0295999999999998,10293.89,10293.89,0.06775114155251141,0.0
2019-07-01 14:30:00+00:00,7500,call,1.0184,10293.89,10293.89,0.06775114155251141,0.0
2019-07-01 14:30:00+00:00,8000,call,1.0133,10293.89,10293.89,0.06775114155251141,0.0
2019-07-01 14:30:00+00:00,8500,call,1.0131000000000001,10293.89,10293.89,0.06775114155251141,0.0
2019-07-01 14:30:00+00:00,9000,call,1.0131000000000001,10293.89,10293.89,0.06775114155251141,0.0
2019-07-01 14:30:00+00:00,9500,call,1.0131000000000001,10293.89,10293.89,0.06775114155251141,0.0
2019-07-01 14:30:00+00:00,10000,call,1.0084,10293.89,10293.89,0.06775114155251141,0.0
2019-07-01 14:30:00+00:00,10500,call,1.0126,10293.89,10293.89,0.06775114155251141,0.0
2019-07-01 14:30:00+00:00,11000,call,1.0138,10293.89,10293.89,0.06775114155251141,0.0
2019-07-01 14:30:00+00:00,11500,call,1.0290000000000001,10293.89,10293.89,0.06775114155251141,0.0
2019-07-01 14:30:00+00:00,12000,call,1.0352,10293.89,10293.89,0.06775114155251141,0.0
2019-07-01 14:30:00+00:00,12500,call,1.0393999999999999,10293.89,10293.89,0.06775114155251141,0.0
2019-07-01 14:30:00+00:00,13000,call,1.0407,10293.89,10293.89,0.06775114155251141,0.0
2019-07-01 14:30:00+00:00,13500,call,1.0433,10293.89,10293.89,0.06775114155251141,0.0
2019-07-01 14:30:00+00:00,14000,call,1.0411,10293.89,10293.89,0.06775114155251141,0.0
2019-07-01 14:30:00+00:00,14500,call,1.0415999999999999,10293.89,10293.89,0.06775114155251141,0.0
2019-07-01 14:30:00+00:00,15000,call,1.0484,10293.89,10293.89,0.06775114155251141,0.0
2019-07-01 14:30:00+00:00,16000,call,1.0495999999999999,10293.89,10293.89,0.06775114155251141,0.0
2019-07-01 14:30:00+00:00,17000,call,1.0539,10293.89,10293.89,0.06775114155251141,0.0
2019-07-01 14:30:00+00:00,18000,call,1.0549,10293.89,10293.89,0.06775114155251141,0.0
2019-07-01 14:30:00+00:00,19000,call,1.0656999999999999,10293.89,10293.89,0.06775114155251141,0.0
2019-07-01 14:30:00+00:00,20000,call,1.0977,10293.89,10293.89,0.06775114155251141,0.0
2019-07-01 14:30:00+00:00,21000,call,1.1388,10293.89,10293.89,0.06775114155251141,0.0
2019-07-01 15:00:00+00:00,5500,call,1.1733,10148.13,10148.13,0.06769406392694063,0.0
2019-07-01 15:00:00+00:00,6000,call,1.0942,10148.13,10148.13,0.06769406392694063,0.0
2019-07-01 15:00:00+00:00,6500,call,1.05,10148.13,10148.13,0.06769406392694063,0.0
2019-07-01 15:00:00+00:00,7000,call,1.043,10148.13,10148.13,0.06769406392694063,0.0
2019-07-01 15:00:00+00:00,7500,call,1.0414,10148.13,10148.13,0.06769406392694063,0.0
2019-07-01 15:00:00+00:00,8000,call,1.0421,10148.13,10148.13,0.06769406392694063,0.0
2019-07-01 15:00:00+00:00,8500,call,1.0262,10148.13,10148.13,0.06769406392694063,0.0
2019-07-01 15:00:00+00:00,9000,call,1.0258,10148.13,10148.13,0.06769406392694063,0.0
2019-07-01 15:00:00+00:00,9500,call,1.0261,10148.13,10148.13,0.06769406392694063,0.0
2019-07-01 15:00:00+00:00,10000,call,1.0255,10148.13,10148.13,0.06769406392694063,0.0
2019-07-01 15:00:00+00:00,10500,call,1.0267,10148.13,10148.13,0.06769406392694063,0.0
2019-07-01 15:00:00+00:00,11000,call,1.0498,10148.13,10148.13,0.06769406392694063,0.0
2019-07-01 15:00:00+00:00,11500,call,1.0541,10148.13,10148.13,0.06769406392694063,0.0
2019-07-01 15:00:00+00:00,12000,call,1.0551000000000001,10148.13,10148.13,0.06769406392694063,0.0
2019-07-01 15:00:00+00:00,12500,call,1.0578,10148.13,10148.13,0.06769406392694063,0.0
2019-07-01 15:00:00+00:00,13000,call,1.0621,10148.13,10148.13,0.06769406392694063,0.0
2019-07-01 15:00:00+00:00,13500,call,1.0624,10148.13,10148.13,0.06769406392694063,0.0
2019-07-01 15:00:00+00:00,14000,call,1.0624,10148.13,10148.13,0.06769406392694063,0.0
2019-07-01 15:00:00+00:00,14500,call,1.0624,10148.13,10148.13,0.06769406392694063,0.0
2019-07-01 15:00:00+00:00,15000,call,1.0692,10148.13,10148.13,0.06769406392694063,0.0
2019-07-01 15:00:00+00:00,16000,call,1.0802,10148.13,10148.13,0.06769406392694063,0.0
2019-07-01 15:00:00+00:00,17000,call,1.0915000000000001,10148.13,10148.13,0.06769406392694063,0.0
2019-07-01 15:00:00+00:00,18000,call,1.1197,10148.13,10148.13,0.06769406392694063,0.0
2019-07-01 15:00:00+00:00,19000,call,1.1219,10148.13,10148.13,0.06769406392694063,0.0
2019-07-01 15:00:00+00:00,20000,call,1.1769,10148.13,10148.13,0.06769406392694063,0.0
2019-07-01 15:00:00+00:00,21000,call,1.189,10148.13,10148.13,0.06769406392694063,0.0
2019-07-01 15:30:00+00:00,5500,call,1.2044,10439.27,10439.27,0.06763698630136987,0.0
2019-07-01 15:30:00+00:00,6000,call,1.0789,10439.27,10439.27,0.06763698630136987,0.0
2019-07-01 15:30:00+00:00,6500,call,1.0543,10439.27,10439.27,0.06763698630136987,0.0
2019-07-01 15:30:00+00:00,7000,call,1.0419,10439.27,10439.27,0.06763698630136987,0.0
2019-07-01 15:30:00+00:00,7500,call,1.0388,10439.27,10439.27,0.06763698630136987,0.0
2019-07-01 15:30:00+00:00,8000,call,1.0356,10439.27,10439.27,0.06763698630136987,0.0
2019-07-01 15:30:00+00:00,8500,call,1.0344,10439.27,10439.27,0.06763698630136987,0.0
2019-07-01 15:30:00+00:00,9000,call,1.0346,10439.27,10439.27,0.06763698630136987,0.0
2019-07-01 15:30:00+00:00,9500,call,1.0344,10439.27,10439.27,0.06763698630136987,0.0
2019-07-01 15:30:00+00:00,10000,call,1.0346,10439.27,10439.27,0.06763698630136987,0.0
2019-07-01 15:30:00+00:00,10500,call,1.0339,10439.27,10439.27,0.06763698630136987,0.0
2019-07-01 15:30:00+00:00,11000,call,1.036,10439.27,10439.27,0.06763698630136987,0.0
2019-07-01 15:30:00+00:00,11500,call,1.0522,10439.27,10439.27,0.06763698630136987,0.0
2019-07-01 15:30:00+00:00,12000,call,1.053,10439.27,10439.27,0.06763698630136987,0.0
2019-07-01 15:30:00+00:00,12500,call,1.0543,10439.27,10439.27,0.06763698630136987,0.0
2019-07-01 15:30:00+00:00,13000,call,1.0549,10439.27,10439.27,0.06763698630136987,0.0
2019-07-01 15:30:00+00:00,13500,call,1.0573000000000001,10439.27,10439.27,0.06763698630136987,0.0
2019-07-01 15:30:00+00:00,14000,call,1.0593000000000001,10439.27,10439.27,0.06763698630136987,0.0
2019-07-01 15:30:00+00:00,14500,call,1.0598,10439.27,10439.27,0.06763698630136987,0.0
2019-07-01 15:30:00+00:00,15000,call,1.0632,10439.27,10439.27,0.06763698630136987,0.0
2019-07-01 15:30:00+00:00,16000,call,1.0669,10439.27,10439.27,0.06763698630136987,0.0
2019-07-01 15:30:00+00:00,17000,call,1.0734000000000001,10439.27,10439.27,0.06763698630136987,0.0
2019-07-01 15:30:00+00:00,18000,call,1.0844,10439.27,10439.27,0.06763698630136987,0.0
2019-07-01 15:30:00+00:00,19000,call,1.1393,10439.27,10439.27,0.06763698630136987,0.0
2019-07-01 15:30:00+00:00,20000,call,1.1649,10439.27,10439.27,0.06763698630136987,0.0
2019-07-01 15:30:00+00:00,21000,call,1.1654,10439.27,10439.27,0.06763698630136987,0.0
2019-07-01 16:00:00+00:00,5500,call,1.1843000000000001,10484.375,10484.375,0.06757990867579909,0.0
2019-07-01 16:00:00+00:00,6000,call,1.0691,10484.375,10484.375,0.06757990867579909,0.0
2019-07-01 16:00:00+00:00,6500,call,1.0656,10484.375,10484.375,0.06757990867579909,0.0
2019-07-01 16:00:00+00:00,7000,call,1.0354,10484.375,10484.375,0.06757990867579909,0.0
2019-07-01 16:00:00+00:00,7500,call,1.0356999999999998,10484.375,10484.375,0.06757990867579909,0.0
2019-07-01 16:00:00+00:00,8000,call,1.0315,10484.375,10484.375,0.06757990867579909,0.0
2019-07-01 16:00:00+00:00,8500,call,1.0317,10484.375,10484.375,0.06757990867579909,0.0
2019-07-01 16:00:00+00:00,9000,call,1.0317,10484.375,10484.375,0.06757990867579909,0.0
2019-07-01 16:00:00+00:00,9500,call,1.0317,10484.375,10484.375,0.06757990867579909,0.0
2019-07-01 16:00:00+00:00,10000,call,1.0317,10484.375,10484.375,0.06757990867579909,0.0
2019-07-01 16:00:00+00:00,10500,call,1.0314,10484.375,10484.375,0.06757990867579909,0.0
2019-07-01 16:00:00+00:00,11000,call,1.0322,10484.375,10484.375,0.06757990867579909,0.0
2019-07-01 16:00:00+00:00,11500,call,1.0434999999999999,10484.375,10484.375,0.06757990867579909,0.0
2019-07-01 16:00:00+00:00,12000,call,1.0441,10484.375,10484.375,0.06757990867579909,0.0
2019-07-01 16:00:00+00:00,12500,call,1.0446,10484.375,10484.375,0.06757990867579909,0.0
2019-07-01 16:00:00+00:00,13000,call,1.045,10484.375,10484.375,0.06757990867579909,0.0
2019-07-01 16:00:00+00:00,13500,call,1.0449,10484.375,10484.375,0.06757990867579909,0.0
2019-07-01 16:00:00+00:00,14000,call,1.0463,10484.375,10484.375,0.06757990867579909,0.0
2019-07-01 16:00:00+00:00,14500,call,1.0512000000000001,10484.375,10484.375,0.06757990867579909,0.0
2019-07-01 16:00:00+00:00,15000,call,1.051,10484.375,10484.375,0.06757990867579909,0.0
2019-07-01 16:00:00+00:00,16000,call,1.0643,10484.375,10484.375,0.06757990867579909,0.0
2019-07-01 16:00:00+00:00,17000,call,1.064,10484.375,10484.375,0.06757990867579909,0.0
2019-07-01 16:00:00+00:00,18000,call,1.0985,10484.375,10484.375,0.06757990867579909,0.0
2019-07-01 16:00:00+00:00,19000,call,1.1257,10484.375,10484.375,0.06757990867579909,0.0
2019-07-01 16:00:00+00:00,20000,call,1.1527,10484.375,10484.375,0.06757990867579909,0.0
2019-07-01 16:00:00+00:00,21000,call,1.1527,10484.375,10484.375,0.06757990867579909,0.0
2019-07-01 16:30:00+00:00,5500,call,1.1776,10363.395,10363.395,0.06752283105022831,0.0
2019-07-01 16:30:00+00:00,6000,call,1.0715000000000001,10363.395,10363.395,0.06752283105022831,0.0
2019-07-01 16:30:00+00:00,6500,call,1.0676999999999999,10363.395,10363.395,0.06752283105022831,0.0
2019-07-01 16:30:00+00:00,7000,call,1.055,10363.395,10363.395,0.06752283105022831,0.0
2019-07-01 16:30:00+00:00,7500,call,1.0515999999999999,10363.395,10363.395,0.06752283105022831,0.0
2019-07-01 16:30:00+00:00,8000,call,1.0511,10363.395,10363.395,0.06752283105022831,0.0
2019-07-01 16:30:00+00:00,8500,call,1.0507,10363.395,10363.395,0.06752283105022831,0.0
2019-07-01 16:30:00+00:00,9000,call,1.0508,10363.395,10363.395,0.06752283105022831,0.0
2019-07-01 16:30:00+00:00,9500,call,1.0512000000000001,10363.395,10363.395,0.06752283105022831,0.0
2019-07-01 16:30:00+00:00,10000,call,1.0509,10363.395,10363.395,0.06752283105022831,0.0
2019-07-01 16:30:00+00:00,10500,call,1.0509,10363.395,10363.395,0.06752283105022831,0.0
2019-07-01 16:30:00+00:00,11000,call,1.0509,10363.395,10363.395,0.06752283105022831,0.0
2019-07-01 16:30:00+00:00,11500,call,1.0585,10363.395,10363.395,0.06752283105022831,0.0
2019-07-01 16:30:00+00:00,12000,call,1.0618,10363.395,10363.395,0.06752283105022831,0.0
2019-07-01 16:30:00+00:00,12500,call,1.0617,10363.395,10363.395,0.06752283105022831,0.0
2019-07-01 16:30:00+00:00,13000,call,1.0624,10363.395,10363.395,0.06752283105022831,0.0
2019-07-01 16:30:00+00:00,13500,call,1.063,10363.395,10363.395,0.06752283105022831,0.0
2019-07-01 16:30:00+00:00,14000,call,1.0626,10363.395,10363.395,0.06752283105022831,0.0
2019-07-01 16:30:00+00:00,14500,call,1.0679,10363.395,10363.395,0.06752283105022831,0.0
2019-07-01 16:30:00+00:00,15000,call,1.0682,10363.395,10363.395,0.06752283105022831,0.0
2019-07-01 16:30:00+00:00,16000,call,1.0752,10363.395,10363.395,0.06752283105022831,0.0
2019-07-01 16:30:00+00:00,17000,call,1.0755,10363.395,10363.395,0.06752283105022831,0.0
2019-07-01 16:30:00+00:00,18000,call,1.1118999999999999,10363.395,10363.395,0.06752283105022831,0.0
2019-07-01 16:30:00+00:00,19000,call,1.1304,10363.395,10363.395,0.06752283105022831,0.0
2019-07-01 16:30:00+00:00,20000,call,1.153,10363.395,10363.395,0.06752283105022831,0.0
2019-07-01 16:30:00+00:00,21000,call,1.1533,10363.395,10363.395,0.06752283105022831,0.0
2019-07-01 17:00:00+00:00,5500,call,1.1679000000000002,10339.85,10339.85,0.06746575342465753,0.0
2019-07-01 17:00:00+00:00,6000,call,1.077,10339.85,10339.85,0.06746575342465753,0.0
2019-07-01 17:00:00+00:00,6500,call,1.0789,10339.85,10339.85,0.06746575342465753,0.0
2019-07-01 17:00:00+00:00,7000,call,1.0590000000000002,10339.85,10339.85,0.06746575342465753,0.0
2019-07-01 17:00:00+00:00,7500,call,1.0562,10339.85,10339.85,0.06746575342465753,0.0
2019-07-01 17:00:00+00:00,8000,call,1.058,10339.85,10339.85,0.06746575342465753,0.0
2019-07-01 17:00:00+00:00,8500,call,1.058,10339.85,10339.85,0.06746575342465753,0.0
2019-07-01 17:00:00+00:00,9000,call,1.0579,10339.85,10339.85,0.06746575342465753,0.0
2019-07-01 17:00:00+00:00,9500,call,1.058,10339.85,10339.85,0.06746575342465753,0.0
2019-07-01 17:00:00+00:00,10000,call,1.0581,10339.85,10339.85,0.06746575342465753,0.0
2019-07-01 17:00:00+00:00,10500,call,1.0578,10339.85,10339.85,0.06746575342465753,0.0
2019-07-01 17:00:00+00:00,11000,call,1.0582,10339.85,10339.85,0.06746575342465753,0.0
2019-07-01 17:00:00+00:00,11500,call,1.0694,10339.85,10339.85,0.06746575342465753,0.0
2019-07-01 17:00:00+00:00,12000,call,1.0698999999999999,10339.85,10339.85,0.06746575342465753,0.0
2019-07-01 17:00:00+00:00,12500,call,1.0698,10339.85,10339.85,0.06746575342465753,0.0
2019-07-01 17:00:00+00:00,13000,call,1.0708,10339.85,10339.85,0.06746575342465753,0.0
2019-07-01 17:00:00+00:00,13500,call,1.0707,10339.85,10339.85,0.06746575342465753,0.0
2019-07-01 17:00:00+00:00,14000,call,1.0707,10339.85,10339.85,0.06746575342465753,0.0
2019-07-01 17:00:00+00:00,14500,call,1.075,10339.85,10339.85,0.06746575342465753,0.0
2019-07-01 17:00:00+00:00,15000,call,1.0772,10339.85,10339.85,0.06746575342465753,0.0
2019-07-01 17:00:00+00:00,16000,call,1.084,10339.85,10339.85,0.06746575342465753,0.0
2019-07-01 17:00:00+00:00,17000,call,1.0901,10339.85,10339.85,0.06746575342465753,0.0
2019-07-01 17:00:00+00:00,18000,call,1.1156,10339.85,10339.85,0.06746575342465753,0.0
2019-07-01 17:00:00+00:00,19000,call,1.1425,10339.85,10339.85,0.06746575342465753,0.0
2019-07-01 17:00:00+00:00,20000,call,1.1488,10339.85,10339.85,0.06746575342465753,0.0
2019-07-01 17:00:00+00:00,21000,call,1.1706999999999999,10339.85,10339.85,0.06746575342465753,0.0
2019-07-01 17:30:00+00:00,5500,call,1.1566,10344.63,10344.63,0.06740867579908676,0.0
2019-07-01 17:30:00+00:00,6000,call,1.084,10344.63,10344.63,0.06740867579908676,0.0
2019-07-01 17:30:00+00:00,6500,call,1.0818,10344.63,10344.63,0.06740867579908676,0.0
2019-07-01 17:30:00+00:00,7000,call,1.0561,10344.63,10344.63,0.06740867579908676,0.0
2019-07-01 17:30:00+00:00,7500,call,1.0490000000000002,10344.63,10344.63,0.06740867579908676,0.0
2019-07-01 17:30:00+00:00,8000,call,1.0491,10344.63,10344.63,0.06740867579908676,0.0
2019-07-01 17:30:00+00:00,8500,call,1.0493000000000001,10344.63,10344.63,0.06740867579908676,0.0
2019-07-01 17:30:00+00:00,9000,call,1.0493999999999999,10344.63,10344.63,0.06740867579908676,0.0
2019-07-01 17:30:00+00:00,9500,call,1.0493999999999999,10344.63,10344.63,0.06740867579908676,0.0
2019-07-01 17:30:00+00:00,10000,call,1.0495,10344.63,10344.63,0.06740867579908676,0.0
2019-07-01 17:30:00+00:00,10500,call,1.0495,10344.63,10344.63,0.06740867579908676,0.0
2019-07-01 17:30:00+00:00,11000,call,1.0495,10344.63,10344.63,0.06740867579908676,0.0
2019-07-01 17:30:00+00:00,11500,call,1.0634000000000001,10344.63,10344.63,0.06740867579908676,0.0
2019-07-01 17:30:00+00:00,12000,call,1.0662,10344.63,10344.63,0.06740867579908676,0.0
2019-07-01 17:30:00+00:00,12500,call,1.0667,10344.63,10344.63,0.06740867579908676,0.0
2019-07-01 17:30:00+00:00,13000,call,1.067,10344.63,10344.63,0.06740867579908676,0.0
2019-07-01 17:30:00+00:00,13500,call,1.067,10344.63,10344.63,0.06740867579908676,0.0
2019-07-01 17:30:00+00:00,14000,call,1.0668,10344.63,10344.63,0.06740867579908676,0.0
2019-07-01 17:30:00+00:00,14500,call,1.0671,10344.63,10344.63,0.06740867579908676,0.0
2019-07-01 17:30:00+00:00,15000,call,1.0671,10344.63,10344.63,0.06740867579908676,0.0
2019-07-01 17:30:00+00:00,16000,call,1.0706,10344.63,10344.63,0.06740867579908676,0.0
2019-07-01 17:30:00+00:00,17000,call,1.0756999999999999,10344.63,10344.63,0.06740867579908676,0.0
2019-07-01 17:30:00+00:00,18000,call,1.1135,10344.63,10344.63,0.06740867579908676,0.0
2019-07-01 17:30:00+00:00,19000,call,1.1133,10344.63,10344.63,0.06740867579908676,0.0
2019-07-01 17:30:00+00:00,20000,call,1.1462999999999999,10344.63,10344.63,0.06740867579908676,0.0
2019-07-01 17:30:00+00:00,21000,call,1.1531,10344.63,10344.63,0.06740867579908676,0.0
2019-07-01 18:00:00+00:00,5500,call,1.1697,10336.99,10336.99,0.06735159817351598,0.0
2019-07-01 18:00:00+00:00,6000,call,1.0898,10336.99,10336.99,0.06735159817351598,0.0
2019-07-01 18:00:00+00:00,6500,call,1.0884,10336.99,10336.99,0.06735159817351598,0.0
2019-07-01 18:00:00+00:00,7000,call,1.0621,10336.99,10336.99,0.06735159817351598,0.0
2019-07-01 18:00:00+00:00,7500,call,1.0511,10336.99,10336.99,0.06735159817351598,0.0
2019-07-01 18:00:00+00:00,8000,call,1.0511,10336.99,10336.99,0.06735159817351598,0.0
2019-07-01 18:00:00+00:00,8500,call,1.0506,10336.99,10336.99,0.06735159817351598,0.0
2019-07-01 18:00:00+00:00,9000,call,1.0507,10336.99,10336.99,0.06735159817351598,0.0
2019-07-01 18:00:00+00:00,9500,call,1.051,10336.99,10336.99,0.06735159817351598,0.0
2019-07-01 18:00:00+00:00,10000,call,1.051,10336.99,10336.99,0.06735159817351598,0.0
2019-07-01 18:00:00+00:00,10500,call,1.051,10336.99,10336.99,0.06735159817351598,0.0
2019-07-01 18:00:00+00:00,11000,call,1.051,10336.99,10336.99,0.06735159817351598,0.0
2019-07-01 18:00:00+00:00,11500,call,1.0634000000000001,10336.99,10336.99,0.06735159817351598,0.0
2019-07-01 18:00:00+00:00,12000,call,1.0659999999999998,10336.99,10336.99,0.06735159817351598,0.0
2019-07-01 18:00:00+00:00,12500,call,1.0661,10336.99,10336.99,0.06735159817351598,0.0
2019-07-01 18:00:00+00:00,13000,call,1.0692,10336.99,10336.99,0.06735159817351598,0.0
2019-07-01 18:00:00+00:00,13500,call,1.0691,10336.99,10336.99,0.06735159817351598,0.0
2019-07-01 18:00:00+00:00,14000,call,1.0692,10336.99,10336.99,0.06735159817351598,0.0
2019-07-01 18:00:00+00:00,14500,call,1.0692,10336.99,10336.99,0.06735159817351598,0.0
2019-07-01 18:00:00+00:00,15000,call,1.0698,10336.99,10336.99,0.06735159817351598,0.0
2019-07-01 18:00:00+00:00,16000,call,1.0792,10336.99,10336.99,0.06735159817351598,0.0
2019-07-01 18:00:00+00:00,17000,call,1.0791,10336.99,10336.99,0.06735159817351598,0.0
2019-07-01 18:00:00+00:00,18000,call,1.0931,10336.99,10336.99,0.06735159817351598,0.0
2019-07-01 18:00:00+00:00,19000,call,1.0931,10336.99,10336.99,0.06735159817351598,0.0
2019-07-01 18:00:00+00:00,20000,call,1.1567,10336.99,10336.99,0.06735159817351598,0.0
2019-07-01 18:00:00+00:00,21000,call,1.1804000000000001,10336.99,10336.99,0.06735159817351598,0.0
2019-07-01 18:30:00+00:00,5500,call,1.1782,10361.5,10361.5,0.0672945205479452,0.0
2019-07-01 18:30:00+00:00,6000,call,1.0771,10361.5,10361.5,0.0672945205479452,0.0
2019-07-01 18:30:00+00:00,6500,call,1.0776999999999999,10361.5,10361.5,0.0672945205479452,0.0
2019-07-01 18:30:00+00:00,7000,call,1.0624,10361.5,10361.5,0.0672945205479452,0.0
2019-07-01 18:30:00+00:00,7500,call,1.0493000000000001,10361.5,10361.5,0.0672945205479452,0.0
2019-07-01 18:30:00+00:00,8000,call,1.0493999999999999,10361.5,10361.5,0.0672945205479452,0.0
2019-07-01 18:30:00+00:00,8500,call,1.0490000000000002,10361.5,10361.5,0.0672945205479452,0.0
2019-07-01 18:30:00+00:00,9000,call,1.0493000000000001,10361.5,10361.5,0.0672945205479452,0.0
2019-07-01 18:30:00+00:00,9500,call,1.048,10361.5,10361.5,0.0672945205479452,0.0
2019-07-01 18:30:00+00:00,10000,call,1.0481,10361.5,10361.5,0.0672945205479452,0.0
2019-07-01 18:30:00+00:00,10500,call,1.048,10361.5,10361.5,0.0672945205479452,0.0
2019-07-01 18:30:00+00:00,11000,call,1.048,10361.5,10361.5,0.0672945205479452,0.0
2019-07-01 18:30:00+00:00,11500,call,1.0615999999999999,10361.5,10361.5,0.0672945205479452,0.0
2019-07-01 18:30:00+00:00,12000,call,1.063,10361.5,10361.5,0.0672945205479452,0.0
2019-07-01 18:30:00+00:00,12500,call,1.063,10361.5,10361.5,0.0672945205479452,0.0
2019-07-01 18:30:00+00:00,13000,call,1.0633,10361.5,10361.5,0.0672945205479452,0.0
2019-07-01 18:30:00+00:00,13500,call,1.0634000000000001,10361.5,10361.5,0.0672945205479452,0.0
2019-07-01 18:30:00+00:00,14000,call,1.0633,10361.5,10361.5,0.0672945205479452,0.0
2019-07-01 18:30:00+00:00,14500,call,1.0649,10361.5,10361.5,0.0672945205479452,0.0
2019-07-01 18:30:00+00:00,15000,call,1.0678,10361.5,10361.5,0.0672945205479452,0.0
2019-07-01 18:30:00+00:00,16000,call,1.0725,10361.5,10361.5,0.0672945205479452,0.0
2019-07-01 18:30:00+00:00,17000,call,1.0796999999999999,10361.5,10361.5,0.0672945205479452,0.0
2019-07-01 18:30:00+00:00,18000,call,1.0844,10361.5,10361.5,0.0672945205479452,0.0
2019-07-01 18:30:00+00:00,19000,call,1.0877,10361.5,10361.5,0.0672945205479452,0.0
2019-07-01 18:30:00+00:00,20000,call,1.149,10361.5,10361.5,0.0672945205479452,0.0
2019-07-01 18:30:00+00:00,21000,call,1.1733,10361.5,10361.5,0.0672945205479452,0.0
2019-07-01 19:00:00+00:00,5500,call,1.1591,10167.884999999998,10167.884999999998,0.06723744292237444,0.0
2019-07-01 19:00:00+00:00,6000,call,1.0712000000000002,10167.884999999998,10167.884999999998,0.06723744292237444,0.0
2019-07-01 19:00:00+00:00,6500,call,1.0722,10167.884999999998,10167.884999999998,0.06723744292237444,0.0
2019-07-01 19:00:00+00:00,7000,call,1.0574,10167.884999999998,10167.884999999998,0.06723744292237444,0.0
2019-07-01 19:00:00+00:00,7500,call,1.0459,10167.884999999998,10167.884999999998,0.06723744292237444,0.0
2019-07-01 19:00:00+00:00,8000,call,1.0439,10167.884999999998,10167.884999999998,0.06723744292237444,0.0
2019-07-01 19:00:00+00:00,8500,call,1.0434999999999999,10167.884999999998,10167.884999999998,0.06723744292237444,0.0
2019-07-01 19:00:00+00:00,9000,call,1.0434,10167.884999999998,10167.884999999998,0.06723744292237444,0.0
2019-07-01 19:00:00+00:00,9500,call,1.0422,10167.884999999998,10167.884999999998,0.06723744292237444,0.0
2019-07-01 19:00:00+00:00,10000,call,1.0422,10167.884999999998,10167.884999999998,0.06723744292237444,0.0
2019-07-01 19:00:00+00:00,10500,call,1.0456,10167.884999999998,10167.884999999998,0.06723744292237444,0.0
2019-07-01 19:00:00+00:00,11000,call,1.0601,10167.884999999998,10167.884999999998,0.06723744292237444,0.0
2019-07-01 19:00:00+00:00,11500,call,1.0626,10167.884999999998,10167.884999999998,0.06723744292237444,0.0
2019-07-01 19:00:00+00:00,12000,call,1.0631,10167.884999999998,10167.884999999998,0.06723744292237444,0.0
2019-07-01 19:00:00+00:00,12500,call,1.0631,10167.884999999998,10167.884999999998,0.06723744292237444,0.0
2019-07-01 19:00:00+00:00,13000,call,1.0631,10167.884999999998,10167.884999999998,0.06723744292237444,0.0
2019-07-01 19:00:00+00:00,13500,call,1.0635,10167.884999999998,10167.884999999998,0.06723744292237444,0.0
2019-07-01 19:00:00+00:00,14000,call,1.064,10167.884999999998,10167.884999999998,0.06723744292237444,0.0
2019-07-01 19:00:00+00:00,14500,call,1.064,10167.884999999998,10167.884999999998,0.06723744292237444,0.0
2019-07-01 19:00:00+00:00,15000,call,1.0659999999999998,10167.884999999998,10167.884999999998,0.06723744292237444,0.0
2019-07-01 19:00:00+00:00,16000,call,1.0697,10167.884999999998,10167.884999999998,0.06723744292237444,0.0
2019-07-01 19:00:00+00:00,17000,call,1.0798,10167.884999999998,10167.884999999998,0.06723744292237444,0.0
2019-07-01 19:00:00+00:00,18000,call,1.0915000000000001,10167.884999999998,10167.884999999998,0.06723744292237444,0.0
2019-07-01 19:00:00+00:00,19000,call,1.0912,10167.884999999998,10167.884999999998,0.06723744292237444,0.0
2019-07-01 19:00:00+00:00,20000,call,1.1541,10167.884999999998,10167.884999999998,0.06723744292237444,0.0
2019-07-01 19:00:00+00:00,21000,call,1.1711,10167.884999999998,10167.884999999998,0.06723744292237444,0.0
2019-07-01 19:30:00+00:00,5500,call,1.1386,10286.98,10286.98,0.06718036529680366,0.0
2019-07-01 19:30:00+00:00,6000,call,1.0607,10286.98,10286.98,0.06718036529680366,0.0
2019-07-01 19:30:00+00:00,6500,call,1.0623,10286.98,10286.98,0.06718036529680366,0.0
2019-07-01 19:30:00+00:00,7000,call,1.0523,10286.98,10286.98,0.06718036529680366,0.0
2019-07-01 19:30:00+00:00,7500,call,1.0405,10286.98,10286.98,0.06718036529680366,0.0
2019-07-01 19:30:00+00:00,8000,call,1.0389,10286.98,10286.98,0.06718036529680366,0.0
2019-07-01 19:30:00+00:00,8500,call,1.0411,10286.98,10286.98,0.06718036529680366,0.0
2019-07-01 19:30:00+00:00,9000,call,1.0415,10286.98,10286.98,0.06718036529680366,0.0
2019-07-01 19:30:00+00:00,9500,call,1.0422,10286.98,10286.98,0.06718036529680366,0.0
2019-07-01 19:30:00+00:00,10000,call,1.0419,10286.98,10286.98,0.06718036529680366,0.0
2019-07-01 19:30:00+00:00,10500,call,1.0421,10286.98,10286.98,0.06718036529680366,0.0
2019-07-01 19:30:00+00:00,11000,call,1.0541,10286.98,10286.98,0.06718036529680366,0.0
2019-07-01 19:30:00+00:00,11500,call,1.0637,10286.98,10286.98,0.06718036529680366,0.0
2019-07-01 19:30:00+00:00,12000,call,1.0644,10286.98,10286.98,0.06718036529680366,0.0
2019-07-01 19:30:00+00:00,12500,call,1.0645,10286.98,10286.98,0.06718036529680366,0.0
2019-07-01 19:30:00+00:00,13000,call,1.0647,10286.98,10286.98,0.06718036529680366,0.0
2019-07-01 19:30:00+00:00,13500,call,1.0642,10286.98,10286.98,0.06718036529680366,0.0
2019-07-01 19:30:00+00:00,14000,call,1.0646,10286.98,10286.98,0.06718036529680366,0.0
2019-07-01 19:30:00+00:00,14500,call,1.0656,10286.98,10286.98,0.06718036529680366,0.0
2019-07-01 19:30:00+00:00,15000,call,1.065,10286.98,10286.98,0.06718036529680366,0.0
2019-07-01 19:30:00+00:00,16000,call,1.0655,10286.98,10286.98,0.06718036529680366,0.0
2019-07-01 19:30:00+00:00,17000,call,1.0778,10286.98,10286.98,0.06718036529680366,0.0
2019-07-01 19:30:00+00:00,18000,call,1.1043,10286.98,10286.98,0.06718036529680366,0.0
2019-07-01 19:30:00+00:00,19000,call,1.1044,10286.98,10286.98,0.06718036529680366,0.0
2019-07-01 19:30:00+00:00,20000,call,1.1499,10286.98,10286.98,0.06718036529680366,0.0
2019-07-01 19:30:00+00:00,21000,call,1.1675,10286.98,10286.98,0.06718036529680366,0.0
2019-07-01 20:00:00+00:00,5500,call,1.1553,10426.15,10426.15,0.06712328767123288,0.0
2019-07-01 20:00:00+00:00,6000,call,1.107,10426.15,10426.15,0.06712328767123288,0.0
2019-07-01 20:00:00+00:00,6500,call,1.0743,10426.15,10426.15,0.06712328767123288,0.0
2019-07-01 20:00:00+00:00,7000,call,1.0565,10426.15,10426.15,0.06712328767123288,0.0
2019-07-01 20:00:00+00:00,7500,call,1.047,10426.15,10426.15,0.06712328767123288,0.0
2019-07-01 20:00:00+00:00,8000,call,1.0451000000000001,10426.15,10426.15,0.06712328767123288,0.0
2019-07-01 20:00:00+00:00,8500,call,1.0446,10426.15,10426.15,0.06712328767123288,0.0
2019-07-01 20:00:00+00:00,9000,call,1.0447,10426.15,10426.15,0.06712328767123288,0.0
2019-07-01 20:00:00+00:00,9500,call,1.0444,10426.15,10426.15,0.06712328767123288,0.0
2019-07-01 20:00:00+00:00,10000,call,1.0451000000000001,10426.15,10426.15,0.06712328767123288,0.0
2019-07-01 20:00:00+00:00,10500,call,1.0445,10426.15,10426.15,0.06712328767123288,0.0
2019-07-01 20:00:00+00:00,11000,call,1.045,10426.15,10426.15,0.06712328767123288,0.0
2019-07-01 20:00:00+00:00,11500,call,1.0656999999999999,10426.15,10426.15,0.06712328767123288,0.0
2019-07-01 20:00:00+00:00,12000,call,1.0653,10426.15,10426.15,0.06712328767123288,0.0
2019-07-01 20:00:00+00:00,12500,call,1.0668,10426.15,10426.15,0.06712328767123288,0.0
2019-07-01 20:00:00+00:00,13000,call,1.0686,10426.15,10426.15,0.06712328767123288,0.0
2019-07-01 20:00:00+00:00,13500,call,1.0684,10426.15,10426.15,0.06712328767123288,0.0
2019-07-01 20:00:00+00:00,14000,call,1.0685,10426.15,10426.15,0.06712328767123288,0.0
2019-07-01 20:00:00+00:00,14500,call,1.0694,10426.15,10426.15,0.06712328767123288,0.0
2019-07-01 20:00:00+00:00,15000,call,1.0695000000000001,10426.15,10426.15,0.06712328767123288,0.0
2019-07-01 20:00:00+00:00,16000,call,1.0702,10426.15,10426.15,0.06712328767123288,0.0
2019-07-01 20:00:00+00:00,17000,call,1.0795000000000001,10426.15,10426.15,0.06712328767123288,0.0
2019-07-01 20:00:00+00:00,18000,call,1.0918,10426.15,10426.15,0.06712328767123288,0.0
2019-07-01 20:00:00+00:00,19000,call,1.1049,10426.15,10426.15,0.06712328767123288,0.0
2019-07-01 20:00:00+00:00,20000,call,1.1236,10426.15,10426.15,0.06712328767123288,0.0
2019-07-01 20:00:00+00:00,21000,call,1.1689,10426.15,10426.15,0.06712328767123288,0.0
2019-07-01 20:30:00+00:00,5500,call,1.1848,10582.71,10582.71,0.0670662100456621,0.0
2019-07-01 20:30:00+00:00,6000,call,1.1179000000000001,10582.71,10582.71,0.0670662100456621,0.0
2019-07-01 20:30:00+00:00,6500,call,1.0442,10582.71,10582.71,0.0670662100456621,0.0
2019-07-01 20:30:00+00:00,7000,call,1.0383,10582.71,10582.71,0.0670662100456621,0.0
2019-07-01 20:30:00+00:00,7500,call,1.0398,10582.71,10582.71,0.0670662100456621,0.0
2019-07-01 20:30:00+00:00,8000,call,1.0379,10582.71,10582.71,0.0670662100456621,0.0
2019-07-01 20:30:00+00:00,8500,call,1.038,10582.71,10582.71,0.0670662100456621,0.0
2019-07-01 20:30:00+00:00,9000,call,1.0377,10582.71,10582.71,0.0670662100456621,0.0
2019-07-01 20:30:00+00:00,9500,call,1.0386,10582.71,10582.71,0.0670662100456621,0.0
2019-07-01 20:30:00+00:00,10000,call,1.038,10582.71,10582.71,0.0670662100456621,0.0
2019-07-01 20:30:00+00:00,10500,call,1.0377,10582.71,10582.71,0.0670662100456621,0.0
2019-07-01 20:30:00+00:00,11000,call,1.0379,10582.71,10582.71,0.0670662100456621,0.0
2019-07-01 20:30:00+00:00,11500,call,1.0556,10582.71,10582.71,0.0670662100456621,0.0
2019-07-01 20:30:00+00:00,12000,call,1.0598999999999998,10582.71,10582.71,0.0670662100456621,0.0
2019-07-01 20:30:00+00:00,12500,call,1.0598999999999998,10582.71,10582.71,0.0670662100456621,0.0
2019-07-01 20:30:00+00:00,13000,call,1.0626,10582.71,10582.71,0.0670662100456621,0.0
2019-07-01 20:30:00+00:00,13500,call,1.0623,10582.71,10582.71,0.0670662100456621,0.0
2019-07-01 20:30:00+00:00,14000,call,1.0659,10582.71,10582.71,0.0670662100456621,0.0
2019-07-01 20:30:00+00:00,14500,call,1.0661,10582.71,10582.71,0.0670662100456621,0.0
2019-07-01 20:30:00+00:00,15000,call,1.0663,10582.71,10582.71,0.0670662100456621,0.0
2019-07-01 20:30:00+00:00,16000,call,1.0731,10582.71,10582.71,0.0670662100456621,0.0
2019-07-01 20:30:00+00:00,17000,call,1.0735,10582.71,10582.71,0.0670662100456621,0.0
2019-07-01 20:30:00+00:00,18000,call,1.0802,10582.71,10582.71,0.0670662100456621,0.0
2019-07-01 20:30:00+00:00,19000,call,1.0835,10582.71,10582.71,0.0670662100456621,0.0
2019-07-01 20:30:00+00:00,20000,call,1.1031,10582.71,10582.71,0.0670662100456621,0.0
2019-07-01 20:30:00+00:00,21000,call,1.1489,10582.71,10582.71,0.0670662100456621,0.0
2019-07-01 21:00:00+00:00,5500,call,1.1781,10569.73,10569.73,0.06700913242009132,0.0
2019-07-01 21:00:00+00:00,6000,call,1.1092,10569.73,10569.73,0.06700913242009132,0.0
2019-07-01 21:00:00+00:00,6500,call,1.041,10569.73,10569.73,0.06700913242009132,0.0
2019-07-01 21:00:00+00:00,7000,call,1.0398,10569.73,10569.73,0.06700913242009132,0.0
2019-07-01 21:00:00+00:00,7500,call,1.038,10569.73,10569.73,0.06700913242009132,0.0
2019-07-01 21:00:00+00:00,8000,call,1.035,10569.73,10569.73,0.06700913242009132,0.0
2019-07-01 21:00:00+00:00,8500,call,1.035,10569.73,10569.73,0.06700913242009132,0.0
2019-07-01 21:00:00+00:00,9000,call,1.0352,10569.73,10569.73,0.06700913242009132,0.0
2019-07-01 21:00:00+00:00,9500,call,1.0352,10569.73,10569.73,0.06700913242009132,0.0
2019-07-01 21:00:00+00:00,10000,call,1.0345,10569.73,10569.73,0.06700913242009132,0.0
2019-07-01 21:00:00+00:00,10500,call,1.0351000000000001,10569.73,10569.73,0.06700913242009132,0.0
2019-07-01 21:00:00+00:00,11000,call,1.0349,10569.73,10569.73,0.06700913242009132,0.0
2019-07-01 21:00:00+00:00,11500,call,1.0541,10569.73,10569.73,0.06700913242009132,0.0
2019-07-01 21:00:00+00:00,12000,call,1.0583,10569.73,10569.73,0.06700913242009132,0.0
2019-07-01 21:00:00+00:00,12500,call,1.0586,10569.73,10569.73,0.06700913242009132,0.0
2019-07-01 21:00:00+00:00,13000,call,1.0585,10569.73,10569.73,0.06700913242009132,0.0
2019-07-01 21:00:00+00:00,13500,call,1.0609,10569.73,10569.73,0.06700913242009132,0.0
2019-07-01 21:00:00+00:00,14000,call,1.0656999999999999,10569.73,10569.73,0.06700913242009132,0.0
2019-07-01 21:00:00+00:00,14500,call,1.0659999999999998,10569.73,10569.73,0.06700913242009132,0.0
2019-07-01 21:00:00+00:00,15000,call,1.0659999999999998,10569.73,10569.73,0.06700913242009132,0.0
2019-07-01 21:00:00+00:00,16000,call,1.0746,10569.73,10569.73,0.06700913242009132,0.0
2019-07-01 21:00:00+00:00,17000,call,1.0746,10569.73,10569.73,0.06700913242009132,0.0
2019-07-01 21:00:00+00:00,18000,call,1.0819,10569.73,10569.73,0.06700913242009132,0.0
2019-07-01 21:00:00+00:00,19000,call,1.0853,10569.73,10569.73,0.06700913242009132,0.0
2019-07-01 21:00:00+00:00,20000,call,1.1048,10569.73,10569.73,0.06700913242009132,0.0
2019-07-01 21:00:00+00:00,21000,call,1.1506999999999998,10569.73,10569.73,0.06700913242009132,0.0
2019-07-01 21:30:00+00:00,5500,call,1.1924,10654.88,10654.88,0.06695205479452054,0.0
2019-07-01 21:30:00+00:00,6000,call,1.1309,10654.88,10654.88,0.06695205479452054,0.0
2019-07-01 21:30:00+00:00,6500,call,1.0626,10654.88,10654.88,0.06695205479452054,0.0
2019-07-01 21:30:00+00:00,7000,call,1.0446,10654.88,10654.88,0.06695205479452054,0.0
2019-07-01 21:30:00+00:00,7500,call,1.0346,10654.88,10654.88,0.06695205479452054,0.0
2019-07-01 21:30:00+00:00,8000,call,1.0385,10654.88,10654.88,0.06695205479452054,0.0
2019-07-01 21:30:00+00:00,8500,call,1.0349,10654.88,10654.88,0.06695205479452054,0.0
2019-07-01 21:30:00+00:00,9000,call,1.0334999999999999,10654.88,10654.88,0.06695205479452054,0.0
2019-07-01 21:30:00+00:00,9500,call,1.0343,10654.88,10654.88,0.06695205479452054,0.0
2019-07-01 21:30:00+00:00,10000,call,1.0336,10654.88,10654.88,0.06695205479452054,0.0
2019-07-01 21:30:00+00:00,10500,call,1.0336,10654.88,10654.88,0.06695205479452054,0.0
2019-07-01 21:30:00+00:00,11000,call,1.0353,10654.88,10654.88,0.06695205479452054,0.0
2019-07-01 21:30:00+00:00,11500,call,1.0518,10654.88,10654.88,0.06695205479452054,0.0
2019-07-01 21:30:00+00:00,12000,call,1.0595,10654.88,10654.88,0.06695205479452054,0.0
2019-07-01 21:30:00+00:00,12500,call,1.0589,10654.88,10654.88,0.06695205479452054,0.0
2019-07-01 21:30:00+00:00,13000,call,1.0593000000000001,10654.88,10654.88,0.06695205479452054,0.0
2019-07-01 21:30:00+00:00,13500,call,1.0589,10654.88,10654.88,0.06695205479452054,0.0
2019-07-01 21:30:00+00:00,14000,call,1.062,10654.88,10654.88,0.06695205479452054,0.0
2019-07-01 21:30:00+00:00,14500,call,1.0624,10654.88,10654.88,0.06695205479452054,0.0
2019-07-01 21:30:00+00:00,15000,call,1.0622,10654.88,10654.88,0.06695205479452054,0.0
2019-07-01 21:30:00+00:00,16000,call,1.0644,10654.88,10654.88,0.06695205479452054,0.0
2019-07-01 21:30:00+00:00,17000,call,1.0661,10654.88,10654.88,0.06695205479452054,0.0
2019-07-01 21:30:00+00:00,18000,call,1.0675,10654.88,10654.88,0.06695205479452054,0.0
2019-07-01 21:30:00+00:00,19000,call,1.0715999999999999,10654.88,10654.88,0.06695205479452054,0.0
2019-07-01 21:30:00+00:00,20000,call,1.0917000000000001,10654.88,10654.88,0.06695205479452054,0.0
2019-07-01 21:30:00+00:00,21000,call,1.1384,10654.88,10654.88,0.06695205479452054,0.0
2019-07-01 22:00:00+00:00,5500,call,1.1692,10557.79,10557.79,0.06689497716894977,0.0
2019-07-01 22:00:00+00:00,6000,call,1.101,10557.79,10557.79,0.06689497716894977,0.0
2019-07-01 22:00:00+00:00,6500,call,1.0443,10557.79,10557.79,0.06689497716894977,0.0
2019-07-01 22:00:00+00:00,7000,call,1.0402,10557.79,10557.79,0.06689497716894977,0.0
2019-07-01 22:00:00+00:00,7500,call,1.0338,10557.79,10557.79,0.06689497716894977,0.0
2019-07-01 22:00:00+00:00,8000,call,1.0334,10557.79,10557.79,0.06689497716894977,0.0
2019-07-01 22:00:00+00:00,8500,call,1.0334,10557.79,10557.79,0.06689497716894977,0.0
2019-07-01 22:00:00+00:00,9000,call,1.0334,10557.79,10557.79,0.06689497716894977,0.0
2019-07-01 22:00:00+00:00,9500,call,1.0331000000000001,10557.79,10557.79,0.06689497716894977,0.0
2019-07-01 22:00:00+00:00,10000,call,1.0332,10557.79,10557.79,0.06689497716894977,0.0
2019-07-01 22:00:00+00:00,10500,call,1.0334,10557.79,10557.79,0.06689497716894977,0.0
2019-07-01 22:00:00+00:00,11000,call,1.0328,10557.79,10557.79,0.06689497716894977,0.0
2019-07-01 22:00:00+00:00,11500,call,1.0554000000000001,10557.79,10557.79,0.06689497716894977,0.0
2019-07-01 22:00:00+00:00,12000,call,1.058,10557.79,10557.79,0.06689497716894977,0.0
2019-07-01 22:00:00+00:00,12500,call,1.058,10557.79,10557.79,0.06689497716894977,0.0
2019-07-01 22:00:00+00:00,13000,call,1.0593000000000001,10557.79,10557.79,0.06689497716894977,0.0
2019-07-01 22:00:00+00:00,13500,call,1.0622,10557.79,10557.79,0.06689497716894977,0.0
2019-07-01 22:00:00+00:00,14000,call,1.0709,10557.79,10557.79,0.06689497716894977,0.0
2019-07-01 22:00:00+00:00,14500,call,1.071,10557.79,10557.79,0.06689497716894977,0.0
2019-07-01 22:00:00+00:00,15000,call,1.0717,10557.79,10557.79,0.06689497716894977,0.0
2019-07-01 22:00:00+00:00,16000,call,1.0715999999999999,10557.79,10557.79,0.06689497716894977,0.0
2019-07-01 22:00:00+00:00,17000,call,1.0772,10557.79,10557.79,0.06689497716894977,0.0
2019-07-01 22:00:00+00:00,18000,call,1.094,10557.79,10557.79,0.06689497716894977,0.0
2019-07-01 22:00:00+00:00,19000,call,1.0991,10557.79,10557.79,0.06689497716894977,0.0
2019-07-01 22:00:00+00:00,20000,call,1.1255,10557.79,10557.79,0.06689497716894977,0.0
2019-07-01 22:00:00+00:00,21000,call,1.1547,10557.79,10557.79,0.06689497716894977,0.0
2019-07-01 22:30:00+00:00,5500,call,1.1804000000000001,10553.67,10553.67,0.066837899543379,0.0
2019-07-01 22:30:00+00:00,6000,call,1.1127,10553.67,10553.67,0.066837899543379,0.0
2019-07-01 22:30:00+00:00,6500,call,1.0444,10553.67,10553.67,0.066837899543379,0.0
2019-07-01 22:30:00+00:00,7000,call,1.0413,10553.67,10553.67,0.066837899543379,0.0
2019-07-01 22:30:00+00:00,7500,call,1.0363,10553.67,10553.67,0.066837899543379,0.0
2019-07-01 22:30:00+00:00,8000,call,1.032,10553.67,10553.67,0.066837899543379,0.0
2019-07-01 22:30:00+00:00,8500,call,1.0322,10553.67,10553.67,0.066837899543379,0.0
2019-07-01 22:30:00+00:00,9000,call,1.0312000000000001,10553.67,10553.67,0.066837899543379,0.0
2019-07-01 22:30:00+00:00,9500,call,1.032,10553.67,10553.67,0.066837899543379,0.0
2019-07-01 22:30:00+00:00,10000,call,1.0319,10553.67,10553.67,0.066837899543379,0.0
2019-07-01 22:30:00+00:00,10500,call,1.0319,10553.67,10553.67,0.066837899543379,0.0
2019-07-01 22:30:00+00:00,11000,call,1.0318,10553.67,10553.67,0.066837899543379,0.0
2019-07-01 22:30:00+00:00,11500,call,1.0546,10553.67,10553.67,0.066837899543379,0.0
2019-07-01 22:30:00+00:00,12000,call,1.0584,10553.67,10553.67,0.066837899543379,0.0
2019-07-01 22:30:00+00:00,12500,call,1.0584,10553.67,10553.67,0.066837899543379,0.0
2019-07-01 22:30:00+00:00,13000,call,1.0584,10553.67,10553.67,0.066837899543379,0.0
2019-07-01 22:30:00+00:00,13500,call,1.0631,10553.67,10553.67,0.066837899543379,0.0
2019-07-01 22:30:00+00:00,14000,call,1.0720999999999998,10553.67,10553.67,0.066837899543379,0.0
2019-07-01 22:30:00+00:00,14500,call,1.0720999999999998,10553.67,10553.67,0.066837899543379,0.0
2019-07-01 22:30:00+00:00,15000,call,1.0724,10553.67,10553.67,0.066837899543379,0.0
2019-07-01 22:30:00+00:00,16000,call,1.0724,10553.67,10553.67,0.066837899543379,0.0
2019-07-01 22:30:00+00:00,17000,call,1.0781999999999998,10553.67,10553.67,0.066837899543379,0.0
2019-07-01 22:30:00+00:00,18000,call,1.0972,10553.67,10553.67,0.066837899543379,0.0
2019-07-01 22:30:00+00:00,19000,call,1.1047,10553.67,10553.67,0.066837899543379,0.0
2019-07-01 22:30:00+00:00,20000,call,1.1291,10553.67,10553.67,0.066837899543379,0.0
2019-07-01 22:30:00+00:00,21000,call,1.1545999999999998,10553.67,10553.67,0.066837899543379,0.0
2019-07-01 23:00:00+00:00,5500,call,1.2228,10701.56,10701.56,0.06678082191780822,0.0
2019-07-01 23:00:00+00:00,6000,call,1.1262,10701.56,10701.56,0.06678082191780822,0.0
2019-07-01 23:00:00+00:00,6500,call,1.0595,10701.56,10701.56,0.06678082191780822,0.0
2019-07-01 23:00:00+00:00,7000,call,1.0438,10701.56,10701.56,0.06678082191780822,0.0
2019-07-01 23:00:00+00:00,7500,call,1.0366,10701.56,10701.56,0.06678082191780822,0.0
2019-07-01 23:00:00+00:00,8000,call,1.0366,10701.56,10701.56,0.06678082191780822,0.0
2019-07-01 23:00:00+00:00,8500,call,1.0366,10701.56,10701.56,0.06678082191780822,0.0
2019-07-01 23:00:00+00:00,9000,call,1.0366,10701.56,10701.56,0.06678082191780822,0.0
2019-07-01 23:00:00+00:00,9500,call,1.0367,10701.56,10701.56,0.06678082191780822,0.0
2019-07-01 23:00:00+00:00,10000,call,1.0367,10701.56,10701.56,0.06678082191780822,0.0
2019-07-01 23:00:00+00:00,10500,call,1.0367,10701.56,10701.56,0.06678082191780822,0.0
2019-07-01 23:00:00+00:00,11000,call,1.0366,10701.56,10701.56,0.06678082191780822,0.0
2019-07-01 23:00:00+00:00,11500,call,1.0553,10701.56,10701.56,0.06678082191780822,0.0
2019-07-01 23:00:00+00:00,12000,call,1.0601,10701.56,10701.56,0.06678082191780822,0.0
2019-07-01 23:00:00+00:00,12500,call,1.0601,10701.56,10701.56,0.06678082191780822,0.0
2019-07-01 23:00:00+00:00,13000,call,1.0602,10701.56,10701.56,0.06678082191780822,0.0
2019-07-01 23:00:00+00:00,13500,call,1.0602,10701.56,10701.56,0.06678082191780822,0.0
2019-07-01 23:00:00+00:00,14000,call,1.0686,10701.56,10701.56,0.06678082191780822,0.0
2019-07-01 23:00:00+00:00,14500,call,1.069,10701.56,10701.56,0.06678082191780822,0.0
2019-07-01 23:00:00+00:00,15000,call,1.0694,10701.56,10701.56,0.06678082191780822,0.0
2019-07-01 23:00:00+00:00,16000,call,1.0694,10701.56,10701.56,0.06678082191780822,0.0
2019-07-01 23:00:00+00:00,17000,call,1.0831,10701.56,10701.56,0.06678082191780822,0.0
2019-07-01 23:00:00+00:00,18000,call,1.0868,10701.56,10701.56,0.06678082191780822,0.0
2019-07-01 23:00:00+00:00,19000,call,1.0936,10701.56,10701.56,0.06678082191780822,0.0
2019-07-01 23:00:00+00:00,20000,call,1.1124,10701.56,10701.56,0.06678082191780822,0.0
2019-07-01 23:00:00+00:00,21000,call,1.1613,10701.56,10701.56,0.06678082191780822,0.0
2019-07-01 23:30:00+00:00,5500,call,1.1536,10684.83,10684.83,0.06672374429223744,0.0
2019-07-01 23:30:00+00:00,6000,call,1.1059,10684.83,10684.83,0.06672374429223744,0.0
2019-07-01 23:30:00+00:00,6500,call,1.0309,10684.83,10684.83,0.06672374429223744,0.0
2019-07-01 23:30:00+00:00,7000,call,1.0299,10684.83,10684.83,0.06672374429223744,0.0
2019-07-01 23:30:00+00:00,7500,call,1.0299,10684.83,10684.83,0.06672374429223744,0.0
2019-07-01 23:30:00+00:00,8000,call,1.0298,10684.83,10684.83,0.06672374429223744,0.0
2019-07-01 23:30:00+00:00,8500,call,1.0293999999999999,10684.83,10684.83,0.06672374429223744,0.0
2019-07-01 23:30:00+00:00,9000,call,1.0299,10684.83,10684.83,0.06672374429223744,0.0
2019-07-01 23:30:00+00:00,9500,call,1.0299,10684.83,10684.83,0.06672374429223744,0.0
2019-07-01 23:30:00+00:00,10000,call,1.0295999999999998,10684.83,10684.83,0.06672374429223744,0.0
2019-07-01 23:30:00+00:00,10500,call,1.0297,10684.83,10684.83,0.06672374429223744,0.0
2019-07-01 23:30:00+00:00,11000,call,1.0299,10684.83,10684.83,0.06672374429223744,0.0
2019-07-01 23:30:00+00:00,11500,call,1.0518,10684.83,10684.83,0.06672374429223744,0.0
2019-07-01 23:30:00+00:00,12000,call,1.0531,10684.83,10684.83,0.06672374429223744,0.0
2019-07-01 23:30:00+00:00,12500,call,1.0548,10684.83,10684.83,0.06672374429223744,0.0
2019-07-01 23:30:00+00:00,13000,call,1.0563,10684.83,10684.83,0.06672374429223744,0.0
2019-07-01 23:30:00+00:00,13500,call,1.0563,10684.83,10684.83,0.06672374429223744,0.0
2019-07-01 23:30:00+00:00,14000,call,1.0624,10684.83,10684.83,0.06672374429223744,0.0
2019-07-01 23:30:00+00:00,14500,call,1.0661,10684.83,10684.83,0.06672374429223744,0.0
2019-07-01 23:30:00+00:00,15000,call,1.0698999999999999,10684.83,10684.83,0.06672374429223744,0.0
2019-07-01 23:30:00+00:00,16000,call,1.0698999999999999,10684.83,10684.83,0.06672374429223744,0.0
2019-07-01 23:30:00+00:00,17000,call,1.0872,10684.83,10684.83,0.06672374429223744,0.0
2019-07-01 23:30:00+00:00,18000,call,1.0981,10684.83,10684.83,0.06672374429223744,0.0
2019-07-01 23:30:00+00:00,19000,call,1.1036,10684.83,10684.83,0.06672374429223744,0.0
2019-07-01 23:30:00+00:00,20000,call,1.1140999999999999,10684.83,10684.83,0.06672374429223744,0.0
2019-07-01 23:30:00+00:00,21000,call,1.1633,10684.83,10684.83,0.06672374429223744,0.0
