date,strike,density,forward,tau_years
2019-07-01 00:00:00+00:00,5758.333333333333,9.581282519765471e-05,11030.9,0.06940639269406393
2019-07-01 00:00:00+00:00,6016.666666666667,4.316329645265074e-05,11030.9,0.06940639269406393
2019-07-01 00:00:00+00:00,6275.0,3.7109774678237215e-05,11030.9,0.06940639269406393
2019-07-01 00:00:00+00:00,6533.333333333333,4.173821630362415e-05,11030.9,0.06940639269406393
2019-07-01 00:00:00+00:00,6791.666666666666,4.9428570298114914e-05,11030.9,0.06940639269406393
2019-07-01 00:00:00+00:00,7050.0,6.538553702040719e-05,11030.9,0.06940639269406393
2019-07-01 00:00:00+00:00,7308.333333333333,7.506964199559907e-05,11030.9,0.06940639269406393
2019-07-01 00:00:00+00:00,7566.666666666666,8.76892463222384e-05,11030.9,0.06940639269406393
2019-07-01 00:00:00+00:00,7825.0,0.00010358880589983901,11030.9,0.06940639269406393
2019-07-01 00:00:00+00:00,8083.333333333333,0.00011484725129837158,11030.9,0.06940639269406393
2019-07-01 00:00:00+00:00,8341.666666666666,0.00011656958516162621,11030.9,0.06940639269406393
2019-07-01 00:00:00+00:00,8600.0,0.0001500206675191452,11030.9,0.06940639269406393
2019-07-01 00:00:00+00:00,8858.333333333332,0.00013453050617098048,11030.9,0.06940639269406393
2019-07-01 00:00:00+00:00,9116.666666666666,0.00014100758480033979,11030.9,0.06940639269406393
2019-07-01 00:00:00+00:00,9375.0,0.0001565467750288224,11030.9,0.06940639269406393
2019-07-01 00:00:00+00:00,9633.333333333332,0.00015962494925882037,11030.9,0.06940639269406393
2019-07-01 00:00:00+00:00,9891.666666666666,0.00014884109418602083,11030.9,0.06940639269406393
2019-07-01 00:00:00+00:00,10150.0,0.00014814329931837021,11030.9,0.06940639269406393
2019-07-01 00:00:00+00:00,10408.333333333332,0.00014594387025942314,11030.9,0.06940639269406393
2019-07-01 00:00:00+00:00,10666.666666666666,0.00014238097709257184,11030.9,0.06940639269406393
2019-07-01 00:00:00+00:00,10925.0,0.00013762671511608515,11030.9,0.06940639269406393
2019-07-01 00:00:00+00:00,11183.333333333332,0.00013187672483144493,11030.9,0.06940639269406393
2019-07-01 00:00:00+00:00,11441.666666666666,0.00012533960516593408,11030.9,0.06940639269406393
2019-07-01 00:00:00+00:00,11700.0,0.00011822678950943408,11030.9,0.06940639269406393
2019-07-01 00:00:00+00:00,11958.333333333332,0.00011074344127794342,11030.9,0.06940639269406393
2019-07-01 00:00:00+00:00,12216.666666666666,0.00010308078482458352,11030.9,0.06940639269406393
2019-07-01 00:00:00+00:00,12475.0,9.541013465562892e-05,11030.9,0.06940639269406393
2019-07-01 00:00:00+00:00,12733.333333333332,8.787873561042063e-05,11030.9,0.06940639269406393
2019-07-01 00:00:00+00:00,12991.666666666666,8.060739084748407e-05,11030.9,0.06940639269406393
2019-07-01 00:00:00+00:00,13250.0,7.368974179493882e-05,11030.9,0.06940639269406393
2019-07-01 00:00:00+00:00,13508.333333333332,6.71929797125548e-05,11030.9,0.06940639269406393
2019-07-01 00:00:00+00:00,13766.666666666666,6.776047008862767e-05,11030.9,0.06940639269406393
2019-07-01 00:00:00+00:00,14025.0,6.2866554071121e-05,11030.9,0.06940639269406393
2019-07-01 00:00:00+00:00,14283.333333333332,4.9463007344171214e-05,11030.9,0.06940639269406393
2019-07-01 00:00:00+00:00,14541.666666666666,4.463120515418727e-05,11030.9,0.06940639269406393
2019-07-01 00:00:00+00:00,14800.0,4.0319287528540255e-05,11030.9,0.06940639269406393
2019-07-01 00:00:00+00:00,15058.333333333332,4.4672542978921674e-05,11030.9,0.06940639269406393
2019-07-01 00:00:00+00:00,15316.666666666666,3.825523297700929e-05,11030.9,0.06940639269406393
2019-07-01 00:00:00+00:00,15575.0,2.8117522356006985e-05,11030.9,0.06940639269406393
2019-07-01 00:00:00+00:00,15833.333333333332,2.5481532641401074e-05,11030.9,0.06940639269406393
2019-07-01 00:00:00+00:00,16091.666666666666,3.2837803176727435e-05,11030.9,0.06940639269406393
2019-07-01 00:00:00+00:00,16350.0,2.2897992458476486e-05,11030.9,0.06940639269406393
2019-07-01 00:00:00+00:00,16608.333333333332,1.7306582417449673e-05,11030.9,0.06940639269406393
2019-07-01 00:00:00+00:00,16866.666666666664,2.0951939834517468e-05,11030.9,0.06940639269406393
2019-07-01 00:00:00+00:00,17125.0,2.0042588608650423e-05,11030.9,0.06940639269406393
2019-07-01 00:00:00+00:00,17383.333333333332,1.1536919514669867e-05,11030.9,0.06940639269406393
2019-07-01 00:00:00+00:00,17641.666666666664,1.533039208157167e-05,11030.9,0.06940639269406393
2019-07-01 00:00:00+00:00,17900.0,1.4467279420970459e-05,11030.9,0.06940639269406393
2019-07-01 00:00:00+00:00,18158.333333333332,7.656684317584958e-06,11030.9,0.06940639269406393
2019-07-01 00:00:00+00:00,18416.666666666664,1.322324147284223e-05,11030.9,0.06940639269406393
2019-07-01 00:00:00+00:00,18675.0,8.285394987483111e-06,11030.9,0.06940639269406393
2019-07-01 00:00:00+00:00,18933.333333333332,5.8154943593703855e-06,11030.9,0.06940639269406393
2019-07-01 00:00:00+00:00,19191.666666666664,1.1431019507996157e-05,11030.9,0.06940639269406393
2019-07-01 00:00:00+00:00,19450.0,3.409572472564555e-06,11030.9,0.06940639269406393
2019-07-01 00:00:00+00:00,19708.333333333332,7.559810583647912e-06,11030.9,0.06940639269406393
2019-07-01 00:00:00+00:00,19966.666666666664,4.828231445824587e-06,11030.9,0.06940639269406393
2019-07-01 00:00:00+00:00,20225.0,3.942630694221398e-06,11030.9,0.06940639269406393
2019-07-01 00:00:00+00:00,20483.333333333332,5.906468634904981e-06,11030.9,0.06940639269406393
2019-07-01 00:00:00+00:00,20741.666666666664,1.5224715910834471e-06,11030.9,0.06940639269406393
2019-07-01 00:30:00+00:00,5758.333333333333,7.365756209646582e-05,11107.1,0.06934931506849315
2019-07-01 00:30:00+00:00,6016.666666666667,4.28660910026961e-05,11107.1,0.06934931506849315
2019-07-01 00:30:00+00:00,6275.0,3.7109828702372607e-05,11107.1,0.06934931506849315
2019-07-01 00:30:00+00:00,6533.333333333333,4.026201346767431e-05,11107.1,0.06934931506849315
2019-07-01 00:30:00+00:00,6791.666666666666,4.6710459813321294e-05,11107.1,0.06934931506849315
2019-07-01 00:30:00+00:00,7050.0,6.129997775551201e-05,11107.1,0.06934931506849315
2019-07-01 00:30:00+00:00,7308.333333333333,7.041479721193963e-05,11107.1,0.06934931506849315
2019-07-01 00:30:00+00:00,7566.666666666666,8.26229300260683e-05,11107.1,0.06934931506849315
2019-07-01 00:30:00+00:00,7825.0,9.830417785479071e-05,11107.1,0.06934931506849315
2019-07-01 00:30:00+00:00,8083.333333333333,0.00010982931791822576,11107.1,0.06934931506849315
2019-07-01 00:30:00+00:00,8341.666666666666,0.00011235249169264344,11107.1,0.06934931506849315
2019-07-01 00:30:00+00:00,8600.0,0.00014578478121728383,11107.1,0.06934931506849315
2019-07-01 00:30:00+00:00,8858.333333333332,0.00013176403818052524,11107.1,0.06934931506849315
2019-07-01 00:30:00+00:00,9116.666666666666,0.00013899561668140266,11107.1,0.06934931506849315
2019-07-01 00:30:00+00:00,9375.0,0.00015530296115334345,11107.1,0.06934931506849315
2019-07-01 00:30:00+00:00,9633.333333333332,0.00015931516957010716,11107.1,0.06934931506849315
2019-07-01 00:30:00+00:00,9891.666666666666,0.00014933302564209034,11107.1,0.06934931506849315
2019-07-01 00:30:00+00:00,10150.0,0.0001492799185049691,11107.1,0.06934931506849315
2019-07-01 00:30:00+00:00,10408.333333333332,0.0001476336281449447,11107.1,0.06934931506849315
2019-07-01 00:30:00+00:00,10666.666666666666,0.00014452153033640234,11107.1,0.06934931506849315
2019-07-01 00:30:00+00:00,10925.0,0.00014011198376779856,11107.1,0.06934931506849315
2019-07-01 00:30:00+00:00,11183.333333333332,0.00013460308123600142,11107.1,0.06934931506849315
2019-07-01 00:30:00+00:00,11441.666666666666,0.00012821086119137282,11107.1,0.06934931506849315
2019-07-01 00:30:00+00:00,11700.0,0.00012115781303579123,11107.1,0.06934931506849315
2019-07-01 00:30:00+00:00,11958.333333333332,0.0001136623832507619,11107.1,0.06934931506849315
2019-07-01 00:30:00+00:00,12216.666666666666,0.0001059300215475085,11107.1,0.06934931506849315
2019-07-01 00:30:00+00:00,12475.0,9.814611870077548e-05,11107.1,0.06934931506849315
2019-07-01 00:30:00+00:00,12733.333333333332,9.04710006794251e-05,11107.1,0.06934931506849315
2019-07-01 00:30:00+00:00,12991.666666666666,8.30369736386895e-05,11107.1,0.06934931506849315
2019-07-01 00:30:00+00:00,13250.0,7.59472731718529e-05,11107.1,0.06934931506849315
2019-07-01 00:30:00+00:00,13508.333333333332,6.927666581895195e-05,11107.1,0.06934931506849315
2019-07-01 00:30:00+00:00,13766.666666666666,6.988233805944108e-05,11107.1,0.06934931506849315
2019-07-01 00:30:00+00:00,14025.0,6.484946641633032e-05,11107.1,0.06934931506849315
2019-07-01 00:30:00+00:00,14283.333333333332,5.102882216664041e-05,11107.1,0.06934931506849315
2019-07-01 00:30:00+00:00,14541.666666666666,4.604628901998345e-05,11107.1,0.06934931506849315
2019-07-01 00:30:00+00:00,14800.0,4.159881510947602e-05,11107.1,0.06934931506849315
2019-07-01 00:30:00+00:00,15058.333333333332,4.609052617683968e-05,11107.1,0.06934931506849315
2019-07-01 00:30:00+00:00,15316.666666666666,3.946868623675285e-05,11107.1,0.06934931506849315
2019-07-01 00:30:00+00:00,15575.0,2.900878137417948e-05,11107.1,0.06934931506849315
2019-07-01 00:30:00+00:00,15833.333333333332,2.6288919160415562e-05,11107.1,0.06934931506849315
2019-07-01 00:30:00+00:00,16091.666666666666,3.3877682712473104e-05,11107.1,0.06934931506849315
2019-07-01 00:30:00+00:00,16350.0,2.3623284536251254e-05,11107.1,0.06934931506849315
2019-07-01 00:30:00+00:00,16608.333333333332,1.785519017328308e-05,11107.1,0.06934931506849315
2019-07-01 00:30:00+00:00,16866.666666666664,2.1616746837403228e-05,11107.1,0.06934931506849315
2019-07-01 00:30:00+00:00,17125.0,2.0680949185390157e-05,11107.1,0.06934931506849315
2019-07-01 00:30:00+00:00,17383.333333333332,1.1905688264971065e-05,11107.1,0.06934931506849315
2019-07-01 00:30:00+00:00,17641.666666666664,1.5821762700082053e-05,11107.1,0.06934931506849315
2019-07-01 00:30:00+00:00,17900.0,1.4935320808107306e-05,11107.1,0.06934931506849315
2019-07-01 00:30:00+00:00,18158.333333333332,7.905696878757828e-06,11107.1,0.06934931506849315
2019-07-01 00:30:00+00:00,18416.666666666664,1.3656495109997028e-05,11107.1,0.06934931506849315
2019-07-01 00:30:00+00:00,18675.0,8.561342045050559e-06,11107.1,0.06934931506849315
2019-07-01 00:30:00+00:00,18933.333333333332,6.009180787017192e-06,11107.1,0.06934931506849315
2019-07-01 00:30:00+00:00,19191.666666666664,1.181953454191274e-05,11107.1,0.06934931506849315
2019-07-01 00:30:00+00:00,19450.0,3.527765056021601e-06,11107.1,0.06934931506849315
2019-07-01 00:30:00+00:00,19708.333333333332,7.82308540027982e-06,11107.1,0.06934931506849315
2019-07-01 00:30:00+00:00,19966.666666666664,5.001233877864361e-06,11107.1,0.06934931506849315
2019-07-01 00:30:00+00:00,20225.0,4.083900785845908e-06,11107.1,0.06934931506849315
2019-07-01 00:30:00+00:00,20483.333333333332,6.125111667163542e-06,11107.1,0.06934931506849315
2019-07-01 00:30:00+00:00,20741.666666666664,1.5788297681565709e-06,11107.1,0.06934931506849315
2019-07-01 01:00:00+00:00,5758.333333333333,7.811481833795991e-05,11079.01,0.06929223744292237
2019-07-01 01:00:00+00:00,6016.666666666667,3.926678759494685e-05,11079.01,0.06929223744292237
2019-07-01 01:00:00+00:00,6275.0,3.389297374133689e-05,11079.01,0.06929223744292237
2019-07-01 01:00:00+00:00,6533.333333333333,3.7851845308053725e-05,11079.01,0.06929223744292237
2019-07-01 01:00:00+00:00,6791.666666666666,4.490232800095212e-05,11079.01,0.06929223744292237
2019-07-01 01:00:00+00:00,7050.0,5.986762428006715e-05,11079.01,0.06929223744292237
2019-07-01 01:00:00+00:00,7308.333333333333,6.953055902419318e-05,11079.01,0.06929223744292237
2019-07-01 01:00:00+00:00,7566.666666666666,8.214677340777053e-05,11079.01,0.06929223744292237
2019-07-01 01:00:00+00:00,7825.0,9.827381538959235e-05,11079.01,0.06929223744292237
2019-07-01 01:00:00+00:00,8083.333333333333,0.00011021361323847324,11079.01,0.06929223744292237
2019-07-01 01:00:00+00:00,8341.666666666666,0.00011306796067930316,11079.01,0.06929223744292237
2019-07-01 01:00:00+00:00,8600.0,0.00014704795163481845,11079.01,0.06929223744292237
2019-07-01 01:00:00+00:00,8858.333333333332,0.00013313697369890843,11079.01,0.06929223744292237
2019-07-01 01:00:00+00:00,9116.666666666666,0.00014060251638476221,11079.01,0.06929223744292237
2019-07-01 01:00:00+00:00,9375.0,0.00015723870494749095,11079.01,0.06929223744292237
2019-07-01 01:00:00+00:00,9633.333333333332,0.00016140133192426152,11079.01,0.06929223744292237
2019-07-01 01:00:00+00:00,9891.666666666666,0.00015133973519241753,11079.01,0.06929223744292237
2019-07-01 01:00:00+00:00,10150.0,0.00015130053983241251,11079.01,0.06929223744292237
2019-07-01 01:00:00+00:00,10408.333333333332,0.00014961765925777034,11079.01,0.06929223744292237
2019-07-01 01:00:00+00:00,10666.666666666666,0.0001464225789690054,11079.01,0.06929223744292237
2019-07-01 01:00:00+00:00,10925.0,0.0001418895473531552,11079.01,0.06929223744292237
2019-07-01 01:00:00+00:00,11183.333333333332,0.00013622391232469413,11079.01,0.06929223744292237
2019-07-01 01:00:00+00:00,11441.666666666666,0.00012964984784634865,11079.01,0.06929223744292237
2019-07-01 01:00:00+00:00,11700.0,0.0001223983442838242,11079.01,0.06929223744292237
2019-07-01 01:00:00+00:00,11958.333333333332,0.00011469621102046735,11079.01,0.06929223744292237
2019-07-01 01:00:00+00:00,12216.666666666666,0.00010675666849284138,11079.01,0.06929223744292237
2019-07-01 01:00:00+00:00,12475.0,9.877191236311879e-05,11079.01,0.06929223744292237
2019-07-01 01:00:00+00:00,12733.333333333332,9.090783599499684e-05,11079.01,0.06929223744292237
2019-07-01 01:00:00+00:00,12991.666666666666,8.330091658568198e-05,11079.01,0.06929223744292237
2019-07-01 01:00:00+00:00,13250.0,7.605711833609485e-05,11079.01,0.06929223744292237
2019-07-01 01:00:00+00:00,13508.333333333332,6.92525510123335e-05,11079.01,0.06929223744292237
2019-07-01 01:00:00+00:00,13766.666666666666,6.970977686171738e-05,11079.01,0.06929223744292237
2019-07-01 01:00:00+00:00,14025.0,6.451874039619995e-05,11079.01,0.06929223744292237
2019-07-01 01:00:00+00:00,14283.333333333332,5.0642267388669495e-05,11079.01,0.06929223744292237
2019-07-01 01:00:00+00:00,14541.666666666666,4.560295261763465e-05,11079.01,0.06929223744292237
2019-07-01 01:00:00+00:00,14800.0,4.111516956533785e-05,11079.01,0.06929223744292237
2019-07-01 01:00:00+00:00,15058.333333333332,4.542856477732543e-05,11079.01,0.06929223744292237
2019-07-01 01:00:00+00:00,15316.666666666666,3.8761490262162475e-05,11079.01,0.06929223744292237
2019-07-01 01:00:00+00:00,15575.0,2.8410962382722278e-05,11079.01,0.06929223744292237
2019-07-01 01:00:00+00:00,15833.333333333332,2.5701596884028772e-05,11079.01,0.06929223744292237
2019-07-01 01:00:00+00:00,16091.666666666666,3.300544646525343e-05,11079.01,0.06929223744292237
2019-07-01 01:00:00+00:00,16350.0,2.2914050147943806e-05,11079.01,0.06929223744292237
2019-07-01 01:00:00+00:00,16608.333333333332,1.728337796744941e-05,11079.01,0.06929223744292237
2019-07-01 01:00:00+00:00,16866.666666666664,2.0870084552798565e-05,11079.01,0.06929223744292237
2019-07-01 01:00:00+00:00,17125.0,1.986815846800516e-05,11079.01,0.06929223744292237
2019-07-01 01:00:00+00:00,17383.333333333332,1.1404132504280824e-05,11079.01,0.06929223744292237
2019-07-01 01:00:00+00:00,17641.666666666664,1.5120799786827275e-05,11079.01,0.06929223744292237
2019-07-01 01:00:00+00:00,17900.0,1.4195323824930306e-05,11079.01,0.06929223744292237
2019-07-01 01:00:00+00:00,18158.333333333332,7.49608866312038e-06,11079.01,0.06929223744292237
2019-07-01 01:00:00+00:00,18416.666666666664,1.2904991519599352e-05,11079.01,0.06929223744292237
2019-07-01 01:00:00+00:00,18675.0,8.041254496491716e-06,11079.01,0.06929223744292237
2019-07-01 01:00:00+00:00,18933.333333333332,5.644132867202729e-06,11079.01,0.06929223744292237
2019-07-01 01:00:00+00:00,19191.666666666664,1.1031145566604851e-05,11079.01,0.06929223744292237
2019-07-01 01:00:00+00:00,19450.0,3.2748167809620637e-06,11079.01,0.06929223744292237
2019-07-01 01:00:00+00:00,19708.333333333332,7.25288078312143e-06,11079.01,0.06929223744292237
2019-07-01 01:00:00+00:00,19966.666666666664,4.604633529585785e-06,11079.01,0.06929223744292237
2019-07-01 01:00:00+00:00,20225.0,3.760045410641047e-06,11079.01,0.06929223744292237
2019-07-01 01:00:00+00:00,20483.333333333332,5.598735547684833e-06,11079.01,0.06929223744292237
2019-07-01 01:00:00+00:00,20741.666666666664,1.4431492562182626e-06,11079.01,0.06929223744292237
2019-07-01 01:30:00+00:00,5758.333333333333,9.099705541094697e-05,10980.63,0.0692351598173516
2019-07-01 01:30:00+00:00,6016.666666666667,4.312997322411143e-05,10980.63,0.0692351598173516
2019-07-01 01:30:00+00:00,6275.0,3.659063459710226e-05,10980.63,0.0692351598173516
2019-07-01 01:30:00+00:00,6533.333333333333,4.0688998711391325e-05,10980.63,0.0692351598173516
2019-07-01 01:30:00+00:00,6791.666666666666,4.8096520690102886e-05,10980.63,0.0692351598173516
2019-07-01 01:30:00+00:00,7050.0,6.382258943943441e-05,10980.63,0.0692351598173516
2019-07-01 01:30:00+00:00,7308.333333333333,7.369138088104237e-05,10980.63,0.0692351598173516
2019-07-01 01:30:00+00:00,7566.666666666666,8.657346261825891e-05,10980.63,0.0692351598173516
2019-07-01 01:30:00+00:00,7825.0,0.00010291319535791377,10980.63,0.0692351598173516
2019-07-01 01:30:00+00:00,8083.333333333333,0.00011472969170125905,10980.63,0.0692351598173516
2019-07-01 01:30:00+00:00,8341.666666666666,0.00011702425040070102,10980.63,0.0692351598173516
2019-07-01 01:30:00+00:00,8600.0,0.0001512904748378759,10980.63,0.0692351598173516
2019-07-01 01:30:00+00:00,8858.333333333332,0.00013619311433813865,10980.63,0.0692351598173516
2019-07-01 01:30:00+00:00,9116.666666666666,0.00014314156813153745,10980.63,0.0692351598173516
2019-07-01 01:30:00+00:00,9375.0,0.00015928621572954053,10980.63,0.0692351598173516
2019-07-01 01:30:00+00:00,9633.333333333332,0.0001627033739798667,10980.63,0.0692351598173516
2019-07-01 01:30:00+00:00,9891.666666666666,0.00015187490108969115,10980.63,0.0692351598173516
2019-07-01 01:30:00+00:00,10150.0,0.0001512328644226002,10980.63,0.0692351598173516
2019-07-01 01:30:00+00:00,10408.333333333332,0.00014898516450726908,10980.63,0.0692351598173516
2019-07-01 01:30:00+00:00,10666.666666666666,0.00014527931967658187,10980.63,0.0692351598173516
2019-07-01 01:30:00+00:00,10925.0,0.0001403013686115452,10980.63,0.0692351598173516
2019-07-01 01:30:00+00:00,11183.333333333332,0.00013426403020188308,10980.63,0.0692351598173516
2019-07-01 01:30:00+00:00,11441.666666666666,0.00012739458073697868,10980.63,0.0692351598173516
2019-07-01 01:30:00+00:00,11700.0,0.00011992326344258079,10980.63,0.0692351598173516
2019-07-01 01:30:00+00:00,11958.333333333332,0.0001120729055984995,10980.63,0.0692351598173516
2019-07-01 01:30:00+00:00,12216.666666666666,0.00010405024240354496,10980.63,0.0692351598173516
2019-07-01 01:30:00+00:00,12475.0,9.603925565127984e-05,10980.63,0.0692351598173516
2019-07-01 01:30:00+00:00,12733.333333333332,8.819664841774138e-05,10980.63,0.0692351598173516
2019-07-01 01:30:00+00:00,12991.666666666666,8.064940990691584e-05,10980.63,0.0692351598173516
2019-07-01 01:30:00+00:00,13250.0,7.349428834580943e-05,10980.63,0.0692351598173516
2019-07-01 01:30:00+00:00,13508.333333333332,6.679889049563091e-05,10980.63,0.0692351598173516
2019-07-01 01:30:00+00:00,13766.666666666666,6.711234639468932e-05,10980.63,0.0692351598173516
2019-07-01 01:30:00+00:00,14025.0,6.198580593928225e-05,10980.63,0.0692351598173516
2019-07-01 01:30:00+00:00,14283.333333333332,4.8569727551434485e-05,10980.63,0.0692351598173516
2019-07-01 01:30:00+00:00,14541.666666666666,4.367919674657659e-05,10980.63,0.0692351598173516
2019-07-01 01:30:00+00:00,14800.0,3.933284976297336e-05,10980.63,0.0692351598173516
2019-07-01 01:30:00+00:00,15058.333333333332,4.339227739085408e-05,10980.63,0.0692351598173516
2019-07-01 01:30:00+00:00,15316.666666666666,3.695709820084389e-05,10980.63,0.0692351598173516
2019-07-01 01:30:00+00:00,15575.0,2.7054779682282528e-05,10980.63,0.0692351598173516
2019-07-01 01:30:00+00:00,15833.333333333332,2.4455753765428765e-05,10980.63,0.0692351598173516
2019-07-01 01:30:00+00:00,16091.666666666666,3.136043676311915e-05,10980.63,0.0692351598173516
2019-07-01 01:30:00+00:00,16350.0,2.1736011042191626e-05,10980.63,0.0692351598173516
2019-07-01 01:30:00+00:00,16608.333333333332,1.6383155286365437e-05,10980.63,0.0692351598173516
2019-07-01 01:30:00+00:00,16866.666666666664,1.976526531842996e-05,10980.63,0.0692351598173516
2019-07-01 01:30:00+00:00,17125.0,1.8786841399635576e-05,10980.63,0.0692351598173516
2019-07-01 01:30:00+00:00,17383.333333333332,1.0774143690951543e-05,10980.63,0.0692351598173516
2019-07-01 01:30:00+00:00,17641.666666666664,1.427592463962456e-05,10980.63,0.0692351598173516
2019-07-01 01:30:00+00:00,17900.0,1.3382034409521007e-05,10980.63,0.0692351598173516
2019-07-01 01:30:00+00:00,18158.333333333332,7.062331212094331e-06,10980.63,0.0692351598173516
2019-07-01 01:30:00+00:00,18416.666666666664,1.214770964270075e-05,10980.63,0.0692351598173516
2019-07-01 01:30:00+00:00,18675.0,7.558425407499877e-06,10980.63,0.0692351598173516
2019-07-01 01:30:00+00:00,18933.333333333332,5.305236550513923e-06,10980.63,0.0692351598173516
2019-07-01 01:30:00+00:00,19191.666666666664,1.0354009528056456e-05,10980.63,0.0692351598173516
2019-07-01 01:30:00+00:00,19450.0,3.0703043879132637e-06,10980.63,0.0692351598173516
2019-07-01 01:30:00+00:00,19708.333333333332,6.798093073611537e-06,10980.63,0.0692351598173516
2019-07-01 01:30:00+00:00,19966.666666666664,4.309899510948716e-06,10980.63,0.0692351598173516
2019-07-01 01:30:00+00:00,20225.0,3.5193719049178947e-06,10980.63,0.0692351598173516
2019-07-01 01:30:00+00:00,20483.333333333332,5.233149596283099e-06,10980.63,0.0692351598173516
2019-07-01 01:30:00+00:00,20741.666666666664,1.3489145688758217e-06,10980.63,0.0692351598173516
2019-07-01 02:00:00+00:00,5758.333333333333,6.063921718174352e-05,11109.01,0.06917808219178082
2019-07-01 02:00:00+00:00,6016.666666666667,3.5889932446603526e-05,11109.01,0.06917808219178082
2019-07-01 02:00:00+00:00,6275.0,3.26159429987317e-05,11109.01,0.06917808219178082
2019-07-01 02:00:00+00:00,6533.333333333333,3.666757570958772e-05,11109.01,0.06917808219178082
2019-07-01 02:00:00+00:00,6791.666666666666,4.349244374377885e-05,11109.01,0.06917808219178082
2019-07-01 02:00:00+00:00,7050.0,5.8033342237599234e-05,11109.01,0.06917808219178082
2019-07-01 02:00:00+00:00,7308.333333333333,6.757646639645214e-05,11109.01,0.06917808219178082
2019-07-01 02:00:00+00:00,7566.666666666666,8.010878833155374e-05,11109.01,0.06917808219178082
2019-07-01 02:00:00+00:00,7825.0,9.624930603898748e-05,11109.01,0.06917808219178082
2019-07-01 02:00:00+00:00,8083.333333333333,0.00010840164811024561,11109.01,0.06917808219178082
2019-07-01 02:00:00+00:00,8341.666666666666,0.00011166763567090178,11109.01,0.06917808219178082
2019-07-01 02:00:00+00:00,8600.0,0.00014583097497837815,11109.01,0.06917808219178082
2019-07-01 02:00:00+00:00,8858.333333333332,0.00013254387466299966,11109.01,0.06917808219178082
2019-07-01 02:00:00+00:00,9116.666666666666,0.00014040084287309394,11109.01,0.06917808219178082
2019-07-01 02:00:00+00:00,9375.0,0.00015747214760335957,11109.01,0.06917808219178082
2019-07-01 02:00:00+00:00,9633.333333333332,0.0001620687701042044,11109.01,0.06917808219178082
2019-07-01 02:00:00+00:00,9891.666666666666,0.0001522985096339124,11109.01,0.06917808219178082
2019-07-01 02:00:00+00:00,10150.0,0.00015252060043104718,11109.01,0.06917808219178082
2019-07-01 02:00:00+00:00,10408.333333333332,0.0001510410642886069,11109.01,0.06917808219178082
2019-07-01 02:00:00+00:00,10666.666666666666,0.00014798948564228906,11109.01,0.06917808219178082
2019-07-01 02:00:00+00:00,10925.0,0.00014354206180334657,11109.01,0.06917808219178082
2019-07-01 02:00:00+00:00,11183.333333333332,0.00013790919005859985,11109.01,0.06917808219178082
2019-07-01 02:00:00+00:00,11441.666666666666,0.00013132230106682074,11109.01,0.06917808219178082
2019-07-01 02:00:00+00:00,11700.0,0.000124020925280821,11109.01,0.06917808219178082
2019-07-01 02:00:00+00:00,11958.333333333332,0.00011624083639414853,11109.01,0.06917808219178082
2019-07-01 02:00:00+00:00,12216.666666666666,0.00010820391933518732,11109.01,0.06917808219178082
2019-07-01 02:00:00+00:00,12475.0,0.00010011018742805371,11109.01,0.06917808219178082
2019-07-01 02:00:00+00:00,12733.333333333332,9.213214937483996e-05,11109.01,0.06917808219178082
2019-07-01 02:00:00+00:00,12991.666666666666,8.441152266704165e-05,11109.01,0.06917808219178082
2019-07-01 02:00:00+00:00,13250.0,7.705812096953923e-05,11109.01,0.06917808219178082
2019-07-01 02:00:00+00:00,13508.333333333332,7.015061768059345e-05,11109.01,0.06917808219178082
2019-07-01 02:00:00+00:00,13766.666666666666,7.059737881738695e-05,11109.01,0.06917808219178082
2019-07-01 02:00:00+00:00,14025.0,6.532200851716737e-05,11109.01,0.06917808219178082
2019-07-01 02:00:00+00:00,14283.333333333332,5.126039912110718e-05,11109.01,0.06917808219178082
2019-07-01 02:00:00+00:00,14541.666666666666,4.615130388055369e-05,11109.01,0.06917808219178082
2019-07-01 02:00:00+00:00,14800.0,4.160285782774251e-05,11109.01,0.06917808219178082
2019-07-01 02:00:00+00:00,15058.333333333332,4.5958655492172724e-05,11109.01,0.06917808219178082
2019-07-01 02:00:00+00:00,15316.666666666666,3.9206520955077935e-05,11109.01,0.06917808219178082
2019-07-01 02:00:00+00:00,15575.0,2.8734604646459206e-05,11109.01,0.06917808219178082
2019-07-01 02:00:00+00:00,15833.333333333332,2.5993214767781677e-05,11109.01,0.06917808219178082
2019-07-01 02:00:00+00:00,16091.666666666666,3.337846944379773e-05,11109.01,0.06917808219178082
2019-07-01 02:00:00+00:00,16350.0,2.317381364694075e-05,11109.01,0.06917808219178082
2019-07-01 02:00:00+00:00,16608.333333333332,1.7480334531392475e-05,11109.01,0.06917808219178082
2019-07-01 02:00:00+00:00,16866.666666666664,2.1109476377802583e-05,11109.01,0.06917808219178082
2019-07-01 02:00:00+00:00,17125.0,2.0100936313683135e-05,11109.01,0.06917808219178082
2019-07-01 02:00:00+00:00,17383.333333333332,1.1540111788682255e-05,11109.01,0.06917808219178082
2019-07-01 02:00:00+00:00,17641.666666666664,1.530352504567049e-05,11109.01,0.06917808219178082
2019-07-01 02:00:00+00:00,17900.0,1.4373986586145158e-05,11109.01,0.06917808219178082
2019-07-01 02:00:00+00:00,18158.333333333332,7.5924264335531405e-06,11109.01,0.06917808219178082
2019-07-01 02:00:00+00:00,18416.666666666664,1.3075741917573417e-05,11109.01,0.06917808219178082
2019-07-01 02:00:00+00:00,18675.0,8.154073684279129e-06,11109.01,0.06917808219178082
2019-07-01 02:00:00+00:00,18933.333333333332,5.7233203231052625e-06,11109.01,0.06917808219178082
2019-07-01 02:00:00+00:00,19191.666666666664,1.1196517991053278e-05,11109.01,0.06917808219178082
2019-07-01 02:00:00+00:00,19450.0,3.3269060252443504e-06,11109.01,0.06917808219178082
2019-07-01 02:00:00+00:00,19708.333333333332,7.369828160717879e-06,11109.01,0.06917808219178082
2019-07-01 02:00:00+00:00,19966.666666666664,4.684924723330616e-06,11109.01,0.06917808219178082
2019-07-01 02:00:00+00:00,20225.0,3.825609484875393e-06,11109.01,0.06917808219178082
2019-07-01 02:00:00+00:00,20483.333333333332,5.704763223407757e-06,11109.01,0.06917808219178082
2019-07-01 02:00:00+00:00,20741.666666666664,1.4704793131668456e-06,11109.01,0.06917808219178082
2019-07-01 02:30:00+00:00,5758.333333333333,6.538821730576602e-05,11087.93,0.06912100456621005
2019-07-01 02:30:00+00:00,6016.666666666667,3.74228004857742e-05,11087.93,0.06912100456621005
2019-07-01 02:30:00+00:00,6275.0,3.360746559876445e-05,11087.93,0.06912100456621005
2019-07-01 02:30:00+00:00,6533.333333333333,3.763627792495804e-05,11087.93,0.06912100456621005
2019-07-01 02:30:00+00:00,6791.666666666666,4.452375187007329e-05,11087.93,0.06912100456621005
2019-07-01 02:30:00+00:00,7050.0,5.9236968381103584e-05,11087.93,0.06912100456621005
2019-07-01 02:30:00+00:00,7308.333333333333,6.87562928786666e-05,11087.93,0.06912100456621005
2019-07-01 02:30:00+00:00,7566.666666666666,8.127334739452934e-05,11087.93,0.06912100456621005
2019-07-01 02:30:00+00:00,7825.0,9.735354520416613e-05,11087.93,0.06912100456621005
2019-07-01 02:30:00+00:00,8083.333333333333,0.00010935621826236249,11087.93,0.06912100456621005
2019-07-01 02:30:00+00:00,8341.666666666666,0.0001123844773334071,11087.93,0.06912100456621005
2019-07-01 02:30:00+00:00,8600.0,0.0001464387387946592,11087.93,0.06912100456621005
2019-07-01 02:30:00+00:00,8858.333333333332,0.0001328333191168702,11087.93,0.06912100456621005
2019-07-01 02:30:00+00:00,9116.666666666666,0.00014049712291801814,11087.93,0.06912100456621005
2019-07-01 02:30:00+00:00,9375.0,0.00015736040796659594,11087.93,0.06912100456621005
2019-07-01 02:30:00+00:00,9633.333333333332,0.0001617552255325761,11087.93,0.06912100456621005
2019-07-01 02:30:00+00:00,9891.666666666666,0.00015185358548000006,11087.93,0.06912100456621005
2019-07-01 02:30:00+00:00,10150.0,0.0001519597592083826,11087.93,0.06912100456621005
2019-07-01 02:30:00+00:00,10408.333333333332,0.00015039186176508468,11087.93,0.06912100456621005
2019-07-01 02:30:00+00:00,10666.666666666666,0.00014727935385698,11087.93,0.06912100456621005
2019-07-01 02:30:00+00:00,10925.0,0.00014279675001575953,11087.93,0.06912100456621005
2019-07-01 02:30:00+00:00,11183.333333333332,0.00013715158749874975,11087.93,0.06912100456621005
2019-07-01 02:30:00+00:00,11441.666666666666,0.00013057167615971048,11087.93,0.06912100456621005
2019-07-01 02:30:00+00:00,11700.0,0.00012329256863338143,11087.93,0.06912100456621005
2019-07-01 02:30:00+00:00,11958.333333333332,0.00011554605777068181,11087.93,0.06912100456621005
2019-07-01 02:30:00+00:00,12216.666666666666,0.00010755032451878154,11087.93,0.06912100456621005
2019-07-01 02:30:00+00:00,12475.0,9.95021495588383e-05,11087.93,0.06912100456621005
2019-07-01 02:30:00+00:00,12733.333333333332,9.157138965171752e-05,11087.93,0.06912100456621005
2019-07-01 02:30:00+00:00,12991.666666666666,8.389772459252766e-05,11087.93,0.06912100456621005
2019-07-01 02:30:00+00:00,13250.0,7.658951751033918e-05,11087.93,0.06912100456621005
2019-07-01 02:30:00+00:00,13508.333333333332,6.972450867363032e-05,11087.93,0.06912100456621005
2019-07-01 02:30:00+00:00,13766.666666666666,7.016888081300799e-05,11087.93,0.06912100456621005
2019-07-01 02:30:00+00:00,14025.0,6.492510745798115e-05,11087.93,0.06912100456621005
2019-07-01 02:30:00+00:00,14283.333333333332,5.0947804005183114e-05,11087.93,0.06912100456621005
2019-07-01 02:30:00+00:00,14541.666666666666,4.5868418827303136e-05,11087.93,0.06912100456621005
2019-07-01 02:30:00+00:00,14800.0,4.134625045525946e-05,11087.93,0.06912100456621005
2019-07-01 02:30:00+00:00,15058.333333333332,4.5671981558337583e-05,11087.93,0.06912100456621005
2019-07-01 02:30:00+00:00,15316.666666666666,3.895711851224599e-05,11087.93,0.06912100456621005
2019-07-01 02:30:00+00:00,15575.0,2.85483815232432e-05,11087.93,0.06912100456621005
2019-07-01 02:30:00+00:00,15833.333333333332,2.5822590847368615e-05,11087.93,0.06912100456621005
2019-07-01 02:30:00+00:00,16091.666666666666,3.315317394636385e-05,11087.93,0.06912100456621005
2019-07-01 02:30:00+00:00,16350.0,2.301100295326496e-05,11087.93,0.06912100456621005
2019-07-01 02:30:00+00:00,16608.333333333332,1.73549189794552e-05,11087.93,0.06912100456621005
2019-07-01 02:30:00+00:00,16866.666666666664,2.095405194816564e-05,11087.93,0.06912100456621005
2019-07-01 02:30:00+00:00,17125.0,1.9944835425732645e-05,11087.93,0.06912100456621005
2019-07-01 02:30:00+00:00,17383.333333333332,1.144741349921739e-05,11087.93,0.06912100456621005
2019-07-01 02:30:00+00:00,17641.666666666664,1.517743612418156e-05,11087.93,0.06912100456621005
2019-07-01 02:30:00+00:00,17900.0,1.4247683901078065e-05,11087.93,0.06912100456621005
2019-07-01 02:30:00+00:00,18158.333333333332,7.523755644524116e-06,11087.93,0.06912100456621005
2019-07-01 02:30:00+00:00,18416.666666666664,1.2952664601226426e-05,11087.93,0.06912100456621005
2019-07-01 02:30:00+00:00,18675.0,8.071555272009187e-06,11087.93,0.06912100456621005
2019-07-01 02:30:00+00:00,18933.333333333332,5.665400892369065e-06,11087.93,0.06912100456621005
2019-07-01 02:30:00+00:00,19191.666666666664,1.1074343766016896e-05,11087.93,0.06912100456621005
2019-07-01 02:30:00+00:00,19450.0,3.2882409138460137e-06,11087.93,0.06912100456621005
2019-07-01 02:30:00+00:00,19708.333333333332,7.282928860735397e-06,11087.93,0.06912100456621005
2019-07-01 02:30:00+00:00,19966.666666666664,4.6251415699263156e-06,11087.93,0.06912100456621005
2019-07-01 02:30:00+00:00,20225.0,3.7767918384443207e-06,11087.93,0.06912100456621005
2019-07-01 02:30:00+00:00,20483.333333333332,5.625907936852547e-06,11087.93,0.06912100456621005
2019-07-01 02:30:00+00:00,20741.666666666664,1.4501533043435685e-06,11087.93,0.06912100456621005
2019-07-01 03:00:00+00:00,5758.333333333333,2.7965532584734524e-05,11163.814999999999,0.06906392694063927
2019-07-01 03:00:00+00:00,6016.666666666667,2.5178136827779218e-05,11163.814999999999,0.06906392694063927
2019-07-01 03:00:00+00:00,6275.0,2.8516959637556745e-05,11163.814999999999,0.06906392694063927
2019-07-01 03:00:00+00:00,6533.333333333333,3.463773978448334e-05,11163.814999999999,0.06906392694063927
2019-07-01 03:00:00+00:00,6791.666666666666,4.202451811648816e-05,11163.814999999999,0.06906392694063927
2019-07-01 03:00:00+00:00,7050.0,5.63642787401441e-05,11163.814999999999,0.06906392694063927
2019-07-01 03:00:00+00:00,7308.333333333333,6.557924534721203e-05,11163.814999999999,0.06906392694063927
2019-07-01 03:00:00+00:00,7566.666666666666,7.761342287548157e-05,11163.814999999999,0.06906392694063927
2019-07-01 03:00:00+00:00,7825.0,9.314711415308292e-05,11163.814999999999,0.06906392694063927
2019-07-01 03:00:00+00:00,8083.333333333333,0.00010491299794194407,11163.814999999999,0.06906392694063927
2019-07-01 03:00:00+00:00,8341.666666666666,0.00010819599598886043,11163.814999999999,0.06906392694063927
2019-07-01 03:00:00+00:00,8600.0,0.00014163143258797586,11163.814999999999,0.06906392694063927
2019-07-01 03:00:00+00:00,8858.333333333332,0.00012915240699496713,11163.814999999999,0.06906392694063927
2019-07-01 03:00:00+00:00,9116.666666666666,0.0001372951883768501,11163.814999999999,0.06906392694063927
2019-07-01 03:00:00+00:00,9375.0,0.0001546654332156906,11163.814999999999,0.06906392694063927
2019-07-01 03:00:00+00:00,9633.333333333332,0.0001599770193858113,11163.814999999999,0.06906392694063927
2019-07-01 03:00:00+00:00,9891.666666666666,0.00015110624790074233,11163.814999999999,0.06906392694063927
2019-07-01 03:00:00+00:00,10150.0,0.00015207603952423337,11163.814999999999,0.06906392694063927
2019-07-01 03:00:00+00:00,10408.333333333332,0.000151358039647972,11163.814999999999,0.06906392694063927
2019-07-01 03:00:00+00:00,10666.666666666666,0.00014904536139209148,11163.814999999999,0.06906392694063927
2019-07-01 03:00:00+00:00,10925.0,0.0001452820059728296,11163.814999999999,0.06906392694063927
2019-07-01 03:00:00+00:00,11183.333333333332,0.0001402524630174005,11163.814999999999,0.06906392694063927
2019-07-01 03:00:00+00:00,11441.666666666666,0.00013416978526289045,11163.814999999999,0.06906392694063927
2019-07-01 03:00:00+00:00,11700.0,0.00012726309633207615,11163.814999999999,0.06906392694063927
2019-07-01 03:00:00+00:00,11958.333333333332,0.00011976543737125414,11163.814999999999,0.06906392694063927
2019-07-01 03:00:00+00:00,12216.666666666666,0.00011190273163349832,11163.814999999999,0.06906392694063927
2019-07-01 03:00:00+00:00,12475.0,0.00010388446726444024,11163.814999999999,0.06906392694063927
2019-07-01 03:00:00+00:00,12733.333333333332,9.589649170804852e-05,11163.814999999999,0.06906392694063927
2019-07-01 03:00:00+00:00,12991.666666666666,8.809609977026236e-05,11163.814999999999,0.06906392694063927
2019-07-01 03:00:00+00:00,13250.0,8.060940178419705e-05,11163.814999999999,0.06906392694063927
2019-07-01 03:00:00+00:00,13508.333333333332,7.353079387263956e-05,11163.814999999999,0.06906392694063927
2019-07-01 03:00:00+00:00,13766.666666666666,7.413944179067281e-05,11163.814999999999,0.06906392694063927
2019-07-01 03:00:00+00:00,14025.0,6.871873021334426e-05,11163.814999999999,0.06906392694063927
2019-07-01 03:00:00+00:00,14283.333333333332,5.398685167308921e-05,11163.814999999999,0.06906392694063927
2019-07-01 03:00:00+00:00,14541.666666666666,4.8636844338649446e-05,11163.814999999999,0.06906392694063927
2019-07-01 03:00:00+00:00,14800.0,4.3863467788440427e-05,11163.814999999999,0.06906392694063927
2019-07-01 03:00:00+00:00,15058.333333333332,4.8471117380324086e-05,11163.814999999999,0.06906392694063927
2019-07-01 03:00:00+00:00,15316.666666666666,4.1345463983922794e-05,11163.814999999999,0.06906392694063927
2019-07-01 03:00:00+00:00,15575.0,3.028925037886689e-05,11163.814999999999,0.06906392694063927
2019-07-01 03:00:00+00:00,15833.333333333332,2.7389948369398358e-05,11163.814999999999,0.06906392694063927
2019-07-01 03:00:00+00:00,16091.666666666666,3.513887468052576e-05,11163.814999999999,0.06906392694063927
2019-07-01 03:00:00+00:00,16350.0,2.4356067308483814e-05,11163.814999999999,0.06906392694063927
2019-07-01 03:00:00+00:00,16608.333333333332,1.8354521037090983e-05,11163.814999999999,0.06906392694063927
2019-07-01 03:00:00+00:00,16866.666666666664,2.2138321481200358e-05,11163.814999999999,0.06906392694063927
2019-07-01 03:00:00+00:00,17125.0,2.102359627008429e-05,11163.814999999999,0.06906392694063927
2019-07-01 03:00:00+00:00,17383.333333333332,1.2047708378668087e-05,11163.814999999999,0.06906392694063927
2019-07-01 03:00:00+00:00,17641.666666666664,1.5953967076001278e-05,11163.814999999999,0.06906392694063927
2019-07-01 03:00:00+00:00,17900.0,1.4927995788946724e-05,11163.814999999999,0.06906392694063927
2019-07-01 03:00:00+00:00,18158.333333333332,7.870921115231745e-06,11163.814999999999,0.06906392694063927
2019-07-01 03:00:00+00:00,18416.666666666664,1.352060838381732e-05,11163.814999999999,0.06906392694063927
2019-07-01 03:00:00+00:00,18675.0,8.39009999805967e-06,11163.814999999999,0.06906392694063927
2019-07-01 03:00:00+00:00,18933.333333333332,5.888986498166886e-06,11163.814999999999,0.06906392694063927
2019-07-01 03:00:00+00:00,19191.666666666664,1.1457605984466307e-05,11163.814999999999,0.06906392694063927
2019-07-01 03:00:00+00:00,19450.0,3.387908048185932e-06,11163.814999999999,0.06906392694063927
2019-07-01 03:00:00+00:00,19708.333333333332,7.4962073493487055e-06,11163.814999999999,0.06906392694063927
2019-07-01 03:00:00+00:00,19966.666666666664,4.733850953353012e-06,11163.814999999999,0.06906392694063927
2019-07-01 03:00:00+00:00,20225.0,3.8655615995163174e-06,11163.814999999999,0.06906392694063927
2019-07-01 03:00:00+00:00,20483.333333333332,5.7231021389273065e-06,11163.814999999999,0.06906392694063927
2019-07-01 03:00:00+00:00,20741.666666666664,1.4752064148607575e-06,11163.814999999999,0.06906392694063927
2019-07-01 03:30:00+00:00,5758.333333333333,2.8079664721042176e-05,11171.65,0.0690068493150685
2019-07-01 03:30:00+00:00,6016.666666666667,2.5596591467645098e-05,11171.65,0.0690068493150685
2019-07-01 03:30:00+00:00,6275.0,2.862581632286917e-05,11171.65,0.0690068493150685
2019-07-01 03:30:00+00:00,6533.333333333333,3.444692529940531e-05,11171.65,0.0690068493150685
2019-07-01 03:30:00+00:00,6791.666666666666,4.165158124677753e-05,11171.65,0.0690068493150685
2019-07-01 03:30:00+00:00,7050.0,5.5875486059549004e-05,11171.65,0.0690068493150685
2019-07-01 03:30:00+00:00,7308.333333333333,6.516884937628524e-05,11171.65,0.0690068493150685
2019-07-01 03:30:00+00:00,7566.666666666666,7.735816585920196e-05,11171.65,0.0690068493150685
2019-07-01 03:30:00+00:00,7825.0,9.315962907016905e-05,11171.65,0.0690068493150685
2019-07-01 03:30:00+00:00,8083.333333333333,0.00010524019532238647,11171.65,0.0690068493150685
2019-07-01 03:30:00+00:00,8341.666666666666,0.00010880453293882305,11171.65,0.0690068493150685
2019-07-01 03:30:00+00:00,8600.0,0.00014271676530395105,11171.65,0.0690068493150685
2019-07-01 03:30:00+00:00,8858.333333333332,0.00013032286997143855,11171.65,0.0690068493150685
2019-07-01 03:30:00+00:00,9116.666666666666,0.0001386293514590408,11171.65,0.0690068493150685
2019-07-01 03:30:00+00:00,9375.0,0.00015619217400476953,11171.65,0.0690068493150685
2019-07-01 03:30:00+00:00,9633.333333333332,0.00016149418461666878,11171.65,0.0690068493150685
2019-07-01 03:30:00+00:00,9891.666666666666,0.0001524115619162046,11171.65,0.0690068493150685
2019-07-01 03:30:00+00:00,10150.0,0.00015321478957584897,11171.65,0.0690068493150685
2019-07-01 03:30:00+00:00,10408.333333333332,0.0001522746578412273,11171.65,0.0690068493150685
2019-07-01 03:30:00+00:00,10666.666666666666,0.00014970131922689887,11171.65,0.0690068493150685
2019-07-01 03:30:00+00:00,10925.0,0.00014565738492089026,11171.65,0.0690068493150685
2019-07-01 03:30:00+00:00,11183.333333333332,0.00014034568096717048,11171.65,0.0690068493150685
2019-07-01 03:30:00+00:00,11441.666666666666,0.0001339957119612693,11171.65,0.0690068493150685
2019-07-01 03:30:00+00:00,11700.0,0.00012684994613523887,11171.65,0.0690068493150685
2019-07-01 03:30:00+00:00,11958.333333333332,0.0001191509144805194,11171.65,0.0690068493150685
2019-07-01 03:30:00+00:00,12216.666666666666,0.00011112991972554044,11171.65,0.0690068493150685
2019-07-01 03:30:00+00:00,12475.0,0.0001029979103732194,11171.65,0.0690068493150685
2019-07-01 03:30:00+00:00,12733.333333333332,9.493882200891295e-05,11171.65,0.0690068493150685
2019-07-01 03:30:00+00:00,12991.666666666666,8.71054498097628e-05,11171.65,0.0690068493150685
2019-07-01 03:30:00+00:00,13250.0,7.961771315322401e-05,11171.65,0.0690068493150685
2019-07-01 03:30:00+00:00,13508.333333333332,7.256301823722921e-05,11171.65,0.0690068493150685
2019-07-01 03:30:00+00:00,13766.666666666666,7.31096195967308e-05,11171.65,0.0690068493150685
2019-07-01 03:30:00+00:00,14025.0,6.772901552889202e-05,11171.65,0.0690068493150685
2019-07-01 03:30:00+00:00,14283.333333333332,5.3201787932824815e-05,11171.65,0.0690068493150685
2019-07-01 03:30:00+00:00,14541.666666666666,4.7934442903986305e-05,11171.65,0.0690068493150685
2019-07-01 03:30:00+00:00,14800.0,4.3239470294902364e-05,11171.65,0.0690068493150685
2019-07-01 03:30:00+00:00,15058.333333333332,4.78072722612899e-05,11171.65,0.0690068493150685
2019-07-01 03:30:00+00:00,15316.666666666666,4.08244115695462e-05,11171.65,0.0690068493150685
2019-07-01 03:30:00+00:00,15575.0,2.99413006849759e-05,11171.65,0.0690068493150685
2019-07-01 03:30:00+00:00,15833.333333333332,2.7096756964990838e-05,11171.65,0.0690068493150685
2019-07-01 03:30:00+00:00,16091.666666666666,3.482464555086446e-05,11171.65,0.0690068493150685
2019-07-01 03:30:00+00:00,16350.0,2.420221914552327e-05,11171.65,0.0690068493150685
2019-07-01 03:30:00+00:00,16608.333333333332,1.8264472707675557e-05,11171.65,0.0690068493150685
2019-07-01 03:30:00+00:00,16866.666666666664,2.2069211769748708e-05,11171.65,0.0690068493150685
2019-07-01 03:30:00+00:00,17125.0,2.10376922367474e-05,11171.65,0.0690068493150685
2019-07-01 03:30:00+00:00,17383.333333333332,1.2085746600183412e-05,11171.65,0.0690068493150685
2019-07-01 03:30:00+00:00,17641.666666666664,1.6035141075851103e-05,11171.65,0.0690068493150685
2019-07-01 03:30:00+00:00,17900.0,1.5079646413903391e-05,11171.65,0.0690068493150685
2019-07-01 03:30:00+00:00,18158.333333333332,7.96948110986116e-06,11171.65,0.0690068493150685
2019-07-01 03:30:00+00:00,18416.666666666664,1.3735733267536862e-05,11171.65,0.0690068493150685
2019-07-01 03:30:00+00:00,18675.0,8.57780781088997e-06,11171.65,0.0690068493150685
2019-07-01 03:30:00+00:00,18933.333333333332,6.020738059604244e-06,11171.65,0.0690068493150685
2019-07-01 03:30:00+00:00,19191.666666666664,1.179643549295994e-05,11171.65,0.0690068493150685
2019-07-01 03:30:00+00:00,19450.0,3.509868481738724e-06,11171.65,0.0690068493150685
2019-07-01 03:30:00+00:00,19708.333333333332,7.777614454501444e-06,11171.65,0.0690068493150685
2019-07-01 03:30:00+00:00,19966.666666666664,4.953052033131727e-06,11171.65,0.0690068493150685
2019-07-01 03:30:00+00:00,20225.0,4.0445565203359655e-06,11171.65,0.0690068493150685
2019-07-01 03:30:00+00:00,20483.333333333332,6.04301617695926e-06,11171.65,0.0690068493150685
2019-07-01 03:30:00+00:00,20741.666666666664,1.5576685533396976e-06,11171.65,0.0690068493150685
2019-07-01 04:00:00+00:00,5758.333333333333,5.4934523722461916e-05,11128.52,0.06894977168949772
2019-07-01 04:00:00+00:00,6016.666666666667,3.476418246292967e-05,11128.52,0.06894977168949772
2019-07-01 04:00:00+00:00,6275.0,3.277257728121321e-05,11128.52,0.06894977168949772
2019-07-01 04:00:00+00:00,6533.333333333333,3.7182279043484524e-05,11128.52,0.06894977168949772
2019-07-01 04:00:00+00:00,6791.666666666666,4.404603286324002e-05,11128.52,0.06894977168949772
2019-07-01 04:00:00+00:00,7050.0,5.8507511174382514e-05,11128.52,0.06894977168949772
2019-07-01 04:00:00+00:00,7308.333333333333,6.777485593168746e-05,11128.52,0.06894977168949772
2019-07-01 04:00:00+00:00,7566.666666666666,8.000893205630483e-05,11128.52,0.06894977168949772
2019-07-01 04:00:00+00:00,7825.0,9.576682527878488e-05,11128.52,0.06894977168949772
2019-07-01 04:00:00+00:00,8083.333333333333,0.00010756338789597435,11128.52,0.06894977168949772
2019-07-01 04:00:00+00:00,8341.666666666666,0.00011058592417250764,11128.52,0.06894977168949772
2019-07-01 04:00:00+00:00,8600.0,0.0001442256092239564,11128.52,0.06894977168949772
2019-07-01 04:00:00+00:00,8858.333333333332,0.0001309927852324435,11128.52,0.06894977168949772
2019-07-01 04:00:00+00:00,9116.666666666666,0.00013874091114475786,11128.52,0.06894977168949772
2019-07-01 04:00:00+00:00,9375.0,0.00015565737473155855,11128.52,0.06894977168949772
2019-07-01 04:00:00+00:00,9633.333333333332,0.0001603153990507067,11128.52,0.06894977168949772
2019-07-01 04:00:00+00:00,9891.666666666666,0.00015080435024787708,11128.52,0.06894977168949772
2019-07-01 04:00:00+00:00,10150.0,0.00015120473516829261,11128.52,0.06894977168949772
2019-07-01 04:00:00+00:00,10408.333333333332,0.00014994548589605797,11128.52,0.06894977168949772
2019-07-01 04:00:00+00:00,10666.666666666666,0.0001471422784774621,11128.52,0.06894977168949772
2019-07-01 04:00:00+00:00,10925.0,0.0001429570481361431,11128.52,0.06894977168949772
2019-07-01 04:00:00+00:00,11183.333333333332,0.00013758668448874577,11128.52,0.06894977168949772
2019-07-01 04:00:00+00:00,11441.666666666666,0.00013125076826170799,11128.52,0.06894977168949772
2019-07-01 04:00:00+00:00,11700.0,0.00012417927645257498,11128.52,0.06894977168949772
2019-07-01 04:00:00+00:00,11958.333333333332,0.00011660107719005687,11128.52,0.06894977168949772
2019-07-01 04:00:00+00:00,12216.666666666666,0.00010873387286853558,11128.52,0.06894977168949772
2019-07-01 04:00:00+00:00,12475.0,0.00010077605411211212,11128.52,0.06894977168949772
2019-07-01 04:00:00+00:00,12733.333333333332,9.290072110417928e-05,11128.52,0.06894977168949772
2019-07-01 04:00:00+00:00,12991.666666666666,8.525193327073015e-05,11128.52,0.06894977168949772
2019-07-01 04:00:00+00:00,13250.0,7.794307910676237e-05,11128.52,0.06894977168949772
2019-07-01 04:00:00+00:00,13508.333333333332,7.105712557002086e-05,11128.52,0.06894977168949772
2019-07-01 04:00:00+00:00,13766.666666666666,7.161751897099534e-05,11128.52,0.06894977168949772
2019-07-01 04:00:00+00:00,14025.0,6.637474334957547e-05,11128.52,0.06894977168949772
2019-07-01 04:00:00+00:00,14283.333333333332,5.215690570902097e-05,11128.52,0.06894977168949772
2019-07-01 04:00:00+00:00,14541.666666666666,4.7005518093043945e-05,11128.52,0.06894977168949772
2019-07-01 04:00:00+00:00,14800.0,4.241155929226656e-05,11128.52,0.06894977168949772
2019-07-01 04:00:00+00:00,15058.333333333332,4.690474348084966e-05,11128.52,0.06894977168949772
2019-07-01 04:00:00+00:00,15316.666666666666,4.006374453761064e-05,11128.52,0.06894977168949772
2019-07-01 04:00:00+00:00,15575.0,2.9386420554982562e-05,11128.52,0.06894977168949772
2019-07-01 04:00:00+00:00,15833.333333333332,2.6595772287033256e-05,11128.52,0.06894977168949772
2019-07-01 04:00:00+00:00,16091.666666666666,3.41812016186542e-05,11128.52,0.06894977168949772
2019-07-01 04:00:00+00:00,16350.0,2.3751762116867146e-05,11128.52,0.06894977168949772
2019-07-01 04:00:00+00:00,16608.333333333332,1.792205261412385e-05,11128.52,0.06894977168949772
2019-07-01 04:00:00+00:00,16866.666666666664,2.165168588886951e-05,11128.52,0.06894977168949772
2019-07-01 04:00:00+00:00,17125.0,2.062920082023919e-05,11128.52,0.06894977168949772
2019-07-01 04:00:00+00:00,17383.333333333332,1.1846244089361829e-05,11128.52,0.06894977168949772
2019-07-01 04:00:00+00:00,17641.666666666664,1.5712418043672034e-05,11128.52,0.06894977168949772
2019-07-01 04:00:00+00:00,17900.0,1.4762015308822498e-05,11128.52,0.06894977168949772
2019-07-01 04:00:00+00:00,18158.333333333332,7.79772858431097e-06,11128.52,0.06894977168949772
2019-07-01 04:00:00+00:00,18416.666666666664,1.3430158531346775e-05,11128.52,0.06894977168949772
2019-07-01 04:00:00+00:00,18675.0,8.37459084278116e-06,11128.52,0.06894977168949772
2019-07-01 04:00:00+00:00,18933.333333333332,5.878100667717732e-06,11128.52,0.06894977168949772
2019-07-01 04:00:00+00:00,19191.666666666664,1.1496677651973004e-05,11128.52,0.06894977168949772
2019-07-01 04:00:00+00:00,19450.0,3.4149851323447303e-06,11128.52,0.06894977168949772
2019-07-01 04:00:00+00:00,19708.333333333332,7.564356805501366e-06,11128.52,0.06894977168949772
2019-07-01 04:00:00+00:00,19966.666666666664,4.805805475491901e-06,11128.52,0.06894977168949772
2019-07-01 04:00:00+00:00,20225.0,3.924318125742961e-06,11128.52,0.06894977168949772
2019-07-01 04:00:00+00:00,20483.333333333332,5.847533457005884e-06,11128.52,0.06894977168949772
2019-07-01 04:00:00+00:00,20741.666666666664,1.5072802577144632e-06,11128.52,0.06894977168949772
2019-07-01 04:30:00+00:00,5758.333333333333,5.146082407824262e-05,11174.08,0.06889269406392694
2019-07-01 04:30:00+00:00,6016.666666666667,3.32634712095683e-05,11174.08,0.06889269406392694
2019-07-01 04:30:00+00:00,6275.0,3.166091776001316e-05,11174.08,0.06889269406392694
2019-07-01 04:30:00+00:00,6533.333333333333,3.605930481773364e-05,11174.08,0.06889269406392694
2019-07-01 04:30:00+00:00,6791.666666666666,4.2811986445040256e-05,11174.08,0.06889269406392694
2019-07-01 04:30:00+00:00,7050.0,5.6988032434913795e-05,11174.08,0.06889269406392694
2019-07-01 04:30:00+00:00,7308.333333333333,6.616290573826467e-05,11174.08,0.06889269406392694
2019-07-01 04:30:00+00:00,7566.666666666666,7.826762094018455e-05,11174.08,0.06889269406392694
2019-07-01 04:30:00+00:00,7825.0,9.389942829823054e-05,11174.08,0.06889269406392694
2019-07-01 04:30:00+00:00,8083.333333333333,0.00010569596335854324,11174.08,0.06889269406392694
2019-07-01 04:30:00+00:00,8341.666666666666,0.00010889676674378731,11174.08,0.06889269406392694
2019-07-01 04:30:00+00:00,8600.0,0.00014233768757599977,11174.08,0.06889269406392694
2019-07-01 04:30:00+00:00,8858.333333333332,0.00012955847089657786,11174.08,0.06889269406392694
2019-07-01 04:30:00+00:00,9116.666666666666,0.00013747366363054216,11174.08,0.06889269406392694
2019-07-01 04:30:00+00:00,9375.0,0.00015453237875311945,11174.08,0.06889269406392694
2019-07-01 04:30:00+00:00,9633.333333333332,0.00015946401188379243,11174.08,0.06889269406392694
2019-07-01 04:30:00+00:00,9891.666666666666,0.00015027379925244114,11174.08,0.06889269406392694
2019-07-01 04:30:00+00:00,10150.0,0.00015091652548367964,11174.08,0.06889269406392694
2019-07-01 04:30:00+00:00,10408.333333333332,0.00014989406258926214,11174.08,0.06889269406392694
2019-07-01 04:30:00+00:00,10666.666666666666,0.0001473145950350051,11174.08,0.06889269406392694
2019-07-01 04:30:00+00:00,10925.0,0.00014333386898166225,11174.08,0.06889269406392694
2019-07-01 04:30:00+00:00,11183.333333333332,0.0001381441038361444,11174.08,0.06889269406392694
2019-07-01 04:30:00+00:00,11441.666666666666,0.00013196181552652467,11174.08,0.06889269406392694
2019-07-01 04:30:00+00:00,11700.0,0.00012501548907616108,11174.08,0.06889269406392694
2019-07-01 04:30:00+00:00,11958.333333333332,0.00011753394115821549,11174.08,0.06889269406392694
2019-07-01 04:30:00+00:00,12216.666666666666,0.00010973605612595353,11174.08,0.06889269406392694
2019-07-01 04:30:00+00:00,12475.0,0.00010182238523079388,11174.08,0.06889269406392694
2019-07-01 04:30:00+00:00,12733.333333333332,9.396889206355801e-05,11174.08,0.06889269406392694
2019-07-01 04:30:00+00:00,12991.666666666666,8.632292876000649e-05,11174.08,0.06889269406392694
2019-07-01 04:30:00+00:00,13250.0,7.900135383721273e-05,11174.08,0.06889269406392694
2019-07-01 04:30:00+00:00,13508.333333333332,7.209056488566012e-05,11174.08,0.06889269406392694
2019-07-01 04:30:00+00:00,13766.666666666666,7.27341144878708e-05,11174.08,0.06889269406392694
2019-07-01 04:30:00+00:00,14025.0,6.748800202086326e-05,11174.08,0.06889269406392694
2019-07-01 04:30:00+00:00,14283.333333333332,5.3084794295856805e-05,11174.08,0.06889269406392694
2019-07-01 04:30:00+00:00,14541.666666666666,4.7878921254571054e-05,11174.08,0.06889269406392694
2019-07-01 04:30:00+00:00,14800.0,4.323107976544167e-05,11174.08,0.06889269406392694
2019-07-01 04:30:00+00:00,15058.333333333332,4.785626031556336e-05,11174.08,0.06889269406392694
2019-07-01 04:30:00+00:00,15316.666666666666,4.092325765434642e-05,11174.08,0.06889269406392694
2019-07-01 04:30:00+00:00,15575.0,3.0041195516812544e-05,11174.08,0.06889269406392694
2019-07-01 04:30:00+00:00,15833.333333333332,2.720227202299601e-05,11174.08,0.06889269406392694
2019-07-01 04:30:00+00:00,16091.666666666666,3.499449862774377e-05,11174.08,0.06889269406392694
2019-07-01 04:30:00+00:00,16350.0,2.4344836680408312e-05,11174.08,0.06889269406392694
2019-07-01 04:30:00+00:00,16608.333333333332,1.8378930758345375e-05,11174.08,0.06889269406392694
2019-07-01 04:30:00+00:00,16866.666666666664,2.2217919326565846e-05,11174.08,0.06889269406392694
2019-07-01 04:30:00+00:00,17125.0,2.119324372209943e-05,11174.08,0.06889269406392694
2019-07-01 04:30:00+00:00,17383.333333333332,1.2178154954259237e-05,11174.08,0.06889269406392694
2019-07-01 04:30:00+00:00,17641.666666666664,1.61608716587857e-05,11174.08,0.06889269406392694
2019-07-01 04:30:00+00:00,17900.0,1.5201208459767095e-05,11174.08,0.06889269406392694
2019-07-01 04:30:00+00:00,18158.333333333332,8.033650049671534e-06,11174.08,0.06889269406392694
2019-07-01 04:30:00+00:00,18416.666666666664,1.3846145081074591e-05,11174.08,0.06889269406392694
2019-07-01 04:30:00+00:00,18675.0,8.644338014528213e-06,11174.08,0.06889269406392694
2019-07-01 04:30:00+00:00,18933.333333333332,6.067435413752284e-06,11174.08,0.06889269406392694
2019-07-01 04:30:00+00:00,19191.666666666664,1.1881371165217036e-05,11174.08,0.06889269406392694
2019-07-01 04:30:00+00:00,19450.0,3.532749360594965e-06,11174.08,0.06889269406392694
2019-07-01 04:30:00+00:00,19708.333333333332,7.827056146801846e-06,11174.08,0.06889269406392694
2019-07-01 04:30:00+00:00,19966.666666666664,4.978878346971204e-06,11174.08,0.06889269406392694
2019-07-01 04:30:00+00:00,20225.0,4.065645736709377e-06,11174.08,0.06889269406392694
2019-07-01 04:30:00+00:00,20483.333333333332,6.065743338032359e-06,11174.08,0.06889269406392694
2019-07-01 04:30:00+00:00,20741.666666666664,1.563526784241956e-06,11174.08,0.06889269406392694
2019-07-01 05:00:00+00:00,5758.333333333333,4.744630179384075e-05,11181.63,0.06883561643835616
2019-07-01 05:00:00+00:00,6016.666666666667,3.1040934098732704e-05,11181.63,0.06883561643835616
2019-07-01 05:00:00+00:00,6275.0,3.03033635498131e-05,11181.63,0.06883561643835616
2019-07-01 05:00:00+00:00,6533.333333333333,3.515660402641072e-05,11181.63,0.06883561643835616
2019-07-01 05:00:00+00:00,6791.666666666666,4.220356908890732e-05,11181.63,0.06883561643835616
2019-07-01 05:00:00+00:00,7050.0,5.659490045940773e-05,11181.63,0.06883561643835616
2019-07-01 05:00:00+00:00,7308.333333333333,6.603484961746887e-05,11181.63,0.06883561643835616
2019-07-01 05:00:00+00:00,7566.666666666666,7.834750293749787e-05,11181.63,0.06883561643835616
2019-07-01 05:00:00+00:00,7825.0,9.419722998376637e-05,11181.63,0.06883561643835616
2019-07-01 05:00:00+00:00,8083.333333333333,0.00010616491247391286,11181.63,0.06883561643835616
2019-07-01 05:00:00+00:00,8341.666666666666,0.0001094587713687251,11181.63,0.06883561643835616
2019-07-01 05:00:00+00:00,8600.0,0.00014311761647274303,11181.63,0.06883561643835616
2019-07-01 05:00:00+00:00,8858.333333333332,0.00013026875519323578,11181.63,0.06883561643835616
2019-07-01 05:00:00+00:00,9116.666666666666,0.00013819917880059988,11181.63,0.06883561643835616
2019-07-01 05:00:00+00:00,9375.0,0.00015529010926494777,11181.63,0.06883561643835616
2019-07-01 05:00:00+00:00,9633.333333333332,0.0001601655607154903,11181.63,0.06883561643835616
2019-07-01 05:00:00+00:00,9891.666666666666,0.00015085068146245397,11181.63,0.06883561643835616
2019-07-01 05:00:00+00:00,10150.0,0.00015141157386396457,11181.63,0.06883561643835616
2019-07-01 05:00:00+00:00,10408.333333333332,0.00015029998982579265,11181.63,0.06883561643835616
2019-07-01 05:00:00+00:00,10666.666666666666,0.00014762981232464053,11181.63,0.06883561643835616
2019-07-01 05:00:00+00:00,10925.0,0.00014356177693606407,11181.63,0.06883561643835616
2019-07-01 05:00:00+00:00,11183.333333333332,0.00013829210081148683,11181.63,0.06883561643835616
2019-07-01 05:00:00+00:00,11441.666666666666,0.00013204015289215615,11181.63,0.06883561643835616
2019-07-01 05:00:00+00:00,11700.0,0.00012503609857372273,11181.63,0.06883561643835616
2019-07-01 05:00:00+00:00,11958.333333333332,0.00011750934215706919,11181.63,0.06883561643835616
2019-07-01 05:00:00+00:00,12216.666666666666,0.00010967842450269394,11181.63,0.06883561643835616
2019-07-01 05:00:00+00:00,12475.0,0.00010174283535489881,11181.63,0.06883561643835616
2019-07-01 05:00:00+00:00,12733.333333333332,9.387699319494128e-05,11181.63,0.06883561643835616
2019-07-01 05:00:00+00:00,12991.666666666666,8.62264504596807e-05,11181.63,0.06883561643835616
2019-07-01 05:00:00+00:00,13250.0,7.890621407840292e-05,11181.63,0.06883561643835616
2019-07-01 05:00:00+00:00,13508.333333333332,7.200094057366113e-05,11181.63,0.06883561643835616
2019-07-01 05:00:00+00:00,13766.666666666666,7.264457658385971e-05,11181.63,0.06883561643835616
2019-07-01 05:00:00+00:00,14025.0,6.741094626460161e-05,11181.63,0.06883561643835616
2019-07-01 05:00:00+00:00,14283.333333333332,5.3031854566411444e-05,11181.63,0.06883561643835616
2019-07-01 05:00:00+00:00,14541.666666666666,4.783861602534693e-05,11181.63,0.06883561643835616
2019-07-01 05:00:00+00:00,14800.0,4.3202044171805866e-05,11181.63,0.06883561643835616
2019-07-01 05:00:00+00:00,15058.333333333332,4.7837002158734925e-05,11181.63,0.06883561643835616
2019-07-01 05:00:00+00:00,15316.666666666666,4.092349972277922e-05,11181.63,0.06883561643835616
2019-07-01 05:00:00+00:00,15575.0,3.0051824770998047e-05,11181.63,0.06883561643835616
2019-07-01 05:00:00+00:00,15833.333333333332,2.7218217148192825e-05,11181.63,0.06883561643835616
2019-07-01 05:00:00+00:00,16091.666666666666,3.5031975374318826e-05,11181.63,0.06883561643835616
2019-07-01 05:00:00+00:00,16350.0,2.438692063273321e-05,11181.63,0.06883561643835616
2019-07-01 05:00:00+00:00,16608.333333333332,1.84167328583783e-05,11181.63,0.06883561643835616
2019-07-01 05:00:00+00:00,16866.666666666664,2.2272803130100737e-05,11181.63,0.06883561643835616
2019-07-01 05:00:00+00:00,17125.0,2.126309210267658e-05,11181.63,0.06883561643835616
2019-07-01 05:00:00+00:00,17383.333333333332,1.222453943735495e-05,11181.63,0.06883561643835616
2019-07-01 05:00:00+00:00,17641.666666666664,1.6228831605412653e-05,11181.63,0.06883561643835616
2019-07-01 05:00:00+00:00,17900.0,1.5280229928195704e-05,11181.63,0.06883561643835616
2019-07-01 05:00:00+00:00,18158.333333333332,8.078977191525991e-06,11181.63,0.06883561643835616
2019-07-01 05:00:00+00:00,18416.666666666664,1.3933029154103873e-05,11181.63,0.06883561643835616
2019-07-01 05:00:00+00:00,18675.0,8.708605555589752e-06,11181.63,0.06883561643835616
2019-07-01 05:00:00+00:00,18933.333333333332,6.1125446116960295e-06,11181.63,0.06883561643835616
2019-07-01 05:00:00+00:00,19191.666666666664,1.1984465205270897e-05,11181.63,0.06883561643835616
2019-07-01 05:00:00+00:00,19450.0,3.567181667910554e-06,11181.63,0.06883561643835616
2019-07-01 05:00:00+00:00,19708.333333333332,7.905337488257694e-06,11181.63,0.06883561643835616
2019-07-01 05:00:00+00:00,19966.666666666664,5.035674202897487e-06,11181.63,0.06883561643835616
2019-07-01 05:00:00+00:00,20225.0,4.112024019812053e-06,11181.63,0.06883561643835616
2019-07-01 05:00:00+00:00,20483.333333333332,6.1439567284505645e-06,11181.63,0.06883561643835616
2019-07-01 05:00:00+00:00,20741.666666666664,1.5836873357176972e-06,11181.63,0.06883561643835616
2019-07-01 05:30:00+00:00,5758.333333333333,6.614144338001576e-05,11097.62,0.0687785388127854
2019-07-01 05:30:00+00:00,6016.666666666667,3.7279412493341256e-05,11097.62,0.0687785388127854
2019-07-01 05:30:00+00:00,6275.0,3.349477388442158e-05,11097.62,0.0687785388127854
2019-07-01 05:30:00+00:00,6533.333333333333,3.756250725112451e-05,11097.62,0.0687785388127854
2019-07-01 05:30:00+00:00,6791.666666666666,4.442353940965969e-05,11097.62,0.0687785388127854
2019-07-01 05:30:00+00:00,7050.0,5.9030366572298844e-05,11097.62,0.0687785388127854
2019-07-01 05:30:00+00:00,7308.333333333333,6.840951511663861e-05,11097.62,0.0687785388127854
2019-07-01 05:30:00+00:00,7566.666666666666,8.076054479851405e-05,11097.62,0.0687785388127854
2019-07-01 05:30:00+00:00,7825.0,9.663370756618888e-05,11097.62,0.0687785388127854
2019-07-01 05:30:00+00:00,8083.333333333333,0.00010847371721377466,11097.62,0.0687785388127854
2019-07-01 05:30:00+00:00,8341.666666666666,0.00011143930189969716,11097.62,0.0687785388127854
2019-07-01 05:30:00+00:00,8600.0,0.00014520653573314835,11097.62,0.0687785388127854
2019-07-01 05:30:00+00:00,8858.333333333332,0.00013175544046473402,11097.62,0.0687785388127854
2019-07-01 05:30:00+00:00,9116.666666666666,0.0001394268694787342,11097.62,0.0687785388127854
2019-07-01 05:30:00+00:00,9375.0,0.0001562786609442157,11097.62,0.0687785388127854
2019-07-01 05:30:00+00:00,9633.333333333332,0.00016079809688398217,11097.62,0.0687785388127854
2019-07-01 05:30:00+00:00,9891.666666666666,0.00015111768524445947,11097.62,0.0687785388127854
2019-07-01 05:30:00+00:00,10150.0,0.00015139007150765947,11097.62,0.0687785388127854
2019-07-01 05:30:00+00:00,10408.333333333332,0.00015000351255151898,11097.62,0.0687785388127854
2019-07-01 05:30:00+00:00,10666.666666666666,0.0001470775237642784,11097.62,0.0687785388127854
2019-07-01 05:30:00+00:00,10925.0,0.000142777197273248,11097.62,0.0687785388127854
2019-07-01 05:30:00+00:00,11183.333333333332,0.00013730185482391,11097.62,0.0687785388127854
2019-07-01 05:30:00+00:00,11441.666666666666,0.00013087279447433628,11097.62,0.0687785388127854
2019-07-01 05:30:00+00:00,11700.0,0.00012372104354759002,11097.62,0.0687785388127854
2019-07-01 05:30:00+00:00,11958.333333333332,0.00011607592519496247,11097.62,0.0687785388127854
2019-07-01 05:30:00+00:00,12216.666666666666,0.00010815508542977786,11097.62,0.0687785388127854
2019-07-01 05:30:00+00:00,12475.0,0.00010015643448736802,11097.62,0.0687785388127854
2019-07-01 05:30:00+00:00,12733.333333333332,9.225225344406063e-05,11097.62,0.0687785388127854
2019-07-01 05:30:00+00:00,12991.666666666666,8.458552411230225e-05,11097.62,0.0687785388127854
2019-07-01 05:30:00+00:00,13250.0,7.726837293901564e-05,11097.62,0.0687785388127854
2019-07-01 05:30:00+00:00,13508.333333333332,7.038238834390606e-05,11097.62,0.0687785388127854
2019-07-01 05:30:00+00:00,13766.666666666666,7.086865225774573e-05,11097.62,0.0687785388127854
2019-07-01 05:30:00+00:00,14025.0,6.560393968557241e-05,11097.62,0.0687785388127854
2019-07-01 05:30:00+00:00,14283.333333333332,5.149573778092721e-05,11097.62,0.0687785388127854
2019-07-01 05:30:00+00:00,14541.666666666666,4.6368756988072703e-05,11097.62,0.0687785388127854
2019-07-01 05:30:00+00:00,14800.0,4.180132117778345e-05,11097.62,0.0687785388127854
2019-07-01 05:30:00+00:00,15058.333333333332,4.617622647846824e-05,11097.62,0.0687785388127854
2019-07-01 05:30:00+00:00,15316.666666666666,3.938241721318522e-05,11097.62,0.0687785388127854
2019-07-01 05:30:00+00:00,15575.0,2.8854056912443445e-05,11097.62,0.0687785388127854
2019-07-01 05:30:00+00:00,15833.333333333332,2.6094938001860468e-05,11097.62,0.0687785388127854
2019-07-01 05:30:00+00:00,16091.666666666666,3.3489499391118184e-05,11097.62,0.0687785388127854
2019-07-01 05:30:00+00:00,16350.0,2.3229191465355608e-05,11097.62,0.0687785388127854
2019-07-01 05:30:00+00:00,16608.333333333332,1.7512919222577072e-05,11097.62,0.0687785388127854
2019-07-01 05:30:00+00:00,16866.666666666664,2.1134821547546008e-05,11097.62,0.0687785388127854
2019-07-01 05:30:00+00:00,17125.0,2.00959068118801e-05,11097.62,0.0687785388127854
2019-07-01 05:30:00+00:00,17383.333333333332,1.1526026606121206e-05,11097.62,0.0687785388127854
2019-07-01 05:30:00+00:00,17641.666666666664,1.5273355106578837e-05,11097.62,0.0687785388127854
2019-07-01 05:30:00+00:00,17900.0,1.4316914582233889e-05,11097.62,0.0687785388127854
2019-07-01 05:30:00+00:00,18158.333333333332,7.5551396905790415e-06,11097.62,0.0687785388127854
2019-07-01 05:30:00+00:00,18416.666666666664,1.2993967618134534e-05,11097.62,0.0687785388127854
2019-07-01 05:30:00+00:00,18675.0,8.082097016822866e-06,11097.62,0.0687785388127854
2019-07-01 05:30:00+00:00,18933.333333333332,5.672800112031311e-06,11097.62,0.0687785388127854
2019-07-01 05:30:00+00:00,19191.666666666664,1.106557945073808e-05,11097.62,0.0687785388127854
2019-07-01 05:30:00+00:00,19450.0,3.279495514866394e-06,11097.62,0.0687785388127854
2019-07-01 05:30:00+00:00,19708.333333333332,7.2603129481328865e-06,11097.62,0.0687785388127854
2019-07-01 05:30:00+00:00,19966.666666666664,4.5990696933825995e-06,11097.62,0.0687785388127854
2019-07-01 05:30:00+00:00,20225.0,3.7555021008103953e-06,11097.62,0.0687785388127854
2019-07-01 05:30:00+00:00,20483.333333333332,5.578722685493655e-06,11097.62,0.0687785388127854
2019-07-01 05:30:00+00:00,20741.666666666664,1.4379906722952154e-06,11097.62,0.0687785388127854
2019-07-01 06:00:00+00:00,5758.333333333333,6.20727707090618e-05,11098.6,0.06872146118721462
2019-07-01 06:00:00+00:00,6016.666666666667,3.629684686476528e-05,11098.6,0.06872146118721462
2019-07-01 06:00:00+00:00,6275.0,3.3194357959467665e-05,11098.6,0.06872146118721462
2019-07-01 06:00:00+00:00,6533.333333333333,3.7412989187691055e-05,11098.6,0.06872146118721462
2019-07-01 06:00:00+00:00,6791.666666666666,4.428899567561956e-05,11098.6,0.06872146118721462
2019-07-01 06:00:00+00:00,7050.0,5.884967034449217e-05,11098.6,0.06872146118721462
2019-07-01 06:00:00+00:00,7308.333333333333,6.818846225946656e-05,11098.6,0.06872146118721462
2019-07-01 06:00:00+00:00,7566.666666666666,8.049640298626133e-05,11098.6,0.06872146118721462
2019-07-01 06:00:00+00:00,7825.0,9.632951642630339e-05,11098.6,0.06872146118721462
2019-07-01 06:00:00+00:00,8083.333333333333,0.00010816008231078629,11098.6,0.06872146118721462
2019-07-01 06:00:00+00:00,8341.666666666666,0.00011115684839494958,11098.6,0.06872146118721462
2019-07-01 06:00:00+00:00,8600.0,0.00014490678382486904,11098.6,0.06872146118721462
2019-07-01 06:00:00+00:00,8858.333333333332,0.00013155318674182016,11098.6,0.06872146118721462
2019-07-01 06:00:00+00:00,9116.666666666666,0.00013928156169645494,11098.6,0.06872146118721462
2019-07-01 06:00:00+00:00,9375.0,0.0001562013680691416,11098.6,0.06872146118721462
2019-07-01 06:00:00+00:00,9633.333333333332,0.00016081016791546373,11098.6,0.06872146118721462
2019-07-01 06:00:00+00:00,9891.666666666666,0.0001512106218241784,11098.6,0.06872146118721462
2019-07-01 06:00:00+00:00,10150.0,0.00015155627641390024,11098.6,0.06872146118721462
2019-07-01 06:00:00+00:00,10408.333333333332,0.0001502369331398899,11098.6,0.06872146118721462
2019-07-01 06:00:00+00:00,10666.666666666666,0.00014736927816426571,11098.6,0.06872146118721462
2019-07-01 06:00:00+00:00,10925.0,0.00014311636064065673,11098.6,0.06872146118721462
2019-07-01 06:00:00+00:00,11183.333333333332,0.00013767631812155545,11098.6,0.06872146118721462
2019-07-01 06:00:00+00:00,11441.666666666666,0.00013127011376888752,11098.6,0.06872146118721462
2019-07-01 06:00:00+00:00,11700.0,0.00012412920876759607,11098.6,0.06872146118721462
2019-07-01 06:00:00+00:00,11958.333333333332,0.00011648399428479206,11098.6,0.06872146118721462
2019-07-01 06:00:00+00:00,12216.666666666666,0.00010855365005624802,11098.6,0.06872146118721462
2019-07-01 06:00:00+00:00,12475.0,0.00010053790416401253,11098.6,0.06872146118721462
2019-07-01 06:00:00+00:00,12733.333333333332,9.261096373780314e-05,11098.6,0.06872146118721462
2019-07-01 06:00:00+00:00,12991.666666666666,8.491768977809644e-05,11098.6,0.06872146118721462
2019-07-01 06:00:00+00:00,13250.0,7.757191734345599e-05,11098.6,0.06872146118721462
2019-07-01 06:00:00+00:00,13508.333333333332,7.065668611160419e-05,11098.6,0.06872146118721462
2019-07-01 06:00:00+00:00,13766.666666666666,7.113960746318195e-05,11098.6,0.06872146118721462
2019-07-01 06:00:00+00:00,14025.0,6.584570478760401e-05,11098.6,0.06872146118721462
2019-07-01 06:00:00+00:00,14283.333333333332,5.1676891370457735e-05,11098.6,0.06872146118721462
2019-07-01 06:00:00+00:00,14541.666666666666,4.652442975976653e-05,11098.6,0.06872146118721462
2019-07-01 06:00:00+00:00,14800.0,4.1934640266096796e-05,11098.6,0.06872146118721462
2019-07-01 06:00:00+00:00,15058.333333333332,4.6311865577944414e-05,11098.6,0.06872146118721462
2019-07-01 06:00:00+00:00,15316.666666666666,3.94838307603627e-05,11098.6,0.06872146118721462
2019-07-01 06:00:00+00:00,15575.0,2.891978852687359e-05,11098.6,0.06872146118721462
2019-07-01 06:00:00+00:00,15833.333333333332,2.614925819412313e-05,11098.6,0.06872146118721462
2019-07-01 06:00:00+00:00,16091.666666666666,3.3545725551858345e-05,11098.6,0.06872146118721462
2019-07-01 06:00:00+00:00,16350.0,2.325578557031529e-05,11098.6,0.06872146118721462
2019-07-01 06:00:00+00:00,16608.333333333332,1.7528394242916164e-05,11098.6,0.06872146118721462
2019-07-01 06:00:00+00:00,16866.666666666664,2.1146520077977958e-05,11098.6,0.06872146118721462
2019-07-01 06:00:00+00:00,17125.0,2.0093998814880375e-05,11098.6,0.06872146118721462
2019-07-01 06:00:00+00:00,17383.333333333332,1.1520352525163457e-05,11098.6,0.06872146118721462
2019-07-01 06:00:00+00:00,17641.666666666664,1.5261131861290596e-05,11098.6,0.06872146118721462
2019-07-01 06:00:00+00:00,17900.0,1.4294548276112474e-05,11098.6,0.06872146118721462
2019-07-01 06:00:00+00:00,18158.333333333332,7.5407942652222315e-06,11098.6,0.06872146118721462
2019-07-01 06:00:00+00:00,18416.666666666664,1.296303738615625e-05,11098.6,0.06872146118721462
2019-07-01 06:00:00+00:00,18675.0,8.055796078204952e-06,11098.6,0.06872146118721462
2019-07-01 06:00:00+00:00,18933.333333333332,5.654339560614039e-06,11098.6,0.06872146118721462
2019-07-01 06:00:00+00:00,19191.666666666664,1.1019288465813303e-05,11098.6,0.06872146118721462
2019-07-01 06:00:00+00:00,19450.0,3.2631726124253204e-06,11098.6,0.06872146118721462
2019-07-01 06:00:00+00:00,19708.333333333332,7.222798008083875e-06,11098.6,0.06872146118721462
2019-07-01 06:00:00+00:00,19966.666666666664,4.570532471965426e-06,11098.6,0.06872146118721462
2019-07-01 06:00:00+00:00,20225.0,3.7321992151990403e-06,11098.6,0.06872146118721462
2019-07-01 06:00:00+00:00,20483.333333333332,5.53801859288348e-06,11098.6,0.06872146118721462
2019-07-01 06:00:00+00:00,20741.666666666664,1.4274986459304934e-06,11098.6,0.06872146118721462
2019-07-01 06:30:00+00:00,5758.333333333333,5.047540507911973e-05,10967.31,0.06866438356164384
2019-07-01 06:30:00+00:00,6016.666666666667,3.8076771022741434e-05,10967.31,0.06866438356164384
2019-07-01 06:30:00+00:00,6275.0,3.646765147098685e-05,10967.31,0.06866438356164384
2019-07-01 06:30:00+00:00,6533.333333333333,4.0931637118733725e-05,10967.31,0.06866438356164384
2019-07-01 06:30:00+00:00,6791.666666666666,4.8132696959609043e-05,10967.31,0.06866438356164384
2019-07-01 06:30:00+00:00,7050.0,6.362534926384158e-05,10967.31,0.06866438356164384
2019-07-01 06:30:00+00:00,7308.333333333333,7.338852867681489e-05,10967.31,0.06866438356164384
2019-07-01 06:30:00+00:00,7566.666666666666,8.628230133962591e-05,10967.31,0.06866438356164384
2019-07-01 06:30:00+00:00,7825.0,0.00010274923510847944,10967.31,0.06866438356164384
2019-07-01 06:30:00+00:00,8083.333333333333,0.00011478627659198949,10967.31,0.06866438356164384
2019-07-01 06:30:00+00:00,8341.666666666666,0.00011733608623674098,10967.31,0.06866438356164384
2019-07-01 06:30:00+00:00,8600.0,0.00015203560146076007,10967.31,0.06866438356164384
2019-07-01 06:30:00+00:00,8858.333333333332,0.00013715149932397403,10967.31,0.06866438356164384
2019-07-01 06:30:00+00:00,9116.666666666666,0.00014438510062396,10967.31,0.06866438356164384
2019-07-01 06:30:00+00:00,9375.0,0.00016091777238085104,10967.31,0.06866438356164384
2019-07-01 06:30:00+00:00,9633.333333333332,0.00016458996999559796,10967.31,0.06866438356164384
2019-07-01 06:30:00+00:00,9891.666666666666,0.00015379489646787908,10967.31,0.06866438356164384
2019-07-01 06:30:00+00:00,10150.0,0.000153256142627552,10967.31,0.06866438356164384
2019-07-01 06:30:00+00:00,10408.333333333332,0.0001510558779724786,10967.31,0.06866438356164384
2019-07-01 06:30:00+00:00,10666.666666666666,0.00014734345797480687,10967.31,0.06866438356164384
2019-07-01 06:30:00+00:00,10925.0,0.0001423097156815079,10967.31,0.06866438356164384
2019-07-01 06:30:00+00:00,11183.333333333332,0.00013617442965967752,10967.31,0.06866438356164384
2019-07-01 06:30:00+00:00,11441.666666666666,0.00012917341704638368,10967.31,0.06866438356164384
2019-07-01 06:30:00+00:00,11700.0,0.0001215461506085339,10967.31,0.06866438356164384
2019-07-01 06:30:00+00:00,11958.333333333332,0.00011352464716549037,10967.31,0.06866438356164384
2019-07-01 06:30:00+00:00,12216.666666666666,0.00010532418097065136,10967.31,0.06866438356164384
2019-07-01 06:30:00+00:00,12475.0,9.713616405947296e-05,10967.31,0.06866438356164384
2019-07-01 06:30:00+00:00,12733.333333333332,8.912332826312208e-05,10967.31,0.06866438356164384
2019-07-01 06:30:00+00:00,12991.666666666666,8.141715841856686e-05,10967.31,0.06866438356164384
2019-07-01 06:30:00+00:00,13250.0,7.411737582489271e-05,10967.31,0.06866438356164384
2019-07-01 06:30:00+00:00,13508.333333333332,6.729316210608881e-05,10967.31,0.06866438356164384
2019-07-01 06:30:00+00:00,13766.666666666666,6.752381532750115e-05,10967.31,0.06866438356164384
2019-07-01 06:30:00+00:00,14025.0,6.226949646525043e-05,10967.31,0.06866438356164384
2019-07-01 06:30:00+00:00,14283.333333333332,4.8722090252577925e-05,10967.31,0.06866438356164384
2019-07-01 06:30:00+00:00,14541.666666666666,4.376484504351785e-05,10967.31,0.06866438356164384
2019-07-01 06:30:00+00:00,14800.0,3.936527535839288e-05,10967.31,0.06866438356164384
2019-07-01 06:30:00+00:00,15058.333333333332,4.3361485576671476e-05,10967.31,0.06866438356164384
2019-07-01 06:30:00+00:00,15316.666666666666,3.685884835561323e-05,10967.31,0.06866438356164384
2019-07-01 06:30:00+00:00,15575.0,2.694393661127201e-05,10967.31,0.06866438356164384
2019-07-01 06:30:00+00:00,15833.333333333332,2.4333039664354435e-05,10967.31,0.06866438356164384
2019-07-01 06:30:00+00:00,16091.666666666666,3.114718498864453e-05,10967.31,0.06866438356164384
2019-07-01 06:30:00+00:00,16350.0,2.1540796242582126e-05,10967.31,0.06866438356164384
2019-07-01 06:30:00+00:00,16608.333333333332,1.6219755851273076e-05,10967.31,0.06866438356164384
2019-07-01 06:30:00+00:00,16866.666666666664,1.9543330657471695e-05,10967.31,0.06866438356164384
2019-07-01 06:30:00+00:00,17125.0,1.8532527941582935e-05,10967.31,0.06866438356164384
2019-07-01 06:30:00+00:00,17383.333333333332,1.0613949135902182e-05,10967.31,0.06866438356164384
2019-07-01 06:30:00+00:00,17641.666666666664,1.4048924831017315e-05,10967.31,0.06866438356164384
2019-07-01 06:30:00+00:00,17900.0,1.3136930080778478e-05,10967.31,0.06866438356164384
2019-07-01 06:30:00+00:00,18158.333333333332,6.925827024631468e-06,10967.31,0.06866438356164384
2019-07-01 06:30:00+00:00,18416.666666666664,1.1895313909587425e-05,10967.31,0.06866438356164384
2019-07-01 06:30:00+00:00,18675.0,7.382462883487122e-06,10967.31,0.06866438356164384
2019-07-01 06:30:00+00:00,18933.333333333332,5.181728972733339e-06,10967.31,0.06866438356164384
2019-07-01 06:30:00+00:00,19191.666666666664,1.0086659619619999e-05,10967.31,0.06866438356164384
2019-07-01 06:30:00+00:00,19450.0,2.9846477140181835e-06,10967.31,0.06866438356164384
2019-07-01 06:30:00+00:00,19708.333333333332,6.605061762440365e-06,10967.31,0.06866438356164384
2019-07-01 06:30:00+00:00,19966.666666666664,4.176299220594369e-06,10967.31,0.06866438356164384
2019-07-01 06:30:00+00:00,20225.0,3.410276760780745e-06,10967.31,0.06866438356164384
2019-07-01 06:30:00+00:00,20483.333333333332,5.057169990436313e-06,10967.31,0.06866438356164384
2019-07-01 06:30:00+00:00,20741.666666666664,1.303553462760917e-06,10967.31,0.06866438356164384
2019-07-01 07:00:00+00:00,5758.333333333333,4.002018427429124e-05,10942.8,0.06860730593607306
2019-07-01 07:00:00+00:00,6016.666666666667,3.6282665035530994e-05,10942.8,0.06860730593607306
2019-07-01 07:00:00+00:00,6275.0,3.6818457348354974e-05,10942.8,0.06860730593607306
2019-07-01 07:00:00+00:00,6533.333333333333,4.163605786389637e-05,10942.8,0.06860730593607306
2019-07-01 07:00:00+00:00,6791.666666666666,4.891324194941715e-05,10942.8,0.06860730593607306
2019-07-01 07:00:00+00:00,7050.0,6.458266304214877e-05,10942.8,0.06860730593607306
2019-07-01 07:00:00+00:00,7308.333333333333,7.445233977069938e-05,10942.8,0.06860730593607306
2019-07-01 07:00:00+00:00,7566.666666666666,8.75091020728877e-05,10942.8,0.06860730593607306
2019-07-01 07:00:00+00:00,7825.0,0.00010417218828705467,10942.8,0.06860730593607306
2019-07-01 07:00:00+00:00,8083.333333333333,0.00011631673018494165,10942.8,0.06860730593607306
2019-07-01 07:00:00+00:00,8341.666666666666,0.00011882007567071814,10942.8,0.06860730593607306
2019-07-01 07:00:00+00:00,8600.0,0.00015381831925752359,10942.8,0.06860730593607306
2019-07-01 07:00:00+00:00,8858.333333333332,0.00013861242749308545,10942.8,0.06860730593607306
2019-07-01 07:00:00+00:00,9116.666666666666,0.00014577311610394308,10942.8,0.06860730593607306
2019-07-01 07:00:00+00:00,9375.0,0.00016227167504051268,10942.8,0.06860730593607306
2019-07-01 07:00:00+00:00,9633.333333333332,0.00016576030954616047,10942.8,0.06860730593607306
2019-07-01 07:00:00+00:00,9891.666666666666,0.0001546893826264131,10942.8,0.06860730593607306
2019-07-01 07:00:00+00:00,10150.0,0.00015396082523356152,10942.8,0.06860730593607306
2019-07-01 07:00:00+00:00,10408.333333333332,0.00015156612092192629,10942.8,0.06860730593607306
2019-07-01 07:00:00+00:00,10666.666666666666,0.00014766266787306483,10942.8,0.06860730593607306
2019-07-01 07:00:00+00:00,10925.0,0.00014244825630785072,10942.8,0.06860730593607306
2019-07-01 07:00:00+00:00,11183.333333333332,0.00013614821634375096,10942.8,0.06860730593607306
2019-07-01 07:00:00+00:00,11441.666666666666,0.00012900234555913973,10942.8,0.06860730593607306
2019-07-01 07:00:00+00:00,11700.0,0.00012125250534061295,10942.8,0.06860730593607306
2019-07-01 07:00:00+00:00,11958.333333333332,0.00011313161140117064,10942.8,0.06860730593607306
2019-07-01 07:00:00+00:00,12216.666666666666,0.00010485454239135149,10942.8,0.06860730593607306
2019-07-01 07:00:00+00:00,12475.0,9.661127568209206e-05,10942.8,0.06860730593607306
2019-07-01 07:00:00+00:00,12733.333333333332,8.85623527692948e-05,10942.8,0.06860730593607306
2019-07-01 07:00:00+00:00,12991.666666666666,8.083659533702105e-05,10942.8,0.06860730593607306
2019-07-01 07:00:00+00:00,13250.0,7.353084831068923e-05,10942.8,0.06860730593607306
2019-07-01 07:00:00+00:00,13508.333333333332,6.671142410584134e-05,10942.8,0.06860730593607306
2019-07-01 07:00:00+00:00,13766.666666666666,6.688782197377921e-05,10942.8,0.06860730593607306
2019-07-01 07:00:00+00:00,14025.0,6.163034237088818e-05,10942.8,0.06860730593607306
2019-07-01 07:00:00+00:00,14283.333333333332,4.81877215418694e-05,10942.8,0.06860730593607306
2019-07-01 07:00:00+00:00,14541.666666666666,4.326166143160005e-05,10942.8,0.06860730593607306
2019-07-01 07:00:00+00:00,14800.0,3.8893429094474276e-05,10942.8,0.06860730593607306
2019-07-01 07:00:00+00:00,15058.333333333332,4.28150409854924e-05,10942.8,0.06860730593607306
2019-07-01 07:00:00+00:00,15316.666666666666,3.636805329297376e-05,10942.8,0.06860730593607306
2019-07-01 07:00:00+00:00,15575.0,2.6572178657888717e-05,10942.8,0.06860730593607306
2019-07-01 07:00:00+00:00,15833.333333333332,2.39900091850062e-05,10942.8,0.06860730593607306
2019-07-01 07:00:00+00:00,16091.666666666666,3.069099483066931e-05,10942.8,0.06860730593607306
2019-07-01 07:00:00+00:00,16350.0,2.1211979600825242e-05,10942.8,0.06860730593607306
2019-07-01 07:00:00+00:00,16608.333333333332,1.596795504679131e-05,10942.8,0.06860730593607306
2019-07-01 07:00:00+00:00,16866.666666666664,1.9233506551012104e-05,10942.8,0.06860730593607306
2019-07-01 07:00:00+00:00,17125.0,1.8228368600643232e-05,10942.8,0.06860730593607306
2019-07-01 07:00:00+00:00,17383.333333333332,1.0436582393381842e-05,10942.8,0.06860730593607306
2019-07-01 07:00:00+00:00,17641.666666666664,1.3810897583032329e-05,10942.8,0.06860730593607306
2019-07-01 07:00:00+00:00,17900.0,1.2907745968417561e-05,10942.8,0.06860730593607306
2019-07-01 07:00:00+00:00,18158.333333333332,6.803644726030902e-06,10942.8,0.06860730593607306
2019-07-01 07:00:00+00:00,18416.666666666664,1.1682122137746859e-05,10942.8,0.06860730593607306
2019-07-01 07:00:00+00:00,18675.0,7.246822048625823e-06,10942.8,0.06860730593607306
2019-07-01 07:00:00+00:00,18933.333333333332,5.086523069909464e-06,10942.8,0.06860730593607306
2019-07-01 07:00:00+00:00,19191.666666666664,9.897030575444134e-06,10942.8,0.06860730593607306
2019-07-01 07:00:00+00:00,19450.0,2.9275656001189174e-06,10942.8,0.06860730593607306
2019-07-01 07:00:00+00:00,19708.333333333332,6.478223571669292e-06,10942.8,0.06860730593607306
2019-07-01 07:00:00+00:00,19966.666666666664,4.0945104554520715e-06,10942.8,0.06860730593607306
2019-07-01 07:00:00+00:00,20225.0,3.343489801723605e-06,10942.8,0.06860730593607306
2019-07-01 07:00:00+00:00,20483.333333333332,4.956311868378608e-06,10942.8,0.06860730593607306
2019-07-01 07:00:00+00:00,20741.666666666664,1.277555927676183e-06,10942.8,0.06860730593607306
2019-07-01 07:30:00+00:00,5758.333333333333,4.448282387481888e-05,10997.32,0.06855022831050228
2019-07-01 07:30:00+00:00,6016.666666666667,3.5663044503680784e-05,10997.32,0.06855022831050228
2019-07-01 07:30:00+00:00,6275.0,3.517239513084918e-05,10997.32,0.06855022831050228
2019-07-01 07:30:00+00:00,6533.333333333333,3.975107884560761e-05,10997.32,0.06855022831050228
2019-07-01 07:30:00+00:00,6791.666666666666,4.679572186672931e-05,10997.32,0.06855022831050228
2019-07-01 07:30:00+00:00,7050.0,6.191072867300107e-05,10997.32,0.06855022831050228
2019-07-01 07:30:00+00:00,7308.333333333333,7.154016145032277e-05,10997.32,0.06855022831050228
2019-07-01 07:30:00+00:00,7566.666666666666,8.430575958718346e-05,10997.32,0.06855022831050228
2019-07-01 07:30:00+00:00,7825.0,0.00010070264714989048,10997.32,0.06855022831050228
2019-07-01 07:30:00+00:00,8083.333333333333,0.00011284952611524279,10997.32,0.06855022831050228
2019-07-01 07:30:00+00:00,8341.666666666666,0.00011571505371070434,10997.32,0.06855022831050228
2019-07-01 07:30:00+00:00,8600.0,0.0001504219679980224,10997.32,0.06855022831050228
2019-07-01 07:30:00+00:00,8858.333333333332,0.00013611844922014165,10997.32,0.06855022831050228
2019-07-01 07:30:00+00:00,9116.666666666666,0.00014366263861992985,10997.32,0.06855022831050228
2019-07-01 07:30:00+00:00,9375.0,0.0001605218053812307,10997.32,0.06855022831050228
2019-07-01 07:30:00+00:00,9633.333333333332,0.00016458338920941808,10997.32,0.06855022831050228
2019-07-01 07:30:00+00:00,9891.666666666666,0.00015411510172409358,10997.32,0.06855022831050228
2019-07-01 07:30:00+00:00,10150.0,0.00015384714165507117,10997.32,0.06855022831050228
2019-07-01 07:30:00+00:00,10408.333333333332,0.0001518791788517471,10997.32,0.06855022831050228
2019-07-01 07:30:00+00:00,10666.666666666666,0.00014835545829826254,10997.32,0.06855022831050228
2019-07-01 07:30:00+00:00,10925.0,0.00014346481009603945,10997.32,0.06855022831050228
2019-07-01 07:30:00+00:00,11183.333333333332,0.00013742778464495922,10997.32,0.06855022831050228
2019-07-01 07:30:00+00:00,11441.666666666666,0.00013048324362181465,10997.32,0.06855022831050228
2019-07-01 07:30:00+00:00,11700.0,0.0001228753809393017,10997.32,0.06855022831050228
2019-07-01 07:30:00+00:00,11958.333333333332,0.00011484199216238208,10997.32,0.06855022831050228
2019-07-01 07:30:00+00:00,12216.666666666666,0.00010660460580117906,10997.32,0.06855022831050228
2019-07-01 07:30:00+00:00,12475.0,9.836086269181076e-05,10997.32,0.06855022831050228
2019-07-01 07:30:00+00:00,12733.333333333332,9.027930519055444e-05,10997.32,0.06855022831050228
2019-07-01 07:30:00+00:00,12991.666666666666,8.249653637237516e-05,10997.32,0.06855022831050228
2019-07-01 07:30:00+00:00,13250.0,7.511654509208634e-05,10997.32,0.06855022831050228
2019-07-01 07:30:00+00:00,13508.333333333332,6.821187355146321e-05,10997.32,0.06855022831050228
2019-07-01 07:30:00+00:00,13766.666666666666,6.845517122099635e-05,10997.32,0.06855022831050228
2019-07-01 07:30:00+00:00,14025.0,6.313497444212554e-05,10997.32,0.06855022831050228
2019-07-01 07:30:00+00:00,14283.333333333332,4.940182195838239e-05,10997.32,0.06855022831050228
2019-07-01 07:30:00+00:00,14541.666666666666,4.437631413204306e-05,10997.32,0.06855022831050228
2019-07-01 07:30:00+00:00,14800.0,3.991564495991279e-05,10997.32,0.06855022831050228
2019-07-01 07:30:00+00:00,15058.333333333332,4.396748976307257e-05,10997.32,0.06855022831050228
2019-07-01 07:30:00+00:00,15316.666666666666,3.737292427878599e-05,10997.32,0.06855022831050228
2019-07-01 07:30:00+00:00,15575.0,2.73189106850016e-05,10997.32,0.06855022831050228
2019-07-01 07:30:00+00:00,15833.333333333332,2.46711848214533e-05,10997.32,0.06855022831050228
2019-07-01 07:30:00+00:00,16091.666666666666,3.157870691884352e-05,10997.32,0.06855022831050228
2019-07-01 07:30:00+00:00,16350.0,2.1838148244360553e-05,10997.32,0.06855022831050228
2019-07-01 07:30:00+00:00,16608.333333333332,1.64433438290688e-05,10997.32,0.06855022831050228
2019-07-01 07:30:00+00:00,16866.666666666664,1.981225790558072e-05,10997.32,0.06855022831050228
2019-07-01 07:30:00+00:00,17125.0,1.8786980304048172e-05,10997.32,0.06855022831050228
2019-07-01 07:30:00+00:00,17383.333333333332,1.0759611689670957e-05,10997.32,0.06855022831050228
2019-07-01 07:30:00+00:00,17641.666666666664,1.4241658593623617e-05,10997.32,0.06855022831050228
2019-07-01 07:30:00+00:00,17900.0,1.3317334671768439e-05,10997.32,0.06855022831050228
2019-07-01 07:30:00+00:00,18158.333333333332,7.021063972220238e-06,10997.32,0.06855022831050228
2019-07-01 07:30:00+00:00,18416.666666666664,1.2059199397439685e-05,10997.32,0.06855022831050228
2019-07-01 07:30:00+00:00,18675.0,7.484770530468276e-06,10997.32,0.06855022831050228
2019-07-01 07:30:00+00:00,18933.333333333332,5.253538409077183e-06,10997.32,0.06855022831050228
2019-07-01 07:30:00+00:00,19191.666666666664,1.0227675268622644e-05,10997.32,0.06855022831050228
2019-07-01 07:30:00+00:00,19450.0,3.026779803632985e-06,10997.32,0.06855022831050228
2019-07-01 07:30:00+00:00,19708.333333333332,6.698515607894268e-06,10997.32,0.06855022831050228
2019-07-01 07:30:00+00:00,19966.666666666664,4.236304542189686e-06,10997.32,0.06855022831050228
2019-07-01 07:30:00+00:00,20225.0,3.4592758250124695e-06,10997.32,0.06855022831050228
2019-07-01 07:30:00+00:00,20483.333333333332,5.1312196848405006e-06,10997.32,0.06855022831050228
2019-07-01 07:30:00+00:00,20741.666666666664,1.322640765687083e-06,10997.32,0.06855022831050228
2019-07-01 08:00:00+00:00,5758.333333333333,9.297646400680836e-06,11020.57,0.0684931506849315
2019-07-01 08:00:00+00:00,6016.666666666667,1.6188298766036723e-05,11020.57,0.0684931506849315
2019-07-01 08:00:00+00:00,6275.0,2.510179979978591e-05,11020.57,0.0684931506849315
2019-07-01 08:00:00+00:00,6533.333333333333,3.492582513690574e-05,11020.57,0.0684931506849315
2019-07-01 08:00:00+00:00,6791.666666666666,4.486132095986145e-05,11020.57,0.0684931506849315
2019-07-01 08:00:00+00:00,7050.0,6.173204620249848e-05,11020.57,0.0684931506849315
2019-07-01 08:00:00+00:00,7308.333333333333,7.252743400122098e-05,11020.57,0.0684931506849315
2019-07-01 08:00:00+00:00,7566.666666666666,8.597846388554019e-05,11020.57,0.0684931506849315
2019-07-01 08:00:00+00:00,7825.0,0.00010293178530369215,11020.57,0.0684931506849315
2019-07-01 08:00:00+00:00,8083.333333333333,0.00011535262644662233,11020.57,0.0684931506849315
2019-07-01 08:00:00+00:00,8341.666666666666,0.00011816589178089218,11020.57,0.0684931506849315
2019-07-01 08:00:00+00:00,8600.0,0.00015335117380056503,11020.57,0.0684931506849315
2019-07-01 08:00:00+00:00,8858.333333333332,0.00013850003441962848,11020.57,0.0684931506849315
2019-07-01 08:00:00+00:00,9116.666666666666,0.00014592166911280366,11020.57,0.0684931506849315
2019-07-01 08:00:00+00:00,9375.0,0.00016275254680545397,11020.57,0.0684931506849315
2019-07-01 08:00:00+00:00,9633.333333333332,0.00016658891378371096,11020.57,0.0684931506849315
2019-07-01 08:00:00+00:00,9891.666666666666,0.00015577505713832118,11020.57,0.0684931506849315
2019-07-01 08:00:00+00:00,10150.0,0.00015534053180244752,11020.57,0.0684931506849315
2019-07-01 08:00:00+00:00,10408.333333333332,0.00015322991345104666,11020.57,0.0684931506849315
2019-07-01 08:00:00+00:00,10666.666666666666,0.00014959225691490625,11020.57,0.0684931506849315
2019-07-01 08:00:00+00:00,10925.0,0.00014461748227151297,11020.57,0.0684931506849315
2019-07-01 08:00:00+00:00,11183.333333333332,0.00013852412561817098,11020.57,0.0684931506849315
2019-07-01 08:00:00+00:00,11441.666666666666,0.0001315467612038179,11020.57,0.0684931506849315
2019-07-01 08:00:00+00:00,11700.0,0.00012392393512774527,11020.57,0.0684931506849315
2019-07-01 08:00:00+00:00,11958.333333333332,0.0001158873101684589,11020.57,0.0684931506849315
2019-07-01 08:00:00+00:00,12216.666666666666,0.00010765254366218366,11020.57,0.0684931506849315
2019-07-01 08:00:00+00:00,12475.0,9.941222666255101e-05,11020.57,0.0684931506849315
2019-07-01 08:00:00+00:00,12733.333333333332,9.133102204665226e-05,11020.57,0.0684931506849315
2019-07-01 08:00:00+00:00,12991.666666666666,8.354296748833766e-05,11020.57,0.0684931506849315
2019-07-01 08:00:00+00:00,13250.0,7.615076761233541e-05,11020.57,0.0684931506849315
2019-07-01 08:00:00+00:00,13508.333333333332,6.922679474681404e-05,11020.57,0.0684931506849315
2019-07-01 08:00:00+00:00,13766.666666666666,6.956174886939348e-05,11020.57,0.0684931506849315
2019-07-01 08:00:00+00:00,14025.0,6.425270868142384e-05,11020.57,0.0684931506849315
2019-07-01 08:00:00+00:00,14283.333333333332,5.034482793512696e-05,11020.57,0.0684931506849315
2019-07-01 08:00:00+00:00,14541.666666666666,4.527221847141316e-05,11020.57,0.0684931506849315
2019-07-01 08:00:00+00:00,14800.0,4.0763215254920526e-05,11020.57,0.0684931506849315
2019-07-01 08:00:00+00:00,15058.333333333332,4.4961407154287646e-05,11020.57,0.0684931506849315
2019-07-01 08:00:00+00:00,15316.666666666666,3.828000075910576e-05,11020.57,0.0684931506849315
2019-07-01 08:00:00+00:00,15575.0,2.8013841110016252e-05,11020.57,0.0684931506849315
2019-07-01 08:00:00+00:00,15833.333333333332,2.531683362236608e-05,11020.57,0.0684931506849315
2019-07-01 08:00:00+00:00,16091.666666666666,3.244821744660971e-05,11020.57,0.0684931506849315
2019-07-01 08:00:00+00:00,16350.0,2.2473557252172103e-05,11020.57,0.0684931506849315
2019-07-01 08:00:00+00:00,16608.333333333332,1.6932594769205586e-05,11020.57,0.0684931506849315
2019-07-01 08:00:00+00:00,16866.666666666664,2.0418254809000634e-05,11020.57,0.0684931506849315
2019-07-01 08:00:00+00:00,17125.0,1.938796236468705e-05,11020.57,0.0684931506849315
2019-07-01 08:00:00+00:00,17383.333333333332,1.1111656193758889e-05,11020.57,0.0684931506849315
2019-07-01 08:00:00+00:00,17641.666666666664,1.4715710162944497e-05,11020.57,0.0684931506849315
2019-07-01 08:00:00+00:00,17900.0,1.37762695304779e-05,11020.57,0.0684931506849315
2019-07-01 08:00:00+00:00,18158.333333333332,7.266012722089176e-06,11020.57,0.0684931506849315
2019-07-01 08:00:00+00:00,18416.666666666664,1.2487289392514683e-05,11020.57,0.0684931506849315
2019-07-01 08:00:00+00:00,18675.0,7.757094486085667e-06,11020.57,0.0684931506849315
2019-07-01 08:00:00+00:00,18933.333333333332,5.444681792127568e-06,11020.57,0.0684931506849315
2019-07-01 08:00:00+00:00,19191.666666666664,1.0607131911501338e-05,11020.57,0.0684931506849315
2019-07-01 08:00:00+00:00,19450.0,3.1403846002768583e-06,11020.57,0.0684931506849315
2019-07-01 08:00:00+00:00,19708.333333333332,6.950626157368156e-06,11020.57,0.0684931506849315
2019-07-01 08:00:00+00:00,19966.666666666664,4.397190607739444e-06,11020.57,0.0684931506849315
2019-07-01 08:00:00+00:00,20225.0,3.590651950499773e-06,11020.57,0.0684931506849315
2019-07-01 08:00:00+00:00,20483.333333333332,5.32678006754621e-06,11020.57,0.0684931506849315
2019-07-01 08:00:00+00:00,20741.666666666664,1.37304907992951e-06,11020.57,0.0684931506849315
2019-07-01 08:30:00+00:00,5758.333333333333,1.0428098240336892e-05,11198.72,0.06843607305936072
2019-07-01 08:30:00+00:00,6016.666666666667,1.5698827441073854e-05,11198.72,0.06843607305936072
2019-07-01 08:30:00+00:00,6275.0,2.2365912365527634e-05,11198.72,0.06843607305936072
2019-07-01 08:30:00+00:00,6533.333333333333,3.0023072014140054e-05,11198.72,0.06843607305936072
2019-07-01 08:30:00+00:00,6791.666666666666,3.827314634464987e-05,11198.72,0.06843607305936072
2019-07-01 08:30:00+00:00,7050.0,5.2979476314434206e-05,11198.72,0.06843607305936072
2019-07-01 08:30:00+00:00,7308.333333333333,6.303215144712607e-05,11198.72,0.06843607305936072
2019-07-01 08:30:00+00:00,7566.666666666666,7.571153003513855e-05,11198.72,0.06843607305936072
2019-07-01 08:30:00+00:00,7825.0,9.201617130121362e-05,11198.72,0.06843607305936072
2019-07-01 08:30:00+00:00,8083.333333333333,0.00010459517065303333,11198.72,0.06843607305936072
2019-07-01 08:30:00+00:00,8341.666666666666,0.00010862827388838524,11198.72,0.06843607305936072
2019-07-01 08:30:00+00:00,8600.0,0.00014298537992396603,11198.72,0.06843607305936072
2019-07-01 08:30:00+00:00,8858.333333333332,0.00013090846421908608,11198.72,0.06843607305936072
2019-07-01 08:30:00+00:00,9116.666666666666,0.00013948720548790435,11198.72,0.06843607305936072
2019-07-01 08:30:00+00:00,9375.0,0.00015737852219315705,11198.72,0.06843607305936072
2019-07-01 08:30:00+00:00,9633.333333333332,0.0001629048095463136,11198.72,0.06843607305936072
2019-07-01 08:30:00+00:00,9891.666666666666,0.00015387909625756994,11198.72,0.06843607305936072
2019-07-01 08:30:00+00:00,10150.0,0.0001547995997246635,11198.72,0.06843607305936072
2019-07-01 08:30:00+00:00,10408.333333333332,0.00015394957333125382,11198.72,0.06843607305936072
2019-07-01 08:30:00+00:00,10666.666666666666,0.00015144203957913433,11198.72,0.06843607305936072
2019-07-01 08:30:00+00:00,10925.0,0.0001474419613658545,11198.72,0.06843607305936072
2019-07-01 08:30:00+00:00,11183.333333333332,0.00014215395697881234,11198.72,0.06843607305936072
2019-07-01 08:30:00+00:00,11441.666666666666,0.0001358088782754325,11198.72,0.06843607305936072
2019-07-01 08:30:00+00:00,11700.0,0.00012865030409837708,11198.72,0.06843607305936072
2019-07-01 08:30:00+00:00,11958.333333333332,0.00012092187585306865,11198.72,0.06843607305936072
2019-07-01 08:30:00+00:00,12216.666666666666,0.00011285621389937467,11198.72,0.06843607305936072
2019-07-01 08:30:00+00:00,12475.0,0.000104665929644519,11198.72,0.06843607305936072
2019-07-01 08:30:00+00:00,12733.333333333332,9.653701562119375e-05,11198.72,0.06843607305936072
2019-07-01 08:30:00+00:00,12991.666666666666,8.862467726404707e-05,11198.72,0.06843607305936072
2019-07-01 08:30:00+00:00,13250.0,8.105148289113957e-05,11198.72,0.06843607305936072
2019-07-01 08:30:00+00:00,13508.333333333332,7.390756357318168e-05,11198.72,0.06843607305936072
2019-07-01 08:30:00+00:00,13766.666666666666,7.450314882502635e-05,11198.72,0.06843607305936072
2019-07-01 08:30:00+00:00,14025.0,6.905625496330758e-05,11198.72,0.06843607305936072
2019-07-01 08:30:00+00:00,14283.333333333332,5.4265022273057466e-05,11198.72,0.06843607305936072
2019-07-01 08:30:00+00:00,14541.666666666666,4.890415816442405e-05,11198.72,0.06843607305936072
2019-07-01 08:30:00+00:00,14800.0,4.4122634029199695e-05,11198.72,0.06843607305936072
2019-07-01 08:30:00+00:00,15058.333333333332,4.8792243549178366e-05,11198.72,0.06843607305936072
2019-07-01 08:30:00+00:00,15316.666666666666,4.166835975627305e-05,11198.72,0.06843607305936072
2019-07-01 08:30:00+00:00,15575.0,3.055822005462458e-05,11198.72,0.06843607305936072
2019-07-01 08:30:00+00:00,15833.333333333332,2.7653115106749925e-05,11198.72,0.06843607305936072
2019-07-01 08:30:00+00:00,16091.666666666666,3.5531372257261755e-05,11198.72,0.06843607305936072
2019-07-01 08:30:00+00:00,16350.0,2.4681578658336887e-05,11198.72,0.06843607305936072
2019-07-01 08:30:00+00:00,16608.333333333332,1.8620480089776776e-05,11198.72,0.06843607305936072
2019-07-01 08:30:00+00:00,16866.666666666664,2.2490624926805453e-05,11198.72,0.06843607305936072
2019-07-01 08:30:00+00:00,17125.0,2.1419350900404446e-05,11198.72,0.06843607305936072
2019-07-01 08:30:00+00:00,17383.333333333332,1.229673458262759e-05,11198.72,0.06843607305936072
2019-07-01 08:30:00+00:00,17641.666666666664,1.6306597125038163e-05,11198.72,0.06843607305936072
2019-07-01 08:30:00+00:00,17900.0,1.531247674290008e-05,11198.72,0.06843607305936072
2019-07-01 08:30:00+00:00,18158.333333333332,8.086681552449462e-06,11198.72,0.06843607305936072
2019-07-01 08:30:00+00:00,18416.666666666664,1.3923359796386825e-05,11198.72,0.06843607305936072
2019-07-01 08:30:00+00:00,18675.0,8.677081949907406e-06,11198.72,0.06843607305936072
2019-07-01 08:30:00+00:00,18933.333333333332,6.0904182856357434e-06,11198.72,0.06843607305936072
2019-07-01 08:30:00+00:00,19191.666666666664,1.1904578903034401e-05,11198.72,0.06843607305936072
2019-07-01 08:30:00+00:00,19450.0,3.5342831088443346e-06,11198.72,0.06843607305936072
2019-07-01 08:30:00+00:00,19708.333333333332,7.827622191435395e-06,11198.72,0.06843607305936072
2019-07-01 08:30:00+00:00,19966.666666666664,4.9696395145166094e-06,11198.72,0.06843607305936072
2019-07-01 08:30:00+00:00,20225.0,4.0581015034176705e-06,11198.72,0.06843607305936072
2019-07-01 08:30:00+00:00,20483.333333333332,6.042504182036487e-06,11198.72,0.06843607305936072
2019-07-01 08:30:00+00:00,20741.666666666664,1.5575365797744648e-06,11198.72,0.06843607305936072
2019-07-01 09:00:00+00:00,5758.333333333333,9.540163072170945e-06,11119.73,0.06837899543378996
2019-07-01 09:00:00+00:00,6016.666666666667,1.5300927251215727e-05,11119.73,0.06837899543378996
2019-07-01 09:00:00+00:00,6275.0,2.2917202797940005e-05,11119.73,0.06837899543378996
2019-07-01 09:00:00+00:00,6533.333333333333,3.172056551705245e-05,11119.73,0.06837899543378996
2019-07-01 09:00:00+00:00,6791.666666666666,4.10207967406152e-05,11119.73,0.06837899543378996
2019-07-01 09:00:00+00:00,7050.0,5.702940380877254e-05,11119.73,0.06837899543378996
2019-07-01 09:00:00+00:00,7308.333333333333,6.767590955428236e-05,11119.73,0.06837899543378996
2019-07-01 09:00:00+00:00,7566.666666666666,8.084115725066259e-05,11119.73,0.06837899543378996
2019-07-01 09:00:00+00:00,7825.0,9.749537096785686e-05,11119.73,0.06837899543378996
2019-07-01 09:00:00+00:00,8083.333333333333,0.00010995472182450673,11119.73,0.06837899543378996
2019-07-01 09:00:00+00:00,8341.666666666666,0.00011330631502630661,11119.73,0.06837899543378996
2019-07-01 09:00:00+00:00,8600.0,0.00014794366415725907,11119.73,0.06837899543378996
2019-07-01 09:00:00+00:00,8858.333333333332,0.00013441308070303746,11119.73,0.06837899543378996
2019-07-01 09:00:00+00:00,9116.666666666666,0.00014233188225642107,11119.73,0.06837899543378996
2019-07-01 09:00:00+00:00,9375.0,0.0001595931503924585,11119.73,0.06837899543378996
2019-07-01 09:00:00+00:00,9633.333333333332,0.00016422987887996618,11119.73,0.06837899543378996
2019-07-01 09:00:00+00:00,9891.666666666666,0.00015433837493377645,11119.73,0.06837899543378996
2019-07-01 09:00:00+00:00,10150.0,0.0001545999134584886,11119.73,0.06837899543378996
2019-07-01 09:00:00+00:00,10408.333333333332,0.00015316230247616823,11119.73,0.06837899543378996
2019-07-01 09:00:00+00:00,10666.666666666666,0.0001501528965822916,11119.73,0.06837899543378996
2019-07-01 09:00:00+00:00,10925.0,0.00014574421821505278,11119.73,0.06837899543378996
2019-07-01 09:00:00+00:00,11183.333333333332,0.0001401422651134824,11119.73,0.06837899543378996
2019-07-01 09:00:00+00:00,11441.666666666666,0.00013357407436389554,11119.73,0.06837899543378996
2019-07-01 09:00:00+00:00,11700.0,0.00012627543097654744,11119.73,0.06837899543378996
2019-07-01 09:00:00+00:00,11958.333333333332,0.0001184794923763124,11119.73,0.06837899543378996
2019-07-01 09:00:00+00:00,12216.666666666666,0.0001104069362691051,11119.73,0.06837899543378996
2019-07-01 09:00:00+00:00,12475.0,0.0001022580493347843,11119.73,0.06837899543378996
2019-07-01 09:00:00+00:00,12733.333333333332,9.420697859486764e-05,11119.73,0.06837899543378996
2019-07-01 09:00:00+00:00,12991.666666666666,8.639818385934808e-05,11119.73,0.06837899543378996
2019-07-01 09:00:00+00:00,13250.0,7.894497202889755e-05,11119.73,0.06837899543378996
2019-07-01 09:00:00+00:00,13508.333333333332,7.192987114416452e-05,11119.73,0.06837899543378996
2019-07-01 09:00:00+00:00,13766.666666666666,7.245153620215924e-05,11119.73,0.06837899543378996
2019-07-01 09:00:00+00:00,14025.0,6.70977689664666e-05,11119.73,0.06837899543378996
2019-07-01 09:00:00+00:00,14283.333333333332,5.268916078096241e-05,11119.73,0.06837899543378996
2019-07-01 09:00:00+00:00,14541.666666666666,4.745860298132332e-05,11119.73,0.06837899543378996
2019-07-01 09:00:00+00:00,14800.0,4.27969942054557e-05,11119.73,0.06837899543378996
2019-07-01 09:00:00+00:00,15058.333333333332,4.729550005109526e-05,11119.73,0.06837899543378996
2019-07-01 09:00:00+00:00,15316.666666666666,4.0357421066199824e-05,11119.73,0.06837899543378996
2019-07-01 09:00:00+00:00,15575.0,2.9579001638171033e-05,11119.73,0.06837899543378996
2019-07-01 09:00:00+00:00,15833.333333333332,2.6756577440936896e-05,11119.73,0.06837899543378996
2019-07-01 09:00:00+00:00,16091.666666666666,3.4353062622027004e-05,11119.73,0.06837899543378996
2019-07-01 09:00:00+00:00,16350.0,2.3839634991779962e-05,11119.73,0.06837899543378996
2019-07-01 09:00:00+00:00,16608.333333333332,1.7976757088838377e-05,11119.73,0.06837899543378996
2019-07-01 09:00:00+00:00,16866.666666666664,2.170009755810027e-05,11119.73,0.06837899543378996
2019-07-01 09:00:00+00:00,17125.0,2.064207978689803e-05,11119.73,0.06837899543378996
2019-07-01 09:00:00+00:00,17383.333333333332,1.1841806334189879e-05,11119.73,0.06837899543378996
2019-07-01 09:00:00+00:00,17641.666666666664,1.5694391114791994e-05,11119.73,0.06837899543378996
2019-07-01 09:00:00+00:00,17900.0,1.4716393639969886e-05,11119.73,0.06837899543378996
2019-07-01 09:00:00+00:00,18158.333333333332,7.76680169488852e-06,11119.73,0.06837899543378996
2019-07-01 09:00:00+00:00,18416.666666666664,1.3360103700921842e-05,11119.73,0.06837899543378996
2019-07-01 09:00:00+00:00,18675.0,8.311488267576726e-06,11119.73,0.06837899543378996
2019-07-01 09:00:00+00:00,18933.333333333332,5.833809155880504e-06,11119.73,0.06837899543378996
2019-07-01 09:00:00+00:00,19191.666666666664,1.1381060187639542e-05,11119.73,0.06837899543378996
2019-07-01 09:00:00+00:00,19450.0,3.3731044315775825e-06,11119.73,0.06837899543378996
2019-07-01 09:00:00+00:00,19708.333333333332,7.467607434422773e-06,11119.73,0.06837899543378996
2019-07-01 09:00:00+00:00,19966.666666666664,4.730142037692118e-06,11119.73,0.06837899543378996
2019-07-01 09:00:00+00:00,20225.0,3.862532978189721e-06,11119.73,0.06837899543378996
2019-07-01 09:00:00+00:00,20483.333333333332,5.7368607454941525e-06,11119.73,0.06837899543378996
2019-07-01 09:00:00+00:00,20741.666666666664,1.4787528804270108e-06,11119.73,0.06837899543378996
2019-07-01 09:30:00+00:00,5758.333333333333,8.314484870782522e-06,11140.73,0.06832191780821918
2019-07-01 09:30:00+00:00,6016.666666666667,1.3086741421675988e-05,11140.73,0.06832191780821918
2019-07-01 09:30:00+00:00,6275.0,2.0321945669372864e-05,11140.73,0.06832191780821918
2019-07-01 09:30:00+00:00,6533.333333333333,2.975144085218623e-05,11140.73,0.06832191780821918
2019-07-01 09:30:00+00:00,6791.666666666666,4.0269802364433626e-05,11140.73,0.06832191780821918
2019-07-01 09:30:00+00:00,7050.0,5.763087683723827e-05,11140.73,0.06832191780821918
2019-07-01 09:30:00+00:00,7308.333333333333,6.915563584559865e-05,11140.73,0.06832191780821918
2019-07-01 09:30:00+00:00,7566.666666666666,8.261062830334445e-05,11140.73,0.06832191780821918
2019-07-01 09:30:00+00:00,7825.0,9.918093742854936e-05,11140.73,0.06832191780821918
2019-07-01 09:30:00+00:00,8083.333333333333,0.00011124655043887034,11140.73,0.06832191780821918
2019-07-01 09:30:00+00:00,8341.666666666666,0.0001140419823927358,11140.73,0.06832191780821918
2019-07-01 09:30:00+00:00,8600.0,0.000148188623822811,11140.73,0.06832191780821918
2019-07-01 09:30:00+00:00,8858.333333333332,0.00013409845001609942,11140.73,0.06832191780821918
2019-07-01 09:30:00+00:00,9116.666666666666,0.00014160837030885906,11140.73,0.06832191780821918
2019-07-01 09:30:00+00:00,9375.0,0.0001584227499510855,11140.73,0.06832191780821918
2019-07-01 09:30:00+00:00,9633.333333333332,0.00016275761660290955,11140.73,0.06832191780821918
2019-07-01 09:30:00+00:00,9891.666666666666,0.0001528069662318321,11140.73,0.06832191780821918
2019-07-01 09:30:00+00:00,10150.0,0.00015300609147981398,11140.73,0.06832191780821918
2019-07-01 09:30:00+00:00,10408.333333333332,0.00015158847630499645,11140.73,0.06832191780821918
2019-07-01 09:30:00+00:00,10666.666666666666,0.0001486715544867996,11140.73,0.06832191780821918
2019-07-01 09:30:00+00:00,10925.0,0.00014441446854218085,11140.73,0.06832191780821918
2019-07-01 09:30:00+00:00,11183.333333333332,0.00013900783536753862,11140.73,0.06832191780821918
2019-07-01 09:30:00+00:00,11441.666666666666,0.00013266274284332266,11140.73,0.06832191780821918
2019-07-01 09:30:00+00:00,11700.0,0.00012559973276633093,11140.73,0.06832191780821918
2019-07-01 09:30:00+00:00,11958.333333333332,0.00011803844453434745,11140.73,0.06832191780821918
2019-07-01 09:30:00+00:00,12216.666666666666,0.00011018847139439641,11140.73,0.06832191780821918
2019-07-01 09:30:00+00:00,12475.0,0.00010224183186694119,11140.73,0.06832191780821918
2019-07-01 09:30:00+00:00,12733.333333333332,9.436729883973932e-05,11140.73,0.06832191780821918
2019-07-01 09:30:00+00:00,12991.666666666666,8.670667234359597e-05,11140.73,0.06832191780821918
2019-07-01 09:30:00+00:00,13250.0,7.937294131743158e-05,11140.73,0.06832191780821918
2019-07-01 09:30:00+00:00,13508.333333333332,7.245016367640301e-05,11140.73,0.06832191780821918
2019-07-01 09:30:00+00:00,13766.666666666666,7.31211308551163e-05,11140.73,0.06832191780821918
2019-07-01 09:30:00+00:00,14025.0,6.787212642415588e-05,11140.73,0.06832191780821918
2019-07-01 09:30:00+00:00,14283.333333333332,5.340197664300559e-05,11140.73,0.06832191780821918
2019-07-01 09:30:00+00:00,14541.666666666666,4.817348469371523e-05,11140.73,0.06832191780821918
2019-07-01 09:30:00+00:00,14800.0,4.350293372879621e-05,11140.73,0.06832191780821918
2019-07-01 09:30:00+00:00,15058.333333333332,4.816236051238698e-05,11140.73,0.06832191780821918
2019-07-01 09:30:00+00:00,15316.666666666666,4.118418872795146e-05,11140.73,0.06832191780821918
2019-07-01 09:30:00+00:00,15575.0,3.0228370596633733e-05,11140.73,0.06832191780821918
2019-07-01 09:30:00+00:00,15833.333333333332,2.736833874649539e-05,11140.73,0.06832191780821918
2019-07-01 09:30:00+00:00,16091.666666666666,3.519561838419631e-05,11140.73,0.06832191780821918
2019-07-01 09:30:00+00:00,16350.0,2.4468343153133035e-05,11140.73,0.06832191780821918
2019-07-01 09:30:00+00:00,16608.333333333332,1.846440386045524e-05,11140.73,0.06832191780821918
2019-07-01 09:30:00+00:00,16866.666666666664,2.2309416613735653e-05,11140.73,0.06832191780821918
2019-07-01 09:30:00+00:00,17125.0,2.125370320628125e-05,11140.73,0.06832191780821918
2019-07-01 09:30:00+00:00,17383.333333333332,1.2201879852247352e-05,11140.73,0.06832191780821918
2019-07-01 09:30:00+00:00,17641.666666666664,1.618106015289124e-05,11140.73,0.06832191780821918
2019-07-01 09:30:00+00:00,17900.0,1.5190284522801078e-05,11140.73,0.06832191780821918
2019-07-01 09:30:00+00:00,18158.333333333332,8.020072893310582e-06,11140.73,0.06832191780821918
2019-07-01 09:30:00+00:00,18416.666666666664,1.380356577581101e-05,11140.73,0.06832191780821918
2019-07-01 09:30:00+00:00,18675.0,8.593828900133225e-06,11140.73,0.06832191780821918
2019-07-01 09:30:00+00:00,18933.333333333332,6.031983214997104e-06,11140.73,0.06832191780821918
2019-07-01 09:30:00+00:00,19191.666666666664,1.177392930326053e-05,11140.73,0.06832191780821918
2019-07-01 09:30:00+00:00,19450.0,3.4903873731442505e-06,11140.73,0.06832191780821918
2019-07-01 09:30:00+00:00,19708.333333333332,7.727703660334374e-06,11140.73,0.06832191780821918
2019-07-01 09:30:00+00:00,19966.666666666664,4.895176049255248e-06,11140.73,0.06832191780821918
2019-07-01 09:30:00+00:00,20225.0,3.997296227814718e-06,11140.73,0.06832191780821918
2019-07-01 09:30:00+00:00,20483.333333333332,5.935866529976043e-06,11140.73,0.06832191780821918
2019-07-01 09:30:00+00:00,20741.666666666664,1.5300492932352013e-06,11140.73,0.06832191780821918
2019-07-01 10:00:00+00:00,5758.333333333333,1.0424022011295112e-05,11036.79,0.0682648401826484
2019-07-01 10:00:00+00:00,6016.666666666667,1.676538520559617e-05,11036.79,0.0682648401826484
2019-07-01 10:00:00+00:00,6275.0,2.504783912222462e-05,11036.79,0.0682648401826484
2019-07-01 10:00:00+00:00,6533.333333333333,3.443582365692097e-05,11036.79,0.0682648401826484
2019-07-01 10:00:00+00:00,6791.666666666666,4.416470425723013e-05,11036.79,0.0682648401826484
2019-07-01 10:00:00+00:00,7050.0,6.08420902382368e-05,11036.79,0.0682648401826484
2019-07-01 10:00:00+00:00,7308.333333333333,7.154082267922194e-05,11036.79,0.0682648401826484
2019-07-01 10:00:00+00:00,7566.666666666666,8.481036536258063e-05,11036.79,0.0682648401826484
2019-07-01 10:00:00+00:00,7825.0,0.00010150080729582089,11036.79,0.0682648401826484
2019-07-01 10:00:00+00:00,8083.333333333333,0.00011372213637511829,11036.79,0.0682648401826484
2019-07-01 10:00:00+00:00,8341.666666666666,0.00011649966013334813,11036.79,0.0682648401826484
2019-07-01 10:00:00+00:00,8600.0,0.00015125491061680822,11036.79,0.0682648401826484
2019-07-01 10:00:00+00:00,8858.333333333332,0.00013671838925452312,11036.79,0.0682648401826484
2019-07-01 10:00:00+00:00,9116.666666666666,0.00014419046932497308,11036.79,0.0682648401826484
2019-07-01 10:00:00+00:00,9375.0,0.00016103983085052727,11036.79,0.0682648401826484
2019-07-01 10:00:00+00:00,9633.333333333332,0.0001651058052431157,11036.79,0.0682648401826484
2019-07-01 10:00:00+00:00,9891.666666666666,0.0001546594588805544,11036.79,0.0682648401826484
2019-07-01 10:00:00+00:00,10150.0,0.00015449754143875225,11036.79,0.0682648401826484
2019-07-01 10:00:00+00:00,10408.333333333332,0.00015267580797551897,11036.79,0.0682648401826484
2019-07-01 10:00:00+00:00,10666.666666666666,0.00014932879237173892,11036.79,0.0682648401826484
2019-07-01 10:00:00+00:00,10925.0,0.000144633208434949,11036.79,0.0682648401826484
2019-07-01 10:00:00+00:00,11183.333333333332,0.00013879651882616397,11036.79,0.0682648401826484
2019-07-01 10:00:00+00:00,11441.666666666666,0.00013204488864240142,11036.79,0.0682648401826484
2019-07-01 10:00:00+00:00,11700.0,0.00012461135598495026,11036.79,0.0682648401826484
2019-07-01 10:00:00+00:00,11958.333333333332,0.00011672494119443388,11036.79,0.0682648401826484
2019-07-01 10:00:00+00:00,12216.666666666666,0.00010860126197505717,11036.79,0.0682648401826484
2019-07-01 10:00:00+00:00,12475.0,0.00010043504274260653,11036.79,0.0682648401826484
2019-07-01 10:00:00+00:00,12733.333333333332,9.23947220840581e-05,11036.79,0.0682648401826484
2019-07-01 10:00:00+00:00,12991.666666666666,8.461918872416767e-05,11036.79,0.0682648401826484
2019-07-01 10:00:00+00:00,13250.0,7.721652675545904e-05,11036.79,0.0682648401826484
2019-07-01 10:00:00+00:00,13508.333333333332,7.02645337063538e-05,11036.79,0.0682648401826484
2019-07-01 10:00:00+00:00,13766.666666666666,7.067347951443102e-05,11036.79,0.0682648401826484
2019-07-01 10:00:00+00:00,14025.0,6.534310632087428e-05,11036.79,0.0682648401826484
2019-07-01 10:00:00+00:00,14283.333333333332,5.1235885013711045e-05,11036.79,0.0682648401826484
2019-07-01 10:00:00+00:00,14541.666666666666,4.609535007743591e-05,11036.79,0.0682648401826484
2019-07-01 10:00:00+00:00,14800.0,4.152090011928429e-05,11036.79,0.0682648401826484
2019-07-01 10:00:00+00:00,15058.333333333332,4.581638695183209e-05,11036.79,0.0682648401826484
2019-07-01 10:00:00+00:00,15316.666666666666,3.9021164435982617e-05,11036.79,0.0682648401826484
2019-07-01 10:00:00+00:00,15575.0,2.8559503105232434e-05,11036.79,0.0682648401826484
2019-07-01 10:00:00+00:00,15833.333333333332,2.5811091700405496e-05,11036.79,0.0682648401826484
2019-07-01 10:00:00+00:00,16091.666666666666,3.308107172708966e-05,11036.79,0.0682648401826484
2019-07-01 10:00:00+00:00,16350.0,2.29069964029641e-05,11036.79,0.0682648401826484
2019-07-01 10:00:00+00:00,16608.333333333332,1.7256055274598353e-05,11036.79,0.0682648401826484
2019-07-01 10:00:00+00:00,16866.666666666664,2.0803551989875423e-05,11036.79,0.0682648401826484
2019-07-01 10:00:00+00:00,17125.0,1.9741779819269366e-05,11036.79,0.0682648401826484
2019-07-01 10:00:00+00:00,17383.333333333332,1.1309245474020073e-05,11036.79,0.0682648401826484
2019-07-01 10:00:00+00:00,17641.666666666664,1.4972050938225919e-05,11036.79,0.0682648401826484
2019-07-01 10:00:00+00:00,17900.0,1.4001882833958626e-05,11036.79,0.0682648401826484
2019-07-01 10:00:00+00:00,18158.333333333332,7.38124866725925e-06,11036.79,0.0682648401826484
2019-07-01 10:00:00+00:00,18416.666666666664,1.267607561485936e-05,11036.79,0.0682648401826484
2019-07-01 10:00:00+00:00,18675.0,7.86290652219898e-06,11036.79,0.0682648401826484
2019-07-01 10:00:00+00:00,18933.333333333332,5.518950948890778e-06,11036.79,0.0682648401826484
2019-07-01 10:00:00+00:00,19191.666666666664,1.0733800896953761e-05,11036.79,0.0682648401826484
2019-07-01 10:00:00+00:00,19450.0,3.173017294053854e-06,11036.79,0.0682648401826484
2019-07-01 10:00:00+00:00,19708.333333333332,7.020271574385087e-06,11036.79,0.0682648401826484
2019-07-01 10:00:00+00:00,19966.666666666664,4.43181311666004e-06,11036.79,0.0682648401826484
2019-07-01 10:00:00+00:00,20225.0,3.618923951938257e-06,11036.79,0.0682648401826484
2019-07-01 10:00:00+00:00,20483.333333333332,5.356089323017831e-06,11036.79,0.0682648401826484
2019-07-01 10:00:00+00:00,20741.666666666664,1.3806039340343595e-06,11036.79,0.0682648401826484
2019-07-01 10:30:00+00:00,5758.333333333333,9.234649362776324e-06,11015.945,0.06820776255707763
2019-07-01 10:30:00+00:00,6016.666666666667,1.5453218651655957e-05,11015.945,0.06820776255707763
2019-07-01 10:30:00+00:00,6275.0,2.4321840586627265e-05,11015.945,0.06820776255707763
2019-07-01 10:30:00+00:00,6533.333333333333,3.4792018198901324e-05,11015.945,0.06820776255707763
2019-07-01 10:30:00+00:00,6791.666666666666,4.5519882446878674e-05,11015.945,0.06820776255707763
2019-07-01 10:30:00+00:00,7050.0,6.310547447893672e-05,11015.945,0.06820776255707763
2019-07-01 10:30:00+00:00,7308.333333333333,7.404616311903919e-05,11015.945,0.06820776255707763
2019-07-01 10:30:00+00:00,7566.666666666666,8.736950804397318e-05,11015.945,0.06820776255707763
2019-07-01 10:30:00+00:00,7825.0,0.0001039644477149077,11015.945,0.06820776255707763
2019-07-01 10:30:00+00:00,8083.333333333333,0.00011588338430219195,11015.945,0.06820776255707763
2019-07-01 10:30:00+00:00,8341.666666666666,0.00011816906757273934,11015.945,0.06820776255707763
2019-07-01 10:30:00+00:00,8600.0,0.0001527662084809371,11015.945,0.06820776255707763
2019-07-01 10:30:00+00:00,8858.333333333332,0.0001375696153382499,11015.945,0.06820776255707763
2019-07-01 10:30:00+00:00,9116.666666666666,0.00014468444044690498,11015.945,0.06820776255707763
2019-07-01 10:30:00+00:00,9375.0,0.00016117745222109193,11015.945,0.06820776255707763
2019-07-01 10:30:00+00:00,9633.333333333332,0.0001648802668819099,11015.945,0.06820776255707763
2019-07-01 10:30:00+00:00,9891.666666666666,0.0001541771009744534,11015.945,0.06820776255707763
2019-07-01 10:30:00+00:00,10150.0,0.00015381357877807908,11015.945,0.06820776255707763
2019-07-01 10:30:00+00:00,10408.333333333332,0.00015184106650545378,11015.945,0.06820776255707763
2019-07-01 10:30:00+00:00,10666.666666666666,0.00014839288661736547,11015.945,0.06820776255707763
2019-07-01 10:30:00+00:00,10925.0,0.00014364184546692422,11015.945,0.06820776255707763
2019-07-01 10:30:00+00:00,11183.333333333332,0.00013778952426103663,11015.945,0.06820776255707763
2019-07-01 10:30:00+00:00,11441.666666666666,0.00013105500017749605,11015.945,0.06820776255707763
2019-07-01 10:30:00+00:00,11700.0,0.00012366374908589318,11015.945,0.06820776255707763
2019-07-01 10:30:00+00:00,11958.333333333332,0.000115837388696379,11015.945,0.06820776255707763
2019-07-01 10:30:00+00:00,12216.666666666666,0.00010778478826322104,11015.945,0.06820776255707763
2019-07-01 10:30:00+00:00,12475.0,9.969491427681269e-05,11015.945,0.06820776255707763
2019-07-01 10:30:00+00:00,12733.333333333332,9.1731617088008e-05,11015.945,0.06820776255707763
2019-07-01 10:30:00+00:00,12991.666666666666,8.403040575610284e-05,11015.945,0.06820776255707763
2019-07-01 10:30:00+00:00,13250.0,7.66971195090732e-05,11015.945,0.06820776255707763
2019-07-01 10:30:00+00:00,13508.333333333332,6.980829248671839e-05,11015.945,0.06820776255707763
2019-07-01 10:30:00+00:00,13766.666666666666,7.023289868451317e-05,11015.945,0.06820776255707763
2019-07-01 10:30:00+00:00,14025.0,6.495437896153429e-05,11015.945,0.06820776255707763
2019-07-01 10:30:00+00:00,14283.333333333332,5.0942675831558524e-05,11015.945,0.06820776255707763
2019-07-01 10:30:00+00:00,14541.666666666666,4.583873931671292e-05,11015.945,0.06820776255707763
2019-07-01 10:30:00+00:00,14800.0,4.129526958137498e-05,11015.945,0.06820776255707763
2019-07-01 10:30:00+00:00,15058.333333333332,4.557391707149515e-05,11015.945,0.06820776255707763
2019-07-01 10:30:00+00:00,15316.666666666666,3.881885472569285e-05,11015.945,0.06820776255707763
2019-07-01 10:30:00+00:00,15575.0,2.8412050489446417e-05,11015.945,0.06820776255707763
2019-07-01 10:30:00+00:00,15833.333333333332,2.567782507800278e-05,11015.945,0.06820776255707763
2019-07-01 10:30:00+00:00,16091.666666666666,3.290863206975906e-05,11015.945,0.06820776255707763
2019-07-01 10:30:00+00:00,16350.0,2.278394372346976e-05,11015.945,0.06820776255707763
2019-07-01 10:30:00+00:00,16608.333333333332,1.716129614257368e-05,11015.945,0.06820776255707763
2019-07-01 10:30:00+00:00,16866.666666666664,2.068616441562569e-05,11015.945,0.06820776255707763
2019-07-01 10:30:00+00:00,17125.0,1.9622626461127256e-05,11015.945,0.06820776255707763
2019-07-01 10:30:00+00:00,17383.333333333332,1.1237646365347041e-05,11015.945,0.06820776255707763
2019-07-01 10:30:00+00:00,17641.666666666664,1.4873826321211391e-05,11015.945,0.06820776255707763
2019-07-01 10:30:00+00:00,17900.0,1.390069308306888e-05,11015.945,0.06820776255707763
2019-07-01 10:30:00+00:00,18158.333333333332,7.325429696067206e-06,11015.945,0.06820776255707763
2019-07-01 10:30:00+00:00,18416.666666666664,1.2574116329236119e-05,11015.945,0.06820776255707763
2019-07-01 10:30:00+00:00,18675.0,7.791994432088574e-06,11015.945,0.06820776255707763
2019-07-01 10:30:00+00:00,18933.333333333332,5.469177961523178e-06,11015.945,0.06820776255707763
2019-07-01 10:30:00+00:00,19191.666666666664,1.062474567503426e-05,11015.945,0.06820776255707763
2019-07-01 10:30:00+00:00,19450.0,3.13741442569576e-06,11015.945,0.06820776255707763
2019-07-01 10:30:00+00:00,19708.333333333332,6.93971440573092e-06,11015.945,0.06820776255707763
2019-07-01 10:30:00+00:00,19966.666666666664,4.374331989885992e-06,11015.945,0.06820776255707763
2019-07-01 10:30:00+00:00,20225.0,3.571986091294912e-06,11015.945,0.06820776255707763
2019-07-01 10:30:00+00:00,20483.333333333332,5.277613613871062e-06,11015.945,0.06820776255707763
2019-07-01 10:30:00+00:00,20741.666666666664,1.3603757663844533e-06,11015.945,0.06820776255707763
2019-07-01 11:00:00+00:00,5758.333333333333,1.4401301908830245e-05,11013.71,0.06815068493150685
2019-07-01 11:00:00+00:00,6016.666666666667,2.161023093679252e-05,11013.71,0.06815068493150685
2019-07-01 11:00:00+00:00,6275.0,2.946231338777833e-05,11013.71,0.06815068493150685
2019-07-01 11:00:00+00:00,6533.333333333333,3.7735530282200024e-05,11013.71,0.06815068493150685
2019-07-01 11:00:00+00:00,6791.666666666666,4.639525462712608e-05,11013.71,0.06815068493150685
2019-07-01 11:00:00+00:00,7050.0,6.23528540074838e-05,11013.71,0.06815068493150685
2019-07-01 11:00:00+00:00,7308.333333333333,7.236772733803334e-05,11013.71,0.06815068493150685
2019-07-01 11:00:00+00:00,7566.666666666666,8.528716676117046e-05,11013.71,0.06815068493150685
2019-07-01 11:00:00+00:00,7825.0,0.00010172406552995049,11013.71,0.06815068493150685
2019-07-01 11:00:00+00:00,8083.333333333333,0.00011377650686652866,11013.71,0.06815068493150685
2019-07-01 11:00:00+00:00,8341.666666666666,0.00011644190319392607,11013.71,0.06815068493150685
2019-07-01 11:00:00+00:00,8600.0,0.00015109132795730276,11013.71,0.06815068493150685
2019-07-01 11:00:00+00:00,8858.333333333332,0.00013652165972151414,11013.71,0.06815068493150685
2019-07-01 11:00:00+00:00,9116.666666666666,0.0001439539039420938,11013.71,0.06815068493150685
2019-07-01 11:00:00+00:00,9375.0,0.00016074862520210778,11013.71,0.06815068493150685
2019-07-01 11:00:00+00:00,9633.333333333332,0.0001647807659142274,11013.71,0.06815068493150685
2019-07-01 11:00:00+00:00,9891.666666666666,0.0001543287563732235,11013.71,0.06815068493150685
2019-07-01 11:00:00+00:00,10150.0,0.00015413806531761311,11013.71,0.06815068493150685
2019-07-01 11:00:00+00:00,10408.333333333332,0.0001522856078838229,11013.71,0.06815068493150685
2019-07-01 11:00:00+00:00,10666.666666666666,0.00014890578423893474,11013.71,0.06815068493150685
2019-07-01 11:00:00+00:00,10925.0,0.00014417579768072157,11013.71,0.06815068493150685
2019-07-01 11:00:00+00:00,11183.333333333332,0.0001383040990307485,11013.71,0.06815068493150685
2019-07-01 11:00:00+00:00,11441.666666666666,0.00013151817461045629,11013.71,0.06815068493150685
2019-07-01 11:00:00+00:00,11700.0,0.00012405253247106356,11013.71,0.06815068493150685
2019-07-01 11:00:00+00:00,11958.333333333332,0.00011613763107810406,11013.71,0.06815068493150685
2019-07-01 11:00:00+00:00,12216.666666666666,0.00010799033720370927,11013.71,0.06815068493150685
2019-07-01 11:00:00+00:00,12475.0,9.980631574554703e-05,11013.71,0.06815068493150685
2019-07-01 11:00:00+00:00,12733.333333333332,9.17545635129136e-05,11013.71,0.06815068493150685
2019-07-01 11:00:00+00:00,12991.666666666666,8.397411922627582e-05,11013.71,0.06815068493150685
2019-07-01 11:00:00+00:00,13250.0,7.657282677328236e-05,11013.71,0.06815068493150685
2019-07-01 11:00:00+00:00,13508.333333333332,6.96279073313464e-05,11013.71,0.06815068493150685
2019-07-01 11:00:00+00:00,13766.666666666666,6.997393832903072e-05,11013.71,0.06815068493150685
2019-07-01 11:00:00+00:00,14025.0,6.463013389626895e-05,11013.71,0.06815068493150685
2019-07-01 11:00:00+00:00,14283.333333333332,5.0629203660566336e-05,11013.71,0.06815068493150685
2019-07-01 11:00:00+00:00,14541.666666666666,4.551469670036176e-05,11013.71,0.06815068493150685
2019-07-01 11:00:00+00:00,14800.0,4.0967615793437986e-05,11013.71,0.06815068493150685
2019-07-01 11:00:00+00:00,15058.333333333332,4.516090525857498e-05,11013.71,0.06815068493150685
2019-07-01 11:00:00+00:00,15316.666666666666,3.8414318498514565e-05,11013.71,0.06815068493150685
2019-07-01 11:00:00+00:00,15575.0,2.8089104958496228e-05,11013.71,0.06815068493150685
2019-07-01 11:00:00+00:00,15833.333333333332,2.5370767742294268e-05,11013.71,0.06815068493150685
2019-07-01 11:00:00+00:00,16091.666666666666,3.247899180640805e-05,11013.71,0.06815068493150685
2019-07-01 11:00:00+00:00,16350.0,2.2458030528157477e-05,11013.71,0.06815068493150685
2019-07-01 11:00:00+00:00,16608.333333333332,1.6906828263984905e-05,11013.71,0.06815068493150685
2019-07-01 11:00:00+00:00,16866.666666666664,2.0365715764639266e-05,11013.71,0.06815068493150685
2019-07-01 11:00:00+00:00,17125.0,1.9296836227606636e-05,11013.71,0.06815068493150685
2019-07-01 11:00:00+00:00,17383.333333333332,1.1044585551517155e-05,11013.71,0.06815068493150685
2019-07-01 11:00:00+00:00,17641.666666666664,1.4611625417548994e-05,11013.71,0.06815068493150685
2019-07-01 11:00:00+00:00,17900.0,1.3642744905771498e-05,11013.71,0.06815068493150685
2019-07-01 11:00:00+00:00,18158.333333333332,7.18702908641701e-06,11013.71,0.06815068493150685
2019-07-01 11:00:00+00:00,18416.666666666664,1.2330472997288456e-05,11013.71,0.06815068493150685
2019-07-01 11:00:00+00:00,18675.0,7.635543969959906e-06,11013.71,0.06815068493150685
2019-07-01 11:00:00+00:00,18933.333333333332,5.359365842559297e-06,11013.71,0.06815068493150685
2019-07-01 11:00:00+00:00,19191.666666666664,1.0405322851449564e-05,11013.71,0.06815068493150685
2019-07-01 11:00:00+00:00,19450.0,3.0715168410761675e-06,11013.71,0.06815068493150685
2019-07-01 11:00:00+00:00,19708.333333333332,6.79336774856714e-06,11013.71,0.06815068493150685
2019-07-01 11:00:00+00:00,19966.666666666664,4.280817296516949e-06,11013.71,0.06815068493150685
2019-07-01 11:00:00+00:00,20225.0,3.495623989648683e-06,11013.71,0.06815068493150685
2019-07-01 11:00:00+00:00,20483.333333333332,5.16407772505483e-06,11013.71,0.06815068493150685
2019-07-01 11:00:00+00:00,20741.666666666664,1.3311103667056375e-06,11013.71,0.06815068493150685
2019-07-01 11:30:00+00:00,5758.333333333333,1.1285418238923618e-05,11073.64,0.06809360730593607
2019-07-01 11:30:00+00:00,6016.666666666667,1.768255251624024e-05,11073.64,0.06809360730593607
2019-07-01 11:30:00+00:00,6275.0,2.5472381891027566e-05,11073.64,0.06809360730593607
2019-07-01 11:30:00+00:00,6533.333333333333,3.403182982157487e-05,11073.64,0.06809360730593607
2019-07-01 11:30:00+00:00,6791.666666666666,4.2943201431749764e-05,11073.64,0.06809360730593607
2019-07-01 11:30:00+00:00,7050.0,5.870568623861716e-05,11073.64,0.06809360730593607
2019-07-01 11:30:00+00:00,7308.333333333333,6.892893540559745e-05,11073.64,0.06809360730593607
2019-07-01 11:30:00+00:00,7566.666666666666,8.186076074745215e-05,11073.64,0.06809360730593607
2019-07-01 11:30:00+00:00,7825.0,9.832348687280009e-05,11073.64,0.06809360730593607
2019-07-01 11:30:00+00:00,8083.333333333333,0.00011061203582685094,11073.64,0.06809360730593607
2019-07-01 11:30:00+00:00,8341.666666666666,0.0001137933541187352,11073.64,0.06809360730593607
2019-07-01 11:30:00+00:00,8600.0,0.00014840566300041444,11073.64,0.06809360730593607
2019-07-01 11:30:00+00:00,8858.333333333332,0.00013472701392676115,11073.64,0.06809360730593607
2019-07-01 11:30:00+00:00,9116.666666666666,0.00014260039870824404,11073.64,0.06809360730593607
2019-07-01 11:30:00+00:00,9375.0,0.0001598419675613746,11073.64,0.06809360730593607
2019-07-01 11:30:00+00:00,9633.333333333332,0.00016444706258480677,11073.64,0.06809360730593607
2019-07-01 11:30:00+00:00,9891.666666666666,0.00015451450325542945,11073.64,0.06809360730593607
2019-07-01 11:30:00+00:00,10150.0,0.00015475094666439368,11073.64,0.06809360730593607
2019-07-01 11:30:00+00:00,10408.333333333332,0.00015328289891120388,11073.64,0.06809360730593607
2019-07-01 11:30:00+00:00,10666.666666666666,0.00015023549017327017,11073.64,0.06809360730593607
2019-07-01 11:30:00+00:00,10925.0,0.0001457801626203405,11073.64,0.06809360730593607
2019-07-01 11:30:00+00:00,11183.333333333332,0.0001401230133723771,11073.64,0.06809360730593607
2019-07-01 11:30:00+00:00,11441.666666666666,0.0001334922553346773,11073.64,0.06809360730593607
2019-07-01 11:30:00+00:00,11700.0,0.0001261257114116533,11073.64,0.06809360730593607
2019-07-01 11:30:00+00:00,11958.333333333332,0.00011825915143313953,11073.64,0.06809360730593607
2019-07-01 11:30:00+00:00,12216.666666666666,0.00011011612113653365,11073.64,0.06809360730593607
2019-07-01 11:30:00+00:00,12475.0,0.00010189972057996201,11073.64,0.06809360730593607
2019-07-01 11:30:00+00:00,12733.333333333332,9.378658716222943e-05,11073.64,0.06809360730593607
2019-07-01 11:30:00+00:00,12991.666666666666,8.592314535782132e-05,11073.64,0.06809360730593607
2019-07-01 11:30:00+00:00,13250.0,7.842401671803144e-05,11073.64,0.06809360730593607
2019-07-01 11:30:00+00:00,13508.333333333332,7.137235014065644e-05,11073.64,0.06809360730593607
2019-07-01 11:30:00+00:00,13766.666666666666,7.179032796070622e-05,11073.64,0.06809360730593607
2019-07-01 11:30:00+00:00,14025.0,6.636984408579406e-05,11073.64,0.06809360730593607
2019-07-01 11:30:00+00:00,14283.333333333332,5.2031445822691735e-05,11073.64,0.06809360730593607
2019-07-01 11:30:00+00:00,14541.666666666666,4.68015064001234e-05,11073.64,0.06809360730593607
2019-07-01 11:30:00+00:00,14800.0,4.214743890328107e-05,11073.64,0.06809360730593607
2019-07-01 11:30:00+00:00,15058.333333333332,4.6491045638996454e-05,11073.64,0.06809360730593607
2019-07-01 11:30:00+00:00,15316.666666666666,3.957449523066329e-05,11073.64,0.06809360730593607
2019-07-01 11:30:00+00:00,15575.0,2.8951523113992676e-05,11073.64,0.06809360730593607
2019-07-01 11:30:00+00:00,15833.333333333332,2.6157627319821076e-05,11073.64,0.06809360730593607
2019-07-01 11:30:00+00:00,16091.666666666666,3.350479468228868e-05,11073.64,0.06809360730593607
2019-07-01 11:30:00+00:00,16350.0,2.3181779837927094e-05,11073.64,0.06809360730593607
2019-07-01 11:30:00+00:00,16608.333333333332,1.74562829686094e-05,11073.64,0.06809360730593607
2019-07-01 11:30:00+00:00,16866.666666666664,2.103461041118866e-05,11073.64,0.06809360730593607
2019-07-01 11:30:00+00:00,17125.0,1.994212508526536e-05,11073.64,0.06809360730593607
2019-07-01 11:30:00+00:00,17383.333333333332,1.1417512906266188e-05,11073.64,0.06809360730593607
2019-07-01 11:30:00+00:00,17641.666666666664,1.5108696596203627e-05,11073.64,0.06809360730593607
2019-07-01 11:30:00+00:00,17900.0,1.4114570930044224e-05,11073.64,0.06809360730593607
2019-07-01 11:30:00+00:00,18158.333333333332,7.437228120001273e-06,11073.64,0.06809360730593607
2019-07-01 11:30:00+00:00,18416.666666666664,1.2763771915142513e-05,11073.64,0.06809360730593607
2019-07-01 11:30:00+00:00,18675.0,7.908063110064078e-06,11073.64,0.06809360730593607
2019-07-01 11:30:00+00:00,18933.333333333332,5.550646225026312e-06,11073.64,0.06809360730593607
2019-07-01 11:30:00+00:00,19191.666666666664,1.0782401317312226e-05,11073.64,0.06809360730593607
2019-07-01 11:30:00+00:00,19450.0,3.184185684212094e-06,11073.64,0.06809360730593607
2019-07-01 11:30:00+00:00,19708.333333333332,7.0432838664932126e-06,11073.64,0.06809360730593607
2019-07-01 11:30:00+00:00,19966.666666666664,4.440670798997317e-06,11073.64,0.06809360730593607
2019-07-01 11:30:00+00:00,20225.0,3.626156946183588e-06,11073.64,0.06809360730593607
2019-07-01 11:30:00+00:00,20483.333333333332,5.359810461093534e-06,11073.64,0.06809360730593607
2019-07-01 11:30:00+00:00,20741.666666666664,1.3815631073335683e-06,11073.64,0.06809360730593607
2019-07-01 12:00:00+00:00,5758.333333333334,1.716922554809415e-05,10775.87,0.06803652968036529
2019-07-01 12:00:00+00:00,6016.666666666668,2.3507866687479512e-05,10775.87,0.06803652968036529
2019-07-01 12:00:00+00:00,6275.000000000001,3.144275322532342e-05,10775.87,0.06803652968036529
2019-07-01 12:00:00+00:00,6533.333333333334,4.050466754811976e-05,10775.87,0.06803652968036529
2019-07-01 12:00:00+00:00,6791.666666666668,5.018538951580728e-05,10775.87,0.06803652968036529
2019-07-01 12:00:00+00:00,7050.000000000001,6.780230740417072e-05,10775.87,0.06803652968036529
2019-07-01 12:00:00+00:00,7308.333333333334,7.887671318638366e-05,10775.87,0.06803652968036529
2019-07-01 12:00:00+00:00,7566.666666666668,9.297788112504372e-05,10775.87,0.06803652968036529
2019-07-01 12:00:00+00:00,7825.000000000001,0.00011076543220960625,10775.87,0.06803652968036529
2019-07-01 12:00:00+00:00,8083.333333333334,0.0001236150967267421,10775.87,0.06803652968036529
2019-07-01 12:00:00+00:00,8341.666666666668,0.00012611677852899494,10775.87,0.06803652968036529
2019-07-01 12:00:00+00:00,8600.0,0.00016292476231247348,10775.87,0.06803652968036529
2019-07-01 12:00:00+00:00,8858.333333333334,0.00014641515462077823,10775.87,0.06803652968036529
2019-07-01 12:00:00+00:00,9116.666666666668,0.0001535218910193664,10775.87,0.06803652968036529
2019-07-01 12:00:00+00:00,9375.0,0.0001702503833576193,10775.87,0.06803652968036529
2019-07-01 12:00:00+00:00,9633.333333333334,0.0001731221911582144,10775.87,0.06803652968036529
2019-07-01 12:00:00+00:00,9891.666666666668,0.00016076173477141387,10775.87,0.06803652968036529
2019-07-01 12:00:00+00:00,10150.0,0.00015919575704204488,10775.87,0.06803652968036529
2019-07-01 12:00:00+00:00,10408.333333333334,0.0001558648788993357,10775.87,0.06803652968036529
2019-07-01 12:00:00+00:00,10666.666666666668,0.00015096905591611005,10775.87,0.06803652968036529
2019-07-01 12:00:00+00:00,10925.0,0.00014474879474735746,10775.87,0.06803652968036529
2019-07-01 12:00:00+00:00,11183.333333333334,0.00013746921247306335,10775.87,0.06803652968036529
2019-07-01 12:00:00+00:00,11441.666666666668,0.0001294044422064935,10775.87,0.06803652968036529
2019-07-01 12:00:00+00:00,11700.0,0.00012082345884461366,10775.87,0.06803652968036529
2019-07-01 12:00:00+00:00,11958.333333333334,0.00011197812592857946,10775.87,0.06803652968036529
2019-07-01 12:00:00+00:00,12216.666666666668,0.00010309396200903284,10775.87,0.06803652968036529
2019-07-01 12:00:00+00:00,12475.0,9.436382866347373e-05,10775.87,0.06803652968036529
2019-07-01 12:00:00+00:00,12733.333333333334,8.59444806915456e-05,10775.87,0.06803652968036529
2019-07-01 12:00:00+00:00,12991.666666666668,7.795571086737295e-05,10775.87,0.06803652968036529
2019-07-01 12:00:00+00:00,13250.0,7.048167619221193e-05,10775.87,0.06803652968036529
2019-07-01 12:00:00+00:00,13508.333333333334,6.357391059760452e-05,10775.87,0.06803652968036529
2019-07-01 12:00:00+00:00,13766.666666666668,6.333975690319486e-05,10775.87,0.06803652968036529
2019-07-01 12:00:00+00:00,14025.0,5.7947297035825196e-05,10775.87,0.06803652968036529
2019-07-01 12:00:00+00:00,14283.333333333332,4.503367084101076e-05,10775.87,0.06803652968036529
2019-07-01 12:00:00+00:00,14541.666666666668,4.0242166583827474e-05,10775.87,0.06803652968036529
2019-07-01 12:00:00+00:00,14800.0,3.602184276620069e-05,10775.87,0.06803652968036529
2019-07-01 12:00:00+00:00,15058.333333333332,3.9434249005024644e-05,10775.87,0.06803652968036529
2019-07-01 12:00:00+00:00,15316.666666666668,3.3278123406619114e-05,10775.87,0.06803652968036529
2019-07-01 12:00:00+00:00,15575.0,2.4206251956564473e-05,10775.87,0.06803652968036529
2019-07-01 12:00:00+00:00,15833.333333333332,2.1793117291243835e-05,10775.87,0.06803652968036529
2019-07-01 12:00:00+00:00,16091.666666666668,2.773773857622492e-05,10775.87,0.06803652968036529
2019-07-01 12:00:00+00:00,16350.0,1.906004858663716e-05,10775.87,0.06803652968036529
2019-07-01 12:00:00+00:00,16608.333333333332,1.4313331443806549e-05,10775.87,0.06803652968036529
2019-07-01 12:00:00+00:00,16866.666666666668,1.7187511860706984e-05,10775.87,0.06803652968036529
2019-07-01 12:00:00+00:00,17125.0,1.6205151350394533e-05,10775.87,0.06803652968036529
2019-07-01 12:00:00+00:00,17383.333333333332,9.253009601583476e-06,10775.87,0.06803652968036529
2019-07-01 12:00:00+00:00,17641.666666666668,1.2218738072428538e-05,10775.87,0.06803652968036529
2019-07-01 12:00:00+00:00,17900.0,1.1368711892077116e-05,10775.87,0.06803652968036529
2019-07-01 12:00:00+00:00,18158.333333333332,5.982368379107684e-06,10775.87,0.06803652968036529
2019-07-01 12:00:00+00:00,18416.666666666668,1.0247183167271025e-05,10775.87,0.06803652968036529
2019-07-01 12:00:00+00:00,18675.0,6.333233258921072e-06,10775.87,0.06803652968036529
2019-07-01 12:00:00+00:00,18933.333333333332,4.445277786933989e-06,10775.87,0.06803652968036529
2019-07-01 12:00:00+00:00,19191.666666666668,8.621013850957242e-06,10775.87,0.06803652968036529
2019-07-01 12:00:00+00:00,19450.0,2.5442643722508233e-06,10775.87,0.06803652968036529
2019-07-01 12:00:00+00:00,19708.333333333332,5.626936306025292e-06,10775.87,0.06803652968036529
2019-07-01 12:00:00+00:00,19966.666666666668,3.547921199435039e-06,10775.87,0.06803652968036529
2019-07-01 12:00:00+00:00,20225.0,2.89715668739579e-06,10775.87,0.06803652968036529
2019-07-01 12:00:00+00:00,20483.333333333332,4.286329070265743e-06,10775.87,0.06803652968036529
2019-07-01 12:00:00+00:00,20741.666666666668,1.1048588662530889e-06,10775.87,0.06803652968036529
2019-07-01 12:30:00+00:00,5758.333333333333,1.6987443648705807e-05,10697.18,0.06797945205479453
2019-07-01 12:30:00+00:00,6016.666666666667,2.4229978020878437e-05,10697.18,0.06797945205479453
2019-07-01 12:30:00+00:00,6275.0,3.301526429261223e-05,10697.18,0.06797945205479453
2019-07-01 12:30:00+00:00,6533.333333333333,4.27942671030798e-05,10697.18,0.06797945205479453
2019-07-01 12:30:00+00:00,6791.666666666666,5.3046314478724454e-05,10697.18,0.06797945205479453
2019-07-01 12:30:00+00:00,7050.0,7.14917976237123e-05,10697.18,0.06797945205479453
2019-07-01 12:30:00+00:00,7308.333333333333,8.281065356931706e-05,10697.18,0.06797945205479453
2019-07-01 12:30:00+00:00,7566.666666666666,9.716239005560777e-05,10697.18,0.06797945205479453
2019-07-01 12:30:00+00:00,7825.0,0.0001151133141291247,10697.18,0.06797945205479453
2019-07-01 12:30:00+00:00,8083.333333333333,0.00012778551744827712,10697.18,0.06797945205479453
2019-07-01 12:30:00+00:00,8341.666666666666,0.00012969583698623554,10697.18,0.06797945205479453
2019-07-01 12:30:00+00:00,8600.0,0.0001666523119651482,10697.18,0.06797945205479453
2019-07-01 12:30:00+00:00,8858.333333333332,0.0001489961735083662,10697.18,0.06797945205479453
2019-07-01 12:30:00+00:00,9116.666666666666,0.00015556756839487488,10697.18,0.06797945205479453
2019-07-01 12:30:00+00:00,9375.0,0.00017177848486030545,10697.18,0.06797945205479453
2019-07-01 12:30:00+00:00,9633.333333333332,0.00017395148866369863,10697.18,0.06797945205479453
2019-07-01 12:30:00+00:00,9891.666666666666,0.00016093207773365753,10697.18,0.06797945205479453
2019-07-01 12:30:00+00:00,10150.0,0.00015885682480916414,10697.18,0.06797945205479453
2019-07-01 12:30:00+00:00,10408.333333333332,0.00015507425910532972,10697.18,0.06797945205479453
2019-07-01 12:30:00+00:00,10666.666666666666,0.0001497943099265154,10697.18,0.06797945205479453
2019-07-01 12:30:00+00:00,10925.0,0.00014326243416187294,10697.18,0.06797945205479453
2019-07-01 12:30:00+00:00,11183.333333333332,0.00013574418159727775,10697.18,0.06797945205479453
2019-07-01 12:30:00+00:00,11441.666666666666,0.00012751037506521495,10697.18,0.06797945205479453
2019-07-01 12:30:00+00:00,11700.0,0.00011882385440262044,10697.18,0.06797945205479453
2019-07-01 12:30:00+00:00,11958.333333333332,0.00010992847158262349,10697.18,0.06797945205479453
2019-07-01 12:30:00+00:00,12216.666666666666,0.00010104074387103273,10697.18,0.06797945205479453
2019-07-01 12:30:00+00:00,12475.0,9.234430303380716e-05,10697.18,0.06797945205479453
2019-07-01 12:30:00+00:00,12733.333333333332,8.398704500617632e-05,10697.18,0.06797945205479453
2019-07-01 12:30:00+00:00,12991.666666666666,7.608070124793831e-05,10697.18,0.06797945205479453
2019-07-01 12:30:00+00:00,13250.0,6.870242725221178e-05,10697.18,0.06797945205479453
2019-07-01 12:30:00+00:00,13508.333333333332,6.189793513953122e-05,10697.18,0.06797945205479453
2019-07-01 12:30:00+00:00,13766.666666666666,6.159408643927994e-05,10697.18,0.06797945205479453
2019-07-01 12:30:00+00:00,14025.0,5.627251378791356e-05,10697.18,0.06797945205479453
2019-07-01 12:30:00+00:00,14283.333333333332,4.367999566123608e-05,10697.18,0.06797945205479453
2019-07-01 12:30:00+00:00,14541.666666666666,3.8996060017450954e-05,10697.18,0.06797945205479453
2019-07-01 12:30:00+00:00,14800.0,3.4875413908260145e-05,10697.18,0.06797945205479453
2019-07-01 12:30:00+00:00,15058.333333333332,3.813457143305995e-05,10697.18,0.06797945205479453
2019-07-01 12:30:00+00:00,15316.666666666666,3.2134592988515626e-05,10697.18,0.06797945205479453
2019-07-01 12:30:00+00:00,15575.0,2.3349661383724683e-05,10697.18,0.06797945205479453
2019-07-01 12:30:00+00:00,15833.333333333332,2.1007565160157758e-05,10697.18,0.06797945205479453
2019-07-01 12:30:00+00:00,16091.666666666666,2.6702517422640025e-05,10697.18,0.06797945205479453
2019-07-01 12:30:00+00:00,16350.0,1.8318658982566536e-05,10697.18,0.06797945205479453
2019-07-01 12:30:00+00:00,16608.333333333332,1.3746174690104608e-05,10697.18,0.06797945205479453
2019-07-01 12:30:00+00:00,16866.666666666664,1.6490539636760044e-05,10697.18,0.06797945205479453
2019-07-01 12:30:00+00:00,17125.0,1.551980859572426e-05,10697.18,0.06797945205479453
2019-07-01 12:30:00+00:00,17383.333333333332,8.85214558316162e-06,10697.18,0.06797945205479453
2019-07-01 12:30:00+00:00,17641.666666666664,1.1679548663298101e-05,10697.18,0.06797945205479453
2019-07-01 12:30:00+00:00,17900.0,1.0844972277876167e-05,10697.18,0.06797945205479453
2019-07-01 12:30:00+00:00,18158.333333333332,5.701740376230187e-06,10697.18,0.06797945205479453
2019-07-01 12:30:00+00:00,18416.666666666664,9.754083169365287e-06,10697.18,0.06797945205479453
2019-07-01 12:30:00+00:00,18675.0,6.014727617758927e-06,10697.18,0.06797945205479453
2019-07-01 12:30:00+00:00,18933.333333333332,4.22171961470387e-06,10697.18,0.06797945205479453
2019-07-01 12:30:00+00:00,19191.666666666664,8.167662617511158e-06,10697.18,0.06797945205479453
2019-07-01 12:30:00+00:00,19450.0,2.4054927451820383e-06,10697.18,0.06797945205479453
2019-07-01 12:30:00+00:00,19708.333333333332,5.31738062993777e-06,10697.18,0.06797945205479453
2019-07-01 12:30:00+00:00,19966.666666666664,3.343647277820753e-06,10697.18,0.06797945205479453
2019-07-01 12:30:00+00:00,20225.0,2.7303509651727215e-06,10697.18,0.06797945205479453
2019-07-01 12:30:00+00:00,20483.333333333332,4.027953839940654e-06,10697.18,0.06797945205479453
2019-07-01 12:30:00+00:00,20741.666666666664,1.038259181681713e-06,10697.18,0.06797945205479453
2019-07-01 13:00:00+00:00,5758.333333333333,1.944378976363679e-05,10762.65,0.06792237442922375
2019-07-01 13:00:00+00:00,6016.666666666667,2.537326882082747e-05,10762.65,0.06792237442922375
2019-07-01 13:00:00+00:00,6275.0,3.313900930267302e-05,10762.65,0.06792237442922375
2019-07-01 13:00:00+00:00,6533.333333333333,4.223194662074039e-05,10762.65,0.06792237442922375
2019-07-01 13:00:00+00:00,6791.666666666666,5.201543876511488e-05,10762.65,0.06792237442922375
2019-07-01 13:00:00+00:00,7050.0,6.992304033722301e-05,10762.65,0.06792237442922375
2019-07-01 13:00:00+00:00,7308.333333333333,8.092410347101396e-05,10762.65,0.06792237442922375
2019-07-01 13:00:00+00:00,7566.666666666666,9.493870780678907e-05,10762.65,0.06792237442922375
2019-07-01 13:00:00+00:00,7825.0,0.00011250949719230763,10762.65,0.06792237442922375
2019-07-01 13:00:00+00:00,8083.333333333333,0.00012496405690492655,10762.65,0.06792237442922375
2019-07-01 13:00:00+00:00,8341.666666666666,0.00012693488342714997,10762.65,0.06792237442922375
2019-07-01 13:00:00+00:00,8600.0,0.0001632969782430329,10762.65,0.06792237442922375
2019-07-01 13:00:00+00:00,8858.333333333332,0.00014621286109485845,10762.65,0.06792237442922375
2019-07-01 13:00:00+00:00,9116.666666666666,0.00015289765678963685,10762.65,0.06792237442922375
2019-07-01 13:00:00+00:00,9375.0,0.00016915412603296762,10762.65,0.06792237442922375
2019-07-01 13:00:00+00:00,9633.333333333332,0.00017167650302081947,10762.65,0.06792237442922375
2019-07-01 13:00:00+00:00,9891.666666666666,0.0001592035838094231,10762.65,0.06792237442922375
2019-07-01 13:00:00+00:00,10150.0,0.00015752199604629488,10762.65,0.06792237442922375
2019-07-01 13:00:00+00:00,10408.333333333332,0.00015415440227440743,10762.65,0.06792237442922375
2019-07-01 13:00:00+00:00,10666.666666666666,0.00014929204180345816,10762.65,0.06792237442922375
2019-07-01 13:00:00+00:00,10925.0,0.0001431630610370107,10762.65,0.06792237442922375
2019-07-01 13:00:00+00:00,11183.333333333332,0.00013601820917330876,10762.65,0.06792237442922375
2019-07-01 13:00:00+00:00,11441.666666666666,0.00012811679874389522,10762.65,0.06792237442922375
2019-07-01 13:00:00+00:00,11700.0,0.00011971384925451523,10762.65,0.06792237442922375
2019-07-01 13:00:00+00:00,11958.333333333332,0.00011104911689565216,10762.65,0.06792237442922375
2019-07-01 13:00:00+00:00,12216.666666666666,0.00010233846951724863,10762.65,0.06792237442922375
2019-07-01 13:00:00+00:00,12475.0,9.376782148845099e-05,10762.65,0.06792237442922375
2019-07-01 13:00:00+00:00,12733.333333333332,8.548962055379079e-05,10762.65,0.06792237442922375
2019-07-01 13:00:00+00:00,12991.666666666666,7.762169478908608e-05,10762.65,0.06792237442922375
2019-07-01 13:00:00+00:00,13250.0,7.024813175238108e-05,10762.65,0.06792237442922375
2019-07-01 13:00:00+00:00,13508.333333333332,6.342177688953723e-05,10762.65,0.06792237442922375
2019-07-01 13:00:00+00:00,13766.666666666666,6.324979888795461e-05,10762.65,0.06792237442922375
2019-07-01 13:00:00+00:00,14025.0,5.792486687442487e-05,10762.65,0.06792237442922375
2019-07-01 13:00:00+00:00,14283.333333333332,4.505272370213401e-05,10762.65,0.06792237442922375
2019-07-01 13:00:00+00:00,14541.666666666666,4.0281922160147454e-05,10762.65,0.06792237442922375
2019-07-01 13:00:00+00:00,14800.0,3.607516295251137e-05,10762.65,0.06792237442922375
2019-07-01 13:00:00+00:00,15058.333333333332,3.951437710497059e-05,10762.65,0.06792237442922375
2019-07-01 13:00:00+00:00,15316.666666666666,3.336229517462952e-05,10762.65,0.06792237442922375
2019-07-01 13:00:00+00:00,15575.0,2.427268519199579e-05,10762.65,0.06792237442922375
2019-07-01 13:00:00+00:00,15833.333333333332,2.1855184837591166e-05,10762.65,0.06792237442922375
2019-07-01 13:00:00+00:00,16091.666666666666,2.7818869311534707e-05,10762.65,0.06792237442922375
2019-07-01 13:00:00+00:00,16350.0,1.911307648988898e-05,10762.65,0.06792237442922375
2019-07-01 13:00:00+00:00,16608.333333333332,1.435066850071156e-05,10762.65,0.06792237442922375
2019-07-01 13:00:00+00:00,16866.666666666664,1.7228541940168362e-05,10762.65,0.06792237442922375
2019-07-01 13:00:00+00:00,17125.0,1.623307133302003e-05,10762.65,0.06792237442922375
2019-07-01 13:00:00+00:00,17383.333333333332,9.26401994151667e-06,10762.65,0.06792237442922375
2019-07-01 13:00:00+00:00,17641.666666666664,1.222818869564805e-05,10762.65,0.06792237442922375
2019-07-01 13:00:00+00:00,17900.0,1.1363305008376113e-05,10762.65,0.06792237442922375
2019-07-01 13:00:00+00:00,18158.333333333332,5.975695757384417e-06,10762.65,0.06792237442922375
2019-07-01 13:00:00+00:00,18416.666666666664,1.0226306794662076e-05,10762.65,0.06792237442922375
2019-07-01 13:00:00+00:00,18675.0,6.308386311707278e-06,10762.65,0.06792237442922375
2019-07-01 13:00:00+00:00,18933.333333333332,4.427837787804488e-06,10762.65,0.06792237442922375
2019-07-01 13:00:00+00:00,19191.666666666664,8.568047846086725e-06,10762.65,0.06792237442922375
2019-07-01 13:00:00+00:00,19450.0,2.523373573501108e-06,10762.65,0.06792237442922375
2019-07-01 13:00:00+00:00,19708.333333333332,5.577937696174819e-06,10762.65,0.06792237442922375
2019-07-01 13:00:00+00:00,19966.666666666664,3.5066839574294135e-06,10762.65,0.06792237442922375
2019-07-01 13:00:00+00:00,20225.0,2.8634832361753718e-06,10762.65,0.06792237442922375
2019-07-01 13:00:00+00:00,20483.333333333332,4.222483252243836e-06,10762.65,0.06792237442922375
2019-07-01 13:00:00+00:00,20741.666666666664,1.0884017494609345e-06,10762.65,0.06792237442922375
2019-07-01 13:30:00+00:00,5758.333333333334,2.8275803013649807e-05,10636.77,0.06786529680365297
2019-07-01 13:30:00+00:00,6016.666666666668,3.0945114307168246e-05,10636.77,0.06786529680365297
2019-07-01 13:30:00+00:00,6275.000000000001,3.781019804386053e-05,10636.77,0.06786529680365297
2019-07-01 13:30:00+00:00,6533.333333333334,4.679929706259892e-05,10636.77,0.06786529680365297
2019-07-01 13:30:00+00:00,6791.666666666668,5.6683370264706197e-05,10636.77,0.06786529680365297
2019-07-01 13:30:00+00:00,7050.000000000001,7.522111179023299e-05,10636.77,0.06786529680365297
2019-07-01 13:30:00+00:00,7308.333333333334,8.612239631426999e-05,10636.77,0.06786529680365297
2019-07-01 13:30:00+00:00,7566.666666666668,0.00010022154563044015,10636.77,0.06786529680365297
2019-07-01 13:30:00+00:00,7825.000000000001,0.00011785609813678158,10636.77,0.06786529680365297
2019-07-01 13:30:00+00:00,8083.333333333334,0.0001300636299248128,10636.77,0.06786529680365297
2019-07-01 13:30:00+00:00,8341.666666666668,0.0001313564256313031,10636.77,0.06786529680365297
2019-07-01 13:30:00+00:00,8600.0,0.00016803257389967394,10636.77,0.06786529680365297
2019-07-01 13:30:00+00:00,8858.333333333334,0.000149647468632223,10636.77,0.06786529680365297
2019-07-01 13:30:00+00:00,9116.666666666668,0.00015578780088552563,10636.77,0.06786529680365297
2019-07-01 13:30:00+00:00,9375.0,0.00017153718796819494,10636.77,0.06786529680365297
2019-07-01 13:30:00+00:00,9633.333333333334,0.000173254646579807,10636.77,0.06786529680365297
2019-07-01 13:30:00+00:00,9891.666666666668,0.00015992375759264145,10636.77,0.06786529680365297
2019-07-01 13:30:00+00:00,10150.0,0.00015755763062183512,10636.77,0.06786529680365297
2019-07-01 13:30:00+00:00,10408.333333333334,0.00015353087438645273,10636.77,0.06786529680365297
2019-07-01 13:30:00+00:00,10666.666666666668,0.0001480549602070504,10636.77,0.06786529680365297
2019-07-01 13:30:00+00:00,10925.0,0.0001413750462798083,10636.77,0.06786529680365297
2019-07-01 13:30:00+00:00,11183.333333333334,0.00013375480202832665,10636.77,0.06786529680365297
2019-07-01 13:30:00+00:00,11441.666666666668,0.00012546187046966152,10636.77,0.06786529680365297
2019-07-01 13:30:00+00:00,11700.0,0.00011675490475069578,10636.77,0.06786529680365297
2019-07-01 13:30:00+00:00,11958.333333333334,0.0001078728563548845,10636.77,0.06786529680365297
2019-07-01 13:30:00+00:00,12216.666666666668,9.902691322019164e-05,10636.77,0.06786529680365297
2019-07-01 13:30:00+00:00,12475.0,9.039521739927707e-05,10636.77,0.06786529680365297
2019-07-01 13:30:00+00:00,12733.333333333334,8.21202582725249e-05,10636.77,0.06786529680365297
2019-07-01 13:30:00+00:00,12991.666666666668,7.43086545274193e-05,10636.77,0.06786529680365297
2019-07-01 13:30:00+00:00,13250.0,6.703291351825429e-05,10636.77,0.06786529680365297
2019-07-01 13:30:00+00:00,13508.333333333334,6.033469008848953e-05,10636.77,0.06786529680365297
2019-07-01 13:30:00+00:00,13766.666666666668,5.997551026115659e-05,10636.77,0.06786529680365297
2019-07-01 13:30:00+00:00,14025.0,5.473009275537363e-05,10636.77,0.06786529680365297
2019-07-01 13:30:00+00:00,14283.333333333332,4.2441171212136715e-05,10636.77,0.06786529680365297
2019-07-01 13:30:00+00:00,14541.666666666668,3.7861943244649544e-05,10636.77,0.06786529680365297
2019-07-01 13:30:00+00:00,14800.0,3.3837761736781536e-05,10636.77,0.06786529680365297
2019-07-01 13:30:00+00:00,15058.333333333332,3.6967639151969205e-05,10636.77,0.06786529680365297
2019-07-01 13:30:00+00:00,15316.666666666668,3.111974947459358e-05,10636.77,0.06786529680365297
2019-07-01 13:30:00+00:00,15575.0,2.2596911897352004e-05,10636.77,0.06786529680365297
2019-07-01 13:30:00+00:00,15833.333333333332,2.0321732837987526e-05,10636.77,0.06786529680365297
2019-07-01 13:30:00+00:00,16091.666666666668,2.581095804066956e-05,10636.77,0.06786529680365297
2019-07-01 13:30:00+00:00,16350.0,1.7692068684785218e-05,10636.77,0.06786529680365297
2019-07-01 13:30:00+00:00,16608.333333333332,1.3271452603688342e-05,10636.77,0.06786529680365297
2019-07-01 13:30:00+00:00,16866.666666666668,1.5914094444485778e-05,10636.77,0.06786529680365297
2019-07-01 13:30:00+00:00,17125.0,1.4966737816214754e-05,10636.77,0.06786529680365297
2019-07-01 13:30:00+00:00,17383.333333333332,8.533686766785201e-06,10636.77,0.06786529680365297
2019-07-01 13:30:00+00:00,17641.666666666668,1.1256274464406608e-05,10636.77,0.06786529680365297
2019-07-01 13:30:00+00:00,17900.0,1.0446275019351828e-05,10636.77,0.06786529680365297
2019-07-01 13:30:00+00:00,18158.333333333332,5.49110845521042e-06,10636.77,0.06786529680365297
2019-07-01 13:30:00+00:00,18416.666666666668,9.39123855652993e-06,10636.77,0.06786529680365297
2019-07-01 13:30:00+00:00,18675.0,5.788915387698132e-06,10636.77,0.06786529680365297
2019-07-01 13:30:00+00:00,18933.333333333332,4.063222674946518e-06,10636.77,0.06786529680365297
2019-07-01 13:30:00+00:00,19191.666666666668,7.859005562523117e-06,10636.77,0.06786529680365297
2019-07-01 13:30:00+00:00,19450.0,2.314307997945823e-06,10636.77,0.06786529680365297
2019-07-01 13:30:00+00:00,19708.333333333332,5.1156656399654985e-06,10636.77,0.06786529680365297
2019-07-01 13:30:00+00:00,19966.666666666668,3.216678735015338e-06,10636.77,0.06786529680365297
2019-07-01 13:30:00+00:00,20225.0,2.6266711644657887e-06,10636.77,0.06786529680365297
2019-07-01 13:30:00+00:00,20483.333333333332,3.8752962355730525e-06,10636.77,0.06786529680365297
2019-07-01 13:30:00+00:00,20741.666666666668,9.989096345709691e-07,10636.77,0.06786529680365297
2019-07-01 14:00:00+00:00,5758.333333333333,2.864720548553407e-05,10650.27,0.06780821917808219
2019-07-01 14:00:00+00:00,6016.666666666667,3.139429351335583e-05,10650.27,0.06780821917808219
2019-07-01 14:00:00+00:00,6275.0,3.831459632595501e-05,10650.27,0.06780821917808219
2019-07-01 14:00:00+00:00,6533.333333333333,4.7244031259045296e-05,10650.27,0.06780821917808219
2019-07-01 14:00:00+00:00,6791.666666666666,5.69633566911308e-05,10650.27,0.06780821917808219
2019-07-01 14:00:00+00:00,7050.0,7.52288246932401e-05,10650.27,0.06780821917808219
2019-07-01 14:00:00+00:00,7308.333333333333,8.5738888624123e-05,10650.27,0.06780821917808219
2019-07-01 14:00:00+00:00,7566.666666666666,9.943519092806469e-05,10650.27,0.06780821917808219
2019-07-01 14:00:00+00:00,7825.0,0.0001165915501864313,10650.27,0.06780821917808219
2019-07-01 14:00:00+00:00,8083.333333333333,0.00012842069921252907,10650.27,0.06780821917808219
2019-07-01 14:00:00+00:00,8341.666666666666,0.00012954543699218135,10650.27,0.06780821917808219
2019-07-01 14:00:00+00:00,8600.0,0.00016563864355588387,10650.27,0.06780821917808219
2019-07-01 14:00:00+00:00,8858.333333333332,0.00014754313686240016,10650.27,0.06780821917808219
2019-07-01 14:00:00+00:00,9116.666666666666,0.00015370012929276312,10650.27,0.06780821917808219
2019-07-01 14:00:00+00:00,9375.0,0.00016943641424325598,10650.27,0.06780821917808219
2019-07-01 14:00:00+00:00,9633.333333333332,0.00017140976834691276,10650.27,0.06780821917808219
2019-07-01 14:00:00+00:00,9891.666666666666,0.00015851906342633347,10650.27,0.06780821917808219
2019-07-01 14:00:00+00:00,10150.0,0.000156482603467355,10650.27,0.06780821917808219
2019-07-01 14:00:00+00:00,10408.333333333332,0.00015280923181722466,10650.27,0.06780821917808219
2019-07-01 14:00:00+00:00,10666.666666666666,0.0001476901065425808,10650.27,0.06780821917808219
2019-07-01 14:00:00+00:00,10925.0,0.00014135200306109017,10650.27,0.06780821917808219
2019-07-01 14:00:00+00:00,11183.333333333332,0.00013404337779363124,10650.27,0.06780821917808219
2019-07-01 14:00:00+00:00,11441.666666666666,0.00012602061275361926,10650.27,0.06780821917808219
2019-07-01 14:00:00+00:00,11700.0,0.00011753536096533352,10650.27,0.06780821917808219
2019-07-01 14:00:00+00:00,11958.333333333332,0.00010882371046415037,10650.27,0.06780821917808219
2019-07-01 14:00:00+00:00,12216.666666666666,0.00010009764757011786,10650.27,0.06780821917808219
2019-07-01 14:00:00+00:00,12475.0,9.153905642255497e-05,10650.27,0.06780821917808219
2019-07-01 14:00:00+00:00,12733.333333333332,8.329626564852538e-05,10650.27,0.06780821917808219
2019-07-01 14:00:00+00:00,12991.666666666666,7.548296276837228e-05,10650.27,0.06780821917808219
2019-07-01 14:00:00+00:00,13250.0,6.817915379725645e-05,10650.27,0.06780821917808219
2019-07-01 14:00:00+00:00,13508.333333333332,6.14337539442662e-05,10650.27,0.06780821917808219
2019-07-01 14:00:00+00:00,13766.666666666666,6.113091292286959e-05,10650.27,0.06780821917808219
2019-07-01 14:00:00+00:00,14025.0,5.583585882510994e-05,10650.27,0.06780821917808219
2019-07-01 14:00:00+00:00,14283.333333333332,4.3323176234145365e-05,10650.27,0.06780821917808219
2019-07-01 14:00:00+00:00,14541.666666666666,3.865987433328254e-05,10650.27,0.06780821917808219
2019-07-01 14:00:00+00:00,14800.0,3.455716718526384e-05,10650.27,0.06780821917808219
2019-07-01 14:00:00+00:00,15058.333333333332,3.775560366548287e-05,10650.27,0.06780821917808219
2019-07-01 14:00:00+00:00,15316.666666666666,3.177490851388933e-05,10650.27,0.06780821917808219
2019-07-01 14:00:00+00:00,15575.0,2.3062977834309255e-05,10650.27,0.06780821917808219
2019-07-01 14:00:00+00:00,15833.333333333332,2.0734234113075112e-05,10650.27,0.06780821917808219
2019-07-01 14:00:00+00:00,16091.666666666666,2.631381541478232e-05,10650.27,0.06780821917808219
2019-07-01 14:00:00+00:00,16350.0,1.8013127470082956e-05,10650.27,0.06780821917808219
2019-07-01 14:00:00+00:00,16608.333333333332,1.350228702129644e-05,10650.27,0.06780821917808219
2019-07-01 14:00:00+00:00,16866.666666666664,1.6175560371901896e-05,10650.27,0.06780821917808219
2019-07-01 14:00:00+00:00,17125.0,1.518107996231056e-05,10650.27,0.06780821917808219
2019-07-01 14:00:00+00:00,17383.333333333332,8.643899207833958e-06,10650.27,0.06780821917808219
2019-07-01 14:00:00+00:00,17641.666666666664,1.1389248990779936e-05,10650.27,0.06780821917808219
2019-07-01 14:00:00+00:00,17900.0,1.0539246007586205e-05,10650.27,0.06780821917808219
2019-07-01 14:00:00+00:00,18158.333333333332,5.532513111251073e-06,10650.27,0.06780821917808219
2019-07-01 14:00:00+00:00,18416.666666666664,9.443604843185015e-06,10650.27,0.06780821917808219
2019-07-01 14:00:00+00:00,18675.0,5.799558550477392e-06,10650.27,0.06780821917808219
2019-07-01 14:00:00+00:00,18933.333333333332,4.0706930795807646e-06,10650.27,0.06780821917808219
2019-07-01 14:00:00+00:00,19191.666666666664,7.840815470503504e-06,10650.27,0.06780821917808219
2019-07-01 14:00:00+00:00,19450.0,2.3004309465329348e-06,10650.27,0.06780821917808219
2019-07-01 14:00:00+00:00,19708.333333333332,5.080451128839025e-06,10650.27,0.06780821917808219
2019-07-01 14:00:00+00:00,19966.666666666664,3.1785035936583262e-06,10650.27,0.06780821917808219
2019-07-01 14:00:00+00:00,20225.0,2.5954981592457155e-06,10650.27,0.06780821917808219
2019-07-01 14:00:00+00:00,20483.333333333332,3.80838932563741e-06,10650.27,0.06780821917808219
2019-07-01 14:00:00+00:00,20741.666666666664,9.816634802399678e-07,10650.27,0.06780821917808219
2019-07-01 14:30:00+00:00,5758.333333333333,3.247728042728073e-05,10293.89,0.06775114155251141
2019-07-01 14:30:00+00:00,6016.666666666667,4.0857100785147154e-05,10293.89,0.06775114155251141
2019-07-01 14:30:00+00:00,6275.0,5.156522962423531e-05,10293.89,0.06775114155251141
2019-07-01 14:30:00+00:00,6533.333333333333,6.302003431607883e-05,10293.89,0.06775114155251141
2019-07-01 14:30:00+00:00,6791.666666666666,7.431841708202718e-05,10293.89,0.06775114155251141
2019-07-01 14:30:00+00:00,7050.0,9.538575525186399e-05,10293.89,0.06775114155251141
2019-07-01 14:30:00+00:00,7308.333333333333,0.00010534450622729636,10293.89,0.06775114155251141
2019-07-01 14:30:00+00:00,7566.666666666666,0.00011882867177639523,10293.89,0.06775114155251141
2019-07-01 14:30:00+00:00,7825.0,0.00013531881818998147,10293.89,0.06775114155251141
2019-07-01 14:30:00+00:00,8083.333333333333,0.00014523640720626917,10293.89,0.06775114155251141
2019-07-01 14:30:00+00:00,8341.666666666666,0.00014304623065480987,10293.89,0.06775114155251141
2019-07-01 14:30:00+00:00,8600.0,0.00017864703854259152,10293.89,0.06775114155251141
2019-07-01 14:30:00+00:00,8858.333333333332,0.00015567635128478549,10293.89,0.06775114155251141
2019-07-01 14:30:00+00:00,9116.666666666666,0.00015933316626960895,10293.89,0.06775114155251141
2019-07-01 14:30:00+00:00,9375.0,0.00017256433276418995,10293.89,0.06775114155251141
2019-07-01 14:30:00+00:00,9633.333333333332,0.00017163348881319923,10293.89,0.06775114155251141
2019-07-01 14:30:00+00:00,9891.666666666666,0.00015633604215173965,10293.89,0.06775114155251141
2019-07-01 14:30:00+00:00,10150.0,0.00015232929467472859,10293.89,0.06775114155251141
2019-07-01 14:30:00+00:00,10408.333333333332,0.00014696002467831691,10293.89,0.06775114155251141
2019-07-01 14:30:00+00:00,10666.666666666666,0.00014044442686853454,10293.89,0.06775114155251141
2019-07-01 14:30:00+00:00,10925.0,0.00013301757933389236,10293.89,0.06775114155251141
2019-07-01 14:30:00+00:00,11183.333333333332,0.0001249213560829521,10293.89,0.06775114155251141
2019-07-01 14:30:00+00:00,11441.666666666666,0.0001163932512896689,10293.89,0.06775114155251141
2019-07-01 14:30:00+00:00,11700.0,0.00010765671843931324,10293.89,0.06775114155251141
2019-07-01 14:30:00+00:00,11958.333333333332,9.89134428363398e-05,10293.89,0.06775114155251141
2019-07-01 14:30:00+00:00,12216.666666666666,9.033777218899302e-05,10293.89,0.06775114155251141
2019-07-01 14:30:00+00:00,12475.0,8.207334592600033e-05,10293.89,0.06775114155251141
2019-07-01 14:30:00+00:00,12733.333333333332,7.423180418924157e-05,10293.89,0.06775114155251141
2019-07-01 14:30:00+00:00,12991.666666666666,6.689333211845533e-05,10293.89,0.06775114155251141
2019-07-01 14:30:00+00:00,13250.0,6.0108709087855315e-05,10293.89,0.06775114155251141
2019-07-01 14:30:00+00:00,13508.333333333332,5.390248643136242e-05,10293.89,0.06775114155251141
2019-07-01 14:30:00+00:00,13766.666666666666,5.336685427079593e-05,10293.89,0.06775114155251141
2019-07-01 14:30:00+00:00,14025.0,4.847738665315068e-05,10293.89,0.06775114155251141
2019-07-01 14:30:00+00:00,14283.333333333332,3.744206248473059e-05,10293.89,0.06775114155251141
2019-07-01 14:30:00+00:00,14541.666666666666,3.329619512718571e-05,10293.89,0.06775114155251141
2019-07-01 14:30:00+00:00,14800.0,2.9666689451163285e-05,10293.89,0.06775114155251141
2019-07-01 14:30:00+00:00,15058.333333333332,3.227950754845568e-05,10293.89,0.06775114155251141
2019-07-01 14:30:00+00:00,15316.666666666666,2.703486027170645e-05,10293.89,0.06775114155251141
2019-07-01 14:30:00+00:00,15575.0,1.9556963948719027e-05,10293.89,0.06775114155251141
2019-07-01 14:30:00+00:00,15833.333333333332,1.754504743716638e-05,10293.89,0.06775114155251141
2019-07-01 14:30:00+00:00,16091.666666666666,2.217850840064901e-05,10293.89,0.06775114155251141
2019-07-01 14:30:00+00:00,16350.0,1.5112380073680003e-05,10293.89,0.06775114155251141
2019-07-01 14:30:00+00:00,16608.333333333332,1.1305239022869977e-05,10293.89,0.06775114155251141
2019-07-01 14:30:00+00:00,16866.666666666664,1.3508699077639625e-05,10293.89,0.06775114155251141
2019-07-01 14:30:00+00:00,17125.0,1.262042567248699e-05,10293.89,0.06775114155251141
2019-07-01 14:30:00+00:00,17383.333333333332,7.1675495879613044e-06,10293.89,0.06775114155251141
2019-07-01 14:30:00+00:00,17641.666666666664,9.425017218726945e-06,10293.89,0.06775114155251141
2019-07-01 14:30:00+00:00,17900.0,8.681668746749995e-06,10293.89,0.06775114155251141
2019-07-01 14:30:00+00:00,18158.333333333332,4.548798783929305e-06,10293.89,0.06775114155251141
2019-07-01 14:30:00+00:00,18416.666666666664,7.743220640793505e-06,10293.89,0.06775114155251141
2019-07-01 14:30:00+00:00,18675.0,4.733098460912637e-06,10293.89,0.06775114155251141
2019-07-01 14:30:00+00:00,18933.333333333332,3.322147881104809e-06,10293.89,0.06775114155251141
2019-07-01 14:30:00+00:00,19191.666666666664,6.368668613395146e-06,10293.89,0.06775114155251141
2019-07-01 14:30:00+00:00,19450.0,1.8612612395695943e-06,10293.89,0.06775114155251141
2019-07-01 14:30:00+00:00,19708.333333333332,4.1066750821034295e-06,10293.89,0.06775114155251141
2019-07-01 14:30:00+00:00,19966.666666666664,2.5566388359389455e-06,10293.89,0.06775114155251141
2019-07-01 14:30:00+00:00,20225.0,2.0876966776993354e-06,10293.89,0.06775114155251141
2019-07-01 14:30:00+00:00,20483.333333333332,3.0478883544787544e-06,10293.89,0.06775114155251141
2019-07-01 14:30:00+00:00,20741.666666666664,7.85634144413486e-07,10293.89,0.06775114155251141
2019-07-01 15:00:00+00:00,5758.333333333333,3.250524636691234e-05,10148.13,0.06769406392694063
2019-07-01 15:00:00+00:00,6016.666666666667,4.333491176610507e-05,10148.13,0.06769406392694063
2019-07-01 15:00:00+00:00,6275.0,5.536517801680027e-05,10148.13,0.06769406392694063
2019-07-01 15:00:00+00:00,6533.333333333333,6.755653526260297e-05,10148.13,0.06769406392694063
2019-07-01 15:00:00+00:00,6791.666666666666,7.932816205497511e-05,10148.13,0.06769406392694063
2019-07-01 15:00:00+00:00,7050.0,0.00010135369448201331,10148.13,0.06769406392694063
2019-07-01 15:00:00+00:00,7308.333333333333,0.00011148003267763148,10148.13,0.06769406392694063
2019-07-01 15:00:00+00:00,7566.666666666666,0.0001253559594659335,10148.13,0.06769406392694063
2019-07-01 15:00:00+00:00,7825.0,0.0001422931976421633,10148.13,0.06769406392694063
2019-07-01 15:00:00+00:00,8083.333333333333,0.0001522476857271252,10148.13,0.06769406392694063
2019-07-01 15:00:00+00:00,8341.666666666666,0.00014944734776696514,10148.13,0.06769406392694063
2019-07-01 15:00:00+00:00,8600.0,0.00018587361054225646,10148.13,0.06769406392694063
2019-07-01 15:00:00+00:00,8858.333333333332,0.00016120247459220613,10148.13,0.06769406392694063
2019-07-01 15:00:00+00:00,9116.666666666666,0.00016420902018922463,10148.13,0.06769406392694063
2019-07-01 15:00:00+00:00,9375.0,0.0001768301570910427,10148.13,0.06769406392694063
2019-07-01 15:00:00+00:00,9633.333333333332,0.00017472616205333166,10148.13,0.06769406392694063
2019-07-01 15:00:00+00:00,9891.666666666666,0.0001580608664058965,10148.13,0.06769406392694063
2019-07-01 15:00:00+00:00,10150.0,0.00015296484134178092,10148.13,0.06769406392694063
2019-07-01 15:00:00+00:00,10408.333333333332,0.00014652498311513404,10148.13,0.06769406392694063
2019-07-01 15:00:00+00:00,10666.666666666666,0.0001390020241640739,10148.13,0.06769406392694063
2019-07-01 15:00:00+00:00,10925.0,0.0001306687927373359,10148.13,0.06769406392694063
2019-07-01 15:00:00+00:00,11183.333333333332,0.00012179580400017496,10148.13,0.06769406392694063
2019-07-01 15:00:00+00:00,11441.666666666666,0.00011263883759751783,10148.13,0.06769406392694063
2019-07-01 15:00:00+00:00,11700.0,0.00010342910710212887,10148.13,0.06769406392694063
2019-07-01 15:00:00+00:00,11958.333333333332,9.43663165100746e-05,10148.13,0.06769406392694063
2019-07-01 15:00:00+00:00,12216.666666666666,8.561461446149392e-05,10148.13,0.06769406392694063
2019-07-01 15:00:00+00:00,12475.0,7.730122327521471e-05,10148.13,0.06769406392694063
2019-07-01 15:00:00+00:00,12733.333333333332,6.95173512090215e-05,10148.13,0.06769406392694063
2019-07-01 15:00:00+00:00,12991.666666666666,6.232089623181535e-05,10148.13,0.06769406392694063
2019-07-01 15:00:00+00:00,13250.0,5.574041318798473e-05,10148.13,0.06769406392694063
2019-07-01 15:00:00+00:00,13508.333333333332,4.977983288562187e-05,10148.13,0.06769406392694063
2019-07-01 15:00:00+00:00,13766.666666666666,4.908719978342588e-05,10148.13,0.06769406392694063
2019-07-01 15:00:00+00:00,14025.0,4.441796369486043e-05,10148.13,0.06769406392694063
2019-07-01 15:00:00+00:00,14283.333333333332,3.42152620701862e-05,10148.13,0.06769406392694063
2019-07-01 15:00:00+00:00,14541.666666666666,3.0377308021813944e-05,10148.13,0.06769406392694063
2019-07-01 15:00:00+00:00,14800.0,2.703157464514563e-05,10148.13,0.06769406392694063
2019-07-01 15:00:00+00:00,15058.333333333332,2.9379918061359997e-05,10148.13,0.06769406392694063
2019-07-01 15:00:00+00:00,15316.666666666666,2.4597739122346137e-05,10148.13,0.06769406392694063
2019-07-01 15:00:00+00:00,15575.0,1.7802635812780585e-05,10148.13,0.06769406392694063
2019-07-01 15:00:00+00:00,15833.333333333332,1.597885453099243e-05,10148.13,0.06769406392694063
2019-07-01 15:00:00+00:00,16091.666666666666,2.0229449641500735e-05,10148.13,0.06769406392694063
2019-07-01 15:00:00+00:00,16350.0,1.3825108124259738e-05,10148.13,0.06769406392694063
2019-07-01 15:00:00+00:00,16608.333333333332,1.0361161890286342e-05,10148.13,0.06769406392694063
2019-07-01 15:00:00+00:00,16866.666666666664,1.240966889933725e-05,10148.13,0.06769406392694063
2019-07-01 15:00:00+00:00,17125.0,1.16568282103996e-05,10148.13,0.06769406392694063
2019-07-01 15:00:00+00:00,17383.333333333332,6.6453315969401816e-06,10148.13,0.06769406392694063
2019-07-01 15:00:00+00:00,17641.666666666664,8.764299573612342e-06,10148.13,0.06769406392694063
2019-07-01 15:00:00+00:00,17900.0,8.138693023293872e-06,10148.13,0.06769406392694063
2019-07-01 15:00:00+00:00,18158.333333333332,4.280858812059326e-06,10148.13,0.06769406392694063
2019-07-01 15:00:00+00:00,18416.666666666664,7.328154102030835e-06,10148.13,0.06769406392694063
2019-07-01 15:00:00+00:00,18675.0,4.528570318699329e-06,10148.13,0.06769406392694063
2019-07-01 15:00:00+00:00,18933.333333333332,3.1785901799727284e-06,10148.13,0.06769406392694063
2019-07-01 15:00:00+00:00,19191.666666666664,6.169395863074809e-06,10148.13,0.06769406392694063
2019-07-01 15:00:00+00:00,19450.0,1.8232902568649784e-06,10148.13,0.06769406392694063
2019-07-01 15:00:00+00:00,19708.333333333332,4.033777280866081e-06,10148.13,0.06769406392694063
2019-07-01 15:00:00+00:00,19966.666666666664,2.5502329560303986e-06,10148.13,0.06769406392694063
2019-07-01 15:00:00+00:00,20225.0,2.0824657729603006e-06,10148.13,0.06769406392694063
2019-07-01 15:00:00+00:00,20483.333333333332,3.0922220734315694e-06,10148.13,0.06769406392694063
2019-07-01 15:00:00+00:00,20741.666666666664,7.970617556994658e-07,10148.13,0.06769406392694063
2019-07-01 15:30:00+00:00,5758.333333333333,3.5026622992819475e-05,10439.27,0.06763698630136987
2019-07-01 15:30:00+00:00,6016.666666666667,4.0217953721754164e-05,10439.27,0.06763698630136987
2019-07-01 15:30:00+00:00,6275.0,4.917290692626197e-05,10439.27,0.06763698630136987
2019-07-01 15:30:00+00:00,6533.333333333333,5.9629631464414295e-05,10439.27,0.06763698630136987
2019-07-01 15:30:00+00:00,6791.666666666666,7.034934662068269e-05,10439.27,0.06763698630136987
2019-07-01 15:30:00+00:00,7050.0,9.061101653802353e-05,10439.27,0.06763698630136987
2019-07-01 15:30:00+00:00,7308.333333333333,0.00010055590843353292,10439.27,0.06763698630136987
2019-07-01 15:30:00+00:00,7566.666666666666,0.00011393357315820678,10439.27,0.06763698630136987
2019-07-01 15:30:00+00:00,7825.0,0.00013035166775926988,10439.27,0.06763698630136987
2019-07-01 15:30:00+00:00,8083.333333333333,0.00014047476852722764,10439.27,0.06763698630136987
2019-07-01 15:30:00+00:00,8341.666666666666,0.00013886686994914128,10439.27,0.06763698630136987
2019-07-01 15:30:00+00:00,8600.0,0.00017404898241564444,10439.27,0.06763698630136987
2019-07-01 15:30:00+00:00,8858.333333333332,0.00015217810521082415,10439.27,0.06763698630136987
2019-07-01 15:30:00+00:00,9116.666666666666,0.00015618149561503596,10439.27,0.06763698630136987
2019-07-01 15:30:00+00:00,9375.0,0.00016963657640729519,10439.27,0.06763698630136987
2019-07-01 15:30:00+00:00,9633.333333333332,0.0001692165672130494,10439.27,0.06763698630136987
2019-07-01 15:30:00+00:00,9891.666666666666,0.00015457379200263882,10439.27,0.06763698630136987
2019-07-01 15:30:00+00:00,10150.0,0.00015101967043698307,10439.27,0.06763698630136987
2019-07-01 15:30:00+00:00,10408.333333333332,0.0001461052254964965,10439.27,0.06763698630136987
2019-07-01 15:30:00+00:00,10666.666666666666,0.00014003749935571582,10439.27,0.06763698630136987
2019-07-01 15:30:00+00:00,10925.0,0.0001330425900409596,10439.27,0.06763698630136987
2019-07-01 15:30:00+00:00,11183.333333333332,0.00012535391358760707,10439.27,0.06763698630136987
2019-07-01 15:30:00+00:00,11441.666666666666,0.00011720140238052795,10439.27,0.06763698630136987
2019-07-01 15:30:00+00:00,11700.0,0.00010880220068597881,10439.27,0.06763698630136987
2019-07-01 15:30:00+00:00,11958.333333333332,0.00010035323469687185,10439.27,0.06763698630136987
2019-07-01 15:30:00+00:00,12216.666666666666,9.202584781688461e-05,10439.27,0.06763698630136987
2019-07-01 15:30:00+00:00,12475.0,8.396251937281681e-05,10439.27,0.06763698630136987
2019-07-01 15:30:00+00:00,12733.333333333332,7.627553911151832e-05,10439.27,0.06763698630136987
2019-07-01 15:30:00+00:00,12991.666666666666,6.90473984923364e-05,10439.27,0.06763698630136987
2019-07-01 15:30:00+00:00,13250.0,6.233258606539012e-05,10439.27,0.06763698630136987
2019-07-01 15:30:00+00:00,13508.333333333332,5.616043717476984e-05,10439.27,0.06763698630136987
2019-07-01 15:30:00+00:00,13766.666666666666,5.590616788960312e-05,10439.27,0.06763698630136987
2019-07-01 15:30:00+00:00,14025.0,5.1120693084054794e-05,10439.27,0.06763698630136987
2019-07-01 15:30:00+00:00,14283.333333333332,3.972515426185777e-05,10439.27,0.06763698630136987
2019-07-01 15:30:00+00:00,14541.666666666666,3.5503303992876474e-05,10439.27,0.06763698630136987
2019-07-01 15:30:00+00:00,14800.0,3.178738395908597e-05,10439.27,0.06763698630136987
2019-07-01 15:30:00+00:00,15058.333333333332,3.481614623264248e-05,10439.27,0.06763698630136987
2019-07-01 15:30:00+00:00,15316.666666666666,2.9407480534729353e-05,10439.27,0.06763698630136987
2019-07-01 15:30:00+00:00,15575.0,2.1408316436356094e-05,10439.27,0.06763698630136987
2019-07-01 15:30:00+00:00,15833.333333333332,1.9284801020664353e-05,10439.27,0.06763698630136987
2019-07-01 15:30:00+00:00,16091.666666666666,2.4574001464465067e-05,10439.27,0.06763698630136987
2019-07-01 15:30:00+00:00,16350.0,1.6912753355173075e-05,10439.27,0.06763698630136987
2019-07-01 15:30:00+00:00,16608.333333333332,1.271052739903619e-05,10439.27,0.06763698630136987
2019-07-01 15:30:00+00:00,16866.666666666664,1.5277752911259383e-05,10439.27,0.06763698630136987
2019-07-01 15:30:00+00:00,17125.0,1.443158590407039e-05,10439.27,0.06763698630136987
2019-07-01 15:30:00+00:00,17383.333333333332,8.249500317678116e-06,10439.27,0.06763698630136987
2019-07-01 15:30:00+00:00,17641.666666666664,1.0903063381275633e-05,10439.27,0.06763698630136987
2019-07-01 15:30:00+00:00,17900.0,1.0165539862901596e-05,10439.27,0.06763698630136987
2019-07-01 15:30:00+00:00,18158.333333333332,5.353903246602238e-06,10439.27,0.06763698630136987
2019-07-01 15:30:00+00:00,18416.666666666664,9.182188870578246e-06,10439.27,0.06763698630136987
2019-07-01 15:30:00+00:00,18675.0,5.68729358253507e-06,10439.27,0.06763698630136987
2019-07-01 15:30:00+00:00,18933.333333333332,3.99189462895649e-06,10439.27,0.06763698630136987
2019-07-01 15:30:00+00:00,19191.666666666664,7.758608527690907e-06,10439.27,0.06763698630136987
2019-07-01 15:30:00+00:00,19450.0,2.2937642103741878e-06,10439.27,0.06763698630136987
2019-07-01 15:30:00+00:00,19708.333333333332,5.075061246206178e-06,10439.27,0.06763698630136987
2019-07-01 15:30:00+00:00,19966.666666666664,3.206842468220538e-06,10439.27,0.06763698630136987
2019-07-01 15:30:00+00:00,20225.0,2.6186390790507303e-06,10439.27,0.06763698630136987
2019-07-01 15:30:00+00:00,20483.333333333332,3.882458049178798e-06,10439.27,0.06763698630136987
2019-07-01 15:30:00+00:00,20741.666666666664,1.0007556881817627e-06,10439.27,0.06763698630136987
2019-07-01 16:00:00+00:00,5758.333333333333,2.7498259996844167e-05,10484.375,0.06757990867579909
2019-07-01 16:00:00+00:00,6016.666666666667,3.559935554159985e-05,10484.375,0.06757990867579909
2019-07-01 16:00:00+00:00,6275.0,4.547686401599872e-05,10484.375,0.06757990867579909
2019-07-01 16:00:00+00:00,6533.333333333333,5.6064352677531456e-05,10484.375,0.06757990867579909
2019-07-01 16:00:00+00:00,6791.666666666666,6.667401385729067e-05,10484.375,0.06757990867579909
2019-07-01 16:00:00+00:00,7050.0,8.639936571563269e-05,10484.375,0.06757990867579909
2019-07-01 16:00:00+00:00,7308.333333333333,9.644970551468507e-05,10484.375,0.06757990867579909
2019-07-01 16:00:00+00:00,7566.666666666666,0.00010987500558864776,10484.375,0.06757990867579909
2019-07-01 16:00:00+00:00,7825.0,0.00012648642587852362,10484.375,0.06757990867579909
2019-07-01 16:00:00+00:00,8083.333333333333,0.00013711640085165255,10484.375,0.06757990867579909
2019-07-01 16:00:00+00:00,8341.666666666666,0.00013633278767950075,10484.375,0.06757990867579909
2019-07-01 16:00:00+00:00,8600.0,0.00017189453314976177,10484.375,0.06757990867579909
2019-07-01 16:00:00+00:00,8858.333333333332,0.00015115698979658088,10484.375,0.06757990867579909
2019-07-01 16:00:00+00:00,9116.666666666666,0.00015586011775857398,10484.375,0.06757990867579909
2019-07-01 16:00:00+00:00,9375.0,0.00017008155004997208,10484.375,0.06757990867579909
2019-07-01 16:00:00+00:00,9633.333333333332,0.00017041314902536945,10484.375,0.06757990867579909
2019-07-01 16:00:00+00:00,9891.666666666666,0.00015626563121271694,10484.375,0.06757990867579909
2019-07-01 16:00:00+00:00,10150.0,0.00015315509508385418,10484.375,0.06757990867579909
2019-07-01 16:00:00+00:00,10408.333333333332,0.00014858268489097767,10484.375,0.06757990867579909
2019-07-01 16:00:00+00:00,10666.666666666666,0.0001427531277068502,10484.375,0.06757990867579909
2019-07-01 16:00:00+00:00,10925.0,0.0001358963629779777,10484.375,0.06757990867579909
2019-07-01 16:00:00+00:00,11183.333333333332,0.00012825462667126694,10484.375,0.06757990867579909
2019-07-01 16:00:00+00:00,11441.666666666666,0.00012007024982374933,10484.375,0.06757990867579909
2019-07-01 16:00:00+00:00,11700.0,0.00011157490023413467,10484.375,0.06757990867579909
2019-07-01 16:00:00+00:00,11958.333333333332,0.0001029807880533047,10484.375,0.06757990867579909
2019-07-01 16:00:00+00:00,12216.666666666666,9.447413353085085e-05,10484.375,0.06757990867579909
2019-07-01 16:00:00+00:00,12475.0,8.621098184342104e-05,10484.375,0.06757990867579909
2019-07-01 16:00:00+00:00,12733.333333333332,7.831526426283168e-05,10484.375,0.06757990867579909
2019-07-01 16:00:00+00:00,12991.666666666666,7.087885926212805e-05,10484.375,0.06757990867579909
2019-07-01 16:00:00+00:00,13250.0,6.396330738625249e-05,10484.375,0.06757990867579909
2019-07-01 16:00:00+00:00,13508.333333333332,5.7602780040041614e-05,10484.375,0.06757990867579909
2019-07-01 16:00:00+00:00,13766.666666666666,5.730464290653261e-05,10484.375,0.06757990867579909
2019-07-01 16:00:00+00:00,14025.0,5.235186424992116e-05,10484.375,0.06757990867579909
2019-07-01 16:00:00+00:00,14283.333333333332,4.0644571411783205e-05,10484.375,0.06757990867579909
2019-07-01 16:00:00+00:00,14541.666666666666,3.6296465379526215e-05,10484.375,0.06757990867579909
2019-07-01 16:00:00+00:00,14800.0,3.2472206748249675e-05,10484.375,0.06757990867579909
2019-07-01 16:00:00+00:00,15058.333333333332,3.552774922466773e-05,10484.375,0.06757990867579909
2019-07-01 16:00:00+00:00,15316.666666666666,2.9966356948905838e-05,10484.375,0.06757990867579909
2019-07-01 16:00:00+00:00,15575.0,2.1792310221490302e-05,10484.375,0.06757990867579909
2019-07-01 16:00:00+00:00,15833.333333333332,1.9617470487040304e-05,10484.375,0.06757990867579909
2019-07-01 16:00:00+00:00,16091.666666666666,2.496525642223503e-05,10484.375,0.06757990867579909
2019-07-01 16:00:00+00:00,16350.0,1.7154773067565548e-05,10484.375,0.06757990867579909
2019-07-01 16:00:00+00:00,16608.333333333332,1.2883274174398746e-05,10484.375,0.06757990867579909
2019-07-01 16:00:00+00:00,16866.666666666664,1.5471407650230285e-05,10484.375,0.06757990867579909
2019-07-01 16:00:00+00:00,17125.0,1.4590852956619874e-05,10484.375,0.06757990867579909
2019-07-01 16:00:00+00:00,17383.333333333332,8.332995620915208e-06,10484.375,0.06757990867579909
2019-07-01 16:00:00+00:00,17641.666666666664,1.1005638360462295e-05,10484.375,0.06757990867579909
2019-07-01 16:00:00+00:00,17900.0,1.0244907370387706e-05,10484.375,0.06757990867579909
2019-07-01 16:00:00+00:00,18158.333333333332,5.392284243633283e-06,10484.375,0.06757990867579909
2019-07-01 16:00:00+00:00,18416.666666666664,9.239581090938662e-06,10484.375,0.06757990867579909
2019-07-01 16:00:00+00:00,18675.0,5.714316673523277e-06,10484.375,0.06757990867579909
2019-07-01 16:00:00+00:00,18933.333333333332,4.010862056997238e-06,10484.375,0.06757990867579909
2019-07-01 16:00:00+00:00,19191.666666666664,7.784406695049974e-06,10484.375,0.06757990867579909
2019-07-01 16:00:00+00:00,19450.0,2.2989118330174673e-06,10484.375,0.06757990867579909
2019-07-01 16:00:00+00:00,19708.333333333332,5.085134710774875e-06,10484.375,0.06757990867579909
2019-07-01 16:00:00+00:00,19966.666666666664,3.2092280061697084e-06,10484.375,0.06757990867579909
2019-07-01 16:00:00+00:00,20225.0,2.620587058398147e-06,10484.375,0.06757990867579909
2019-07-01 16:00:00+00:00,20483.333333333332,3.880961340266074e-06,10484.375,0.06757990867579909
2019-07-01 16:00:00+00:00,20741.666666666664,1.0003698913646726e-06,10484.375,0.06757990867579909
2019-07-01 16:30:00+00:00,5758.333333333333,3.270171754093107e-05,10363.395,0.06752283105022831
2019-07-01 16:30:00+00:00,6016.666666666667,4.188245901614179e-05,10363.395,0.06752283105022831
2019-07-01 16:30:00+00:00,6275.0,5.281271457033488e-05,10363.395,0.06752283105022831
2019-07-01 16:30:00+00:00,6533.333333333334,6.412519107583328e-05,10363.395,0.06752283105022831
2019-07-01 16:30:00+00:00,6791.666666666667,7.507457754784595e-05,10363.395,0.06752283105022831
2019-07-01 16:30:00+00:00,7050.0,9.564375750718815e-05,10363.395,0.06752283105022831
2019-07-01 16:30:00+00:00,7308.333333333334,0.00010489527882791256,10363.395,0.06752283105022831
2019-07-01 16:30:00+00:00,7566.666666666667,0.00011768822407209957,10363.395,0.06752283105022831
2019-07-01 16:30:00+00:00,7825.0,0.00013336308625765055,10363.395,0.06752283105022831
2019-07-01 16:30:00+00:00,8083.333333333334,0.00014260795905166165,10363.395,0.06752283105022831
2019-07-01 16:30:00+00:00,8341.666666666668,0.00014005900519290464,10363.395,0.06752283105022831
2019-07-01 16:30:00+00:00,8600.0,0.00017454455080749914,10363.395,0.06752283105022831
2019-07-01 16:30:00+00:00,8858.333333333334,0.00015189453904938956,10363.395,0.06752283105022831
2019-07-01 16:30:00+00:00,9116.666666666668,0.0001553785165011252,10363.395,0.06752283105022831
2019-07-01 16:30:00+00:00,9375.0,0.00016828695788277833,10363.395,0.06752283105022831
2019-07-01 16:30:00+00:00,9633.333333333334,0.00016749016794279017,10363.395,0.06752283105022831
2019-07-01 16:30:00+00:00,9891.666666666668,0.0001527478098405055,10363.395,0.06752283105022831
2019-07-01 16:30:00+00:00,10150.0,0.00014907475669929542,10363.395,0.06752283105022831
2019-07-01 16:30:00+00:00,10408.333333333334,0.0001441170283452478,10363.395,0.06752283105022831
2019-07-01 16:30:00+00:00,10666.666666666668,0.0001380692468332353,10363.395,0.06752283105022831
2019-07-01 16:30:00+00:00,10925.0,0.0001311439637773585,10363.395,0.06752283105022831
2019-07-01 16:30:00+00:00,11183.333333333334,0.00012356106644414658,10363.395,0.06752283105022831
2019-07-01 16:30:00+00:00,11441.666666666668,0.00011553789733337784,10363.395,0.06752283105022831
2019-07-01 16:30:00+00:00,11700.0,0.00010728060776031837,10363.395,0.06752283105022831
2019-07-01 16:30:00+00:00,11958.333333333334,9.897711652428711e-05,10363.395,0.06752283105022831
2019-07-01 16:30:00+00:00,12216.666666666668,9.079188636007578e-05,10363.395,0.06752283105022831
2019-07-01 16:30:00+00:00,12475.0,8.286257832300142e-05,10363.395,0.06752283105022831
2019-07-01 16:30:00+00:00,12733.333333333334,7.529850966388517e-05,10363.395,0.06752283105022831
2019-07-01 16:30:00+00:00,12991.666666666668,6.818073245774822e-05,10363.395,0.06752283105022831
2019-07-01 16:30:00+00:00,13250.0,6.156347288087155e-05,10363.395,0.06752283105022831
2019-07-01 16:30:00+00:00,13508.333333333336,5.5476625585593794e-05,10363.395,0.06752283105022831
2019-07-01 16:30:00+00:00,13766.666666666668,5.5231872109972895e-05,10363.395,0.06752283105022831
2019-07-01 16:30:00+00:00,14025.000000000002,5.0505489574486425e-05,10363.395,0.06752283105022831
2019-07-01 16:30:00+00:00,14283.333333333334,3.924382139379989e-05,10363.395,0.06752283105022831
2019-07-01 16:30:00+00:00,14541.666666666668,3.506819001847172e-05,10363.395,0.06752283105022831
2019-07-01 16:30:00+00:00,14800.000000000002,3.139221329972734e-05,10363.395,0.06752283105022831
2019-07-01 16:30:00+00:00,15058.333333333334,3.437210496836033e-05,10363.395,0.06752283105022831
2019-07-01 16:30:00+00:00,15316.666666666668,2.9015937105974883e-05,10363.395,0.06752283105022831
2019-07-01 16:30:00+00:00,15575.000000000002,2.111201545975646e-05,10363.395,0.06752283105022831
2019-07-01 16:30:00+00:00,15833.333333333336,1.901087163802804e-05,10363.395,0.06752283105022831
2019-07-01 16:30:00+00:00,16091.666666666668,2.4205366810679368e-05,10363.395,0.06752283105022831
2019-07-01 16:30:00+00:00,16350.000000000002,1.663959286281848e-05,10363.395,0.06752283105022831
2019-07-01 16:30:00+00:00,16608.333333333336,1.2497582298841977e-05,10363.395,0.06752283105022831
2019-07-01 16:30:00+00:00,16866.666666666668,1.5010085741774151e-05,10363.395,0.06752283105022831
2019-07-01 16:30:00+00:00,17125.0,1.415569743362533e-05,10363.395,0.06752283105022831
2019-07-01 16:30:00+00:00,17383.333333333336,8.083298080516566e-06,10363.395,0.06752283105022831
2019-07-01 16:30:00+00:00,17641.666666666668,1.0674642675618166e-05,10363.395,0.06752283105022831
2019-07-01 16:30:00+00:00,17900.0,9.931461201721977e-06,10363.395,0.06752283105022831
2019-07-01 16:30:00+00:00,18158.333333333336,5.225512210373311e-06,10363.395,0.06752283105022831
2019-07-01 16:30:00+00:00,18416.666666666668,8.949394847743536e-06,10363.395,0.06752283105022831
2019-07-01 16:30:00+00:00,18675.0,5.528426853248862e-06,10363.395,0.06752283105022831
2019-07-01 16:30:00+00:00,18933.333333333336,3.880386539186736e-06,10363.395,0.06752283105022831
2019-07-01 16:30:00+00:00,19191.666666666668,7.5198492501629955e-06,10363.395,0.06752283105022831
2019-07-01 16:30:00+00:00,19450.0,2.217438117754308e-06,10363.395,0.06752283105022831
2019-07-01 16:30:00+00:00,19708.333333333336,4.903140277547343e-06,10363.395,0.06752283105022831
2019-07-01 16:30:00+00:00,19966.666666666668,3.0874112359043725e-06,10363.395,0.06752283105022831
2019-07-01 16:30:00+00:00,20225.0,2.5211140851337783e-06,10363.395,0.06752283105022831
2019-07-01 16:30:00+00:00,20483.333333333336,3.7237585596578786e-06,10363.395,0.06752283105022831
2019-07-01 16:30:00+00:00,20741.66666666667,9.59848764053879e-07,10363.395,0.06752283105022831
2019-07-01 17:00:00+00:00,5758.333333333333,3.174030045471545e-05,10339.85,0.06746575342465753
2019-07-01 17:00:00+00:00,6016.666666666667,4.2173248204799525e-05,10339.85,0.06746575342465753
2019-07-01 17:00:00+00:00,6275.0,5.370178755630141e-05,10339.85,0.06746575342465753
2019-07-01 17:00:00+00:00,6533.333333333334,6.523651357178111e-05,10339.85,0.06746575342465753
2019-07-01 17:00:00+00:00,6791.666666666667,7.621909165311162e-05,10339.85,0.06746575342465753
2019-07-01 17:00:00+00:00,7050.0,9.68338405093918e-05,10339.85,0.06746575342465753
2019-07-01 17:00:00+00:00,7308.333333333334,0.00010590930943990174,10339.85,0.06746575342465753
2019-07-01 17:00:00+00:00,7566.666666666667,0.00011857636147759928,10339.85,0.06746575342465753
2019-07-01 17:00:00+00:00,7825.0,0.00013411473560302295,10339.85,0.06746575342465753
2019-07-01 17:00:00+00:00,8083.333333333334,0.0001432055580875356,10339.85,0.06746575342465753
2019-07-01 17:00:00+00:00,8341.666666666668,0.00014048338402342903,10339.85,0.06746575342465753
2019-07-01 17:00:00+00:00,8600.0,0.0001748994070069176,10339.85,0.06746575342465753
2019-07-01 17:00:00+00:00,8858.333333333334,0.00015207539189869513,10339.85,0.06746575342465753
2019-07-01 17:00:00+00:00,9116.666666666668,0.00015546538688467564,10339.85,0.06746575342465753
2019-07-01 17:00:00+00:00,9375.0,0.00016827788211809777,10339.85,0.06746575342465753
2019-07-01 17:00:00+00:00,9633.333333333334,0.0001673826860256464,10339.85,0.06746575342465753
2019-07-01 17:00:00+00:00,9891.666666666668,0.00015256739674944077,10339.85,0.06746575342465753
2019-07-01 17:00:00+00:00,10150.0,0.00014882626977649684,10339.85,0.06746575342465753
2019-07-01 17:00:00+00:00,10408.333333333334,0.00014380785173405397,10339.85,0.06746575342465753
2019-07-01 17:00:00+00:00,10666.666666666668,0.00013770768097678894,10339.85,0.06746575342465753
2019-07-01 17:00:00+00:00,10925.0,0.00013073913685836773,10339.85,0.06746575342465753
2019-07-01 17:00:00+00:00,11183.333333333334,0.00012312272537606198,10339.85,0.06746575342465753
2019-07-01 17:00:00+00:00,11441.666666666668,0.0001150760988355179,10339.85,0.06746575342465753
2019-07-01 17:00:00+00:00,11700.0,0.00010680534495453472,10339.85,0.06746575342465753
2019-07-01 17:00:00+00:00,11958.333333333334,9.849792437051205e-05,10339.85,0.06746575342465753
2019-07-01 17:00:00+00:00,12216.666666666668,9.031746989986539e-05,10339.85,0.06746575342465753
2019-07-01 17:00:00+00:00,12475.0,8.24005021121783e-05,10339.85,0.06746575342465753
2019-07-01 17:00:00+00:00,12733.333333333334,7.48549766041242e-05,10339.85,0.06746575342465753
2019-07-01 17:00:00+00:00,12991.666666666668,6.776046757279675e-05,10339.85,0.06746575342465753
2019-07-01 17:00:00+00:00,13250.0,6.116971449319873e-05,10339.85,0.06746575342465753
2019-07-01 17:00:00+00:00,13508.333333333336,5.5111214615783676e-05,10339.85,0.06746575342465753
2019-07-01 17:00:00+00:00,13766.666666666668,5.485898404884264e-05,10339.85,0.06746575342465753
2019-07-01 17:00:00+00:00,14025.000000000002,5.015845758477764e-05,10339.85,0.06746575342465753
2019-07-01 17:00:00+00:00,14283.333333333334,3.897267168623618e-05,10339.85,0.06746575342465753
2019-07-01 17:00:00+00:00,14541.666666666668,3.482644878705707e-05,10339.85,0.06746575342465753
2019-07-01 17:00:00+00:00,14800.000000000002,3.117713569240963e-05,10339.85,0.06746575342465753
2019-07-01 17:00:00+00:00,15058.333333333334,3.414043277610562e-05,10339.85,0.06746575342465753
2019-07-01 17:00:00+00:00,15316.666666666668,2.8827261754885735e-05,10339.85,0.06746575342465753
2019-07-01 17:00:00+00:00,15575.000000000002,2.0979950438763472e-05,10339.85,0.06746575342465753
2019-07-01 17:00:00+00:00,15833.333333333336,1.8895284342496652e-05,10339.85,0.06746575342465753
2019-07-01 17:00:00+00:00,16091.666666666668,2.4067843510959694e-05,10339.85,0.06746575342465753
2019-07-01 17:00:00+00:00,16350.000000000002,1.655506045140148e-05,10339.85,0.06746575342465753
2019-07-01 17:00:00+00:00,16608.333333333336,1.2438160154355518e-05,10339.85,0.06746575342465753
2019-07-01 17:00:00+00:00,16866.666666666668,1.4944945023742359e-05,10339.85,0.06746575342465753
2019-07-01 17:00:00+00:00,17125.0,1.4106837793158387e-05,10339.85,0.06746575342465753
2019-07-01 17:00:00+00:00,17383.333333333336,8.060138182432128e-06,10339.85,0.06746575342465753
2019-07-01 17:00:00+00:00,17641.666666666668,1.0648949046543838e-05,10339.85,0.06746575342465753
2019-07-01 17:00:00+00:00,17900.0,9.91956813937633e-06,10339.85,0.06746575342465753
2019-07-01 17:00:00+00:00,18158.333333333336,5.222214018195739e-06,10339.85,0.06746575342465753
2019-07-01 17:00:00+00:00,18416.666666666668,8.95105145528218e-06,10339.85,0.06746575342465753
2019-07-01 17:00:00+00:00,18675.0,5.538096325781454e-06,10339.85,0.06746575342465753
2019-07-01 17:00:00+00:00,18933.333333333336,3.887173513501824e-06,10339.85,0.06746575342465753
2019-07-01 17:00:00+00:00,19191.666666666668,7.5461861043158445e-06,10339.85,0.06746575342465753
2019-07-01 17:00:00+00:00,19450.0,2.228690395563154e-06,10339.85,0.06746575342465753
2019-07-01 17:00:00+00:00,19708.333333333336,4.929876009310169e-06,10339.85,0.06746575342465753
2019-07-01 17:00:00+00:00,19966.666666666668,3.110900823852948e-06,10339.85,0.06746575342465753
2019-07-01 17:00:00+00:00,20225.0,2.5402951810443916e-06,10339.85,0.06746575342465753
2019-07-01 17:00:00+00:00,20483.333333333336,3.760907301582751e-06,10339.85,0.06746575342465753
2019-07-01 17:00:00+00:00,20741.66666666667,9.694243510452349e-07,10339.85,0.06746575342465753
2019-07-01 17:30:00+00:00,5758.333333333333,3.071669340096091e-05,10344.63,0.06740867579908676
2019-07-01 17:30:00+00:00,6016.666666666667,4.109865391715035e-05,10344.63,0.06740867579908676
2019-07-01 17:30:00+00:00,6275.0,5.245500411717797e-05,10344.63,0.06740867579908676
2019-07-01 17:30:00+00:00,6533.333333333333,6.378865574240148e-05,10344.63,0.06740867579908676
2019-07-01 17:30:00+00:00,6791.666666666666,7.460406043904062e-05,10344.63,0.06740867579908676
2019-07-01 17:30:00+00:00,7050.0,9.492376022617127e-05,10344.63,0.06740867579908676
2019-07-01 17:30:00+00:00,7308.333333333333,0.0001040383544476931,10344.63,0.06740867579908676
2019-07-01 17:30:00+00:00,7566.666666666666,0.00011674589438986026,10344.63,0.06740867579908676
2019-07-01 17:30:00+00:00,7825.0,0.00013241341654661443,10344.63,0.06740867579908676
2019-07-01 17:30:00+00:00,8083.333333333333,0.00014178426746162573,10344.63,0.06740867579908676
2019-07-01 17:30:00+00:00,8341.666666666666,0.00013948015523940554,10344.63,0.06740867579908676
2019-07-01 17:30:00+00:00,8600.0,0.00017416258135950614,10344.63,0.06740867579908676
2019-07-01 17:30:00+00:00,8858.333333333332,0.00015186806677825517,10344.63,0.06740867579908676
2019-07-01 17:30:00+00:00,9116.666666666666,0.00015561745242720856,10344.63,0.06740867579908676
2019-07-01 17:30:00+00:00,9375.0,0.0001688371384856768,10344.63,0.06740867579908676
2019-07-01 17:30:00+00:00,9633.333333333332,0.00016830784669366882,10344.63,0.06740867579908676
2019-07-01 17:30:00+00:00,9891.666666666666,0.0001536976379072245,10344.63,0.06740867579908676
2019-07-01 17:30:00+00:00,10150.0,0.0001501524599519631,10344.63,0.06740867579908676
2019-07-01 17:30:00+00:00,10408.333333333332,0.00014527142383548956,10344.63,0.06740867579908676
2019-07-01 17:30:00+00:00,10666.666666666666,0.00013924987730250097,10344.63,0.06740867579908676
2019-07-01 17:30:00+00:00,10925.0,0.00013230445887254304,10344.63,0.06740867579908676
2019-07-01 17:30:00+00:00,11183.333333333332,0.00012466171321845362,10344.63,0.06740867579908676
2019-07-01 17:30:00+00:00,11441.666666666666,0.0001165473016760554,10344.63,0.06740867579908676
2019-07-01 17:30:00+00:00,11700.0,0.00010817643839287838,10344.63,0.06740867579908676
2019-07-01 17:30:00+00:00,11958.333333333332,9.974601631255275e-05,10344.63,0.06740867579908676
2019-07-01 17:30:00+00:00,12216.666666666666,9.142870377506995e-05,10344.63,0.06740867579908676
2019-07-01 17:30:00+00:00,12475.0,8.336911147308995e-05,10344.63,0.06740867579908676
2019-07-01 17:30:00+00:00,12733.333333333332,7.568196706583888e-05,10344.63,0.06740867579908676
2019-07-01 17:30:00+00:00,12991.666666666666,6.845210260450919e-05,10344.63,0.06740867579908676
2019-07-01 17:30:00+00:00,13250.0,6.173596477758881e-05,10344.63,0.06740867579908676
2019-07-01 17:30:00+00:00,13508.333333333332,5.5564301742702424e-05,10344.63,0.06740867579908676
2019-07-01 17:30:00+00:00,13766.666666666666,5.524014486689534e-05,10344.63,0.06740867579908676
2019-07-01 17:30:00+00:00,14025.0,5.0425430396364916e-05,10344.63,0.06740867579908676
2019-07-01 17:30:00+00:00,14283.333333333332,3.911948484243747e-05,10344.63,0.06740867579908676
2019-07-01 17:30:00+00:00,14541.666666666666,3.4912404389488327e-05,10344.63,0.06740867579908676
2019-07-01 17:30:00+00:00,14800.0,3.12143525246057e-05,10344.63,0.06740867579908676
2019-07-01 17:30:00+00:00,15058.333333333332,3.4121482985780074e-05,10344.63,0.06740867579908676
2019-07-01 17:30:00+00:00,15316.666666666666,2.874608391728981e-05,10344.63,0.06740867579908676
2019-07-01 17:30:00+00:00,15575.0,2.088538597735958e-05,10344.63,0.06740867579908676
2019-07-01 17:30:00+00:00,15833.333333333332,1.8789484980389076e-05,10344.63,0.06740867579908676
2019-07-01 17:30:00+00:00,16091.666666666666,2.3881797191999866e-05,10344.63,0.06740867579908676
2019-07-01 17:30:00+00:00,16350.0,1.6383507009534354e-05,10344.63,0.06740867579908676
2019-07-01 17:30:00+00:00,16608.333333333332,1.229430242280235e-05,10344.63,0.06740867579908676
2019-07-01 17:30:00+00:00,16866.666666666664,1.4749190721733225e-05,10344.63,0.06740867579908676
2019-07-01 17:30:00+00:00,17125.0,1.3882156223976721e-05,10344.63,0.06740867579908676
2019-07-01 17:30:00+00:00,17383.333333333332,7.918582154325944e-06,10344.63,0.06740867579908676
2019-07-01 17:30:00+00:00,17641.666666666664,1.0448335357927914e-05,10344.63,0.06740867579908676
2019-07-01 17:30:00+00:00,17900.0,9.70308858092747e-06,10344.63,0.06740867579908676
2019-07-01 17:30:00+00:00,18158.333333333332,5.101721998228053e-06,10344.63,0.06740867579908676
2019-07-01 17:30:00+00:00,18416.666666666664,8.728426293560393e-06,10344.63,0.06740867579908676
2019-07-01 17:30:00+00:00,18675.0,5.383178733198791e-06,10344.63,0.06740867579908676
2019-07-01 17:30:00+00:00,18933.333333333332,3.7784373111593955e-06,10344.63,0.06740867579908676
2019-07-01 17:30:00+00:00,19191.666666666664,7.3113540209856665e-06,10344.63,0.06740867579908676
2019-07-01 17:30:00+00:00,19450.0,2.1536170672959044e-06,10344.63,0.06740867579908676
2019-07-01 17:30:00+00:00,19708.333333333332,4.7607755218649255e-06,10344.63,0.06740867579908676
2019-07-01 17:30:00+00:00,19966.666666666664,2.994210839231164e-06,10344.63,0.06740867579908676
2019-07-01 17:30:00+00:00,20225.0,2.445008631459039e-06,10344.63,0.06740867579908676
2019-07-01 17:30:00+00:00,20483.333333333332,3.6076969334413236e-06,10344.63,0.06740867579908676
2019-07-01 17:30:00+00:00,20741.666666666664,9.299323216489318e-07,10344.63,0.06740867579908676
2019-07-01 18:00:00+00:00,5758.333333333333,3.088418112631435e-05,10336.99,0.06735159817351598
2019-07-01 18:00:00+00:00,6016.666666666667,4.113432255730647e-05,10336.99,0.06735159817351598
2019-07-01 18:00:00+00:00,6275.0,5.2309267930881064e-05,10336.99,0.06735159817351598
2019-07-01 18:00:00+00:00,6533.333333333333,6.346259583709299e-05,10336.99,0.06735159817351598
2019-07-01 18:00:00+00:00,6791.666666666666,7.413517805981344e-05,10336.99,0.06735159817351598
2019-07-01 18:00:00+00:00,7050.0,9.429548445766436e-05,10336.99,0.06735159817351598
2019-07-01 18:00:00+00:00,7308.333333333333,0.00010339404727192367,10336.99,0.06735159817351598
2019-07-01 18:00:00+00:00,7566.666666666666,0.00011612310438455382,10336.99,0.06735159817351598
2019-07-01 18:00:00+00:00,7825.0,0.00013187598413078491,10336.99,0.06735159817351598
2019-07-01 18:00:00+00:00,8083.333333333333,0.00014140350476546585,10336.99,0.06735159817351598
2019-07-01 18:00:00+00:00,8341.666666666666,0.00013930160728610052,10336.99,0.06735159817351598
2019-07-01 18:00:00+00:00,8600.0,0.00017419258779924365,10336.99,0.06735159817351598
2019-07-01 18:00:00+00:00,8858.333333333332,0.00015209988309317456,10336.99,0.06735159817351598
2019-07-01 18:00:00+00:00,9116.666666666666,0.0001560169181149075,10336.99,0.06735159817351598
2019-07-01 18:00:00+00:00,9375.0,0.00016943098701348208,10336.99,0.06735159817351598
2019-07-01 18:00:00+00:00,9633.333333333332,0.00016903092147899768,10336.99,0.06735159817351598
2019-07-01 18:00:00+00:00,9891.666666666666,0.0001544409136415626,10336.99,0.06735159817351598
2019-07-01 18:00:00+00:00,10150.0,0.00015092435032763556,10336.99,0.06735159817351598
2019-07-01 18:00:00+00:00,10408.333333333332,0.0001460361620339246,10336.99,0.06735159817351598
2019-07-01 18:00:00+00:00,10666.666666666666,0.00013997564465281241,10336.99,0.06735159817351598
2019-07-01 18:00:00+00:00,10925.0,0.0001329651560822896,10336.99,0.06735159817351598
2019-07-01 18:00:00+00:00,11183.333333333332,0.00012523802132146953,10336.99,0.06735159817351598
2019-07-01 18:00:00+00:00,11441.666666666666,0.00011702703075712305,10336.99,0.06735159817351598
2019-07-01 18:00:00+00:00,11700.0,0.00010855423804282238,10336.99,0.06735159817351598
2019-07-01 18:00:00+00:00,11958.333333333332,0.00010002257743908908,10336.99,0.06735159817351598
2019-07-01 18:00:00+00:00,12216.666666666666,9.160961309042821e-05,10336.99,0.06735159817351598
2019-07-01 18:00:00+00:00,12475.0,8.346352784213537e-05,10336.99,0.06735159817351598
2019-07-01 18:00:00+00:00,12733.333333333332,7.570127620930578e-05,10336.99,0.06735159817351598
2019-07-01 18:00:00+00:00,12991.666666666666,6.84086787984882e-05,10336.99,0.06735159817351598
2019-07-01 18:00:00+00:00,13250.0,6.164213147346158e-05,10336.99,0.06735159817351598
2019-07-01 18:00:00+00:00,13508.333333333332,5.54315436209837e-05,10336.99,0.06735159817351598
2019-07-01 18:00:00+00:00,13766.666666666666,5.505509094533735e-05,10336.99,0.06735159817351598
2019-07-01 18:00:00+00:00,14025.0,5.020165105438138e-05,10336.99,0.06735159817351598
2019-07-01 18:00:00+00:00,14283.333333333332,3.8909704291752003e-05,10336.99,0.06735159817351598
2019-07-01 18:00:00+00:00,14541.666666666666,3.4700725890166406e-05,10336.99,0.06735159817351598
2019-07-01 18:00:00+00:00,14800.0,3.100485713478694e-05,10336.99,0.06735159817351598
2019-07-01 18:00:00+00:00,15058.333333333332,3.3864800632159027e-05,10336.99,0.06735159817351598
2019-07-01 18:00:00+00:00,15316.666666666666,2.8503622639802284e-05,10336.99,0.06735159817351598
2019-07-01 18:00:00+00:00,15575.0,2.0697051035000372e-05,10336.99,0.06735159817351598
2019-07-01 18:00:00+00:00,15833.333333333332,1.8613389558208956e-05,10336.99,0.06735159817351598
2019-07-01 18:00:00+00:00,16091.666666666666,2.3643342857941918e-05,10336.99,0.06735159817351598
2019-07-01 18:00:00+00:00,16350.0,1.6209987342505348e-05,10336.99,0.06735159817351598
2019-07-01 18:00:00+00:00,16608.333333333332,1.216153659222158e-05,10336.99,0.06735159817351598
2019-07-01 18:00:00+00:00,16866.666666666664,1.4585999151450424e-05,10336.99,0.06735159817351598
2019-07-01 18:00:00+00:00,17125.0,1.372403939161061e-05,10336.99,0.06735159817351598
2019-07-01 18:00:00+00:00,17383.333333333332,7.827664571134087e-06,10336.99,0.06735159817351598
2019-07-01 18:00:00+00:00,17641.666666666664,1.0327622984389061e-05,10336.99,0.06735159817351598
2019-07-01 18:00:00+00:00,17900.0,9.591109158542874e-06,10336.99,0.06735159817351598
2019-07-01 18:00:00+00:00,18158.333333333332,5.043266816160841e-06,10336.99,0.06735159817351598
2019-07-01 18:00:00+00:00,18416.666666666664,8.629458338829414e-06,10336.99,0.06735159817351598
2019-07-01 18:00:00+00:00,18675.0,5.324317197316754e-06,10336.99,0.06735159817351598
2019-07-01 18:00:00+00:00,18933.333333333332,3.7371225723422516e-06,10336.99,0.06735159817351598
2019-07-01 18:00:00+00:00,19191.666666666664,7.235933809902233e-06,10336.99,0.06735159817351598
2019-07-01 18:00:00+00:00,19450.0,2.1328686275558727e-06,10336.99,0.06735159817351598
2019-07-01 18:00:00+00:00,19708.333333333332,4.715690667877208e-06,10336.99,0.06735159817351598
2019-07-01 18:00:00+00:00,19966.666666666664,2.9690997684004006e-06,10336.99,0.06735159817351598
2019-07-01 18:00:00+00:00,20225.0,2.4245034672528895e-06,10336.99,0.06735159817351598
2019-07-01 18:00:00+00:00,20483.333333333332,3.5822489759094322e-06,10336.99,0.06735159817351598
2019-07-01 18:00:00+00:00,20741.666666666664,9.233727689300605e-07,10336.99,0.06735159817351598
2019-07-01 18:30:00+00:00,5758.333333333333,3.1469186312674544e-05,10361.5,0.0672945205479452
2019-07-01 18:30:00+00:00,6016.666666666667,4.113022342271221e-05,10361.5,0.0672945205479452
2019-07-01 18:30:00+00:00,6275.0,5.214724863957568e-05,10361.5,0.0672945205479452
2019-07-01 18:30:00+00:00,6533.333333333333,6.337712709465709e-05,10361.5,0.0672945205479452
2019-07-01 18:30:00+00:00,6791.666666666666,7.42029348218162e-05,10361.5,0.0672945205479452
2019-07-01 18:30:00+00:00,7050.0,9.455039546085346e-05,10361.5,0.0672945205479452
2019-07-01 18:30:00+00:00,7308.333333333333,0.00010376261271181191,10361.5,0.0672945205479452
2019-07-01 18:30:00+00:00,7566.666666666666,0.00011653078563418498,10361.5,0.0672945205479452
2019-07-01 18:30:00+00:00,7825.0,0.00013223929794648422,10361.5,0.0672945205479452
2019-07-01 18:30:00+00:00,8083.333333333333,0.00014162874177917634,10361.5,0.0672945205479452
2019-07-01 18:30:00+00:00,8341.666666666666,0.0001393311274617722,10361.5,0.0672945205479452
2019-07-01 18:30:00+00:00,8600.0,0.00017395811720044018,10361.5,0.0672945205479452
2019-07-01 18:30:00+00:00,8858.333333333332,0.0001516641547997115,10361.5,0.0672945205479452
2019-07-01 18:30:00+00:00,9116.666666666666,0.0001553839684607064,10361.5,0.0672945205479452
2019-07-01 18:30:00+00:00,9375.0,0.00016855946216431415,10361.5,0.0672945205479452
2019-07-01 18:30:00+00:00,9633.333333333332,0.0001680151650019418,10361.5,0.0672945205479452
2019-07-01 18:30:00+00:00,9891.666666666666,0.0001534275604505966,10361.5,0.0672945205479452
2019-07-01 18:30:00+00:00,10150.0,0.00014989765801672132,10361.5,0.0672945205479452
2019-07-01 18:30:00+00:00,10408.333333333332,0.0001450449478593169,10361.5,0.0672945205479452
2019-07-01 18:30:00+00:00,10666.666666666666,0.0001390630321895572,10361.5,0.0672945205479452
2019-07-01 18:30:00+00:00,10925.0,0.0001321658961600168,10361.5,0.0672945205479452
2019-07-01 18:30:00+00:00,11183.333333333332,0.00012457689086101974,10361.5,0.0672945205479452
2019-07-01 18:30:00+00:00,11441.666666666666,0.00011651832100208639,10361.5,0.0672945205479452
2019-07-01 18:30:00+00:00,11700.0,0.00010820222272079925,10361.5,0.0672945205479452
2019-07-01 18:30:00+00:00,11958.333333333332,9.982276198108742e-05,10361.5,0.0672945205479452
2019-07-01 18:30:00+00:00,12216.666666666666,9.15505144856652e-05,10361.5,0.0672945205479452
2019-07-01 18:30:00+00:00,12475.0,8.352872103714201e-05,10361.5,0.0672945205479452
2019-07-01 18:30:00+00:00,12733.333333333332,7.587146215793355e-05,10361.5,0.0672945205479452
2019-07-01 18:30:00+00:00,12991.666666666666,6.866357288845593e-05,10361.5,0.0672945205479452
2019-07-01 18:30:00+00:00,13250.0,6.196202908379614e-05,10361.5,0.0672945205479452
2019-07-01 18:30:00+00:00,13508.333333333332,5.579848215130217e-05,10361.5,0.0672945205479452
2019-07-01 18:30:00+00:00,13766.666666666666,5.550608031096637e-05,10361.5,0.0672945205479452
2019-07-01 18:30:00+00:00,14025.0,5.070161070785636e-05,10361.5,0.0672945205479452
2019-07-01 18:30:00+00:00,14283.333333333332,3.935517904409596e-05,10361.5,0.0672945205479452
2019-07-01 18:30:00+00:00,14541.666666666666,3.5136859618552424e-05,10361.5,0.0672945205479452
2019-07-01 18:30:00+00:00,14800.0,3.142649359811643e-05,10361.5,0.0672945205479452
2019-07-01 18:30:00+00:00,15058.333333333332,3.436855347544495e-05,10361.5,0.0672945205479452
2019-07-01 18:30:00+00:00,15316.666666666666,2.8967775197068208e-05,10361.5,0.0672945205479452
2019-07-01 18:30:00+00:00,15575.0,2.1052228279706544e-05,10361.5,0.0672945205479452
2019-07-01 18:30:00+00:00,15833.333333333332,1.8942616534379274e-05,10361.5,0.0672945205479452
2019-07-01 18:30:00+00:00,16091.666666666666,2.4082489011480588e-05,10361.5,0.0672945205479452
2019-07-01 18:30:00+00:00,16350.0,1.6524390666612683e-05,10361.5,0.0672945205479452
2019-07-01 18:30:00+00:00,16608.333333333332,1.2400450601390493e-05,10361.5,0.0672945205479452
2019-07-01 18:30:00+00:00,16866.666666666664,1.4877190126140797e-05,10361.5,0.0672945205479452
2019-07-01 18:30:00+00:00,17125.0,1.4001954320921924e-05,10361.5,0.0672945205479452
2019-07-01 18:30:00+00:00,17383.333333333332,7.986080724423497e-06,10361.5,0.0672945205479452
2019-07-01 18:30:00+00:00,17641.666666666664,1.0536534257139443e-05,10361.5,0.0672945205479452
2019-07-01 18:30:00+00:00,17900.0,9.781710072799633e-06,10361.5,0.0672945205479452
2019-07-01 18:30:00+00:00,18158.333333333332,5.142016513319998e-06,10361.5,0.0672945205479452
2019-07-01 18:30:00+00:00,18416.666666666664,8.794788014904161e-06,10361.5,0.0672945205479452
2019-07-01 18:30:00+00:00,18675.0,5.420494608857672e-06,10361.5,0.0672945205479452
2019-07-01 18:30:00+00:00,18933.333333333332,3.804629214471138e-06,10361.5,0.0672945205479452
2019-07-01 18:30:00+00:00,19191.666666666664,7.3558077044880154e-06,10361.5,0.0672945205479452
2019-07-01 18:30:00+00:00,19450.0,2.16490325898859e-06,10361.5,0.0672945205479452
2019-07-01 18:30:00+00:00,19708.333333333332,4.7847616293673946e-06,10361.5,0.0672945205479452
2019-07-01 18:30:00+00:00,19966.666666666664,3.0055826847035057e-06,10361.5,0.0672945205479452
2019-07-01 18:30:00+00:00,20225.0,2.4542946376316243e-06,10361.5,0.0672945205479452
2019-07-01 18:30:00+00:00,20483.333333333332,3.61617897836095e-06,10361.5,0.0672945205479452
2019-07-01 18:30:00+00:00,20741.666666666664,9.321186826071514e-07,10361.5,0.0672945205479452
2019-07-01 19:00:00+00:00,5758.333333333333,3.48710711471029e-05,10167.884999999998,0.06723744292237444
2019-07-01 19:00:00+00:00,6016.666666666666,4.603654449555489e-05,10167.884999999998,0.06723744292237444
2019-07-01 19:00:00+00:00,6275.0,5.83338312798038e-05,10167.884999999998,0.06723744292237444
2019-07-01 19:00:00+00:00,6533.333333333333,7.054609051274367e-05,10167.884999999998,0.06723744292237444
2019-07-01 19:00:00+00:00,6791.666666666666,8.206850460795116e-05,10167.884999999998,0.06723744292237444
2019-07-01 19:00:00+00:00,7050.0,0.00010377496407358168,10167.884999999998,0.06723744292237444
2019-07-01 19:00:00+00:00,7308.333333333333,0.00011291466123757564,10167.884999999998,0.06723744292237444
2019-07-01 19:00:00+00:00,7566.666666666666,0.00012581207019750625,10167.884999999998,0.06723744292237444
2019-07-01 19:00:00+00:00,7824.999999999999,0.00014152253930371637,10167.884999999998,0.06723744292237444
2019-07-01 19:00:00+00:00,8083.333333333332,0.00015031933654789155,10167.884999999998,0.06723744292237444
2019-07-01 19:00:00+00:00,8341.666666666666,0.0001466802974192538,10167.884999999998,0.06723744292237444
2019-07-01 19:00:00+00:00,8600.0,0.00018156800300588673,10167.884999999998,0.06723744292237444
2019-07-01 19:00:00+00:00,8858.333333333332,0.000156947997455399,10167.884999999998,0.06723744292237444
2019-07-01 19:00:00+00:00,9116.666666666666,0.00015961594622405887,10167.884999999998,0.06723744292237444
2019-07-01 19:00:00+00:00,9375.0,0.00017179181930024643,10167.884999999998,0.06723744292237444
2019-07-01 19:00:00+00:00,9633.333333333332,0.00016985967869590475,10167.884999999998,0.06723744292237444
2019-07-01 19:00:00+00:00,9891.666666666664,0.000153921734178998,10167.884999999998,0.06723744292237444
2019-07-01 19:00:00+00:00,10149.999999999998,0.00014932479129694786,10167.884999999998,0.06723744292237444
2019-07-01 19:00:00+00:00,10408.333333333332,0.0001434904335499682,10167.884999999998,0.06723744292237444
2019-07-01 19:00:00+00:00,10666.666666666664,0.00013663584357548732,10167.884999999998,0.06723744292237444
2019-07-01 19:00:00+00:00,10924.999999999998,0.00012899157018979033,10167.884999999998,0.06723744292237444
2019-07-01 19:00:00+00:00,11183.333333333332,0.00012079033718092348,10167.884999999998,0.06723744292237444
2019-07-01 19:00:00+00:00,11441.666666666664,0.0001122569464359032,10167.884999999998,0.06723744292237444
2019-07-01 19:00:00+00:00,11699.999999999998,0.00010359977921183898,10167.884999999998,0.06723744292237444
2019-07-01 19:00:00+00:00,11958.333333333332,9.500422010293595e-05,10167.884999999998,0.06723744292237444
2019-07-01 19:00:00+00:00,12216.666666666664,8.66281476651588e-05,10167.884999999998,0.06723744292237444
2019-07-01 19:00:00+00:00,12474.999999999998,7.85994700810243e-05,10167.884999999998,0.06723744292237444
2019-07-01 19:00:00+00:00,12733.333333333332,7.101554588871717e-05,10167.884999999998,0.06723744292237444
2019-07-01 19:00:00+00:00,12991.666666666664,6.394422619326359e-05,10167.884999999998,0.06723744292237444
2019-07-01 19:00:00+00:00,13249.999999999998,5.7426188813314886e-05,10167.884999999998,0.06723744292237444
2019-07-01 19:00:00+00:00,13508.333333333332,5.147820533771568e-05,10167.884999999998,0.06723744292237444
2019-07-01 19:00:00+00:00,13766.666666666664,5.095760410052792e-05,10167.884999999998,0.06723744292237444
2019-07-01 19:00:00+00:00,14024.999999999998,4.629323991471551e-05,10167.884999999998,0.06723744292237444
2019-07-01 19:00:00+00:00,14283.33333333333,3.5767337753125325e-05,10167.884999999998,0.06723744292237444
2019-07-01 19:00:00+00:00,14541.666666666664,3.1820608567508964e-05,10167.884999999998,0.06723744292237444
2019-07-01 19:00:00+00:00,14799.999999999996,2.8366165921705607e-05,10167.884999999998,0.06723744292237444
2019-07-01 19:00:00+00:00,15058.33333333333,3.0890380700898646e-05,10167.884999999998,0.06723744292237444
2019-07-01 19:00:00+00:00,15316.666666666664,2.590597068918745e-05,10167.884999999998,0.06723744292237444
2019-07-01 19:00:00+00:00,15574.999999999996,1.8762239600138837e-05,10167.884999999998,0.06723744292237444
2019-07-01 19:00:00+00:00,15833.33333333333,1.6845456384123725e-05,10167.884999999998,0.06723744292237444
2019-07-01 19:00:00+00:00,16091.666666666664,2.133006208562737e-05,10167.884999999998,0.06723744292237444
2019-07-01 19:00:00+00:00,16349.999999999996,1.4568080237482194e-05,10167.884999999998,0.06723744292237444
2019-07-01 19:00:00+00:00,16608.33333333333,1.0910787611747283e-05,10167.884999999998,0.06723744292237444
2019-07-01 19:00:00+00:00,16866.666666666664,1.305692851294897e-05,10167.884999999998,0.06723744292237444
2019-07-01 19:00:00+00:00,17124.999999999996,1.2235178057769889e-05,10167.884999999998,0.06723744292237444
2019-07-01 19:00:00+00:00,17383.33333333333,6.961851862189154e-06,10167.884999999998,0.06723744292237444
2019-07-01 19:00:00+00:00,17641.666666666664,9.168120131860855e-06,10167.884999999998,0.06723744292237444
2019-07-01 19:00:00+00:00,17899.999999999996,8.476537736292373e-06,10167.884999999998,0.06723744292237444
2019-07-01 19:00:00+00:00,18158.33333333333,4.448723171244308e-06,10167.884999999998,0.06723744292237444
2019-07-01 19:00:00+00:00,18416.666666666664,7.59121878947467e-06,10167.884999999998,0.06723744292237444
2019-07-01 19:00:00+00:00,18674.999999999996,4.660896860758763e-06,10167.884999999998,0.06723744292237444
2019-07-01 19:00:00+00:00,18933.33333333333,3.2714697904325397e-06,10167.884999999998,0.06723744292237444
2019-07-01 19:00:00+00:00,19191.666666666664,6.301851087639776e-06,10167.884999999998,0.06723744292237444
2019-07-01 19:00:00+00:00,19449.999999999996,1.8494581322890676e-06,10167.884999999998,0.06723744292237444
2019-07-01 19:00:00+00:00,19708.33333333333,4.084779975539241e-06,10167.884999999998,0.06723744292237444
2019-07-01 19:00:00+00:00,19966.666666666664,2.5572407077128517e-06,10167.884999999998,0.06723744292237444
2019-07-01 19:00:00+00:00,20224.999999999996,2.08818815333634e-06,10167.884999999998,0.06723744292237444
2019-07-01 19:00:00+00:00,20483.33333333333,3.0668454689943512e-06,10167.884999999998,0.06723744292237444
2019-07-01 19:00:00+00:00,20741.666666666664,7.905205951992986e-07,10167.884999999998,0.06723744292237444
2019-07-01 19:30:00+00:00,5758.333333333334,3.106468091428802e-05,10286.98,0.06718036529680366
2019-07-01 19:30:00+00:00,6016.666666666668,4.177136652329283e-05,10286.98,0.06718036529680366
2019-07-01 19:30:00+00:00,6275.000000000001,5.3479052058049244e-05,10286.98,0.06718036529680366
2019-07-01 19:30:00+00:00,6533.333333333334,6.515306695014594e-05,10286.98,0.06718036529680366
2019-07-01 19:30:00+00:00,6791.666666666668,7.627597188417524e-05,10286.98,0.06718036529680366
2019-07-01 19:30:00+00:00,7050.000000000001,9.709803876870199e-05,10286.98,0.06718036529680366
2019-07-01 19:30:00+00:00,7308.333333333334,0.00010642170500259633,10286.98,0.06718036529680366
2019-07-01 19:30:00+00:00,7566.666666666668,0.00011937681052653295,10286.98,0.06718036529680366
2019-07-01 19:30:00+00:00,7825.000000000001,0.00013529546994197277,10286.98,0.06718036529680366
2019-07-01 19:30:00+00:00,8083.333333333334,0.00014472405148320642,10286.98,0.06718036529680366
2019-07-01 19:30:00+00:00,8341.666666666668,0.00014219430727006996,10286.98,0.06718036529680366
2019-07-01 19:30:00+00:00,8600.0,0.00017726801167881447,10286.98,0.06718036529680366
2019-07-01 19:30:00+00:00,8858.333333333334,0.00015429107414971992,10286.98,0.06718036529680366
2019-07-01 19:30:00+00:00,9116.666666666668,0.0001578167611837244,10286.98,0.06718036529680366
2019-07-01 19:30:00+00:00,9375.0,0.00017086126918127955,10286.98,0.06718036529680366
2019-07-01 19:30:00+00:00,9633.333333333334,0.00016992211713289638,10286.98,0.06718036529680366
2019-07-01 19:30:00+00:00,9891.666666666668,0.00015479280927282156,10286.98,0.06718036529680366
2019-07-01 19:30:00+00:00,10150.0,0.0001508612987024482,10286.98,0.06718036529680366
2019-07-01 19:30:00+00:00,10408.333333333334,0.00014559421608782496,10286.98,0.06718036529680366
2019-07-01 19:30:00+00:00,10666.666666666668,0.00013920073492599617,10286.98,0.06718036529680366
2019-07-01 19:30:00+00:00,10925.0,0.00013190955328415608,10286.98,0.06718036529680366
2019-07-01 19:30:00+00:00,11183.333333333334,0.00012395690442589918,10286.98,0.06718036529680366
2019-07-01 19:30:00+00:00,11441.666666666668,0.00011557539786362928,10286.98,0.06718036529680366
2019-07-01 19:30:00+00:00,11700.0,0.00010698432952894733,10286.98,0.06718036529680366
2019-07-01 19:30:00+00:00,11958.333333333334,9.838190855824922e-05,10286.98,0.06718036529680366
2019-07-01 19:30:00+00:00,12216.666666666668,8.993964479038273e-05,10286.98,0.06718036529680366
2019-07-01 19:30:00+00:00,12475.0,8.179894666731843e-05,10286.98,0.06718036529680366
2019-07-01 19:30:00+00:00,12733.333333333334,7.406981063313092e-05,10286.98,0.06718036529680366
2019-07-01 19:30:00+00:00,12991.666666666668,6.683135164216372e-05,10286.98,0.06718036529680366
2019-07-01 19:30:00+00:00,13250.0,6.0133835517116785e-05,10286.98,0.06718036529680366
2019-07-01 19:30:00+00:00,13508.333333333334,5.40018278890311e-05,10286.98,0.06718036529680366
2019-07-01 19:30:00+00:00,13766.666666666668,5.3557458372994355e-05,10286.98,0.06718036529680366
2019-07-01 19:30:00+00:00,14025.0,4.8757819635331876e-05,10286.98,0.06718036529680366
2019-07-01 19:30:00+00:00,14283.333333333332,3.773934230859042e-05,10286.98,0.06718036529680366
2019-07-01 19:30:00+00:00,14541.666666666668,3.362186229432842e-05,10286.98,0.06718036529680366
2019-07-01 19:30:00+00:00,14800.0,3.0011461213466403e-05,10286.98,0.06718036529680366
2019-07-01 19:30:00+00:00,15058.333333333332,3.273838438236145e-05,10286.98,0.06718036529680366
2019-07-01 19:30:00+00:00,15316.666666666668,2.7513754348974845e-05,10286.98,0.06718036529680366
2019-07-01 19:30:00+00:00,15575.0,1.995697120997911e-05,10286.98,0.06718036529680366
2019-07-01 19:30:00+00:00,15833.333333333332,1.7935635650894446e-05,10286.98,0.06718036529680366
2019-07-01 19:30:00+00:00,16091.666666666668,2.2753201436632047e-05,10286.98,0.06718036529680366
2019-07-01 19:30:00+00:00,16350.0,1.5575887142760927e-05,10286.98,0.06718036529680366
2019-07-01 19:30:00+00:00,16608.333333333332,1.167787946389071e-05,10286.98,0.06718036529680366
2019-07-01 19:30:00+00:00,16866.666666666668,1.3993779133275964e-05,10286.98,0.06718036529680366
2019-07-01 19:30:00+00:00,17125.0,1.3146152803270045e-05,10286.98,0.06718036529680366
2019-07-01 19:30:00+00:00,17383.333333333332,7.491326589701703e-06,10286.98,0.06718036529680366
2019-07-01 19:30:00+00:00,17641.666666666668,9.876911483340898e-06,10286.98,0.06718036529680366
2019-07-01 19:30:00+00:00,17900.0,9.157500249709257e-06,10286.98,0.06718036529680366
2019-07-01 19:30:00+00:00,18158.333333333332,4.811943534199329e-06,10286.98,0.06718036529680366
2019-07-01 19:30:00+00:00,18416.666666666668,8.225444407582828e-06,10286.98,0.06718036529680366
2019-07-01 19:30:00+00:00,18675.0,5.066232825074412e-06,10286.98,0.06718036529680366
2019-07-01 19:30:00+00:00,18933.333333333332,3.555973910958909e-06,10286.98,0.06718036529680366
2019-07-01 19:30:00+00:00,19191.666666666668,6.872839502956845e-06,10286.98,0.06718036529680366
2019-07-01 19:30:00+00:00,19450.0,2.0228110158537526e-06,10286.98,0.06718036529680366
2019-07-01 19:30:00+00:00,19708.333333333332,4.470743680122437e-06,10286.98,0.06718036529680366
2019-07-01 19:30:00+00:00,19966.666666666668,2.8094551638987253e-06,10286.98,0.06718036529680366
2019-07-01 19:30:00+00:00,20225.0,2.294141092345523e-06,10286.98,0.06718036529680366
2019-07-01 19:30:00+00:00,20483.333333333332,3.3828567311512772e-06,10286.98,0.06718036529680366
2019-07-01 19:30:00+00:00,20741.666666666668,8.719767407976317e-07,10286.98,0.06718036529680366
2019-07-01 20:00:00+00:00,5758.333333333333,2.872662428035342e-05,10426.15,0.06712328767123288
2019-07-01 20:00:00+00:00,6016.666666666667,3.8524300972926085e-05,10426.15,0.06712328767123288
2019-07-01 20:00:00+00:00,6275.0,4.939847764181253e-05,10426.15,0.06712328767123288
2019-07-01 20:00:00+00:00,6533.333333333333,6.039613014873348e-05,10426.15,0.06712328767123288
2019-07-01 20:00:00+00:00,6791.666666666666,7.100752651244674e-05,10426.15,0.06712328767123288
2019-07-01 20:00:00+00:00,7050.0,9.083928015674085e-05,10426.15,0.06712328767123288
2019-07-01 20:00:00+00:00,7308.333333333333,0.00010010815658231139,10426.15,0.06712328767123288
2019-07-01 20:00:00+00:00,7566.666666666666,0.00011286080838826026,10426.15,0.06712328767123288
2019-07-01 20:00:00+00:00,7825.0,0.00012863123830286752,10426.15,0.06712328767123288
2019-07-01 20:00:00+00:00,8083.333333333333,0.00013833288270706417,10426.15,0.06712328767123288
2019-07-01 20:00:00+00:00,8341.666666666666,0.000136639022917431,10426.15,0.06712328767123288
2019-07-01 20:00:00+00:00,8600.0,0.00017131497827325737,10426.15,0.06712328767123288
2019-07-01 20:00:00+00:00,8858.333333333332,0.00014997399044251186,10426.15,0.06712328767123288
2019-07-01 20:00:00+00:00,9116.666666666666,0.00015418102974085876,10426.15,0.06712328767123288
2019-07-01 20:00:00+00:00,9375.0,0.00016784922194806043,10426.15,0.06712328767123288
2019-07-01 20:00:00+00:00,9633.333333333332,0.00016789330936169329,10426.15,0.06712328767123288
2019-07-01 20:00:00+00:00,9891.666666666666,0.0001538059567558092,10426.15,0.06712328767123288
2019-07-01 20:00:00+00:00,10150.0,0.00015068583994243097,10426.15,0.06712328767123288
2019-07-01 20:00:00+00:00,10408.333333333332,0.00014618928227293324,10426.15,0.06712328767123288
2019-07-01 20:00:00+00:00,10666.666666666666,0.00014050326919171267,10426.15,0.06712328767123288
2019-07-01 20:00:00+00:00,10925.0,0.0001338388993167198,10426.15,0.06712328767123288
2019-07-01 20:00:00+00:00,11183.333333333332,0.00012642003102298908,10426.15,0.06712328767123288
2019-07-01 20:00:00+00:00,11441.666666666666,0.00011847233711432447,10426.15,0.06712328767123288
2019-07-01 20:00:00+00:00,11700.0,0.00011021342859485581,10426.15,0.06712328767123288
2019-07-01 20:00:00+00:00,11958.333333333332,0.0001018445523362072,10426.15,0.06712328767123288
2019-07-01 20:00:00+00:00,12216.666666666666,9.354418911366616e-05,10426.15,0.06712328767123288
2019-07-01 20:00:00+00:00,12475.0,8.546369762088245e-05,10426.15,0.06712328767123288
2019-07-01 20:00:00+00:00,12733.333333333332,7.772498350078707e-05,10426.15,0.06712328767123288
2019-07-01 20:00:00+00:00,12991.666666666666,7.042003288187465e-05,10426.15,0.06712328767123288
2019-07-01 20:00:00+00:00,13250.0,6.361204531821366e-05,10426.15,0.06712328767123288
2019-07-01 20:00:00+00:00,13508.333333333332,5.7337834575489056e-05,10426.15,0.06712328767123288
2019-07-01 20:00:00+00:00,13766.666666666666,5.7092406137195436e-05,10426.15,0.06712328767123288
2019-07-01 20:00:00+00:00,14025.0,5.220440458040815e-05,10426.15,0.06712328767123288
2019-07-01 20:00:00+00:00,14283.333333333332,4.055589594302093e-05,10426.15,0.06712328767123288
2019-07-01 20:00:00+00:00,14541.666666666666,3.6231794463259854e-05,10426.15,0.06712328767123288
2019-07-01 20:00:00+00:00,14800.0,3.2424786745599746e-05,10426.15,0.06712328767123288
2019-07-01 20:00:00+00:00,15058.333333333332,3.5486521702269024e-05,10426.15,0.06712328767123288
2019-07-01 20:00:00+00:00,15316.666666666666,2.9935998537029524e-05,10426.15,0.06712328767123288
2019-07-01 20:00:00+00:00,15575.0,2.1768908663156832e-05,10426.15,0.06712328767123288
2019-07-01 20:00:00+00:00,15833.333333333332,1.9594893751200238e-05,10426.15,0.06712328767123288
2019-07-01 20:00:00+00:00,16091.666666666666,2.4929432556820543e-05,10426.15,0.06712328767123288
2019-07-01 20:00:00+00:00,16350.0,1.711985890214947e-05,10426.15,0.06712328767123288
2019-07-01 20:00:00+00:00,16608.333333333332,1.2852080879311325e-05,10426.15,0.06712328767123288
2019-07-01 20:00:00+00:00,16866.666666666664,1.5426334684053838e-05,10426.15,0.06712328767123288
2019-07-01 20:00:00+00:00,17125.0,1.4531308924763617e-05,10426.15,0.06712328767123288
2019-07-01 20:00:00+00:00,17383.333333333332,8.292123663409261e-06,10426.15,0.06712328767123288
2019-07-01 20:00:00+00:00,17641.666666666664,1.0944574800295201e-05,10426.15,0.06712328767123288
2019-07-01 20:00:00+00:00,17900.0,1.0169867286187929e-05,10426.15,0.06712328767123288
2019-07-01 20:00:00+00:00,18158.333333333332,5.348163680192172e-06,10426.15,0.06712328767123288
2019-07-01 20:00:00+00:00,18416.666666666664,9.152570829721333e-06,10426.15,0.06712328767123288
2019-07-01 20:00:00+00:00,18675.0,5.64670466237667e-06,10426.15,0.06712328767123288
2019-07-01 20:00:00+00:00,18933.333333333332,3.9634053853427235e-06,10426.15,0.06712328767123288
2019-07-01 20:00:00+00:00,19191.666666666664,7.670955088865854e-06,10426.15,0.06712328767123288
2019-07-01 20:00:00+00:00,19450.0,2.259710654239175e-06,10426.15,0.06712328767123288
2019-07-01 20:00:00+00:00,19708.333333333332,4.995396185719012e-06,10426.15,0.06712328767123288
2019-07-01 20:00:00+00:00,19966.666666666664,3.141662729366073e-06,10426.15,0.06712328767123288
2019-07-01 20:00:00+00:00,20225.0,2.565414696182708e-06,10426.15,0.06712328767123288
2019-07-01 20:00:00+00:00,20483.333333333332,3.7847366628740865e-06,10426.15,0.06712328767123288
2019-07-01 20:00:00+00:00,20741.666666666664,9.755666888513163e-07,10426.15,0.06712328767123288
2019-07-01 20:30:00+00:00,5758.333333333333,2.535188650698146e-05,10582.71,0.0670662100456621
2019-07-01 20:30:00+00:00,6016.666666666667,3.5380846221375765e-05,10582.71,0.0670662100456621
2019-07-01 20:30:00+00:00,6275.0,4.6078942895131325e-05,10582.71,0.0670662100456621
2019-07-01 20:30:00+00:00,6533.333333333333,5.684714321536598e-05,10582.71,0.0670662100456621
2019-07-01 20:30:00+00:00,6791.666666666666,6.731194187697806e-05,10582.71,0.0670662100456621
2019-07-01 20:30:00+00:00,7050.0,8.66632676512726e-05,10582.71,0.0670662100456621
2019-07-01 20:30:00+00:00,7308.333333333333,9.601510008644064e-05,10582.71,0.0670662100456621
2019-07-01 20:30:00+00:00,7566.666666666666,0.00010863913571043814,10582.71,0.0670662100456621
2019-07-01 20:30:00+00:00,7825.0,0.00012419414158618686,10582.71,0.0670662100456621
2019-07-01 20:30:00+00:00,8083.333333333333,0.00013385991353513698,10582.71,0.0670662100456621
2019-07-01 20:30:00+00:00,8341.666666666666,0.00013247408651146316,10582.71,0.0670662100456621
2019-07-01 20:30:00+00:00,8600.0,0.00016642078014925086,10582.71,0.0670662100456621
2019-07-01 20:30:00+00:00,8858.333333333332,0.0001459995412563858,10582.71,0.0670662100456621
2019-07-01 20:30:00+00:00,9116.666666666666,0.00015041007734274873,10582.71,0.0670662100456621
2019-07-01 20:30:00+00:00,9375.0,0.0001641717238455337,10582.71,0.0670662100456621
2019-07-01 20:30:00+00:00,9633.333333333332,0.00016473052745932036,10582.71,0.0670662100456621
2019-07-01 20:30:00+00:00,9891.666666666666,0.00015143368955625004,10582.71,0.0670662100456621
2019-07-01 20:30:00+00:00,10150.0,0.0001489012949111441,10582.71,0.0670662100456621
2019-07-01 20:30:00+00:00,10408.333333333332,0.00014503729344559615,10582.71,0.0670662100456621
2019-07-01 20:30:00+00:00,10666.666666666666,0.0001400037751987655,10582.71,0.0670662100456621
2019-07-01 20:30:00+00:00,10925.0,0.00013398637563943026,10582.71,0.0670662100456621
2019-07-01 20:30:00+00:00,11183.333333333332,0.00012718489972753506,10582.71,0.0670662100456621
2019-07-01 20:30:00+00:00,11441.666666666666,0.00011980407656459076,10582.71,0.0670662100456621
2019-07-01 20:30:00+00:00,11700.0,0.0001120449606242533,10582.71,0.0670662100456621
2019-07-01 20:30:00+00:00,11958.333333333332,0.00010409740196885352,10582.71,0.0670662100456621
2019-07-01 20:30:00+00:00,12216.666666666666,9.613389385115932e-05,10582.71,0.0670662100456621
2019-07-01 20:30:00+00:00,12475.0,8.830498304085953e-05,10582.71,0.0670662100456621
2019-07-01 20:30:00+00:00,12733.333333333332,8.07363068402238e-05,10582.71,0.0670662100456621
2019-07-01 20:30:00+00:00,12991.666666666666,7.352721026409097e-05,10582.71,0.0670662100456621
2019-07-01 20:30:00+00:00,13250.0,6.675080430055397e-05,10582.71,0.0670662100456621
2019-07-01 20:30:00+00:00,13508.333333333332,6.045525609612637e-05,10582.71,0.0670662100456621
2019-07-01 20:30:00+00:00,13766.666666666666,6.050898352680316e-05,10582.71,0.0670662100456621
2019-07-01 20:30:00+00:00,14025.0,5.564888160458261e-05,10582.71,0.0670662100456621
2019-07-01 20:30:00+00:00,14283.333333333332,4.3442831470408375e-05,10582.71,0.0670662100456621
2019-07-01 20:30:00+00:00,14541.666666666666,3.8954246160088766e-05,10582.71,0.0670662100456621
2019-07-01 20:30:00+00:00,14800.0,3.498030216681426e-05,10582.71,0.0670662100456621
2019-07-01 20:30:00+00:00,15058.333333333332,3.844788327522515e-05,10582.71,0.0670662100456621
2019-07-01 20:30:00+00:00,15316.666666666666,3.25935939853593e-05,10582.71,0.0670662100456621
2019-07-01 20:30:00+00:00,15575.0,2.377805247964848e-05,10582.71,0.0670662100456621
2019-07-01 20:30:00+00:00,15833.333333333332,2.1445937770556814e-05,10582.71,0.0670662100456621
2019-07-01 20:30:00+00:00,16091.666666666666,2.7381145745562345e-05,10582.71,0.0670662100456621
2019-07-01 20:30:00+00:00,16350.0,1.8874295737502188e-05,10582.71,0.0670662100456621
2019-07-01 20:30:00+00:00,16608.333333333332,1.4189633068385894e-05,10582.71,0.0670662100456621
2019-07-01 20:30:00+00:00,16866.666666666664,1.7063157305074517e-05,10582.71,0.0670662100456621
2019-07-01 20:30:00+00:00,17125.0,1.6117707216417313e-05,10582.71,0.0670662100456621
2019-07-01 20:30:00+00:00,17383.333333333332,9.208794741330831e-06,10582.71,0.0670662100456621
2019-07-01 20:30:00+00:00,17641.666666666664,1.2166248595707174e-05,10582.71,0.0670662100456621
2019-07-01 20:30:00+00:00,17900.0,1.1323268652241105e-05,10582.71,0.0670662100456621
2019-07-01 20:30:00+00:00,18158.333333333332,5.957081057286046e-06,10582.71,0.0670662100456621
2019-07-01 20:30:00+00:00,18416.666666666664,1.0200476103985083e-05,10582.71,0.0670662100456621
2019-07-01 20:30:00+00:00,18675.0,6.295039963325788e-06,10582.71,0.0670662100456621
2019-07-01 20:30:00+00:00,18933.333333333332,4.418470025151481e-06,10582.71,0.0670662100456621
2019-07-01 20:30:00+00:00,19191.666666666664,8.548067110999848e-06,10582.71,0.0670662100456621
2019-07-01 20:30:00+00:00,19450.0,2.5157012935587362e-06,10582.71,0.0670662100456621
2019-07-01 20:30:00+00:00,19708.333333333332,5.560025587959544e-06,10582.71,0.0670662100456621
2019-07-01 20:30:00+00:00,19966.666666666664,3.4898999860157967e-06,10582.71,0.0670662100456621
2019-07-01 20:30:00+00:00,20225.0,2.84977780353257e-06,10582.71,0.0670662100456621
2019-07-01 20:30:00+00:00,20483.333333333332,4.192560497205588e-06,10582.71,0.0670662100456621
2019-07-01 20:30:00+00:00,20741.666666666664,1.0806887576060591e-06,10582.71,0.0670662100456621
2019-07-01 21:00:00+00:00,5758.333333333334,3.309523469073648e-05,10569.73,0.06700913242009132
2019-07-01 21:00:00+00:00,6016.666666666668,3.7662986571242696e-05,10569.73,0.06700913242009132
2019-07-01 21:00:00+00:00,6275.000000000001,4.62205264847625e-05,10569.73,0.06700913242009132
2019-07-01 21:00:00+00:00,6533.333333333334,5.620655688415098e-05,10569.73,0.06700913242009132
2019-07-01 21:00:00+00:00,6791.666666666668,6.639075572184003e-05,10569.73,0.06700913242009132
2019-07-01 21:00:00+00:00,7050.000000000001,8.556238438698946e-05,10569.73,0.06700913242009132
2019-07-01 21:00:00+00:00,7308.333333333334,9.501551609485747e-05,10569.73,0.06700913242009132
2019-07-01 21:00:00+00:00,7566.666666666668,0.00010776854315766887,10569.73,0.06700913242009132
2019-07-01 21:00:00+00:00,7825.000000000001,0.00012353226851661555,10569.73,0.06700913242009132
2019-07-01 21:00:00+00:00,8083.333333333334,0.00013346979912025233,10569.73,0.06700913242009132
2019-07-01 21:00:00+00:00,8341.666666666668,0.00013237724563714838,10569.73,0.06700913242009132
2019-07-01 21:00:00+00:00,8600.0,0.00016663520920346512,10569.73,0.06700913242009132
2019-07-01 21:00:00+00:00,8858.333333333334,0.00014643723659854847,10569.73,0.06700913242009132
2019-07-01 21:00:00+00:00,9116.666666666668,0.0001510395777828694,10569.73,0.06700913242009132
2019-07-01 21:00:00+00:00,9375.0,0.00016501779032093562,10569.73,0.06700913242009132
2019-07-01 21:00:00+00:00,9633.333333333334,0.00016568991793140955,10569.73,0.06700913242009132
2019-07-01 21:00:00+00:00,9891.666666666668,0.00015236616708797605,10569.73,0.06700913242009132
2019-07-01 21:00:00+00:00,10150.0,0.00014982408449459004,10569.73,0.06700913242009132
2019-07-01 21:00:00+00:00,10408.333333333334,0.00014590764165751556,10569.73,0.06700913242009132
2019-07-01 21:00:00+00:00,10666.666666666668,0.00014078582450835267,10569.73,0.06700913242009132
2019-07-01 21:00:00+00:00,10925.0,0.00013465270126881125,10569.73,0.06700913242009132
2019-07-01 21:00:00+00:00,11183.333333333334,0.00012771721791900043,10569.73,0.06700913242009132
2019-07-01 21:00:00+00:00,11441.666666666668,0.00012019317143349525,10569.73,0.06700913242009132
2019-07-01 21:00:00+00:00,11700.0,0.0001122899440493486,10569.73,0.06700913242009132
2019-07-01 21:00:00+00:00,11958.333333333334,0.00010420446706927899,10569.73,0.06700913242009132
2019-07-01 21:00:00+00:00,12216.666666666668,9.61147456515466e-05,10569.73,0.06700913242009132
2019-07-01 21:00:00+00:00,12475.0,8.817513100132504e-05,10569.73,0.06700913242009132
2019-07-01 21:00:00+00:00,12733.333333333334,8.051338640245613e-05,10569.73,0.06700913242009132
2019-07-01 21:00:00+00:00,12991.666666666668,7.322946936650932e-05,10569.73,0.06700913242009132
2019-07-01 21:00:00+00:00,13250.0,6.639585156240829e-05,10569.73,0.06700913242009132
2019-07-01 21:00:00+00:00,13508.333333333334,6.005912557581357e-05,10569.73,0.06700913242009132
2019-07-01 21:00:00+00:00,13766.666666666668,6.003033515530162e-05,10569.73,0.06700913242009132
2019-07-01 21:00:00+00:00,14025.0,5.512318420237195e-05,10569.73,0.06700913242009132
2019-07-01 21:00:00+00:00,14283.333333333332,4.297549874324328e-05,10569.73,0.06700913242009132
2019-07-01 21:00:00+00:00,14541.666666666668,3.849627465186436e-05,10569.73,0.06700913242009132
2019-07-01 21:00:00+00:00,14800.0,3.4536622087714386e-05,10569.73,0.06700913242009132
2019-07-01 21:00:00+00:00,15058.333333333332,3.7915191969352495e-05,10569.73,0.06700913242009132
2019-07-01 21:00:00+00:00,15316.666666666668,3.20981620160185e-05,10569.73,0.06700913242009132
2019-07-01 21:00:00+00:00,15575.0,2.3395514537128127e-05,10569.73,0.06700913242009132
2019-07-01 21:00:00+00:00,15833.333333333332,2.108921735446709e-05,10569.73,0.06700913242009132
2019-07-01 21:00:00+00:00,16091.666666666668,2.6899084278998058e-05,10569.73,0.06700913242009132
2019-07-01 21:00:00+00:00,16350.0,1.8522599573723826e-05,10569.73,0.06700913242009132
2019-07-01 21:00:00+00:00,16608.333333333332,1.391966447295093e-05,10569.73,0.06700913242009132
2019-07-01 21:00:00+00:00,16866.666666666668,1.673000728472838e-05,10569.73,0.06700913242009132
2019-07-01 21:00:00+00:00,17125.0,1.5791108723853954e-05,10569.73,0.06700913242009132
2019-07-01 21:00:00+00:00,17383.333333333332,9.019235236220646e-06,10569.73,0.06700913242009132
2019-07-01 21:00:00+00:00,17641.666666666668,1.1912760157653837e-05,10569.73,0.06700913242009132
2019-07-01 21:00:00+00:00,17900.0,1.1082916795886115e-05,10569.73,0.06700913242009132
2019-07-01 21:00:00+00:00,18158.333333333332,5.830155786541674e-06,10569.73,0.06700913242009132
2019-07-01 21:00:00+00:00,18416.666666666668,9.981958153822427e-06,10569.73,0.06700913242009132
2019-07-01 21:00:00+00:00,18675.0,6.160265522664453e-06,10569.73,0.06700913242009132
2019-07-01 21:00:00+00:00,18933.333333333332,4.323872241866754e-06,10569.73,0.06700913242009132
2019-07-01 21:00:00+00:00,19191.666666666668,8.367062583026553e-06,10569.73,0.06700913242009132
2019-07-01 21:00:00+00:00,19450.0,2.4633837496399514e-06,10569.73,0.06700913242009132
2019-07-01 21:00:00+00:00,19708.333333333332,5.444904708491841e-06,10569.73,0.06700913242009132
2019-07-01 21:00:00+00:00,19966.666666666668,3.4201460951760034e-06,10569.73,0.06700913242009132
2019-07-01 21:00:00+00:00,20225.0,2.7928182658303687e-06,10569.73,0.06700913242009132
2019-07-01 21:00:00+00:00,20483.333333333332,4.1128638429169335e-06,10569.73,0.06700913242009132
2019-07-01 21:00:00+00:00,20741.666666666668,1.060145874954115e-06,10569.73,0.06700913242009132
2019-07-01 21:30:00+00:00,5758.333333333333,1.758840297412001e-05,10654.88,0.06695205479452054
2019-07-01 21:30:00+00:00,6016.666666666667,2.7657126702070164e-05,10654.88,0.06695205479452054
2019-07-01 21:30:00+00:00,6275.0,4.011552169596381e-05,10654.88,0.06695205479452054
2019-07-01 21:30:00+00:00,6533.333333333333,5.276219126395156e-05,10654.88,0.06695205479452054
2019-07-01 21:30:00+00:00,6791.666666666666,6.434983933606065e-05,10654.88,0.06695205479452054
2019-07-01 21:30:00+00:00,7050.0,8.39464942491179e-05,10654.88,0.06695205479452054
2019-07-01 21:30:00+00:00,7308.333333333333,9.35103716999503e-05,10654.88,0.06695205479452054
2019-07-01 21:30:00+00:00,7566.666666666666,0.00010606811367964496,10654.88,0.06695205479452054
2019-07-01 21:30:00+00:00,7825.0,0.00012152032832047408,10654.88,0.06695205479452054
2019-07-01 21:30:00+00:00,8083.333333333333,0.0001312537654201487,10654.88,0.06695205479452054
2019-07-01 21:30:00+00:00,8341.666666666666,0.0001301884921234055,10654.88,0.06695205479452054
2019-07-01 21:30:00+00:00,8600.0,0.0001639792104127393,10654.88,0.06695205479452054
2019-07-01 21:30:00+00:00,8858.333333333332,0.00014426440747609612,10654.88,0.06695205479452054
2019-07-01 21:30:00+00:00,9116.666666666666,0.0001490079069478545,10654.88,0.06695205479452054
2019-07-01 21:30:00+00:00,9375.0,0.00016311395944261576,10654.88,0.06695205479452054
2019-07-01 21:30:00+00:00,9633.333333333332,0.00016417681082789287,10654.88,0.06695205479452054
2019-07-01 21:30:00+00:00,9891.666666666666,0.0001513855676538382,10654.88,0.06695205479452054
2019-07-01 21:30:00+00:00,10150.0,0.0001492800746837658,10654.88,0.06695205479452054
2019-07-01 21:30:00+00:00,10408.333333333332,0.00014582355210754656,10654.88,0.06695205479452054
2019-07-01 21:30:00+00:00,10666.666666666666,0.00014116481535959141,10654.88,0.06695205479452054
2019-07-01 21:30:00+00:00,10925.0,0.0001354787358682568,10654.88,0.06695205479452054
2019-07-01 21:30:00+00:00,11183.333333333332,0.00012895730011938775,10654.88,0.06695205479452054
2019-07-01 21:30:00+00:00,11441.666666666666,0.00012180055924755073,10654.88,0.06695205479452054
2019-07-01 21:30:00+00:00,11700.0,0.0001142079903004031,10654.88,0.06695205479452054
2019-07-01 21:30:00+00:00,11958.333333333332,0.00010637071697797672,10654.88,0.06695205479452054
2019-07-01 21:30:00+00:00,12216.666666666666,9.846493947609224e-05,10654.88,0.06695205479452054
2019-07-01 21:30:00+00:00,12475.0,9.06468102131983e-05,10654.88,0.06695205479452054
2019-07-01 21:30:00+00:00,12733.333333333332,8.304887500691505e-05,10654.88,0.06695205479452054
2019-07-01 21:30:00+00:00,12991.666666666666,7.577808720001075e-05,10654.88,0.06695205479452054
2019-07-01 21:30:00+00:00,13250.0,6.89153032584454e-05,10654.88,0.06695205479452054
2019-07-01 21:30:00+00:00,13508.333333333332,6.25160883269679e-05,10654.88,0.06695205479452054
2019-07-01 21:30:00+00:00,13766.666666666666,6.267515908277685e-05,10654.88,0.06695205479452054
2019-07-01 21:30:00+00:00,14025.0,5.77406623815609e-05,10654.88,0.06695205479452054
2019-07-01 21:30:00+00:00,14283.333333333332,4.5136896692102714e-05,10654.88,0.06695205479452054
2019-07-01 21:30:00+00:00,14541.666666666666,4.051218719488828e-05,10654.88,0.06695205479452054
2019-07-01 21:30:00+00:00,14800.0,3.641028830608497e-05,10654.88,0.06695205479452054
2019-07-01 21:30:00+00:00,15058.333333333332,4.005948358546212e-05,10654.88,0.06695205479452054
2019-07-01 21:30:00+00:00,15316.666666666666,3.399409733757542e-05,10654.88,0.06695205479452054
2019-07-01 21:30:00+00:00,15575.0,2.4813821040843892e-05,10654.88,0.06695205479452054
2019-07-01 21:30:00+00:00,15833.333333333332,2.2387393306306876e-05,10654.88,0.06695205479452054
2019-07-01 21:30:00+00:00,16091.666666666666,2.8597243798218122e-05,10654.88,0.06695205479452054
2019-07-01 21:30:00+00:00,16350.0,1.9719551676738253e-05,10654.88,0.06695205479452054
2019-07-01 21:30:00+00:00,16608.333333333332,1.482584275148784e-05,10654.88,0.06695205479452054
2019-07-01 21:30:00+00:00,16866.666666666664,1.782935060342584e-05,10654.88,0.06695205479452054
2019-07-01 21:30:00+00:00,17125.0,1.683918648211445e-05,10654.88,0.06695205479452054
2019-07-01 21:30:00+00:00,17383.333333333332,9.618887813810502e-06,10654.88,0.06695205479452054
2019-07-01 21:30:00+00:00,17641.666666666664,1.2705857557668595e-05,10654.88,0.06695205479452054
2019-07-01 21:30:00+00:00,17900.0,1.1817682287093587e-05,10654.88,0.06695205479452054
2019-07-01 21:30:00+00:00,18158.333333333332,6.214803656873115e-06,10654.88,0.06695205479452054
2019-07-01 21:30:00+00:00,18416.666666666664,1.0635895053663089e-05,10654.88,0.06695205479452054
2019-07-01 21:30:00+00:00,18675.0,6.555734805355406e-06,10654.88,0.06695205479452054
2019-07-01 21:30:00+00:00,18933.333333333332,4.6014509675965005e-06,10654.88,0.06695205479452054
2019-07-01 21:30:00+00:00,19191.666666666664,8.8885862913691e-06,10654.88,0.06695205479452054
2019-07-01 21:30:00+00:00,19450.0,2.612091109675611e-06,10654.88,0.06695205479452054
2019-07-01 21:30:00+00:00,19708.333333333332,5.7710201555151585e-06,10654.88,0.06695205479452054
2019-07-01 21:30:00+00:00,19966.666666666664,3.61464487315432e-06,10654.88,0.06695205479452054
2019-07-01 21:30:00+00:00,20225.0,2.951641814505818e-06,10654.88,0.06695205479452054
2019-07-01 21:30:00+00:00,20483.333333333332,4.3318306676781085e-06,10654.88,0.06695205479452054
2019-07-01 21:30:00+00:00,20741.666666666664,1.1165875138911879e-06,10654.88,0.06695205479452054
2019-07-01 22:00:00+00:00,5758.333333333333,2.906468044341471e-05,10557.79,0.06689497716894977
2019-07-01 22:00:00+00:00,6016.666666666667,3.579068003701831e-05,10557.79,0.06689497716894977
2019-07-01 22:00:00+00:00,6275.0,4.513486018084182e-05,10557.79,0.06689497716894977
2019-07-01 22:00:00+00:00,6533.333333333333,5.548802141304544e-05,10557.79,0.06689497716894977
2019-07-01 22:00:00+00:00,6791.666666666666,6.592759294046e-05,10557.79,0.06689497716894977
2019-07-01 22:00:00+00:00,7050.0,8.534072199208873e-05,10557.79,0.06689497716894977
2019-07-01 22:00:00+00:00,7308.333333333333,9.51166726474637e-05,10557.79,0.06689497716894977
2019-07-01 22:00:00+00:00,7566.666666666666,0.00010817438870676733,10557.79,0.06689497716894977
2019-07-01 22:00:00+00:00,7825.0,0.00012429633893354437,10557.79,0.06689497716894977
2019-07-01 22:00:00+00:00,8083.333333333333,0.0001345318899868362,10557.79,0.06689497716894977
2019-07-01 22:00:00+00:00,8341.666666666666,0.0001336018488135141,10557.79,0.06689497716894977
2019-07-01 22:00:00+00:00,8600.0,0.00016832176005244994,10557.79,0.06689497716894977
2019-07-01 22:00:00+00:00,8858.333333333332,0.00014798256554182944,10557.79,0.06689497716894977
2019-07-01 22:00:00+00:00,9116.666666666666,0.0001526359358364529,10557.79,0.06689497716894977
2019-07-01 22:00:00+00:00,9375.0,0.00016670992248798898,10557.79,0.06689497716894977
2019-07-01 22:00:00+00:00,9633.333333333332,0.00016728181845665464,10557.79,0.06689497716894977
2019-07-01 22:00:00+00:00,9891.666666666666,0.0001536934758174906,10557.79,0.06689497716894977
2019-07-01 22:00:00+00:00,10150.0,0.00015097312782881038,10557.79,0.06689497716894977
2019-07-01 22:00:00+00:00,10408.333333333332,0.00014685063483442103,10557.79,0.06689497716894977
2019-07-01 22:00:00+00:00,10666.666666666666,0.0001415071306097818,10557.79,0.06689497716894977
2019-07-01 22:00:00+00:00,10925.0,0.00013514852453066416,10557.79,0.06689497716894977
2019-07-01 22:00:00+00:00,11183.333333333332,0.0001279944634379335,10557.79,0.06689497716894977
2019-07-01 22:00:00+00:00,11441.666666666666,0.00012026766911563755,10557.79,0.06689497716894977
2019-07-01 22:00:00+00:00,11700.0,0.00011218426929479117,10557.79,0.06689497716894977
2019-07-01 22:00:00+00:00,11958.333333333332,0.00010394559660596729,10557.79,0.06689497716894977
2019-07-01 22:00:00+00:00,12216.666666666666,9.573176763956951e-05,10557.79,0.06689497716894977
2019-07-01 22:00:00+00:00,12475.0,8.769718994510154e-05,10557.79,0.06689497716894977
2019-07-01 22:00:00+00:00,12733.333333333332,7.996799279302093e-05,10557.79,0.06689497716894977
2019-07-01 22:00:00+00:00,12991.666666666666,7.264124876144896e-05,10557.79,0.06689497716894977
2019-07-01 22:00:00+00:00,13250.0,6.578575465260665e-05,10557.79,0.06689497716894977
2019-07-01 22:00:00+00:00,13508.333333333332,5.9444074968932194e-05,10557.79,0.06689497716894977
2019-07-01 22:00:00+00:00,13766.666666666666,5.935153044669469e-05,10557.79,0.06689497716894977
2019-07-01 22:00:00+00:00,14025.0,5.444012089603294e-05,10557.79,0.06689497716894977
2019-07-01 22:00:00+00:00,14283.333333333332,4.240802313271309e-05,10557.79,0.06689497716894977
2019-07-01 22:00:00+00:00,14541.666666666666,3.796693400999134e-05,10557.79,0.06689497716894977
2019-07-01 22:00:00+00:00,14800.0,3.404573306178721e-05,10557.79,0.06689497716894977
2019-07-01 22:00:00+00:00,15058.333333333332,3.735751149400134e-05,10557.79,0.06689497716894977
2019-07-01 22:00:00+00:00,15316.666666666666,3.161304752726948e-05,10557.79,0.06689497716894977
2019-07-01 22:00:00+00:00,15575.0,2.30387125579453e-05,10557.79,0.06689497716894977
2019-07-01 22:00:00+00:00,15833.333333333332,2.0766486593548614e-05,10557.79,0.06689497716894977
2019-07-01 22:00:00+00:00,16091.666666666666,2.648815268773106e-05,10557.79,0.06689497716894977
2019-07-01 22:00:00+00:00,16350.0,1.824466175564176e-05,10557.79,0.06689497716894977
2019-07-01 22:00:00+00:00,16608.333333333332,1.3714016808633132e-05,10557.79,0.06689497716894977
2019-07-01 22:00:00+00:00,16866.666666666664,1.648776892426257e-05,10557.79,0.06689497716894977
2019-07-01 22:00:00+00:00,17125.0,1.5575011892469078e-05,10557.79,0.06689497716894977
2019-07-01 22:00:00+00:00,17383.333333333332,8.901261605798886e-06,10557.79,0.06689497716894977
2019-07-01 22:00:00+00:00,17641.666666666664,1.176256247158281e-05,10557.79,0.06689497716894977
2019-07-01 22:00:00+00:00,17900.0,1.0958385509369454e-05,10557.79,0.06689497716894977
2019-07-01 22:00:00+00:00,18158.333333333332,5.768656994320303e-06,10557.79,0.06689497716894977
2019-07-01 22:00:00+00:00,18416.666666666664,9.886566882883864e-06,10557.79,0.06689497716894977
2019-07-01 22:00:00+00:00,18675.0,6.113721239710508e-06,10557.79,0.06689497716894977
2019-07-01 22:00:00+00:00,18933.333333333332,4.291202946632057e-06,10557.79,0.06689497716894977
2019-07-01 22:00:00+00:00,19191.666666666664,8.323374707345e-06,10557.79,0.06689497716894977
2019-07-01 22:00:00+00:00,19450.0,2.4558404395937363e-06,10557.79,0.06689497716894977
2019-07-01 22:00:00+00:00,19708.333333333332,5.431066220351925e-06,10557.79,0.06689497716894977
2019-07-01 22:00:00+00:00,19966.666666666664,3.421843475661696e-06,10557.79,0.06689497716894977
2019-07-01 22:00:00+00:00,20225.0,2.794204310489375e-06,10557.79,0.06689497716894977
2019-07-01 22:00:00+00:00,20483.333333333332,4.1289217501183024e-06,10557.79,0.06689497716894977
2019-07-01 22:00:00+00:00,20741.666666666664,1.0642850161284045e-06,10557.79,0.06689497716894977
2019-07-01 22:30:00+00:00,5758.333333333333,2.95217964071088e-05,10553.67,0.066837899543379
2019-07-01 22:30:00+00:00,6016.666666666667,3.587737350795673e-05,10553.67,0.066837899543379
2019-07-01 22:30:00+00:00,6275.0,4.498213079373201e-05,10553.67,0.066837899543379
2019-07-01 22:30:00+00:00,6533.333333333333,5.520371293594659e-05,10553.67,0.066837899543379
2019-07-01 22:30:00+00:00,6791.666666666666,6.559211323274288e-05,10553.67,0.066837899543379
2019-07-01 22:30:00+00:00,7050.0,8.498122379137914e-05,10553.67,0.066837899543379
2019-07-01 22:30:00+00:00,7308.333333333333,9.484134664107103e-05,10553.67,0.066837899543379
2019-07-01 22:30:00+00:00,7566.666666666666,0.00010799867942085408,10553.67,0.066837899543379
2019-07-01 22:30:00+00:00,7825.0,0.0001242608870471931,10553.67,0.066837899543379
2019-07-01 22:30:00+00:00,8083.333333333333,0.00013464514181223459,10553.67,0.066837899543379
2019-07-01 22:30:00+00:00,8341.666666666666,0.00013384084784330314,10553.67,0.066837899543379
2019-07-01 22:30:00+00:00,8600.0,0.00016875661762920691,10553.67,0.066837899543379
2019-07-01 22:30:00+00:00,8858.333333333332,0.00014845293230148813,10553.67,0.066837899543379
2019-07-01 22:30:00+00:00,9116.666666666666,0.00015317337108982496,10553.67,0.066837899543379
2019-07-01 22:30:00+00:00,9375.0,0.0001673301647945598,10553.67,0.066837899543379
2019-07-01 22:30:00+00:00,9633.333333333332,0.00016791026320588277,10553.67,0.066837899543379
2019-07-01 22:30:00+00:00,9891.666666666666,0.0001542530415877854,10553.67,0.066837899543379
2019-07-01 22:30:00+00:00,10150.0,0.00015148806325960613,10553.67,0.066837899543379
2019-07-01 22:30:00+00:00,10408.333333333332,0.00014730292685682635,10553.67,0.066837899543379
2019-07-01 22:30:00+00:00,10666.666666666666,0.00014188376653446113,10553.67,0.066837899543379
2019-07-01 22:30:00+00:00,10925.0,0.0001354417480923129,10553.67,0.066837899543379
2019-07-01 22:30:00+00:00,11183.333333333332,0.00012820159489017172,10553.67,0.066837899543379
2019-07-01 22:30:00+00:00,11441.666666666666,0.00012039056518295835,10553.67,0.066837899543379
2019-07-01 22:30:00+00:00,11700.0,0.00011222852265177476,10553.67,0.066837899543379
2019-07-01 22:30:00+00:00,11958.333333333332,0.00010391958429763815,10553.67,0.066837899543379
2019-07-01 22:30:00+00:00,12216.666666666666,9.564565461689247e-05,10553.67,0.066837899543379
2019-07-01 22:30:00+00:00,12475.0,8.756198022428909e-05,10553.67,0.066837899543379
2019-07-01 22:30:00+00:00,12733.333333333332,7.979469996729072e-05,10553.67,0.066837899543379
2019-07-01 22:30:00+00:00,12991.666666666666,7.244023326526945e-05,10553.67,0.066837899543379
2019-07-01 22:30:00+00:00,13250.0,6.556625062935888e-05,10553.67,0.066837899543379
2019-07-01 22:30:00+00:00,13508.333333333332,5.921390748550397e-05,10553.67,0.066837899543379
2019-07-01 22:30:00+00:00,13766.666666666666,5.9088169856169014e-05,10553.67,0.066837899543379
2019-07-01 22:30:00+00:00,14025.0,5.416548103945471e-05,10553.67,0.066837899543379
2019-07-01 22:30:00+00:00,14283.333333333332,4.217332698588752e-05,10553.67,0.066837899543379
2019-07-01 22:30:00+00:00,14541.666666666666,3.774336778026243e-05,10553.67,0.066837899543379
2019-07-01 22:30:00+00:00,14800.0,3.383443529562152e-05,10553.67,0.066837899543379
2019-07-01 22:30:00+00:00,15058.333333333332,3.711151194622647e-05,10553.67,0.066837899543379
2019-07-01 22:30:00+00:00,15316.666666666666,3.139242293058864e-05,10553.67,0.066837899543379
2019-07-01 22:30:00+00:00,15575.0,2.2872682639839313e-05,10553.67,0.066837899543379
2019-07-01 22:30:00+00:00,15833.333333333332,2.061408732579561e-05,10553.67,0.066837899543379
2019-07-01 22:30:00+00:00,16091.666666666666,2.628830345967192e-05,10553.67,0.066837899543379
2019-07-01 22:30:00+00:00,16350.0,1.8104109806070796e-05,10553.67,0.066837899543379
2019-07-01 22:30:00+00:00,16608.333333333332,1.3607958221672852e-05,10553.67,0.066837899543379
2019-07-01 22:30:00+00:00,16866.666666666664,1.6359632880573357e-05,10553.67,0.066837899543379
2019-07-01 22:30:00+00:00,17125.0,1.5454421755285997e-05,10553.67,0.066837899543379
2019-07-01 22:30:00+00:00,17383.333333333332,8.833000964281125e-06,10553.67,0.066837899543379
2019-07-01 22:30:00+00:00,17641.666666666664,1.167303756261124e-05,10553.67,0.066837899543379
2019-07-01 22:30:00+00:00,17900.0,1.0877604239437424e-05,10553.67,0.066837899543379
2019-07-01 22:30:00+00:00,18158.333333333332,5.726965531061233e-06,10553.67,0.066837899543379
2019-07-01 22:30:00+00:00,18416.666666666664,9.817169508007734e-06,10553.67,0.066837899543379
2019-07-01 22:30:00+00:00,18675.0,6.073680532037645e-06,10553.67,0.066837899543379
2019-07-01 22:30:00+00:00,18933.333333333332,4.263098491749095e-06,10553.67,0.066837899543379
2019-07-01 22:30:00+00:00,19191.666666666664,8.273793242367273e-06,10553.67,0.066837899543379
2019-07-01 22:30:00+00:00,19450.0,2.4426351296869323e-06,10553.67,0.066837899543379
2019-07-01 22:30:00+00:00,19708.333333333332,5.40262001573441e-06,10553.67,0.066837899543379
2019-07-01 22:30:00+00:00,19966.666666666664,3.406830197901405e-06,10553.67,0.066837899543379
2019-07-01 22:30:00+00:00,20225.0,2.7819447884716528e-06,10553.67,0.066837899543379
2019-07-01 22:30:00+00:00,20483.333333333332,4.1148740052992066e-06,10553.67,0.066837899543379
2019-07-01 22:30:00+00:00,20741.666666666664,1.060664021295925e-06,10553.67,0.066837899543379
2019-07-01 23:00:00+00:00,5758.333333333333,3.644886466131355e-05,10701.56,0.06678082191780822
2019-07-01 23:00:00+00:00,6016.666666666667,3.663652558914718e-05,10701.56,0.06678082191780822
2019-07-01 23:00:00+00:00,6275.0,4.2993821502807945e-05,10701.56,0.06678082191780822
2019-07-01 23:00:00+00:00,6533.333333333333,5.173442379392413e-05,10701.56,0.06678082191780822
2019-07-01 23:00:00+00:00,6791.666666666666,6.118000900964578e-05,10701.56,0.06678082191780822
2019-07-01 23:00:00+00:00,7050.0,7.930654807968364e-05,10701.56,0.06678082191780822
2019-07-01 23:00:00+00:00,7308.333333333333,8.877748368777909e-05,10701.56,0.06678082191780822
2019-07-01 23:00:00+00:00,7566.666666666666,0.0001014670065733008,10701.56,0.06678082191780822
2019-07-01 23:00:00+00:00,7825.0,0.00011728574112616116,10701.56,0.06678082191780822
2019-07-01 23:00:00+00:00,8083.333333333333,0.00012768437899327584,10701.56,0.06678082191780822
2019-07-01 23:00:00+00:00,8341.666666666666,0.00012753978269246542,10701.56,0.06678082191780822
2019-07-01 23:00:00+00:00,8600.0,0.00016168157296733243,10701.56,0.06678082191780822
2019-07-01 23:00:00+00:00,8858.333333333332,0.00014302965655614558,10701.56,0.06678082191780822
2019-07-01 23:00:00+00:00,9116.666666666666,0.00014832209193865156,10701.56,0.06678082191780822
2019-07-01 23:00:00+00:00,9375.0,0.00016293490705616493,10701.56,0.06678082191780822
2019-07-01 23:00:00+00:00,9633.333333333332,0.00016446689968106795,10701.56,0.06678082191780822
2019-07-01 23:00:00+00:00,9891.666666666666,0.00015196798436081476,10701.56,0.06678082191780822
2019-07-01 23:00:00+00:00,10150.0,0.00015005880462354466,10701.56,0.06678082191780822
2019-07-01 23:00:00+00:00,10408.333333333332,0.000146715894402623,10701.56,0.06678082191780822
2019-07-01 23:00:00+00:00,10666.666666666666,0.0001420979693945853,10701.56,0.06678082191780822
2019-07-01 23:00:00+00:00,10925.0,0.00013639285312974176,10701.56,0.06678082191780822
2019-07-01 23:00:00+00:00,11183.333333333332,0.00012980703110437855,10701.56,0.06678082191780822
2019-07-01 23:00:00+00:00,11441.666666666666,0.00012255519848419324,10701.56,0.06678082191780822
2019-07-01 23:00:00+00:00,11700.0,0.00011485044284341197,10701.56,0.06678082191780822
2019-07-01 23:00:00+00:00,11958.333333333332,0.0001068955879970229,10701.56,0.06678082191780822
2019-07-01 23:00:00+00:00,12216.666666666666,9.887608248089968e-05,10701.56,0.06678082191780822
2019-07-01 23:00:00+00:00,12475.0,9.095466246376526e-05,10701.56,0.06678082191780822
2019-07-01 23:00:00+00:00,12733.333333333332,8.326786839834694e-05,10701.56,0.06678082191780822
2019-07-01 23:00:00+00:00,12991.666666666666,7.59243596659182e-05,10701.56,0.06678082191780822
2019-07-01 23:00:00+00:00,13250.0,6.900486061873394e-05,10701.56,0.06678082191780822
2019-07-01 23:00:00+00:00,13508.333333333332,6.256349000899103e-05,10701.56,0.06678082191780822
2019-07-01 23:00:00+00:00,13766.666666666666,6.269210043571994e-05,10701.56,0.06678082191780822
2019-07-01 23:00:00+00:00,14025.0,5.773464765092024e-05,10701.56,0.06678082191780822
2019-07-01 23:00:00+00:00,14283.333333333332,4.512619416967407e-05,10701.56,0.06678082191780822
2019-07-01 23:00:00+00:00,14541.666666666666,4.0504114550194075e-05,10701.56,0.06678082191780822
2019-07-01 23:00:00+00:00,14800.0,3.640746031338246e-05,10701.56,0.06678082191780822
2019-07-01 23:00:00+00:00,15058.333333333332,4.006995053749368e-05,10701.56,0.06678082191780822
2019-07-01 23:00:00+00:00,15316.666666666666,3.402856941729864e-05,10701.56,0.06678082191780822
2019-07-01 23:00:00+00:00,15575.0,2.4858881895728954e-05,10701.56,0.06678082191780822
2019-07-01 23:00:00+00:00,15833.333333333332,2.244086328833702e-05,10701.56,0.06678082191780822
2019-07-01 23:00:00+00:00,16091.666666666666,2.870312690861894e-05,10701.56,0.06678082191780822
2019-07-01 23:00:00+00:00,16350.0,1.98322614242109e-05,10701.56,0.06678082191780822
2019-07-01 23:00:00+00:00,16608.333333333332,1.4926963683271626e-05,10701.56,0.06678082191780822
2019-07-01 23:00:00+00:00,16866.666666666664,1.7976010213030114e-05,10701.56,0.06678082191780822
2019-07-01 23:00:00+00:00,17125.0,1.7028983541354707e-05,10701.56,0.06678082191780822
2019-07-01 23:00:00+00:00,17383.333333333332,9.746851911468081e-06,10701.56,0.06678082191780822
2019-07-01 23:00:00+00:00,17641.666666666664,1.2895051091009569e-05,10701.56,0.06678082191780822
2019-07-01 23:00:00+00:00,17900.0,1.2043656899053268e-05,10701.56,0.06678082191780822
2019-07-01 23:00:00+00:00,18158.333333333332,6.346062922679496e-06,10701.56,0.06678082191780822
2019-07-01 23:00:00+00:00,18416.666666666664,1.0891206870983102e-05,10701.56,0.06678082191780822
2019-07-01 23:00:00+00:00,18675.0,6.749647365015096e-06,10701.56,0.06678082191780822
2019-07-01 23:00:00+00:00,18933.333333333332,4.737557622573499e-06,10701.56,0.06678082191780822
2019-07-01 23:00:00+00:00,19191.666666666664,9.207557379748508e-06,10701.56,0.06678082191780822
2019-07-01 23:00:00+00:00,19450.0,2.720721929730519e-06,10701.56,0.06678082191780822
2019-07-01 23:00:00+00:00,19708.333333333332,6.0189762987202335e-06,10701.56,0.06678082191780822
2019-07-01 23:00:00+00:00,19966.666666666664,3.7984967077585063e-06,10701.56,0.06678082191780822
2019-07-01 23:00:00+00:00,20225.0,3.1017712965805057e-06,10701.56,0.06678082191780822
2019-07-01 23:00:00+00:00,20483.333333333332,4.5901036361934195e-06,10701.56,0.06678082191780822
2019-07-01 23:00:00+00:00,20741.666666666664,1.1831608391070053e-06,10701.56,0.06678082191780822
2019-07-01 23:30:00+00:00,5758.333333333333,2.3694159877254824e-05,10684.83,0.06672374429223744
2019-07-01 23:30:00+00:00,6016.666666666667,3.0885530353398466e-05,10684.83,0.06672374429223744
2019-07-01 23:30:00+00:00,6275.0,3.999069871069676e-05,10684.83,0.06672374429223744
2019-07-01 23:30:00+00:00,6533.333333333333,4.995043617431354e-05,10684.83,0.06672374429223744
2019-07-01 23:30:00+00:00,6791.666666666666,6.006251581375004e-05,10684.83,0.06672374429223744
2019-07-01 23:30:00+00:00,7050.0,7.863425120357249e-05,10684.83,0.06672374429223744
2019-07-01 23:30:00+00:00,7308.333333333333,8.862545078197243e-05,10684.83,0.06672374429223744
2019-07-01 23:30:00+00:00,7566.666666666666,0.00010175344497318506,10684.83,0.06672374429223744
2019-07-01 23:30:00+00:00,7825.0,0.00011808233671005801,10684.83,0.06672374429223744
2019-07-01 23:30:00+00:00,8083.333333333333,0.00012893377334236014,10684.83,0.06672374429223744
2019-07-01 23:30:00+00:00,8341.666666666666,0.00012908833995764585,10684.83,0.06672374429223744
2019-07-01 23:30:00+00:00,8600.0,0.00016394764848939126,10684.83,0.06672374429223744
2019-07-01 23:30:00+00:00,8858.333333333332,0.00014522420163919734,10684.83,0.06672374429223744
2019-07-01 23:30:00+00:00,9116.666666666666,0.00015070110624775934,10684.83,0.06672374429223744
2019-07-01 23:30:00+00:00,9375.0,0.00016559913755644816,10684.83,0.06672374429223744
2019-07-01 23:30:00+00:00,9633.333333333332,0.0001671370663133127,10684.83,0.06672374429223744
2019-07-01 23:30:00+00:00,9891.666666666666,0.00015435865351545863,10684.83,0.06672374429223744
2019-07-01 23:30:00+00:00,10150.0,0.0001523011857099902,10684.83,0.06672374429223744
2019-07-01 23:30:00+00:00,10408.333333333332,0.0001487534619069172,10684.83,0.06672374429223744
2019-07-01 23:30:00+00:00,10666.666666666666,0.00014388795396189305,10684.83,0.06672374429223744
2019-07-01 23:30:00+00:00,10925.0,0.0001379073895862396,10684.83,0.06672374429223744
2019-07-01 23:30:00+00:00,11183.333333333332,0.00013103310509525714,10684.83,0.06672374429223744
2019-07-01 23:30:00+00:00,11441.666666666666,0.0001234935371072375,10684.83,0.06672374429223744
2019-07-01 23:30:00+00:00,11700.0,0.00011551357767313931,10684.83,0.06672374429223744
2019-07-01 23:30:00+00:00,11958.333333333332,0.0001073053663365515,10684.83,0.06672374429223744
2019-07-01 23:30:00+00:00,12216.666666666666,9.906091444132758e-05,10684.83,0.06672374429223744
2019-07-01 23:30:00+00:00,12475.0,9.094677175468626e-05,10684.83,0.06672374429223744
2019-07-01 23:30:00+00:00,12733.333333333332,8.310077088269949e-05,10684.83,0.06672374429223744
2019-07-01 23:30:00+00:00,12991.666666666666,7.563073463196563e-05,10684.83,0.06672374429223744
2019-07-01 23:30:00+00:00,13250.0,6.861491448862113e-05,10684.83,0.06672374429223744
2019-07-01 23:30:00+00:00,13508.333333333332,6.210384895086903e-05,10684.83,0.06672374429223744
2019-07-01 23:30:00+00:00,13766.666666666666,6.211755640385475e-05,10684.83,0.06672374429223744
2019-07-01 23:30:00+00:00,14025.0,5.709027232870091e-05,10684.83,0.06672374429223744
2019-07-01 23:30:00+00:00,14283.333333333332,4.4547977237134996e-05,10684.83,0.06672374429223744
2019-07-01 23:30:00+00:00,14541.666666666666,3.993538525172686e-05,10684.83,0.06672374429223744
2019-07-01 23:30:00+00:00,14800.0,3.5855454463633e-05,10684.83,0.06672374429223744
2019-07-01 23:30:00+00:00,15058.333333333332,3.9407141754394414e-05,10684.83,0.06672374429223744
2019-07-01 23:30:00+00:00,15316.666666666666,3.341386742969451e-05,10684.83,0.06672374429223744
2019-07-01 23:30:00+00:00,15575.0,2.438598667723573e-05,10684.83,0.06672374429223744
2019-07-01 23:30:00+00:00,15833.333333333332,2.2000997233031097e-05,10684.83,0.06672374429223744
2019-07-01 23:30:00+00:00,16091.666666666666,2.8112119728984862e-05,10684.83,0.06672374429223744
2019-07-01 23:30:00+00:00,16350.0,1.940472450941266e-05,10684.83,0.06672374429223744
2019-07-01 23:30:00+00:00,16608.333333333332,1.4600255476260876e-05,10684.83,0.06672374429223744
2019-07-01 23:30:00+00:00,16866.666666666664,1.7575054284911114e-05,10684.83,0.06672374429223744
2019-07-01 23:30:00+00:00,17125.0,1.6640445672087617e-05,10684.83,0.06672374429223744
2019-07-01 23:30:00+00:00,17383.333333333332,9.52304373922052e-06,10684.83,0.06672374429223744
2019-07-01 23:30:00+00:00,17641.666666666664,1.259749057419412e-05,10684.83,0.06672374429223744
2019-07-01 23:30:00+00:00,17900.0,1.176583701256407e-05,10684.83,0.06672374429223744
2019-07-01 23:30:00+00:00,18158.333333333332,6.200428106293928e-06,10684.83,0.06672374429223744
2019-07-01 23:30:00+00:00,18416.666666666664,1.0643125948610133e-05,10684.83,0.06672374429223744
2019-07-01 23:30:00+00:00,18675.0,6.599856670800971e-06,10684.83,0.06672374429223744
2019-07-01 23:30:00+00:00,18933.333333333332,4.632419975110578e-06,10684.83,0.06672374429223744
2019-07-01 23:30:00+00:00,19191.666666666664,9.011466684673115e-06,10684.83,0.06672374429223744
2019-07-01 23:30:00+00:00,19450.0,2.665454350735722e-06,10684.83,0.06672374429223744
2019-07-01 23:30:00+00:00,19708.333333333332,5.8981297680623746e-06,10684.83,0.06672374429223744
2019-07-01 23:30:00+00:00,19966.666666666664,3.728141790917688e-06,10684.83,0.06672374429223744
2019-07-01 23:30:00+00:00,20225.0,3.0443209738822445e-06,10684.83,0.06672374429223744
2019-07-01 23:30:00+00:00,20483.333333333332,4.5138330987748135e-06,10684.83,0.06672374429223744
2019-07-01 23:30:00+00:00,20741.666666666664,1.163501084076731e-06,10684.83,0.06672374429223744
