date,k,strike,forward,tau_years,fitted_iv
2026-06-01,-0.20382724117993367,81.76268776608467,100.24811278741811,0.0821917808219178,0.28213633147379824
2026-06-01,-0.1970329998072692,82.320094636218,100.24811278741811,0.0821917808219178,0.2784997574126413
2026-06-01,-0.19023875843460475,82.88130155778506,100.24811278741811,0.0821917808219178,0.27483616958643897
2026-06-01,-0.18344451706194032,83.44633443715998,100.24811278741811,0.0821917808219178,0.2711462058336156
2026-06-01,-0.17665027568927585,84.01521935733025,100.24811278741811,0.0821917808219178,0.26743070580520584
2026-06-01,-0.1698560343166114,84.58798257910095,100.24811278741811,0.0821917808219178,0.26369074509009366
2026-06-01,-0.16306179294394693,85.16465054230687,100.24811278741811,0.0821917808219178,0.2599276744620943
2026-06-01,-0.15626755157128247,85.74524986703307,100.24811278741811,0.0821917808219178,0.2561431648497819
2026-06-01,-0.149473310198618,86.32980735484365,100.24811278741811,0.0821917808219178,0.25233925862296686
2026-06-01,-0.14267906882595355,86.91834999001907,100.24811278741811,0.0821917808219178,0.24851842773979282
2026-06-01,-0.13588482745328911,87.51090494080172,100.24811278741811,0.0821917808219178,0.24468363918440564
2026-06-01,-0.12909058608062463,88.1074995606501,100.24811278741811,0.0821917808219178,0.24083842791906138
2026-06-01,-0.12229634470796019,88.70816138950141,100.24811278741811,0.0821917808219178,0.23698697724061585
2026-06-01,-0.11550210333529573,89.31291815504301,100.24811278741811,0.0821917808219178,0.2331342059258265
2026-06-01,-0.10870786196263127,89.92179777399222,100.24811278741811,0.0821917808219178,0.22928586082238134
2026-06-01,-0.10191362058996682,90.53482835338512,100.24811278741811,0.0821917808219178,0.22544861254008475
2026-06-01,-0.09511937921730236,91.15203819187397,100.24811278741811,0.0821917808219178,0.2216301505722234
2026-06-01,-0.0883251378446379,91.77345578103353,100.24811278741811,0.0821917808219178,0.21783927250493748
2026-06-01,-0.08153089647197345,92.39910980667632,100.24811278741811,0.0821917808219178,0.21408595997117788
2026-06-01,-0.07473665509930899,93.02902915017678,100.24811278741811,0.0821917808219178,0.21038143177171237
2026-06-01,-0.06794241372664453,93.66324288980452,100.24811278741811,0.0821917808219178,0.20673816233216852
2026-06-01,-0.06114817235398007,94.30178030206655,100.24811278741811,0.0821917808219178,0.20316985176240326
2026-06-01,-0.05435393098131561,94.94467086305885,100.24811278741811,0.0821917808219178,0.19969133278149395
2026-06-01,-0.04755968960865117,95.59194424982695,100.24811278741811,0.0821917808219178,0.19631840037522238
2026-06-01,-0.04076544823598671,96.24363034173597,100.24811278741811,0.0821917808219178,0.1930675530318465
2026-06-01,-0.03397120686332225,96.89975922184978,100.24811278741811,0.0821917808219178,0.1899556403904495
2026-06-01,-0.02717696549065779,97.56036117831982,100.24811278741811,0.0821917808219178,0.18699942134170724
2026-06-01,-0.02038272411799333,98.22546670578319,100.24811278741811,0.0821917808219178,0.18421504849838433
2026-06-01,-0.013588482745328867,98.89510650677036,100.24811278741811,0.0821917808219178,0.18161750797765805
2026-06-01,-0.0067942413726644335,99.56931149312243,100.24811278741811,0.0821917808219178,0.17922005515304842
2026-06-01,2.7755575615628914e-17,100.24811278741811,100.24811278741811,0.0821917808219178,0.17703369450766562
2026-06-01,0.006794241372664489,100.93154172441041,100.24811278741811,0.0821917808219178,0.17506675238255204
2026-06-01,0.01358848274532895,101.61962985247305,100.24811278741811,0.0821917808219178,0.17332458402305329
2026-06-01,0.02038272411799341,102.31240893505687,100.24811278741811,0.0821917808219178,0.17180944164119646
2026-06-01,0.027176965490657873,103.00991095215602,100.24811278741811,0.0821917808219178,0.1705205109856732
2026-06-01,0.033971206863322334,103.71216810178424,100.24811278741811,0.0821917808219178,0.16945410411645526
2026-06-01,0.04076544823598677,104.41921280146128,100.24811278741811,0.0821917808219178,0.168603979669776
2026-06-01,0.04755968960865126,105.13107768970913,100.24811278741811,0.0821917808219178,0.16796175162856697
2026-06-01,0.05435393098131569,105.84779562755894,100.24811278741811,0.0821917808219178,0.1675173444185113
2026-06-01,0.061148172353980124,106.56939970006772,100.24811278741811,0.0821917808219178,0.1672594552227451
2026-06-01,0.06794241372664461,107.29592321784575,100.24811278741811,0.0821917808219178,0.16717599180708137
2026-06-01,0.07473665509930905,108.02739971859424,100.24811278741811,0.0821917808219178,0.16725446358152712
2026-06-01,0.08153089647197354,108.7638629686534,100.24811278741811,0.0821917808219178,0.16748231309550948
2026-06-01,0.08832513784463797,109.50534696456133,100.24811278741811,0.0821917808219178,0.16784718331459092
2026-06-01,0.09511937921730246,110.25188593462317,100.24811278741811,0.0821917808219178,0.16833712218991903
2026-06-01,0.10191362058996689,111.0035143404913,100.24811278741811,0.0821917808219178,0.16894073010339467
2026-06-01,0.10870786196263132,111.76026687875604,100.24811278741811,0.0821917808219178,0.16964725800334704
2026-06-01,0.11550210333529581,112.52217848254746,100.24811278741811,0.0821917808219178,0.17044666485399193
2026-06-01,0.12229634470796025,113.28928432314775,100.24811278741811,0.0821917808219178,0.17132964284925176
2026-06-01,0.12909058608062474,114.06161981161495,100.24811278741811,0.0821917808219178,0.17228761807482376
2026-06-01,0.13588482745328917,114.83922060041759,100.24811278741811,0.0821917808219178,0.17331273324076488
2026-06-01,0.14267906882595366,115.62212258508036,100.24811278741811,0.0821917808219178,0.17439781795865014
2026-06-01,0.1494733101986181,116.41036190584124,100.24811278741811,0.0821917808219178,0.17553635093322567
2026-06-01,0.15626755157128253,117.20397494931971,100.24811278741811,0.0821917808219178,0.17672241745001668
2026-06-01,0.16306179294394701,118.00299835019653,100.24811278741811,0.0821917808219178,0.17795066469817405
2026-06-01,0.16985603431661145,118.80746899290472,100.24811278741811,0.0821917808219178,0.17921625677655487
2026-06-01,0.17665027568927594,119.61742401333237,100.24811278741811,0.0821917808219178,0.1805148306803573
2026-06-01,0.18344451706194037,120.43290080053677,100.24811278741811,0.0821917808219178,0.1818424541380859
2026-06-01,0.1902387584346048,121.25393699847046,100.24811278741811,0.0821917808219178,0.1831955858443428
2026-06-01,0.1970329998072693,122.08057050771889,100.24811278741811,0.0821917808219178,0.18457103839354255
2026-06-01,0.20382724117993373,122.91283948724998,100.24811278741811,0.0821917808219178,0.1859659440456659
2026-06-02,-0.20786173872660707,81.48247270187899,100.30842374875887,0.0821917808219178,0.287277388035892
2026-06-02,-0.20093301410238684,82.04900271570007,100.30842374875887,0.0821917808219178,0.28364240491629816
2026-06-02,-0.19400428947816659,82.61947169020704,100.30842374875887,0.0821917808219178,0.2799803116452151
2026-06-02,-0.18707556485394636,83.19390701214179,100.30842374875887,0.0821917808219178,0.27629167522437587
2026-06-02,-0.18014684022972613,83.77233625866037,100.30842374875887,0.0821917808219178,0.2725772515373101
2026-06-02,-0.17321811560550587,84.35478719865682,100.30842374875887,0.0821917808219178,0.2688380174941767
2026-06-02,-0.16628939098128565,84.94128779409625,100.30842374875887,0.0821917808219178,0.2650752080576025
2026-06-02,-0.15936066635706542,85.53186620135733,100.30842374875887,0.0821917808219178,0.26129035874706436
2026-06-02,-0.1524319417328452,86.12655077258391,100.30842374875887,0.0821917808219178,0.25748535422573426
2026-06-02,-0.14550321710862496,86.72537005704616,100.30842374875887,0.0821917808219178,0.2536624835440015
2026-06-02,-0.1385744924844047,87.32835280251119,100.30842374875887,0.0821917808219178,0.24982450252917826
2026-06-02,-0.13164576786018448,87.93552795662306,100.30842374875887,0.0821917808219178,0.24597470364580373
2026-06-02,-0.12471704323596423,88.54692466829258,100.30842374875887,0.0821917808219178,0.24211699337248815
2026-06-02,-0.117788318611744,89.16257228909662,100.30842374875887,0.0821917808219178,0.2382559767081237
2026-06-02,-0.11085959398752376,89.78250037468723,100.30842374875887,0.0821917808219178,0.23439704778357204
2026-06-02,-0.10393086936330354,90.40673868621053,100.30842374875887,0.0821917808219178,0.23054648466076402
2026-06-02,-0.09700214473908329,91.0353171917354,100.30842374875887,0.0821917808219178,0.22671154519738643
2026-06-02,-0.09007342011486305,91.66826606769227,100.30842374875887,0.0821917808219178,0.22290055930405184
2026-06-02,-0.08314469549064282,92.30561570032177,100.30842374875887,0.0821917808219178,0.21912301101877174
2026-06-02,-0.0762159708664226,92.94739668713343,100.30842374875887,0.0821917808219178,0.2153896016321005
2026-06-02,-0.06928724624220234,93.59363983837474,100.30842374875887,0.0821917808219178,0.21171228278055332
2026-06-02,-0.06235852161798211,94.2443761785101,100.30842374875887,0.0821917808219178,0.2081042462970973
2026-06-02,-0.05542979699376188,94.89963694771033,100.30842374875887,0.0821917808219178,0.2045798561561516
2026-06-02,-0.04850107236954165,95.55945360335244,100.30842374875887,0.0821917808219178,0.20115450774642654
2026-06-02,-0.0415723477453214,96.22385782152972,100.30842374875887,0.0821917808219178,0.19784440173232462
2026-06-02,-0.03464362312110117,96.8928814985725,100.30842374875887,0.0821917808219178,0.19466622466035108
2026-06-02,-0.02771489849688094,97.56655675257942,100.30842374875887,0.0821917808219178,0.1916367366507263
2026-06-02,-0.020786173872660685,98.24491592495933,100.30842374875887,0.0821917808219178,0.18877227774986896
2026-06-02,-0.013857449248440457,98.92799158198386,100.30842374875887,0.0821917808219178,0.18608821761847835
2026-06-02,-0.006928724624220228,99.61581651635089,100.30842374875887,0.0821917808219178,0.18359838597514325
2026-06-02,0.0,100.30842374875887,100.30842374875887,0.0821917808219178,0.18131453067251138
2026-06-02,0.006928724624220256,101.005846529492,100.30842374875887,0.0821917808219178,0.17924585355211423
2026-06-02,0.013857449248440484,101.70811834001654,100.30842374875887,0.0821917808219178,0.1773986694479913
2026-06-02,0.020786173872660713,102.41527289458807,100.30842374875887,0.0821917808219178,0.17577622093657233
2026-06-02,0.02771489849688097,103.12734414187024,100.30842374875887,0.0821917808219178,0.1743786628789441
2026-06-02,0.0346436231211012,103.84436626656428,100.30842374875887,0.0821917808219178,0.1732032103015569
2026-06-02,0.041572347745321425,104.56637369105033,100.30842374875887,0.0821917808219178,0.17224442495656683
2026-06-02,0.04850107236954165,105.29340107703987,100.30842374875887,0.0821917808219178,0.17149460333413627
2026-06-02,0.05542979699376188,106.02548332723981,100.30842374875887,0.0821917808219178,0.17094422352937655
2026-06-02,0.06235852161798211,106.76265558702792,100.30842374875887,0.0821917808219178,0.17058240984405637
2026-06-02,0.0692872462422024,107.50495324614033,100.30842374875887,0.0821917808219178,0.17039738056968626
2026-06-02,0.07621597086642262,108.25241194037024,100.30842374875887,0.0821917808219178,0.17037685370155012
2026-06-02,0.08314469549064285,109.00506755327888,100.30842374875887,0.0821917808219178,0.17050839516885766
2026-06-02,0.09007342011486308,109.76295621791809,100.30842374875887,0.0821917808219178,0.17077970293344538
2026-06-02,0.0970021447390833,110.526114318565,100.30842374875887,0.0821917808219178,0.17117882714128474
2026-06-02,0.10393086936330354,111.29457849246879,100.30842374875887,0.0821917808219178,0.17169433117327418
2026-06-02,0.11085959398752376,112.06838563160949,100.30842374875887,0.0821917808219178,0.17231540112666724
2026-06-02,0.11778831861174405,112.84757288446906,100.30842374875887,0.0821917808219178,0.17303191237391466
2026-06-02,0.12471704323596428,113.63217765781488,100.30842374875887,0.0821917808219178,0.1738344618537921
2026-06-02,0.1316457678601845,114.42223761849544,100.30842374875887,0.0821917808219178,0.17471437406872437
2026-06-02,0.13857449248440473,115.21779069524874,100.30842374875887,0.0821917808219178,0.17566368772237675
2026-06-02,0.14550321710862496,116.01887508052302,100.30842374875887,0.0821917808219178,0.17667512876691505
2026-06-02,0.1524319417328452,116.82552923231044,100.30842374875887,0.0821917808219178,0.17774207448933907
2026-06-02,0.15936066635706542,117.6377918759932,100.30842374875887,0.0821917808219178,0.1788585122349901
2026-06-02,0.1662893909812857,118.45570200620276,100.30842374875887,0.0821917808219178,0.18001899548174155
2026-06-02,0.17321811560550593,119.27929888869173,100.30842374875887,0.0821917808219178,0.1812185992489615
2026-06-02,0.18014684022972616,120.1086220622191,100.30842374875887,0.0821917808219178,0.18245287624238338
2026-06-02,0.18707556485394639,120.94371134044827,100.30842374875887,0.0821917808219178,0.18371781468225573
2026-06-02,0.1940042894781666,121.78460681385845,100.30842374875887,0.0821917808219178,0.1850097984172191
2026-06-02,0.20093301410238684,122.63134885166922,100.30842374875887,0.0821917808219178,0.18632556967008
2026-06-02,0.2078617387266071,123.48397810377872,100.30842374875887,0.0821917808219178,0.18766219457570263
2026-06-03,-0.2036479630891932,81.91284829330226,100.41421887210585,0.0821917808219178,0.2784000261614461
2026-06-03,-0.19685969765288677,82.47078602235727,100.41421887210585,0.0821917808219178,0.2747866724134157
2026-06-03,-0.19007143221658032,83.03252406498933,100.41421887210585,0.0821917808219178,0.2711472143622209
2026-06-03,-0.1832831667802739,83.59808830649446,100.41421887210585,0.0821917808219178,0.2674824190316921
2026-06-03,-0.17649490134396745,84.1675048084827,100.41421887210585,0.0821917808219178,0.2637932746112815
2026-06-03,-0.16970663590766102,84.74079981007908,100.41421887210585,0.0821917808219178,0.2600810273737148
2026-06-03,-0.16291837047135457,85.31799972913267,100.41421887210585,0.0821917808219178,0.25634722403139787
2026-06-03,-0.15613010503504815,85.89913116343392,100.41421887210585,0.0821917808219178,0.2525937601247143
2026-06-03,-0.1493418395987417,86.48422089194047,100.41421887210585,0.0821917808219178,0.24882293500344976
2026-06-03,-0.14255357416243528,87.0732958760109,100.41421887210585,0.0821917808219178,0.24503751387558775
2026-06-03,-0.13576530872612885,87.66638326064735,100.41421887210585,0.0821917808219178,0.24124079723049308
2026-06-03,-0.1289770432898224,88.26351037574624,100.41421887210585,0.0821917808219178,0.23743669766343278
2026-06-03,-0.12218877785351596,88.8647047373577,100.41421887210585,0.0821917808219178,0.23362982369487792
2026-06-03,-0.11540051241720953,89.46999404895352,100.41421887210585,0.0821917808219178,0.22982556954307323
2026-06-03,-0.10861224698090309,90.07940620270378,100.41421887210585,0.0821917808219178,0.22603020891944775
2026-06-03,-0.10182398154459665,90.69296928076207,100.41421887210585,0.0821917808219178,0.22225098972317275
2026-06-03,-0.09503571610829022,91.31071155655964,100.41421887210585,0.0821917808219178,0.21849622497766383
2026-06-03,-0.08824745067198378,91.93266149610814,100.41421887210585,0.0821917808219178,0.2147753734768193
2026-06-03,-0.08145918523567734,92.55884775931145,100.41421887210585,0.0821917808219178,0.21109910145508617
2026-06-03,-0.0746709197993709,93.18929920128629,100.41421887210585,0.0821917808219178,0.2074793143277622
2026-06-03,-0.06788265436306448,93.82404487369195,100.41421887210585,0.0821917808219178,0.20392914547391505
2026-06-03,-0.06109438892675803,94.46311402606891,100.41421887210585,0.0821917808219178,0.20046288763574968
2026-06-03,-0.05430612349045161,95.10653610718678,100.41421887210585,0.0821917808219178,0.19709585244000083
2026-06-03,-0.04751785805414516,95.7543407664013,100.41421887210585,0.0821917808219178,0.193844145572228
2026-06-03,-0.040729592617838734,96.40655785502054,100.41421887210585,0.0821917808219178,0.19072434996722853
2026-06-03,-0.03394132718153228,97.06321742768051,100.41421887210585,0.0821917808219178,0.1877531174200997
2026-06-03,-0.02715306174522586,97.72434974373014,100.41421887210585,0.0821917808219178,0.18494668003613768
2026-06-03,-0.02036479630891941,98.38998526862562,100.41421887210585,0.0821917808219178,0.1823203057643065
2026-06-03,-0.013576530872612985,99.06015467533422,100.41421887210585,0.0821917808219178,0.17988773474304914
2026-06-03,-0.006788265436306534,99.7348888457478,100.41421887210585,0.0821917808219178,0.17766064247911567
2026-06-03,-1.1102230246251565e-16,100.41421887210583,100.41421887210585,0.0821917808219178,0.17564817915882577
2026-06-03,0.00678826543630634,101.0981760584282,100.41421887210585,0.0821917808219178,0.17385662983597838
2026-06-03,0.013576530872612763,101.78679192195757,100.41421887210585,0.0821917808219178,0.17228922786601267
2026-06-03,0.020364796308919186,102.48009819461193,100.41421887210585,0.0821917808219178,0.1709461358781685
2026-06-03,0.027153061745225637,103.17812682444671,100.41421887210585,0.0821917808219178,0.1698245884915277
2026-06-03,0.03394132718153206,103.8809099771269,100.41421887210585,0.0821917808219178,0.16891917301694198
2026-06-03,0.04072959261783851,104.58848003740945,100.41421887210585,0.0821917808219178,0.1682222118359481
2026-06-03,0.047517858054144935,105.30086961063543,100.41421887210585,0.0821917808219178,0.16772420459927154
2026-06-03,0.054306123490451386,106.01811152423252,100.41421887210585,0.0821917808219178,0.16741428956967397
2026-06-03,0.06109438892675784,106.74023882922782,100.41421887210585,0.0821917808219178,0.16728068968440082
2026-06-03,0.06788265436306423,107.4672848017708,100.41421887210585,0.0821917808219178,0.16731111795498568
2026-06-03,0.07467091979937068,108.19928294466668,100.41421887210585,0.0821917808219178,0.16749312649219564
2026-06-03,0.08145918523567713,108.93626698892027,100.41421887210585,0.0821917808219178,0.16781439214395666
2026-06-03,0.08824745067198358,109.67827089529034,100.41421887210585,0.0821917808219178,0.16826293857684144
2026-06-03,0.09503571610828998,110.42532885585454,100.41421887210585,0.0821917808219178,0.16882729935335833
2026-06-03,0.10182398154459643,111.17747529558501,100.41421887210585,0.0821917808219178,0.16949662932220189
2026-06-03,0.10861224698090288,111.93474487393466,100.41421887210585,0.0821917808219178,0.17026077283410718
2026-06-03,0.11540051241720933,112.69717248643441,100.41421887210585,0.0821917808219178,0.1711102973720737
2026-06-03,0.12218877785351573,113.46479326630106,100.41421887210585,0.0821917808219178,0.1720365005548783
2026-06-03,0.12897704328982218,114.23764258605634,100.41421887210585,0.0821917808219178,0.17303139746708204
2026-06-03,0.13576530872612863,115.01575605915696,100.41421887210585,0.0821917808219178,0.17408769412375358
2026-06-03,0.14255357416243503,115.79916954163548,100.41421887210585,0.0821917808219178,0.17519875174686403
2026-06-03,0.14934183959874148,116.58791913375288,100.41421887210585,0.0821917808219178,0.17635854550023095
2026-06-03,0.15613010503504793,117.38204118166188,100.41421887210585,0.0821917808219178,0.17756162044190923
2026-06-03,0.16291837047135438,118.18157227908185,100.41421887210585,0.0821917808219178,0.17880304671768985
2026-06-03,0.16970663590766077,118.98654926898509,100.41421887210585,0.0821917808219178,0.18007837542968355
2026-06-03,0.17649490134396723,119.79700924529455,100.41421887210585,0.0821917808219178,0.18138359615351396
2026-06-03,0.18328316678027368,120.61298955459318,100.41421887210585,0.0821917808219178,0.18271509672661645
2026-06-03,0.19007143221658013,121.43452779784495,100.41421887210585,0.0821917808219178,0.18406962566860346
2026-06-03,0.19685969765288652,122.2616618321273,100.41421887210585,0.0821917808219178,0.18544425740435722
2026-06-03,0.203647963089193,123.0944297723759,100.41421887210585,0.0821917808219178,0.18683636032566925
2026-06-04,-0.1959790854395985,80.9889322643402,98.52315454385361,0.0821917808219178,0.2625788724268961
2026-06-04,-0.18944644925827855,81.51973537766628,98.52315454385361,0.0821917808219178,0.2591231065144122
2026-06-04,-0.1829138130769586,82.05401738541951,98.52315454385361,0.0821917808219178,0.25564497982194034
2026-06-04,-0.17638117689563865,82.59180108834492,98.52315454385361,0.0821917808219178,0.25214556486588396
2026-06-04,-0.16984854071431868,83.13310943662405,98.52315454385361,0.0821917808219178,0.2486261844277102
2026-06-04,-0.16331590453299874,83.67796553085442,98.52315454385361,0.0821917808219178,0.24508845020494574
2026-06-04,-0.15678326835167877,84.22639262303534,98.52315454385361,0.0821917808219178,0.24153430650025862
2026-06-04,-0.15025063217035883,84.77841411756016,98.52315454385361,0.0821917808219178,0.2379660792962301
2026-06-04,-0.1437179959890389,85.33405357221514,98.52315454385361,0.0821917808219178,0.23438653094814174
2026-06-04,-0.13718535980771893,85.89333469918475,98.52315454385361,0.0821917808219178,0.23079892053743825
2026-06-04,-0.130652723626399,86.45628136606358,98.52315454385361,0.0821917808219178,0.22720706963887155
2026-06-04,-0.12412008744507903,87.02291759687492,98.52315454385361,0.0821917808219178,0.22361543283452143
2026-06-04,-0.11758745126375908,87.59326757309601,98.52315454385361,0.0821917808219178,0.22002917172473777
2026-06-04,-0.11105481508243913,88.16735563469001,98.52315454385361,0.0821917808219178,0.21645423040685283
2026-06-04,-0.10452217890111919,88.74520628114466,98.52315454385361,0.0821917808219178,0.21289740939158477
2026-06-04,-0.09798954271979923,89.32684417251782,98.52315454385361,0.0821917808219178,0.20936643369634705
2026-06-04,-0.09145690653847928,89.91229413048995,98.52315454385361,0.0821917808219178,0.20587000941944003
2026-06-04,-0.08492427035715933,90.50158113942324,98.52315454385361,0.0821917808219178,0.2024178615385135
2026-06-04,-0.07839163417583937,91.0947303474279,98.52315454385361,0.0821917808219178,0.19902074414762247
2026-06-04,-0.07185899799451943,91.69176706743542,98.52315454385361,0.0821917808219178,0.1956904131057143
2026-06-04,-0.06532636181319948,92.29271677827873,98.52315454385361,0.0821917808219178,0.1924395504801282
2026-06-04,-0.05879372563187951,92.89760512577953,98.52315454385361,0.0821917808219178,0.1892816306872734
2026-06-04,-0.05226108945055957,93.50645792384279,98.52315454385361,0.0821917808219178,0.18623072034388172
2026-06-04,-0.04572845326923963,94.11930115555833,98.52315454385361,0.0821917808219178,0.1833012079416537
2026-06-04,-0.039195817087919665,94.73616097430966,98.52315454385361,0.0821917808219178,0.18050746568089712
2026-06-04,-0.032663180906599726,95.3570637048901,98.52315454385361,0.0821917808219178,0.17786345383003355
2026-06-04,-0.02613054472527976,95.9820358446262,98.52315454385361,0.0821917808219178,0.17538228691504257
2026-06-04,-0.01959790854395982,96.61110406450857,98.52315454385361,0.0821917808219178,0.17307578940369836
2026-06-04,-0.01306527236263988,97.24429521032997,98.52315454385361,0.0821917808219178,0.17095407450208494
2026-06-04,-0.006532636181319912,97.88163630383109,98.52315454385361,0.0821917808219178,0.16902518149899254
2026-06-04,2.7755575615628914e-17,98.52315454385361,98.52315454385361,0.0821917808219178,0.16729480372113129
2026-06-04,0.006532636181319995,99.16887730750103,98.52315454385361,0.0821917808219178,0.16576613067238696
2026-06-04,0.013065272362639935,99.81883215130688,98.52315454385361,0.0821917808219178,0.16443981565819393
2026-06-04,0.019597908543959874,100.47304681241081,98.52315454385361,0.0821917808219178,0.16331406643213023
2026-06-04,0.02613054472527984,101.13154920974229,98.52315454385361,0.0821917808219178,0.16238484374311124
2026-06-04,0.03266318090659978,101.79436744521192,98.52315454385361,0.0821917808219178,0.16164614327404486
2026-06-04,0.03919581708791975,102.46152980491087,98.52315454385361,0.0821917808219178,0.16109033154520155
2026-06-04,0.04572845326923969,103.13306476031791,98.52315454385361,0.0821917808219178,0.16070850597872802
2026-06-04,0.05226108945055963,103.80900096951449,98.52315454385361,0.0821917808219178,0.1604908526336295
2026-06-04,0.058793725631879595,104.48936727840764,98.52315454385361,0.0821917808219178,0.16042698076991432
2026-06-04,0.06532636181319953,105.17419272196113,98.52315454385361,0.0821917808219178,0.16050621997146314
2026-06-04,0.07185899799451947,105.8635065254344,98.52315454385361,0.0821917808219178,0.16071787189284892
2026-06-04,0.07839163417583947,106.55733810562992,98.52315454385361,0.0821917808219178,0.16105141404547357
2026-06-04,0.08492427035715941,107.25571707214844,98.52315454385361,0.0821917808219178,0.16149665705894228
2026-06-04,0.09145690653847935,107.95867322865257,98.52315454385361,0.0821917808219178,0.16204385951768532
2026-06-04,0.09798954271979929,108.66623657413889,98.52315454385361,0.0821917808219178,0.16268380595209447
2026-06-04,0.10452217890111923,109.37843730421785,98.52315454385361,0.0821917808219178,0.16340785412048042
2026-06-04,0.11105481508243922,110.0953058124027,98.52315454385361,0.0821917808219178,0.1642079576287979
2026-06-04,0.11758745126375916,110.81687269140622,98.52315454385361,0.0821917808219178,0.16507666944278718
2026-06-04,0.1241200874450791,111.54316873444661,98.52315454385361,0.0821917808219178,0.16600713114337845
2026-06-04,0.13065272362639904,112.27422493656138,98.52315454385361,0.0821917808219178,0.16699305199783876
2026-06-04,0.13718535980771898,113.01007249593016,98.52315454385361,0.0821917808219178,0.1680286811553774
2026-06-04,0.14371799598903898,113.75074281520608,98.52315454385361,0.0821917808219178,0.16910877557854284
2026-06-04,0.15025063217035892,114.49626750285589,98.52315454385361,0.0821917808219178,0.1702285657156624
2026-06-04,0.15678326835167886,115.2466783745089,98.52315454385361,0.0821917808219178,0.17138372041191835
2026-06-04,0.1633159045329988,116.00200745431466,98.52315454385361,0.0821917808219178,0.17257031214373675
2026-06-04,0.16984854071431874,116.76228697630975,98.52315454385361,0.0821917808219178,0.1737847833335153
2026-06-04,0.17638117689563873,117.52754938579315,98.52315454385361,0.0821917808219178,0.1750239142473883
2026-06-04,0.18291381307695867,118.29782734071107,98.52315454385361,0.0821917808219178,0.17628479278539141
2026-06-04,0.1894464492582786,119.07315371305056,98.52315454385361,0.0821917808219178,0.17756478632947933
2026-06-04,0.19597908543959852,119.85356159024231,98.52315454385361,0.0821917808219178,0.1788615157101615
2026-06-05,-0.1895531958117657,81.63890351498192,98.67771176259073,0.0821917808219178,0.2503658613033867
2026-06-05,-0.1832347559513735,82.15636707676393,98.67771176259073,0.0821917808219178,0.2471243475082019
2026-06-05,-0.17691631609098132,82.67711055199703,98.67771176259073,0.0821917808219178,0.24386368742508577
2026-06-05,-0.17059787623058914,83.2011547302267,98.67771176259073,0.0821917808219178,0.2405850207377363
2026-06-05,-0.16427943637019693,83.7285205327718,98.67771176259073,0.0821917808219178,0.23728972682343238
2026-06-05,-0.15796099650980475,84.25922901355969,98.67771176259073,0.0821917808219178,0.23397945959837507
2026-06-05,-0.15164255664941256,84.79330135996695,98.67771176259073,0.0821917808219178,0.23065618649394148
2026-06-05,-0.14532411678902038,85.33075889366509,98.67771176259073,0.0821917808219178,0.22732223173798546
2026-06-05,-0.1390056769286282,85.87162307147187,98.67771176259073,0.0821917808219178,0.223980323982771
2026-06-05,-0.13268723706823599,86.41591548620784,98.67771176259073,0.0821917808219178,0.22063364812112404
2026-06-05,-0.1263687972078438,86.96365786755841,98.67771176259073,0.0821917808219178,0.2172859008452142
2026-06-05,-0.12005035734745162,87.5148720829414,98.67771176259073,0.0821917808219178,0.2139413491062271
2026-06-05,-0.11373191748705944,88.06958013837999,98.67771176259073,0.0821917808219178,0.21060489010617692
2026-06-05,-0.10741347762666724,88.62780417938134,98.67771176259073,0.0821917808219178,0.2072821107769407
2026-06-05,-0.10109503776627506,89.18956649182059,98.67771176259073,0.0821917808219178,0.20397934386755576
2026-06-05,-0.09477659790588286,89.75488950283066,98.67771176259073,0.0821917808219178,0.20070371677868346
2026-06-05,-0.08845815804549068,90.3237957816976,98.67771176259073,0.0821917808219178,0.19746318819309377
2026-06-05,-0.08213971818509849,90.89630804076155,98.67771176259073,0.0821917808219178,0.1942665664379476
2026-06-05,-0.0758212783247063,91.47244913632362,98.67771176259073,0.0821917808219178,0.19112350252236807
2026-06-05,-0.06950283846431411,92.05224206955819,98.67771176259073,0.0821917808219178,0.18804445013455
2026-06-05,-0.06318439860392192,92.63570998743133,98.67771176259073,0.0821917808219178,0.18504058483439226
2026-06-05,-0.05686595874352973,93.22287618362483,98.67771176259073,0.0821917808219178,0.1821236755592938
2026-06-05,-0.05054751888313755,93.8137640994662,98.67771176259073,0.0821917808219178,0.1793059036766223
2026-06-05,-0.044229079022745366,94.4083973248644,98.67771176259073,0.0821917808219178,0.1765996283660577
2026-06-05,-0.03791063916235318,95.00679959925175,98.67771176259073,0.0821917808219178,0.17401710207882048
2026-06-05,-0.03159219930196097,95.6089948125316,98.67771176259073,0.0821917808219178,0.17157014584936334
2026-06-05,-0.02527375944156879,96.21500700603211,98.67771176259073,0.0821917808219178,0.16926980059132787
2026-06-05,-0.018955319581176605,96.824860373466,98.67771176259073,0.0821917808219178,0.16712597611666558
2026-06-05,-0.012636879720784422,97.43857926189648,98.67771176259073,0.0821917808219178,0.1651471232460847
2026-06-05,-0.006318439860392239,98.05618817270928,98.67771176259073,0.0821917808219178,0.1633399549594784
2026-06-05,-2.7755575615628914e-17,98.67771176259073,98.67771176259073,0.0821917808219178,0.1617092395005884
2026-06-05,0.0063184398603921554,99.30317484451218,98.67771176259073,0.0821917808219178,0.1602576818923781
2026-06-05,0.012636879720784339,99.9326023887206,98.67771176259073,0.0821917808219178,0.1589859014244713
2026-06-05,0.018955319581176522,100.56601952373542,98.67771176259073,0.0821917808219178,0.15789250289890092
2026-06-05,0.025273759441568705,101.20345153735182,98.67771176259073,0.0821917808219178,0.15697423047887726
2026-06-05,0.031592199301960916,101.84492387765023,98.67771176259073,0.0821917808219178,0.156226186294719
2026-06-05,0.0379106391623531,102.49046215401225,98.67771176259073,0.0821917808219178,0.15564209231808843
2026-06-05,0.04422907902274528,103.14009213814309,98.67771176259073,0.0821917808219178,0.15521457349648268
2026-06-05,0.050547518883137466,103.79383976510056,98.67771176259073,0.0821917808219178,0.15493544222048744
2026-06-05,0.05686595874352965,104.4517311343302,98.67771176259073,0.0821917808219178,0.15479596800558545
2026-06-05,0.06318439860392186,105.11379251070755,98.67771176259073,0.0821917808219178,0.15478712086534824
2026-06-05,0.06950283846431402,105.7800503255865,98.67771176259073,0.0821917808219178,0.1548997814292991
2026-06-05,0.07582127832470623,106.4505311778546,98.67771176259073,0.0821917808219178,0.1551249148606578
2026-06-05,0.08213971818509844,107.12526183499492,98.67771176259073,0.0821917808219178,0.15545370876550146
2026-06-05,0.08845815804549059,107.80426923415473,98.67771176259073,0.0821917808219178,0.15587767748458636
2026-06-05,0.0947765979058828,108.48758048322087,98.67771176259073,0.0821917808219178,0.15638873650041188
2026-06-05,0.10109503776627496,109.17522286190197,98.67771176259073,0.0821917808219178,0.15697925133264212
2026-06-05,0.10741347762666717,109.86722382281758,98.67771176259073,0.0821917808219178,0.15764206541691844
2026-06-05,0.11373191748705933,110.56361099259408,98.67771176259073,0.0821917808219178,0.1583705112368433
2026-06-05,0.12005035734745154,111.26441217296771,98.67771176259073,0.0821917808219178,0.1591584085490236
2026-06-05,0.12636879720784375,111.9696553418944,98.67771176259073,0.0821917808219178,0.1600000530143593
2026-06-05,0.1326872370682359,112.67936865466673,98.67771176259073,0.0821917808219178,0.16089019800021165
2026-06-05,0.1390056769286281,113.39358044503811,98.67771176259073,0.0821917808219178,0.16182403179519575
2026-06-05,0.14532411678902027,114.11231922635373,98.67771176259073,0.0821917808219178,0.16279715200774741
2026-06-05,0.15164255664941248,114.83561369268912,98.67771176259073,0.0821917808219178,0.16380553851318616
2026-06-05,0.1579609965098047,115.56349271999547,98.67771176259073,0.0821917808219178,0.16484552597394614
2026-06-05,0.16427943637019685,116.29598536725258,98.67771176259073,0.0821917808219178,0.16591377668038568
2026-06-05,0.17059787623058906,117.033120877629,98.67771176259073,0.0821917808219178,0.16700725423846263
2026-06-05,0.1769163160909812,117.77492867964936,98.67771176259073,0.0821917808219178,0.16812319845770102
2026-06-05,0.18323475595137342,118.5214383883694,98.67771176259073,0.0821917808219178,0.16925910166029107
2026-06-05,0.1895531958117656,119.27267980655819,98.67771176259073,0.0821917808219178,0.17041268653242572
2026-06-08,-0.18338448179493483,80.89671871530643,97.17930189031802,0.0821917808219178,0.24571932116127887
2026-06-08,-0.17727166573510367,81.39273997547151,97.17930189031802,0.0821917808219178,0.242575044703466
2026-06-08,-0.1711588496752725,81.89180260856793,97.17930189031802,0.0821917808219178,0.2394111057412838
2026-06-08,-0.16504603361544135,82.39392526288772,97.17930189031802,0.0821917808219178,0.23622842258098056
2026-06-08,-0.15893321755561018,82.89912670106561,97.17930189031802,0.0821917808219178,0.2330281191306654
2026-06-08,-0.15282040149577902,83.40742580078009,97.17930189031802,0.0821917808219178,0.2298115552854256
2026-06-08,-0.14670758543594786,83.9188415554589,97.17930189031802,0.0821917808219178,0.22658036106376092
2026-06-08,-0.1405947693761167,84.43339307498864,97.17930189031802,0.0821917808219178,0.22333647472346352
2026-06-08,-0.13448195331628554,84.95109958642895,97.17930189031802,0.0821917808219178,0.2200821849975235
2026-06-08,-0.12836913725645438,85.47198043473087,97.17930189031802,0.0821917808219178,0.21682017745191037
2026-06-08,-0.12225632119662322,85.9960550834597,97.17930189031802,0.0821917808219178,0.2135535847607862
2026-06-08,-0.11614350513679207,86.52334311552238,97.17930189031802,0.0821917808219178,0.21028604040186816
2026-06-08,-0.11003068907696091,87.05386423389916,97.17930189031802,0.0821917808219178,0.20702173487474412
2026-06-08,-0.10391787301712975,87.58763826237985,97.17930189031802,0.0821917808219178,0.2037654730180349
2026-06-08,-0.09780505695729859,88.12468514630454,97.17930189031802,0.0821917808219178,0.20052273033198625
2026-06-08,-0.09169224089746743,88.66502495330897,97.17930189031802,0.0821917808219178,0.19729970539661892
2026-06-08,-0.08557942483763627,89.20867787407431,97.17930189031802,0.0821917808219178,0.19410336452678015
2026-06-08,-0.0794666087778051,89.75566422308164,97.17930189031802,0.0821917808219178,0.19094147377032425
2026-06-08,-0.07335379271797395,90.30600443937105,97.17930189031802,0.0821917808219178,0.1878226123247393
2026-06-08,-0.06724097665814278,90.8597190873054,97.17930189031802,0.0821917808219178,0.18475616056842825
2026-06-08,-0.06112816059831162,91.41682885733866,97.17930189031802,0.0821917808219178,0.1817522553869236
2026-06-08,-0.055015344538480476,91.97735456678913,97.17930189031802,0.0821917808219178,0.17882170559028832
2026-06-08,-0.048902528478649315,92.54131716061725,97.17930189031802,0.0821917808219178,0.1759758612633473
2026-06-08,-0.042789712418818154,93.1087377122083,97.17930189031802,0.0821917808219178,0.1732264331333098
2026-06-08,-0.03667689635898699,93.67963742415978,97.17930189031802,0.0821917808219178,0.17058526162973128
2026-06-08,-0.030564080299155832,94.25403762907375,97.17930189031802,0.0821917808219178,0.16806404017455157
2026-06-08,-0.02445126423932467,94.83195979035386,97.17930189031802,0.0821917808219178,0.16567400298042112
2026-06-08,-0.01833844817949351,95.41342550300747,97.17930189031802,0.0821917808219178,0.16342559350302277
2026-06-08,-0.01222563211966235,95.99845649445254,97.17930189031802,0.0821917808219178,0.1613281346500381
2026-06-08,-0.006112816059831189,96.58707462532946,97.17930189031802,0.0821917808219178,0.15938952476845378
2026-06-08,-2.7755575615628914e-17,97.17930189031802,97.17930189031802,0.0821917808219178,0.15761598339286623
2026-06-08,0.006112816059831133,97.77516041895915,97.17930189031802,0.0821917808219178,0.15601186733650013
2026-06-08,0.012225632119662294,98.37467247648192,97.17930189031802,0.0821917808219178,0.154579571256056
2026-06-08,0.018338448179493455,98.97786046463547,97.17930189031802,0.0821917808219178,0.15331951833930837
2026-06-08,0.024451264239324616,99.58474692252616,97.17930189031802,0.0821917808219178,0.15223023773266783
2026-06-08,0.030564080299155777,100.19535452745964,97.17930189031802,0.0821917808219178,0.15130851729669065
2026-06-08,0.03667689635898694,100.80970609578837,97.17930189031802,0.0821917808219178,0.150549614472532
2026-06-08,0.0427897124188181,101.42782458376412,97.17930189031802,0.0821917808219178,0.14994750508906354
2026-06-08,0.04890252847864926,102.04973308839574,97.17930189031802,0.0821917808219178,0.1494951498163392
2026-06-08,0.05501534453848042,102.67545484831228,97.17930189031802,0.0821917808219178,0.14918476013735707
2026-06-08,0.06112816059831158,103.30501324463134,97.17930189031802,0.0821917808219178,0.1490080493493047
2026-06-08,0.06724097665814271,103.93843180183266,97.17930189031802,0.0821917808219178,0.14895645836574692
2026-06-08,0.07335379271797388,104.57573418863727,97.17930189031802,0.0821917808219178,0.14902135026442606
2026-06-08,0.07946660877780504,105.21694421889184,97.17930189031802,0.0821917808219178,0.14919417113412892
2026-06-08,0.0855794248376362,105.86208585245846,97.17930189031802,0.0821917808219178,0.14946657757812415
2026-06-08,0.09169224089746736,106.51118319611011,97.17930189031802,0.0821917808219178,0.1498305331831066
2026-06-08,0.09780505695729852,107.16426050443127,97.17930189031802,0.0821917808219178,0.15027837744149442
2026-06-08,0.10391787301712968,107.8213421807244,97.17930189031802,0.0821917808219178,0.15080287116760122
2026-06-08,0.11003068907696084,108.48245277792162,97.17930189031802,0.0821917808219178,0.1513972225396945
2026-06-08,0.116143505136792,109.14761699950236,97.17930189031802,0.0821917808219178,0.15205509768387554
2026-06-08,0.12225632119662316,109.81685970041632,97.17930189031802,0.0821917808219178,0.1527706193190324
2026-06-08,0.12836913725645432,110.49020588801223,97.17930189031802,0.0821917808219178,0.15353835650059378
2026-06-08,0.13448195331628549,111.16768072297239,97.17930189031802,0.0821917808219178,0.15435330800092034
2026-06-08,0.14059476937611665,111.8493095202527,97.17930189031802,0.0821917808219178,0.15521088138804676
2026-06-08,0.1467075854359478,112.53511775002865,97.17930189031802,0.0821917808219178,0.15610686943576718
2026-06-08,0.15282040149577897,113.22513103864716,97.17930189031802,0.0821917808219178,0.15703742512730004
2026-06-08,0.15893321755561013,113.91937516958396,97.17930189031802,0.0821917808219178,0.15799903620396197
2026-06-08,0.1650460336154413,114.61787608440711,97.17930189031802,0.0821917808219178,0.1589884999562452
2026-06-08,0.17115884967527245,115.32065988374649,97.17930189031802,0.0821917808219178,0.16000289875151086
2026-06-08,0.1772716657351036,116.02775282826886,97.17930189031802,0.0821917808219178,0.1610395766331427
2026-06-08,0.18338448179493477,116.73918133965927,97.17930189031802,0.0821917808219178,0.16209611720330702
2026-06-09,-0.18517477884289807,80.72576146142814,97.14770266307137,0.0821917808219178,0.2466352712097449
2026-06-09,-0.17900228621480146,81.22558161012385,97.14770266307137,0.0821917808219178,0.24352289873444624
2026-06-09,-0.17282979358670486,81.72849643611367,97.14770266307137,0.0821917808219178,0.2403912288854667
2026-06-09,-0.16665730095860826,82.23452510034491,97.14770266307137,0.0821917808219178,0.23724116129430756
2026-06-09,-0.16048480833051165,82.74368688240152,97.14770266307137,0.0821917808219178,0.2340737965255623
2026-06-09,-0.15431231570241505,83.25600118123852,97.14770266307137,0.0821917808219178,0.23089046581647943
2026-06-09,-0.14813982307431844,83.77148751592118,97.14770266307137,0.0821917808219178,0.22769276451743883
2026-06-09,-0.14196733044622184,84.29016552636865,97.14770266307137,0.0821917808219178,0.22448258947011712
2026-06-09,-0.13579483781812524,84.81205497410222,97.14770266307137,0.0821917808219178,0.22126218047838675
2026-06-09,-0.12962234519002863,85.3371757429983,97.14770266307137,0.0821917808219178,0.2180341658957946
2026-06-09,-0.12344985256193204,85.86554784004589,97.14770266307137,0.0821917808219178,0.21480161215657162
2026-06-09,-0.11727735993383544,86.39719139610895,97.14770266307137,0.0821917808219178,0.21156807679556874
2026-06-09,-0.11110486730573885,86.93212666669329,97.14770266307137,0.0821917808219178,0.20833766411548504
2026-06-09,-0.10493237467764224,87.47037403271838,97.14770266307137,0.0821917808219178,0.20511508214659416
2026-06-09,-0.09875988204954564,88.01195400129376,97.14770266307137,0.0821917808219178,0.20190569888809423
2026-06-09,-0.09258738942144903,88.55688720650046,97.14770266307137,0.0821917808219178,0.19871559501419533
2026-06-09,-0.08641489679335243,89.10519441017712,97.14770266307137,0.0821917808219178,0.1955516092836684
2026-06-09,-0.08024240416525583,89.65689650271095,97.14770266307137,0.0821917808219178,0.19242137185053607
2026-06-09,-0.07406991153715922,90.21201450383373,97.14770266307137,0.0821917808219178,0.18933331962153077
2026-06-09,-0.06789741890906262,90.77056956342263,97.14770266307137,0.0821917808219178,0.18629668688581302
2026-06-09,-0.061724926280966014,91.33258296230599,97.14770266307137,0.0821917808219178,0.18332146386273465
2026-06-09,-0.05555243365286941,91.8980761130742,97.14770266307137,0.0821917808219178,0.18041831584396845
2026-06-09,-0.049379941024772805,92.46707056089537,97.14770266307137,0.0821917808219178,0.17759845655211592
2026-06-09,-0.0432074483966762,93.03958798433631,97.14770266307137,0.0821917808219178,0.17487347148273719
2026-06-09,-0.037034955768579625,93.61565019618845,97.14770266307137,0.0821917808219178,0.1722550905141722
2026-06-09,-0.03086246314048302,94.19527914429895,97.14770266307137,0.0821917808219178,0.1697549139122353
2026-06-09,-0.024689970512386417,94.77849691240678,97.14770266307137,0.0821917808219178,0.1673841016541597
2026-06-09,-0.018517477884289812,95.36532572098423,97.14770266307137,0.0821917808219178,0.16515304200687714
2026-06-09,-0.012344985256193208,95.95578792808342,97.14770266307137,0.0821917808219178,0.16307102046653985
2026-06-09,-0.006172492628096604,96.54990603018825,97.14770266307137,0.0821917808219178,0.1611459133297351
2026-06-09,0.0,97.14770266307137,97.14770266307137,0.0821917808219178,0.15938393034059922
2026-06-09,0.006172492628096604,97.7492006026567,97.14770266307137,0.0821917808219178,0.157789427576596
2026-06-09,0.012344985256193208,98.35442276588711,97.14770266307137,0.0821917808219178,0.15636480527279367
2026-06-09,0.018517477884289812,98.96339221159766,97.14770266307137,0.0821917808219178,0.155110496659424
2026-06-09,0.024689970512386417,99.57613214139403,97.14770266307137,0.0821917808219178,0.15402504462469074
2026-06-09,0.03086246314048302,100.19266590053655,97.14770266307137,0.0821917808219178,0.1531052547335579
2026-06-09,0.037034955768579625,100.81301697882965,97.14770266307137,0.0821917808219178,0.1523464071224959
2026-06-09,0.04320744839667623,101.43720901151674,97.14770266307137,0.0821917808219178,0.151742506721675
2026-06-09,0.04937994102477283,102.0652657801809,97.14770266307137,0.0821917808219178,0.151286551118397
2026-06-09,0.05555243365286944,102.69721121365065,97.14770266307137,0.0821917808219178,0.15097079761102025
2026-06-09,0.06172492628096604,103.33306938891197,97.14770266307137,0.0821917808219178,0.15078701475857426
2026-06-09,0.06789741890906265,103.97286453202535,97.14770266307137,0.0821917808219178,0.1507267081184932
2026-06-09,0.07406991153715925,104.616621019049,97.14770266307137,0.0821917808219178,0.15078131414688925
2026-06-09,0.08024240416525585,105.26436337696742,97.14770266307137,0.0821917808219178,0.15094235991992927
2026-06-09,0.08641489679335246,105.91611628462599,97.14770266307137,0.0821917808219178,0.15120158917779358
2026-06-09,0.09258738942144906,106.57190457367112,97.14770266307137,0.0821917808219178,0.15155105715176917
2026-06-09,0.09875988204954567,107.23175322949645,97.14770266307137,0.0821917808219178,0.15198319779954206
2026-06-09,0.10493237467764227,107.89568739219467,97.14770266307137,0.0821917808219178,0.15249086759961275
2026-06-09,0.11110486730573882,108.56373235751548,97.14770266307137,0.0821917808219178,0.15306737011602284
2026-06-09,0.11727735993383542,109.23591357782918,97.14770266307137,0.0821917808219178,0.15370646529845503
2026-06-09,0.12344985256193203,109.91225666309661,97.14770266307137,0.0821917808219178,0.15440236706043017
2026-06-09,0.12962234519002863,110.59278738184469,97.14770266307137,0.0821917808219178,0.15514973217689254
2026-06-09,0.13579483781812524,111.27753166214832,97.14770266307137,0.0821917808219178,0.15594364302847855
2026-06-09,0.14196733044622184,111.9665155926182,97.14770266307137,0.0821917808219178,0.15677958623467994
2026-06-09,0.14813982307431844,112.65976542339477,97.14770266307137,0.0821917808219178,0.15765342878457733
2026-06-09,0.15431231570241505,113.35730756714838,97.14770266307137,0.0821917808219178,0.15856139290134852
2026-06-09,0.16048480833051165,114.05916860008558,97.14770266307137,0.0821917808219178,0.15950003056638543
2026-06-09,0.16665730095860826,114.76537526296167,97.14770266307137,0.0821917808219178,0.16046619837661488
2026-06-09,0.17282979358670486,115.47595446209951,97.14770266307137,0.0821917808219178,0.1614570332079973
2026-06-09,0.17900228621480146,116.1909332704147,97.14770266307137,0.0821917808219178,0.16246992900169244
2026-06-09,0.18517477884289807,116.91033892844695,97.14770266307137,0.0821917808219178,0.16350251486959522
2026-06-10,-0.18906492508725004,79.4332498837347,95.96484917231032,0.0821917808219178,0.2582867996776301
2026-06-10,-0.18276276091767504,79.93543202005026,95.96484917231032,0.0821917808219178,0.25501761221378444
2026-06-10,-0.17646059674810002,80.44078898426729,95.96484917231032,0.0821917808219178,0.2517259206504935
2026-06-10,-0.17015843257852503,80.94934084785281,95.96484917231032,0.0821917808219178,0.24841241183728355
2026-06-10,-0.16385626840895,81.461107809167,95.96484917231032,0.0821917808219178,0.24507795489177728
2026-06-10,-0.15755410423937502,81.97611019426539,95.96484917231032,0.0821917808219178,0.2417236296591128
2026-06-10,-0.15125194006980003,82.4943684577061,95.96484917231032,0.0821917808219178,0.2383507590026817
2026-06-10,-0.144949775900225,83.01590318336228,95.96484917231032,0.0821917808219178,0.2349609452679238
2026-06-10,-0.13864761173065,83.54073508523972,95.96484917231032,0.0821917808219178,0.23155611121627637
2026-06-10,-0.132345447561075,84.06888500829945,95.96484917231032,0.0821917808219178,0.22813854564135172
2026-06-10,-0.1260432833915,84.60037392928565,95.96484917231032,0.0821917808219178,0.22471095373848216
2026-06-10,-0.11974111922192499,85.13522295755892,95.96484917231032,0.0821917808219178,0.2212765120827439
2026-06-10,-0.11343895505235,85.67345333593455,95.96484917231032,0.0821917808219178,0.21783892775673816
2026-06-10,-0.10713679088277499,86.21508644152627,95.96484917231032,0.0821917808219178,0.21440250073251624
2026-06-10,-0.10083462671319998,86.76014378659534,95.96484917231032,0.0821917808219178,0.21097218802660714
2026-06-10,-0.09453246254362498,87.30864701940489,95.96484917231032,0.0821917808219178,0.20755366739177902
2026-06-10,-0.08823029837404997,87.8606179250798,95.96484917231032,0.0821917808219178,0.20415339737392496
2026-06-10,-0.08192813420447496,88.41607842647187,95.96484917231032,0.0821917808219178,0.20077866945933479
2026-06-10,-0.07562597003489996,88.97505058503063,95.96484917231032,0.0821917808219178,0.19743764681511713
2026-06-10,-0.06932380586532495,89.53755660167951,95.96484917231032,0.0821917808219178,0.19413938288583357
2026-06-10,-0.06302164169574995,90.10361881769762,95.96484917231032,0.0821917808219178,0.1908938120251089
2026-06-10,-0.056719477526174955,90.67325971560705,95.96484917231032,0.0821917808219178,0.1877117036654372
2026-06-10,-0.050417313356599935,91.24650192006584,95.96484917231032,0.0821917808219178,0.1846045715908686
2026-06-10,-0.044115149187024943,91.82336819876663,95.96484917231032,0.0821917808219178,0.18158453104490446
2026-06-10,-0.03781298501744995,92.40388146334085,95.96484917231032,0.0821917808219178,0.1786640990170602
2026-06-10,-0.03151082084787493,92.98806477026875,95.96484917231032,0.0821917808219178,0.17585593729807547
2026-06-10,-0.02520865667829994,93.57594132179511,95.96484917231032,0.0821917808219178,0.1731725436837652
2026-06-10,-0.01890649250872492,94.16753446685087,95.96484917231032,0.0821917808219178,0.17062590354286666
2026-06-10,-0.012604328339149928,94.76286770198035,95.96484917231032,0.0821917808219178,0.16822712089629485
2026-06-10,-0.006302164169574909,95.36196467227457,95.96484917231032,0.0821917808219178,0.16598605388200136
2026-06-10,8.326672684688674e-17,95.96484917231032,95.96484917231032,0.0821917808219178,0.16391098261219675
2026-06-10,0.006302164169575103,96.5715451470953,95.96484917231032,0.0821917808219178,0.1620083368833907
2026-06-10,0.012604328339150095,97.18207669301904,95.96484917231032,0.0821917808219178,0.16028250658542603
2026-06-10,0.018906492508725087,97.79646805880999,95.96484917231032,0.0821917808219178,0.15873574950604566
2026-06-10,0.025208656678300106,98.4147436464987,95.96484917231032,0.0821917808219178,0.1573682009335009
2026-06-10,0.0315108208478751,99.03692801238684,95.96484917231032,0.0821917808219178,0.15617797891108345
2026-06-10,0.03781298501745012,99.66304586802269,95.96484917231032,0.0821917808219178,0.15516137005616243
2026-06-10,0.04411514918702511,100.29312208118247,95.96484917231032,0.0821917808219178,0.15431307486697568
2026-06-10,0.05041731335660013,100.92718167685814,95.96484917231032,0.0821917808219178,0.15362648895391384
2026-06-10,0.05671947752617512,101.56524983825125,95.96484917231032,0.0821917808219178,0.15309399740789145
2026-06-10,0.06302164169575014,102.20735190777314,95.96484917231032,0.0821917808219178,0.1527072627503167
2026-06-10,0.0693238058653251,102.85351338805158,95.96484917231032,0.0821917808219178,0.15245749154672503
2026-06-10,0.07562597003490013,103.50375994294356,95.96484917231032,0.0821917808219178,0.15233566980697028
2026-06-10,0.08192813420447514,104.15811739855465,95.96484917231032,0.0821917808219178,0.1523327619720208
2026-06-10,0.08823029837405016,104.81661174426469,95.96484917231032,0.0821917808219178,0.15243987213715093
2026-06-10,0.09453246254362513,105.47926913376011,95.96484917231032,0.0821917808219178,0.15264836899921944
2026-06-10,0.10083462671320015,106.1461158860726,95.96484917231032,0.0821917808219178,0.15294997786385958
2026-06-10,0.10713679088277517,106.81717848662448,95.96484917231032,0.0821917808219178,0.15333684405151793
2026-06-10,0.11343895505235013,107.49248358828062,95.96484917231032,0.0821917808219178,0.15380157239533246
2026-06-10,0.11974111922192515,108.17205801240704,95.96484917231032,0.0821917808219178,0.15433724742639696
2026-06-10,0.12604328339150017,108.8559287499361,95.96484917231032,0.0821917808219178,0.15493743846418678
2026-06-10,0.1323454475610752,109.54412296243868,95.96484917231032,0.0821917808219178,0.1555961933053192
2026-06-10,0.13864761173065016,110.23666798320278,95.96484917231032,0.0821917808219178,0.15630802362768761
2026-06-10,0.14494977590022518,110.93359131831926,95.96484917231032,0.0821917808219178,0.1570678846616161
2026-06-10,0.1512519400698002,111.63492064777425,95.96484917231032,0.0821917808219178,0.15787115116149164
2026-06-10,0.15755410423937521,112.34068382654854,95.96484917231032,0.0821917808219178,0.1587135912582512
2026-06-10,0.16385626840895018,113.05090888572389,95.96484917231032,0.0821917808219178,0.15959133939062306
2026-06-10,0.1701584325785252,113.76562403359641,95.96484917231032,0.0821917808219178,0.16050086919901227
2026-06-10,0.17646059674810022,114.48485765679685,95.96484917231032,0.0821917808219178,0.16143896701405147
2026-06-10,0.18276276091767518,115.20863832141805,95.96484917231032,0.0821917808219178,0.16240270637391313
2026-06-10,0.1890649250872502,115.93699477414961,95.96484917231032,0.0821917808219178,0.16338942385187083
2026-06-11,-0.19895954503034788,78.1482544707002,95.35123326242736,0.0821917808219178,0.2722498447882116
2026-06-11,-0.19232756019600294,78.66825492078992,95.35123326242736,0.0821917808219178,0.2688302468129257
2026-06-11,-0.185695575361658,79.19171546694865,95.35123326242736,0.0821917808219178,0.26538616194419656
2026-06-11,-0.17906359052731308,79.71865913274262,95.35123326242736,0.0821917808219178,0.2619182029579361
2026-06-11,-0.17243160569296817,80.24910909493745,95.35123326242736,0.0821917808219178,0.2584271636511495
2026-06-11,-0.1657996208586232,80.78308868451758,95.35123326242736,0.0821917808219178,0.25491404818311936
2026-06-11,-0.1591676360242783,81.32062138771234,95.35123326242736,0.0821917808219178,0.25138010456886695
2026-06-11,-0.15253565118993337,81.86173084702907,95.35123326242736,0.0821917808219178,0.24782686275000998
2026-06-11,-0.14590366635558843,82.40644086229292,95.35123326242736,0.0821917808219178,0.24425617763975052
2026-06-11,-0.1392716815212435,82.95477539169373,95.35123326242736,0.0821917808219178,0.2406702774707611
2026-06-11,-0.13263969668689857,83.50675855283964,95.35123326242736,0.0821917808219178,0.23707181765023236
2026-06-11,-0.12600771185255366,84.06241462381806,95.35123326242736,0.0821917808219178,0.23346394012366428
2026-06-11,-0.11937572701820871,84.62176804426335,95.35123326242736,0.0821917808219178,0.22985033794155108
2026-06-11,-0.11274374218386378,85.1848434164318,95.35123326242736,0.0821917808219178,0.2262353242799557
2026-06-11,-0.10611175734951886,85.7516655062838,95.35123326242736,0.0821917808219178,0.22262390455361272
2026-06-11,-0.09947977251517393,86.32225924457298,95.35123326242736,0.0821917808219178,0.21902184944681138
2026-06-11,-0.09284778768082899,86.8966497279429,95.35123326242736,0.0821917808219178,0.2154357656502159
2026-06-11,-0.08621580284648406,87.47486222003074,95.35123326242736,0.0821917808219178,0.21187315982942878
2026-06-11,-0.07958381801213912,88.05692215257866,95.35123326242736,0.0821917808219178,0.20834248990030266
2026-06-11,-0.07295183317779419,88.64285512655219,95.35123326242736,0.0821917808219178,0.20485319614405392
2026-06-11,-0.06631984834344926,89.23268691326635,95.35123326242736,0.0821917808219178,0.20141570324410438
2026-06-11,-0.05968786350910435,89.82644345551913,95.35123326242736,0.0821917808219178,0.1980413832525846
2026-06-11,-0.053055878674759416,90.42415086873258,95.35123326242736,0.0821917808219178,0.19474246919142868
2026-06-11,-0.04642389384041448,91.02583544210142,95.35123326242736,0.0821917808219178,0.191531909932696
2026-06-11,-0.03979190900606955,91.6315236397493,95.35123326242736,0.0821917808219178,0.18842315965480796
2026-06-11,-0.033159924171724614,92.24124210189284,95.35123326242736,0.0821917808219178,0.18542989986413075
2026-06-11,-0.02652793933737968,92.85501764601331,95.35123326242736,0.0821917808219178,0.18256569870632866
2026-06-11,-0.019895954503034746,93.47287726803623,95.35123326242736,0.0821917808219178,0.17984362056024675
2026-06-11,-0.01326396966868984,94.09484814351859,95.35123326242736,0.0821917808219178,0.17727580759176936
2026-06-11,-0.006631984834344906,94.72095762884433,95.35123326242736,0.0821917808219178,0.17487306240618486
2026-06-11,2.7755575615628914e-17,95.35123326242736,95.35123326242736,0.0821917808219178,0.1726444653374535
2026-06-11,0.006631984834344962,95.98570276592297,95.35123326242736,0.0821917808219178,0.1705970597403101
2026-06-11,0.013263969668689896,96.62439404544695,95.35123326242736,0.0821917808219178,0.16873563327898797
2026-06-11,0.01989595450303483,97.2673351928032,95.35123326242736,0.0821917808219178,0.16706261324084123
2026-06-11,0.026527939337379763,97.9145544867191,95.35123326242736,0.0821917808219178,0.16557808113087977
2026-06-11,0.0331599241717247,98.5660803940894,95.35123326242736,0.0821917808219178,0.1642798987078918
2026-06-11,0.03979190900606963,99.22194157122834,95.35123326242736,0.0821917808219178,0.16316392665277574
2026-06-11,0.04642389384041454,99.88216686512993,95.35123326242736,0.0821917808219178,0.16222430994673886
2026-06-11,0.0530558786747595,100.54678531473687,95.35123326242736,0.0821917808219178,0.16145380142488078
2026-06-11,0.059687863509104405,101.21582615221764,95.35123326242736,0.0821917808219178,0.1608440964444077
2026-06-11,0.06631984834344937,101.88931880425238,95.35123326242736,0.0821917808219178,0.1603861560304783
2026-06-11,0.07295183317779427,102.56729289332704,95.35123326242736,0.0821917808219178,0.1600705018341016
2026-06-11,0.07958381801213918,103.24977823903633,95.35123326242736,0.0821917808219178,0.15988747247749135
2026-06-11,0.08621580284648414,103.9368048593954,95.35123326242736,0.0821917808219178,0.1598274364486581
2026-06-11,0.09284778768082905,104.62840297215986,95.35123326242736,0.0821917808219178,0.15988096112992287
2026-06-11,0.09947977251517401,105.32460299615516,95.35123326242736,0.0821917808219178,0.16003894065352364
2026-06-11,0.10611175734951891,106.02543555261433,95.35123326242736,0.0821917808219178,0.16029268716680906
2026-06-11,0.11274374218386388,106.73093146652484,95.35123326242736,0.0821917808219178,0.16063399098598796
2026-06-11,0.11937572701820878,107.44112176798447,95.35123326242736,0.0821917808219178,0.16105515528796815
2026-06-11,0.1260077118525537,108.15603769356592,95.35123326242736,0.0821917808219178,0.16154901068450778
2026-06-11,0.13263969668689865,108.87571068769098,95.35123326242736,0.0821917808219178,0.16210891444635414
2026-06-11,0.13927168152124356,109.60017240401332,95.35123326242736,0.0821917808219178,0.1627287384485767
2026-06-11,0.14590366635558852,110.32945470681084,95.35123326242736,0.0821917808219178,0.16340284919391468
2026-06-11,0.15253565118993342,111.06358967238714,95.35123326242736,0.0821917808219178,0.16412608260069328
2026-06-11,0.15916763602427839,111.80260959048239,95.35123326242736,0.0821917808219178,0.1648937156482819
2026-06-11,0.1657996208586233,112.54654696569341,95.35123326242736,0.0821917808219178,0.16570143646871402
2026-06-11,0.1724316056929682,113.29543451890353,95.35123326242736,0.0821917808219178,0.16654531405796222
2026-06-11,0.17906359052731316,114.04930518872163,95.35123326242736,0.0821917808219178,0.167421768447419
2026-06-11,0.18569557536165807,114.80819213293086,95.35123326242736,0.0821917808219178,0.16832754191497892
2026-06-11,0.19232756019600303,115.57212872994718,95.35123326242736,0.0821917808219178,0.16925967161438502
2026-06-11,0.19895954503034793,116.34114858028731,95.35123326242736,0.0821917808219178,0.17021546385019867
2026-06-12,-0.19929677523952094,77.97456388968462,95.17139698051338,0.0821917808219178,0.2756431759373035
2026-06-12,-0.1926535493982036,78.49429094819384,95.17139698051338,0.0821917808219178,0.27226697443998576
2026-06-12,-0.1860103235568862,79.01748216478067,95.17139698051338,0.0821917808219178,0.26886563670323554
2026-06-12,-0.17936709771556886,79.54416062924001,95.17139698051338,0.0821917808219178,0.2654395823880026
2026-06-12,-0.17272387187425148,80.07434958526814,95.17139698051338,0.0821917808219178,0.26198938341204936
2026-06-12,-0.16608064603293413,80.60807243148845,95.17139698051338,0.0821917808219178,0.2585157896252682
2026-06-12,-0.15943742019161675,81.14535272248419,95.17139698051338,0.0821917808219178,0.2550197583380974
2026-06-12,-0.1527941943502994,81.68621416983791,95.17139698051338,0.0821917808219178,0.25150248817641124
2026-06-12,-0.14615096850898202,82.23068064317796,95.17139698051338,0.0821917808219178,0.24796545774687861
2026-06-12,-0.13950774266766466,82.77877617123187,95.17139698051338,0.0821917808219178,0.2444104695827964
2026-06-12,-0.1328645168263473,83.33052494288685,95.17139698051338,0.0821917808219178,0.2408396997886667
2026-06-12,-0.12622129098502993,83.88595130825733,95.17139698051338,0.0821917808219178,0.2372557536946173
2026-06-12,-0.11957806514371257,84.44507977975951,95.17139698051338,0.0821917808219178,0.2336617276460378
2026-06-12,-0.1129348393023952,85.00793503319322,95.17139698051338,0.0821917808219178,0.23006127676034244
2026-06-12,-0.10629161346107784,85.5745419088309,95.17139698051338,0.0821917808219178,0.22645868804639932
2026-06-12,-0.09964838761976047,86.14492541251387,95.17139698051338,0.0821917808219178,0.22285895766310418
2026-06-12,-0.0930051617784431,86.71911071675595,95.17139698051338,0.0821917808219178,0.21926787025114897
2026-06-12,-0.08636193593712574,87.29712316185432,95.17139698051338,0.0821917808219178,0.215692077172041
2026-06-12,-0.07971871009580837,87.87898825700786,95.17139698051338,0.0821917808219178,0.2121391691156717
2026-06-12,-0.07307548425449101,88.46473168144301,95.17139698051338,0.0821917808219178,0.2086177369151493
2026-06-12,-0.06643225841317366,89.05437928554697,95.17139698051338,0.0821917808219178,0.20513741262224808
2026-06-12,-0.059789032571856277,89.6479570920086,95.17139698051338,0.0821917808219178,0.2017088811306329
2026-06-12,-0.053145806730538925,90.24549129696688,95.17139698051338,0.0821917808219178,0.19834385119268685
2026-06-12,-0.046502580889221545,90.84700827116693,95.17139698051338,0.0821917808219178,0.19505497400249439
2026-06-12,-0.039859355047904194,91.45253456112394,95.17139698051338,0.0821917808219178,0.19185569817129358
2026-06-12,-0.033216129206586814,92.06209689029464,95.17139698051338,0.0821917808219178,0.18876005249611072
2026-06-12,-0.026572903365269462,92.67572216025673,95.17139698051338,0.0821917808219178,0.1857823528875056
2026-06-12,-0.019929677523952083,93.29343745189608,95.17139698051338,0.0821917808219178,0.18293683729716484
2026-06-12,-0.013286451682634731,93.91527002660193,95.17139698051338,0.0821917808219178,0.18023724199132354
2026-06-12,-0.006643225841317352,94.54124732746995,95.17139698051338,0.0821917808219178,0.1776963428130129
2026-06-12,0.0,95.17139698051338,95.17139698051338,0.0821917808219178,0.1753254942222946
2026-06-12,0.0066432258413173795,95.80574679588233,95.17139698051338,0.0821917808219178,0.17313420462007795
2026-06-12,0.013286451682634731,96.44432476909097,95.17139698051338,0.0821917808219178,0.17112978678455618
2026-06-12,0.019929677523952083,97.08715908225317,95.17139698051338,0.0821917808219178,0.1693171162674682
2026-06-12,0.026572903365269462,97.73427810532617,95.17139698051338,0.0821917808219178,0.16769851894643623
2026-06-12,0.033216129206586814,98.38571039736267,95.17139698051338,0.0821917808219178,0.16627379377168194
2026-06-12,0.039859355047904194,99.04148470777116,95.17139698051338,0.0821917808219178,0.16504036116618248
2026-06-12,0.046502580889221545,99.7016299775848,95.17139698051338,0.0821917808219178,0.16399351459552475
2026-06-12,0.053145806730538925,100.36617534073854,95.17139698051338,0.0821917808219178,0.16312674465389354
2026-06-12,0.059789032571856304,101.03515012535497,95.17139698051338,0.0821917808219178,0.16243210235235378
2026-06-12,0.06643225841317363,101.70858385503865,95.17139698051338,0.0821917808219178,0.16190057053954732
2026-06-12,0.07307548425449101,102.38650625017898,95.17139698051338,0.0821917808219178,0.16152241804762313
2026-06-12,0.07971871009580839,103.06894722926192,95.17139698051338,0.0821917808219178,0.1612875184705956
2026-06-12,0.08636193593712577,103.75593691019033,95.17139698051338,0.0821917808219178,0.1611856228943337
2026-06-12,0.09300516177844309,104.44750561161318,95.17139698051338,0.0821917808219178,0.16120658233594284
2026-06-12,0.09964838761976047,105.14368385426354,95.17139698051338,0.0821917808219178,0.16134052057636772
2026-06-12,0.10629161346107785,105.8445023623056,95.17139698051338,0.0821917808219178,0.1615779613801063
2026-06-12,0.11293483930239523,106.54999206469061,95.17139698051338,0.0821917808219178,0.1619099159679465
2026-06-12,0.11957806514371255,107.26018409652173,95.17139698051338,0.0821917808219178,0.16232793735491946
2026-06-12,0.12622129098502993,107.97510980042833,95.17139698051338,0.0821917808219178,0.16282414812442522
2026-06-12,0.1328645168263473,108.69480072794899,95.17139698051338,0.0821917808219178,0.16339124768098764
2026-06-12,0.13950774266766464,109.41928864092412,95.17139698051338,0.0821917808219178,0.16402250424318188
2026-06-12,0.14615096850898202,110.14860551289757,95.17139698051338,0.0821917808219178,0.16471173597082356
2026-06-12,0.1527941943502994,110.88278353052782,95.17139698051338,0.0821917808219178,0.1654532847724875
2026-06-12,0.15943742019161677,111.62185509500834,95.17139698051338,0.0821917808219178,0.1662419855706478
2026-06-12,0.1660806460329341,112.36585282349766,95.17139698051338,0.0821917808219178,0.16707313313954275
2026-06-12,0.17272387187425148,113.11480955055879,95.17139698051338,0.0821917808219178,0.16794244808167394
2026-06-12,0.17936709771556886,113.86875832960824,95.17139698051338,0.0821917808219178,0.16884604306677864
2026-06-12,0.18601032355688624,114.62773243437492,95.17139698051338,0.0821917808219178,0.1697803901100746
2026-06-12,0.19265354939820356,115.39176536036837,95.17139698051338,0.0821917808219178,0.1707422894001242
2026-06-12,0.1992967752395209,116.16089082635722,95.17139698051338,0.0821917808219178,0.17172883998635022
2026-06-15,-0.19759800175782696,78.26596460431314,95.36492333064783,0.0821917808219178,0.27449607465383136
2026-06-15,-0.19101140169923272,78.78317266282808,95.36492333064783,0.0821917808219178,0.2710737953993719
2026-06-15,-0.1844248016406385,79.30379860774032,95.36492333064783,0.0821917808219178,0.2676256296931891
2026-06-15,-0.17783820158204428,79.82786502560324,95.36492333064783,0.0821917808219178,0.26415200900204955
2026-06-15,-0.17125160152345004,80.35539465222985,95.36492333064783,0.0821917808219178,0.2606535239540372
2026-06-15,-0.1646650014648558,80.88641037367911,95.36492333064783,0.0821917808219178,0.2571309513418079
2026-06-15,-0.1580784014062616,81.42093522724882,95.36492333064783,0.0821917808219178,0.25358528517262546
2026-06-15,-0.15149180134766735,81.9589924024751,95.36492333064783,0.0821917808219178,0.25001777225072347
2026-06-15,-0.1449052012890731,82.50060524213833,95.36492333064783,0.0821917808219178,0.24642995278128071
2026-06-15,-0.1383186012304789,83.04579724327597,95.36492333064783,0.0821917808219178,0.24282370646001428
2026-06-15,-0.13173200117188466,83.59459205820187,95.36492333064783,0.0821917808219178,0.23920130444328716
2026-06-15,-0.12514540111329042,84.14701349553233,95.36492333064783,0.0821917808219178,0.23556546746098728
2026-06-15,-0.1185588010546962,84.70308552121917,95.36492333064783,0.0821917808219178,0.23191943011278662
2026-06-15,-0.11197220099610196,85.26283225958927,95.36492333064783,0.0821917808219178,0.22826701104612893
2026-06-15,-0.10538560093750773,85.8262779943913,95.36492333064783,0.0821917808219178,0.22461268821411293
2026-06-15,-0.0987990008789135,86.39344716984917,95.36492333064783,0.0821917808219178,0.2209616777125403
2026-06-15,-0.09221240082031927,86.9643643917225,95.36492333064783,0.0821917808219178,0.2173200137584429
2026-06-15,-0.08562580076172505,87.53905442837413,95.36492333064783,0.0821917808219178,0.21369462616873164
2026-06-15,-0.07903920070313081,88.11754221184466,95.36492333064783,0.0821917808219178,0.210093410224213
2026-06-15,-0.07245260064453657,88.69985283893409,95.36492333064783,0.0821917808219178,0.20652528210556276
2026-06-15,-0.06586600058594236,89.28601157229055,95.36492333064783,0.0821917808219178,0.20300021128407642
2026-06-15,-0.05927940052734812,89.87604384150636,95.36492333064783,0.0821917808219178,0.19952921956786046
2026-06-15,-0.05269280046875388,90.46997524422119,95.36492333064783,0.0821917808219178,0.1961243353014369
2026-06-15,-0.04610620041015964,91.06783154723261,95.36492333064783,0.0821917808219178,0.19279849098459875
2026-06-15,-0.03951960035156543,91.66963868761395,95.36492333064783,0.0821917808219178,0.18956535389655213
2026-06-15,-0.03293300029297119,92.27542277383952,95.36492333064783,0.0821917808219178,0.18643908274637883
2026-06-15,-0.026346400234376954,92.88521008691728,95.36492333064783,0.0821917808219178,0.18343400927683237
2026-06-15,-0.019759800175782744,93.499027081529,95.36492333064783,0.0821917808219178,0.18056425203395307
2026-06-15,-0.013173200117188505,94.11690038717798,95.36492333064783,0.0821917808219178,0.17784327941726935
2026-06-15,-0.006586600058594266,94.73885680934433,95.36492333064783,0.0821917808219178,0.17528344912302987
2026-06-15,-2.7755575615628914e-17,95.36492333064783,95.36492333064783,0.0821917808219178,0.1728955590788698
2026-06-15,0.006586600058594183,95.99512711201861,95.36492333064783,0.0821917808219178,0.1706884487364587
2026-06-15,0.013173200117188422,96.62949549387542,95.36492333064783,0.0821917808219178,0.16866868753897016
2026-06-15,0.01975980017578266,97.26805599731182,95.36492333064783,0.0821917808219178,0.1668403791847016
2026-06-15,0.02634640023437687,97.91083632529003,95.36492333064783,0.0821917808219178,0.1652050972170552
2026-06-15,0.03293300029297111,98.55786436384292,95.36492333064783,0.0821917808219178,0.1637619520541008
2026-06-15,0.03951960035156535,99.20916818328362,95.36492333064783,0.0821917808219178,0.162507774952336
2026-06-15,0.04610620041015959,99.86477603942357,95.36492333064783,0.0821917808219178,0.1614373933031015
2026-06-15,0.052692800468753825,100.52471637479807,95.36492333064783,0.0821917808219178,0.16054396566922244
2026-06-15,0.059279400527348064,101.18901781990041,95.36492333064783,0.0821917808219178,0.15981934426647498
2026-06-15,0.06586600058594225,101.8577091944239,95.36492333064783,0.0821917808219178,0.1592544361978247
2026-06-15,0.07245260064453649,102.53081950851212,95.36492333064783,0.0821917808219178,0.15883954104397505
2026-06-15,0.07903920070313072,103.20837796401757,95.36492333064783,0.0821917808219178,0.15856464971819756
2026-06-15,0.08562580076172496,103.89041395576848,95.36492333064783,0.0821917808219178,0.15841969645565915
2026-06-15,0.0922124008203192,104.57695707284414,95.36492333064783,0.0821917808219178,0.15839476158309768
2026-06-15,0.09879900087891344,105.26803709985838,95.36492333064783,0.0821917808219178,0.1584802269502357
2026-06-15,0.10538560093750768,105.96368401825202,95.36492333064783,0.0821917808219178,0.15866688861448788
2026-06-15,0.11197220099610186,106.66392800759333,95.36492333064783,0.0821917808219178,0.15894603278698682
2026-06-15,0.1185588010546961,107.36879944688745,95.36492333064783,0.0821917808219178,0.15930948148955373
2026-06-15,0.12514540111329034,108.07832891589426,95.36492333064783,0.0821917808219178,0.159749614156581
2026-06-15,0.13173200117188458,108.7925471964551,95.36492333064783,0.0821917808219178,0.16025937081166483
2026-06-15,0.13831860123047882,109.51148527382817,95.36492333064783,0.0821917808219178,0.16083224165928023
2026-06-15,0.14490520128907305,110.23517433803273,95.36492333064783,0.0821917808219178,0.16146224709593965
2026-06-15,0.1514918013476673,110.96364578520236,95.36492333064783,0.0821917808219178,0.16214391134911293
2026-06-15,0.15807840140626148,111.69693121894683,95.36492333064783,0.0821917808219178,0.1628722322420069
2026-06-15,0.16466500146485571,112.4350624517234,95.36492333064783,0.0821917808219178,0.1636426489772069
2026-06-15,0.17125160152344995,113.17807150621674,95.36492333064783,0.0821917808219178,0.1644510093341454
2026-06-15,0.1778382015820442,113.92599061672841,95.36492333064783,0.0821917808219178,0.1652935372766778
2026-06-15,0.18442480164063843,114.67885223057506,95.36492333064783,0.0821917808219178,0.1661668016553261
2026-06-15,0.19101140169923267,115.4366890094963,95.36492333064783,0.0821917808219178,0.1670676864501572
2026-06-15,0.1975980017578269,116.1995338310716,95.36492333064783,0.0821917808219178,0.1679933628213252
2026-06-16,-0.19335823985386616,79.30809703038074,96.22589205052408,0.0821917808219178,0.2706039010562799
2026-06-16,-0.18691296519207062,79.82091033468973,96.22589205052408,0.0821917808219178,0.26728405997064814
2026-06-16,-0.1804676905302751,80.33703953604987,96.22589205052408,0.0821917808219178,0.2639377798875153
2026-06-16,-0.17402241586847955,80.85650607535042,96.22589205052408,0.0821917808219178,0.260565302422268
2026-06-16,-0.16757714120668402,81.37933153211931,96.22589205052408,0.0821917808219178,0.257167003227197
2026-06-16,-0.16113186654488848,81.90553762541967,96.22589205052408,0.0821917808219178,0.2537434162628367
2026-06-16,-0.15468659188309292,82.43514621475207,96.22589205052408,0.0821917808219178,0.2502952619843711
2026-06-16,-0.14824131722129738,82.9681793009625,96.22589205052408,0.0821917808219178,0.2468234799928193
2026-06-16,-0.14179604255950184,83.50465902715653,96.22589205052408,0.0821917808219178,0.24332926673884203
2026-06-16,-0.1353507678977063,84.04460767961893,96.22589205052408,0.0821917808219178,0.2398141188873274
2026-06-16,-0.12890549323591077,84.58804768873968,96.22589205052408,0.0821917808219178,0.23627988294090926
2026-06-16,-0.12246021857411524,85.13500162994559,96.22589205052408,0.0821917808219178,0.23272881166255388
2026-06-16,-0.1160149439123197,85.68549222463834,96.22589205052408,0.0821917808219178,0.22916362770703497
2026-06-16,-0.10956966925052417,86.23954234113813,96.22589205052408,0.0821917808219178,0.22558759463619005
2026-06-16,-0.10312439458872862,86.79717499563382,96.22589205052408,0.0821917808219178,0.22200459511191234
2026-06-16,-0.09667911992693308,87.35841335313906,96.22589205052408,0.0821917808219178,0.21841921548339827
2026-06-16,-0.09023384526513754,87.92328072845451,96.22589205052408,0.0821917808219178,0.21483683515376095
2026-06-16,-0.08378857060334201,88.49180058713645,96.22589205052408,0.0821917808219178,0.2112637179672888
2026-06-16,-0.07734329594154647,89.06399654647157,96.22589205052408,0.0821917808219178,0.20770710135501633
2026-06-16,-0.07089802127975092,89.63989237645806,96.22589205052408,0.0821917808219178,0.20417527709762
2026-06-16,-0.06445274661795539,90.21951200079307,96.22589205052408,0.0821917808219178,0.2006776553597424
2026-06-16,-0.05800747195615985,90.80287949786653,96.22589205052408,0.0821917808219178,0.19722480127470926
2026-06-16,-0.051562197294364315,91.39001910176137,96.22589205052408,0.0821917808219178,0.1938284311256508
2026-06-16,-0.04511692263256878,91.98095520326035,96.22589205052408,0.0821917808219178,0.19050135358805922
2026-06-16,-0.03867164797077324,92.57571235085919,96.22589205052408,0.0821917808219178,0.18725734128292235
2026-06-16,-0.03222637330897771,93.17431525178641,96.22589205052408,0.0821917808219178,0.18411091988759748
2026-06-16,-0.02578109864718217,93.77678877302966,96.22589205052408,0.0821917808219178,0.18107706706724494
2026-06-16,-0.019335823985386608,94.38315794236885,96.22589205052408,0.0821917808219178,0.17817082197236409
2026-06-16,-0.012890549323591072,94.99344794941571,96.22589205052408,0.0821917808219178,0.17540681770227987
2026-06-16,-0.006445274661795536,95.60768414666028,96.22589205052408,0.0821917808219178,0.1727987625866293
2026-06-16,0.0,96.22589205052408,96.22589205052408,0.0821917808219178,0.17035890887613533
2026-06-16,0.006445274661795536,96.84809734242015,96.22589205052408,0.0821917808219178,0.16809755622992997
2026-06-16,0.012890549323591072,97.47432586981981,96.22589205052408,0.0821917808219178,0.16602263921580193
2026-06-16,0.019335823985386608,98.1046036473265,96.22589205052408,0.0821917808219178,0.16413944125336108
2026-06-16,0.025781098647182144,98.73895685775642,96.22589205052408,0.0821917808219178,0.1624504626405936
2026-06-16,0.03222637330897768,99.37741185322619,96.22589205052408,0.0821917808219178,0.1609554504693856
2026-06-16,0.038671647970773215,100.01999515624766,96.22589205052408,0.0821917808219178,0.15965157777687333
2026-06-16,0.04511692263256875,100.66673346082956,96.22589205052408,0.0821917808219178,0.15853374259289854
2026-06-16,0.051562197294364315,101.3176536335865,96.22589205052408,0.0821917808219178,0.15759494759717882
2026-06-16,0.05800747195615982,101.9727827148551,96.22589205052408,0.0821917808219178,0.15682671872601342
2026-06-16,0.06445274661795539,102.63214791981714,96.22589205052408,0.0821917808219178,0.15621952513995882
2026-06-16,0.0708980212797509,103.29577663963032,96.22589205052408,0.0821917808219178,0.15576317118373584
2026-06-16,0.07734329594154646,103.96369644256596,96.22589205052408,0.0821917808219178,0.1554471408092741
2026-06-16,0.08378857060334202,104.63593507515434,96.22589205052408,0.0821917808219178,0.15526088433562543
2026-06-16,0.09023384526513753,105.31252046333728,96.22589205052408,0.0821917808219178,0.15519404511614893
2026-06-16,0.0966791199269331,105.99348071362829,96.22589205052408,0.0821917808219178,0.15523662917335113
2026-06-16,0.1031243945887286,106.67884411428011,96.22589205052408,0.0821917808219178,0.15537912420870897
2026-06-16,0.10956966925052417,107.3686391364599,96.22589205052408,0.0821917808219178,0.1556125759774369
2026-06-16,0.11601494391231967,108.0628944354319,96.22589205052408,0.0821917808219178,0.1559286303237651
2026-06-16,0.12246021857411524,108.76163885174792,96.22589205052408,0.0821917808219178,0.15631954866383294
2026-06-16,0.12890549323591075,109.46490141244534,96.22589205052408,0.0821917808219178,0.15677820375470425
2026-06-16,0.1353507678977063,110.17271133225303,96.22589205052408,0.0821917808219178,0.15729806146747635
2026-06-16,0.14179604255950182,110.88509801480488,96.22589205052408,0.0821917808219178,0.15787315316245604
2026-06-16,0.14824131722129738,111.60209105386136,96.22589205052408,0.0821917808219178,0.1584980422425785
2026-06-16,0.15468659188309294,112.32372023453884,96.22589205052408,0.0821917808219178,0.15916778758275346
2026-06-16,0.16113186654488845,113.05001553454694,96.22589205052408,0.0821917808219178,0.15987790580912287
2026-06-16,0.16757714120668402,113.78100712543387,96.22589205052408,0.0821917808219178,0.1606243338254453
2026-06-16,0.17402241586847952,114.51672537383979,96.22589205052408,0.0821917808219178,0.1614033925365547
2026-06-16,0.1804676905302751,115.25720084275828,96.22589205052408,0.0821917808219178,0.16221175238024607
2026-06-16,0.1869129651920706,116.00246429280598,96.22589205052408,0.0821917808219178,0.16304640102837417
2026-06-16,0.19335823985386616,116.7525466835005,96.22589205052408,0.0821917808219178,0.16390461343677074
2026-06-17,-0.1948170355024149,78.82653946799878,95.78123327391684,0.0821917808219178,0.27404767272527913
2026-06-17,-0.18832313431900105,79.34009691683943,95.78123327391684,0.0821917808219178,0.27063228229818004
2026-06-17,-0.18182923313558721,79.85700020903484,95.78123327391684,0.0821917808219178,0.2671889867487471
2026-06-17,-0.1753353319521734,80.3772711428625,95.78123327391684,0.0821917808219178,0.2637180094728909
2026-06-17,-0.16884143076875957,80.9009316586163,95.78123327391684,0.0821917808219178,0.26021971460480253
2026-06-17,-0.16234752958534573,81.42800383953194,95.78123327391684,0.0821917808219178,0.2566946332273909
2026-06-17,-0.1558536284019319,81.958509912718,95.78123327391684,0.0821917808219178,0.2531434939323389
2026-06-17,-0.1493597272185181,82.49247225009351,95.78123327391684,0.0821917808219178,0.2495672583656206
2026-06-17,-0.14286582603510425,83.0299133693312,95.78123327391684,0.0821917808219178,0.24596716244508118
2026-06-17,-0.13637192485169042,83.57085593480718,95.78123327391684,0.0821917808219178,0.24234476396899488
2026-06-17,-0.12987802366827658,84.11532275855672,95.78123327391684,0.0821917808219178,0.23870199733409117
2026-06-17,-0.12338412248486276,84.66333680123617,95.78123327391684,0.0821917808219178,0.23504123602787586
2026-06-17,-0.11689022130144892,85.21492117309141,95.78123327391684,0.0821917808219178,0.23136536342457034
2026-06-17,-0.1103963201180351,85.77009913493224,95.78123327391684,0.0821917808219178,0.22767785215807568
2026-06-17,-0.10390241893462127,86.32889409911338,95.78123327391684,0.0821917808219178,0.2239828519188931
2026-06-17,-0.09740851775120744,86.89132963052185,95.78123327391684,0.0821917808219178,0.22028528486281368
2026-06-17,-0.09091461656779361,87.45742944757062,95.78123327391684,0.0821917808219178,0.21659094685555472
2026-06-17,-0.08442071538437977,88.0272174231989,95.78123327391684,0.0821917808219178,0.21290661143467468
2026-06-17,-0.07792681420096595,88.6007175858789,95.78123327391684,0.0821917808219178,0.20924013158526
2026-06-17,-0.07143291301755211,89.17795412062904,95.78123327391684,0.0821917808219178,0.20560053217443655
2026-06-17,-0.06493901183413828,89.75895137003398,95.78123327391684,0.0821917808219178,0.20199808322623802
2026-06-17,-0.05844511065072447,90.34373383527107,95.78123327391684,0.0821917808219178,0.19844434133258254
2026-06-17,-0.05195120946731063,90.93232617714364,95.78123327391684,0.0821917808219178,0.1949521437781092
2026-06-17,-0.0454573082838968,91.52475321712092,95.78123327391684,0.0821917808219178,0.1915355380513793
2026-06-17,-0.03896340710048296,92.12103993838483,95.78123327391684,0.0821917808219178,0.1882096292303122
2026-06-17,-0.032469505917069125,92.72121148688353,95.78123327391684,0.0821917808219178,0.18499033034467383
2026-06-17,-0.025975604733655316,93.32529317239185,95.78123327391684,0.0821917808219178,0.18189400723737645
2026-06-17,-0.01948170355024148,93.93331046957861,95.78123327391684,0.0821917808219178,0.17893702018161659
2026-06-17,-0.012987802366827644,94.54528901908091,95.78123327391684,0.0821917808219178,0.17613517906499346
2026-06-17,-0.006493901183413808,95.16125462858545,95.78123327391684,0.0821917808219178,0.17350314540141737
2026-06-17,0.0,95.78123327391684,95.78123327391684,0.0821917808219178,0.17105382941644204
2026-06-17,0.006493901183413836,96.405251100133,95.78123327391684,0.0821917808219178,0.1687978398278036
2026-06-17,0.012987802366827672,97.03333442262775,95.78123327391684,0.0821917808219178,0.1667430440919933
2026-06-17,0.019481703550241508,97.66550972824061,95.78123327391684,0.0821917808219178,0.1648942862446293
2026-06-17,0.025975604733655344,98.30180367637361,95.78123327391684,0.0821917808219178,0.16325328951162543
2026-06-17,0.03246950591706915,98.94224310011575,95.78123327391684,0.0821917808219178,0.1618187459611048
2026-06-17,0.03896340710048299,99.5868550073744,95.78123327391684,0.0821917808219178,0.16058657139387447
2026-06-17,0.045457308283896825,100.23566658201432,95.78123327391684,0.0821917808219178,0.15955028563707233
2026-06-17,0.05195120946731066,100.88870518500408,95.78123327391684,0.0821917808219178,0.15870146938007068
2026-06-17,0.05844511065072447,101.54599835556981,95.78123327391684,0.0821917808219178,0.15803024883726702
2026-06-17,0.06493901183413833,102.2075738123566,95.78123327391684,0.0821917808219178,0.15752576675248198
2026-06-17,0.07143291301755214,102.87345945459735,95.78123327391684,0.0821917808219178,0.15717660941942652
2026-06-17,0.07792681420096595,103.54368336328943,95.78123327391684,0.0821917808219178,0.15697117142700792
2026-06-17,0.08442071538437981,104.21827380237883,95.78123327391684,0.0821917808219178,0.15689795052761044
2026-06-17,0.09091461656779362,104.89725921995195,95.78123327391684,0.0821917808219178,0.15694577320417757
2026-06-17,0.09740851775120749,105.58066824943553,95.78123327391684,0.0821917808219178,0.15710395690805254
2026-06-17,0.1039024189346213,106.2685297108039,95.78123327391684,0.0821917808219178,0.1573624178645157
2026-06-17,0.1103963201180351,106.96087261179453,95.78123327391684,0.0821917808219178,0.1577117343750909
2026-06-17,0.11689022130144897,107.65772614913116,95.78123327391684,0.0821917808219178,0.15814317530448402
2026-06-17,0.12338412248486277,108.3591197097552,95.78123327391684,0.0821917808219178,0.15864870245930432
2026-06-17,0.12987802366827664,109.0650828720649,95.78123327391684,0.0821917808219178,0.15922095424580385
2026-06-17,0.13637192485169045,109.77564540716273,95.78123327391684,0.0821917808219178,0.15985321660219368
2026-06-17,0.14286582603510425,110.49083728011085,95.78123327391684,0.0821917808219178,0.16053938589598526
2026-06-17,0.14935972721851812,111.21068865119477,95.78123327391684,0.0821917808219178,0.1612739273373262
2026-06-17,0.15585362840193193,111.93522987719524,95.78123327391684,0.0821917808219178,0.16205183151250552
2026-06-17,0.16234752958534573,112.66449151266839,95.78123327391684,0.0821917808219178,0.16286857088393683
2026-06-17,0.1688414307687596,113.39850431123432,95.78123327391684,0.0821917808219178,0.16372005751430532
2026-06-17,0.1753353319521734,114.13729922687392,95.78123327391684,0.0821917808219178,0.1646026028271285
2026-06-17,0.18182923313558727,114.88090741523426,95.78123327391684,0.0821917808219178,0.16551287988692998
2026-06-17,0.18832313431900108,115.62936023494247,95.78123327391684,0.0821917808219178,0.16644788844494862
2026-06-17,0.1948170355024149,116.38268924892817,95.78123327391684,0.0821917808219178,0.1674049228296679
2026-06-18,-0.19856441348654916,78.33546230362654,95.54189256827624,0.0821917808219178,0.27827777223433486
2026-06-18,-0.19194559970366418,78.85566982041848,95.54189256827624,0.0821917808219178,0.2748690761437716
2026-06-18,-0.18532678592077922,79.37933191388066,95.54189256827624,0.0821917808219178,0.271432375626379
2026-06-18,-0.17870797213789424,79.90647152505025,95.54189256827624,0.0821917808219178,0.26796783773728305
2026-06-18,-0.17208915835500926,80.43711174731044,95.54189256827624,0.0821917808219178,0.26447576122831956
2026-06-18,-0.1654703445721243,80.97127582740227,95.54189256827624,0.0821917808219178,0.26095660156696815
2026-06-18,-0.15885153078923933,81.50898716644288,95.54189256827624,0.0821917808219178,0.25741100020296076
2026-06-18,-0.15223271700635438,82.0502693209508,95.54189256827624,0.0821917808219178,0.25383981873344696
2026-06-18,-0.1456139032234694,82.5951460038779,95.54189256827624,0.0821917808219178,0.25024417868157545
2026-06-18,-0.13899508944058442,83.14364108564824,95.54189256827624,0.0821917808219178,0.2466255076543007
2026-06-18,-0.13237627565769944,83.69577859520378,95.54189256827624,0.0821917808219178,0.24298559267042558
2026-06-18,-0.12575746187481449,84.25158272105705,95.54189256827624,0.0821917808219178,0.23932664143057603
2026-06-18,-0.1191386480919295,84.81107781235087,95.54189256827624,0.0821917808219178,0.23565135221009642
2026-06-18,-0.11251983430904454,85.37428837992505,95.54189256827624,0.0821917808219178,0.23196299285647373
2026-06-18,-0.10590102052615957,85.94123909739012,95.54189256827624,0.0821917808219178,0.22826548901489266
2026-06-18,-0.09928220674327459,86.51195480220835,95.54189256827624,0.0821917808219178,0.22456352112471362
2026-06-18,-0.09266339296038963,87.08646049678174,95.54189256827624,0.0821917808219178,0.22086262884812125
2026-06-18,-0.08604457917750466,87.66478134954747,95.54189256827624,0.0821917808219178,0.21716932032277975
2026-06-18,-0.07942576539461968,88.24694269608037,95.54189256827624,0.0821917808219178,0.21349118188868274
2026-06-18,-0.07280695161173473,88.83297004020294,95.54189256827624,0.0821917808219178,0.20983698166744505
2026-06-18,-0.06618813782884975,89.42288905510262,95.54189256827624,0.0821917808219178,0.20621675757828245
2026-06-18,-0.05956932404596477,90.01672558445648,95.54189256827624,0.0821917808219178,0.20264187719273838
2026-06-18,-0.052950510263079814,90.61450564356342,95.54189256827624,0.0821917808219178,0.1991250535954768
2026-06-18,-0.046331696480194834,91.21625542048388,95.54189256827624,0.0821917808219178,0.19568029874633974
2026-06-18,-0.039712882697309854,91.82200127718704,95.54189256827624,0.0821917808219178,0.19232279466832833
2026-06-18,-0.0330940689144249,92.43176975070584,95.54189256827624,0.0821917808219178,0.1890686643316173
2026-06-18,-0.02647525513153992,93.04558755429942,95.54189256827624,0.0821917808219178,0.18593462964092178
2026-06-18,-0.01985644134865494,93.66348157862342,95.54189256827624,0.0821917808219178,0.18293755436853107
2026-06-18,-0.013237627565769988,94.28547889290807,95.54189256827624,0.0821917808219178,0.18009388513186358
2026-06-18,-0.006618813782885008,94.91160674614407,95.54189256827624,0.0821917808219178,0.1774190219314893
2026-06-18,-2.7755575615628914e-17,95.54189256827624,95.54189256827624,0.0821917808219178,0.17492666786060593
2026-06-18,0.006618813782884925,96.17636397140528,95.54189256827624,0.0821917808219178,0.17262822058127708
2026-06-18,0.013237627565769905,96.81504875099746,95.54189256827624,0.0821917808219178,0.17053227134694549
2026-06-18,0.019856441348654885,97.45797488710217,95.54189256827624,0.0821917808219178,0.16864426805389293
2026-06-18,0.026475255131539838,98.10517054557782,95.54189256827624,0.0821917808219178,0.16696637787187427
2026-06-18,0.03309406891442482,98.75666407932573,95.54189256827624,0.0821917808219178,0.16549755699029248
2026-06-18,0.0397128826973098,99.41248402953214,95.54189256827624,0.0821917808219178,0.16423380671209664
2026-06-18,0.04633169648019475,100.07265912691875,95.54189256827624,0.0821917808219178,0.1631685730810995
2026-06-18,0.0529505102630797,100.73721829300119,95.54189256827624,0.0821917808219178,0.16229323550607888
2026-06-18,0.05956932404596468,101.40619064135616,95.54189256827624,0.0821917808219178,0.16159762907082437
2026-06-18,0.06618813782884966,102.07960547889685,95.54189256827624,0.0821917808219178,0.16107055310355
2026-06-18,0.07280695161173464,102.75749230715672,95.54189256827624,0.0821917808219178,0.1607002313584124
2026-06-18,0.07942576539461962,103.43988082358216,95.54189256827624,0.0821917808219178,0.16047470310270795
2026-06-18,0.0860445791775046,104.1268009228333,95.54189256827624,0.0821917808219178,0.16038213677669153
2026-06-18,0.09266339296038953,104.8182826980937,95.54189256827624,0.0821917808219178,0.16041106727519724
2026-06-18,0.09928220674327451,105.51435644238876,95.54189256827624,0.0821917808219178,0.16055056398130968
2026-06-18,0.10590102052615949,106.21505264991282,95.54189256827624,0.0821917808219178,0.16079033986290964
2026-06-18,0.11251983430904447,106.92040201736499,95.54189256827624,0.0821917808219178,0.1611208129392744
2026-06-18,0.11913864809192945,107.63043544529401,95.54189256827624,0.0821917808219178,0.16153313098758473
2026-06-18,0.12575746187481443,108.34518403945198,95.54189256827624,0.0821917808219178,0.16201916912113878
2026-06-18,0.13237627565769935,109.064679112157,95.54189256827624,0.0821917808219178,0.16257150829545727
2026-06-18,0.13899508944058434,109.78895218366497,95.54189256827624,0.0821917808219178,0.16318340118550229
2026-06-18,0.14561390322346932,110.51803498355046,95.54189256827624,0.0821917808219178,0.16384873039723907
2026-06-18,0.1522327170063543,111.25195945209677,95.54189256827624,0.0821917808219178,0.16456196270850565
2026-06-18,0.15885153078923928,111.99075774169509,95.54189256827624,0.0821917808219178,0.16531810199836236
2026-06-18,0.16547034457212426,112.73446221825319,95.54189256827624,0.0821917808219178,0.16611264270868012
2026-06-18,0.17208915835500918,113.48310546261322,95.54189256827624,0.0821917808219178,0.16694152505886772
2026-06-18,0.17870797213789416,114.23672027197922,95.54189256827624,0.0821917808219178,0.16780109277132535
2026-06-18,0.18532678592077914,114.99533966135365,95.54189256827624,0.0821917808219178,0.16868805372916787
2026-06-18,0.19194559970366412,115.75899686498401,95.54189256827624,0.0821917808219178,0.16959944375033612
2026-06-18,0.1985644134865491,116.52772533781862,95.54189256827624,0.0821917808219178,0.17053259349939762
2026-06-19,-0.19656880087224093,78.33724604862638,95.35358929054762,0.0821917808219178,0.27927284430380317
2026-06-19,-0.1900165075098329,78.85221995356251,95.35358929054762,0.0821917808219178,0.27589464645972506
2026-06-19,-0.18346421414742486,79.37057919735264,95.35358929054762,0.0821917808219178,0.2724888319791207
2026-06-19,-0.17691192078501683,79.8923460345597,95.35358929054762,0.0821917808219178,0.2690555115500414
2026-06-19,-0.1703596274226088,80.41754286604373,95.35358929054762,0.0821917808219178,0.2655949115264413
2026-06-19,-0.16380733406020076,80.94619223992379,95.35358929054762,0.0821917808219178,0.26210739557633445
2026-06-19,-0.15725504069779273,81.47831685254583,95.35358929054762,0.0821917808219178,0.25859348992076925
2026-06-19,-0.1507027473353847,82.01393954945723,95.35358929054762,0.0821917808219178,0.25505391270215827
2026-06-19,-0.14415045397297666,82.5530833263876,95.35358929054762,0.0821917808219178,0.2514896080738655
2026-06-19,-0.13759816061056862,83.09577133023595,95.35358929054762,0.0821917808219178,0.24790178564738394
2026-06-19,-0.13104586724816059,83.6420268600646,95.35358929054762,0.0821917808219178,0.2442919659598694
2026-06-19,-0.12449357388575256,84.1918733680994,95.35358929054762,0.0821917808219178,0.24066203261994656
2026-06-19,-0.11794128052334454,84.74533446073653,95.35358929054762,0.0821917808219178,0.23701429173461655
2026-06-19,-0.11138898716093651,85.30243389955612,95.35358929054762,0.0821917808219178,0.23335153908856338
2026-06-19,-0.10483669379852847,85.86319560234233,95.35358929054762,0.0821917808219178,0.22967713530403594
2026-06-19,-0.09828440043612044,86.42764364411016,95.35358929054762,0.0821917808219178,0.2259950888094166
2026-06-19,-0.0917321070737124,86.99580225813914,95.35358929054762,0.0821917808219178,0.22231014583178005
2026-06-19,-0.08517981371130437,87.56769583701367,95.35358929054762,0.0821917808219178,0.2186278857390786
2026-06-19,-0.07862752034889633,88.14334893367032,95.35358929054762,0.0821917808219178,0.2149548188249492
2026-06-19,-0.0720752269864883,88.72278626245186,95.35358929054762,0.0821917808219178,0.21129848199862966
2026-06-19,-0.06552293362408027,89.30603270016843,95.35358929054762,0.0821917808219178,0.20766752579359737
2026-06-19,-0.05897064026167223,89.89311328716546,95.35358929054762,0.0821917808219178,0.20407178369108422
2026-06-19,-0.052418346899264195,90.48405322839879,95.35358929054762,0.0821917808219178,0.2005223121375245
2026-06-19,-0.04586605353685616,91.07887789451676,95.35358929054762,0.0821917808219178,0.19703138716270432
2026-06-19,-0.039313760174448154,91.67761282294947,95.35358929054762,0.0821917808219178,0.1936124417455037
2026-06-19,-0.03276146681204012,92.2802837190051,95.35358929054762,0.0821917808219178,0.19027992782551606
2026-06-19,-0.026209173449632084,92.88691645697357,95.35358929054762,0.0821917808219178,0.18704908907536907
2026-06-19,-0.01965688008722405,93.49753708123741,95.35358929054762,0.0821917808219178,0.18393563613212868
2026-06-19,-0.013104586724816014,94.11217180738986,95.35358929054762,0.0821917808219178,0.18095532543136197
2026-06-19,-0.006552293362407979,94.73084702336038,95.35358929054762,0.0821917808219178,0.17812345573367377
2026-06-19,5.551115123125783e-17,95.35358929054762,95.35358929054762,0.0821917808219178,0.17545431128887495
2026-06-19,0.00655229336240809,95.98042534495968,95.35358929054762,0.0821917808219178,0.1729605944739484
2026-06-19,0.013104586724816125,96.61138209836204,95.35358929054762,0.0821917808219178,0.17065290002046812
2026-06-19,0.01965688008722416,97.24648663943292,95.35358929054762,0.0821917808219178,0.16853928428173975
2026-06-19,0.026209173449632195,97.88576623492624,95.35358929054762,0.0821917808219178,0.1666249746957205
2026-06-19,0.03276146681204023,98.52924833084232,95.35358929054762,0.0821917808219178,0.16491224760317247
2026-06-19,0.039313760174448265,99.17696055360618,95.35358929054762,0.0821917808219178,0.1634004804181508
2026-06-19,0.0458660535368563,99.82893071125356,95.35358929054762,0.0821917808219178,0.162086361864808
2026-06-19,0.052418346899264334,100.48518679462495,95.35358929054762,0.0821917808219178,0.16096422641107921
2026-06-19,0.05897064026167237,101.1457569785671,95.35358929054762,0.0821917808219178,0.16002646920107683
2026-06-19,0.0655229336240804,101.81066962314284,95.35358929054762,0.0821917808219178,0.15926399632126947
2026-06-19,0.07207522698648844,102.4799532748485,95.35358929054762,0.0821917808219178,0.15866667061065437
2026-06-19,0.07862752034889647,103.15363666783965,95.35358929054762,0.0821917808219178,0.15822372275714747
2026-06-19,0.08517981371130451,103.8317487251645,95.35358929054762,0.0821917808219178,0.15792410831622705
2026-06-19,0.09173210707371254,104.51431856000593,95.35358929054762,0.0821917808219178,0.1577568013747454
2026-06-19,0.09828440043612058,105.2013754769312,95.35358929054762,0.0821917808219178,0.15771102360626438
2026-06-19,0.10483669379852861,105.89294897315006,95.35358929054762,0.0821917808219178,0.15777641300636505
2026-06-19,0.11138898716093665,106.5890687397813,95.35358929054762,0.0821917808219178,0.15794313982282313
2026-06-19,0.11794128052334463,107.28976466312734,95.35358929054762,0.0821917808219178,0.15820197857461035
2026-06-19,0.12449357388575266,107.99506682595742,95.35358929054762,0.0821917808219178,0.15854434513655616
2026-06-19,0.1310458672481607,108.70500550879902,95.35358929054762,0.0821917808219178,0.15896230715393708
2026-06-19,0.13759816061056873,109.41961119123799,95.35358929054762,0.0821917808219178,0.15944857493454231
2026-06-19,0.14415045397297677,110.13891455322708,95.35358929054762,0.0821917808219178,0.159996478717047
2026-06-19,0.1507027473353848,110.86294647640312,95.35358929054762,0.0821917808219178,0.1605999370028835
2026-06-19,0.15725504069779284,111.5917380454128,95.35358929054762,0.0821917808219178,0.1612534195553576
2026-06-19,0.16380733406020087,112.32532054924735,95.35358929054762,0.0821917808219178,0.1619519077524961
2026-06-19,0.1703596274226089,113.06372548258572,95.35358929054762,0.0821917808219178,0.16269085423409846
2026-06-19,0.17691192078501694,113.80698454714678,95.35358929054762,0.0821917808219178,0.16346614319564
2026-06-19,0.18346421414742498,114.55512965305043,95.35358929054762,0.0821917808219178,0.16427405223065136
2026-06-19,0.190016507509833,115.30819292018742,95.35358929054762,0.0821917808219178,0.16511121628532308
2026-06-19,0.19656880087224105,116.0662066795986,95.35358929054762,0.0821917808219178,0.16597459404175252
2026-06-22,-0.19944359968208022,78.09350875397074,95.33057026788192,0.0821917808219178,0.2794144431201997
2026-06-22,-0.19279547969267755,78.61441337020109,95.33057026788192,0.0821917808219178,0.2760767904538828
2026-06-22,-0.18614735970327487,79.13879255971597,95.33057026788192,0.0821917808219178,0.27271276187870597
2026-06-22,-0.17949923971387222,79.6666694988496,95.33057026788192,0.0821917808219178,0.26932254182012616
2026-06-22,-0.17285111972446954,80.19806751852866,95.33057026788192,0.0821917808219178,0.26590643566384936
2026-06-22,-0.16620299973506686,80.73301010530328,95.33057026788192,0.0821917808219178,0.2624648917037022
2026-06-22,-0.15955487974566418,81.27152090238519,95.33057026788192,0.0821917808219178,0.2589985266524405
2026-06-22,-0.1529067597562615,81.8136237106927,95.33057026788192,0.0821917808219178,0.25550815523413545
2026-06-22,-0.14625863976685882,82.35934248990259,95.33057026788192,0.0821917808219178,0.2519948244233744
2026-06-22,-0.13961051977745617,82.9087013595091,95.33057026788192,0.0821917808219178,0.2484598529323802
2026-06-22,-0.1329623997880535,83.46172459988995,95.33057026788192,0.0821917808219178,0.244904876562917
2026-06-22,-0.1263142797986508,84.01843665337954,95.33057026788192,0.0821917808219178,0.24133190002195323
2026-06-22,-0.11966615980924813,84.5788621253491,95.33057026788192,0.0821917808219178,0.2377433557294118
2026-06-22,-0.11301803981984547,85.14302578529433,95.33057026788192,0.0821917808219178,0.23414216999686993
2026-06-22,-0.10636991983044279,85.7109525679301,95.33057026788192,0.0821917808219178,0.23053183669324845
2026-06-22,-0.09972179984104013,86.28266757429246,95.33057026788192,0.0821917808219178,0.22691649809340714
2026-06-22,-0.09307367985163745,86.85819607284814,95.33057026788192,0.0821917808219178,0.22330103197496864
2026-06-22,-0.08642555986223477,87.4375635006113,95.33057026788192,0.0821917808219178,0.21969114312789687
2026-06-22,-0.0797774398728321,88.02079546426779,95.33057026788192,0.0821917808219178,0.21609345621095083
2026-06-22,-0.07312931988342944,88.6079177413069,95.33057026788192,0.0821917808219178,0.21251560528371383
2026-06-22,-0.06648119989402676,89.1989562811607,95.33057026788192,0.0821917808219178,0.2089663133542175
2026-06-22,-0.05983307990462408,89.7939372063509,95.33057026788192,0.0821917808219178,0.20545545297406542
2026-06-22,-0.0531849599152214,90.39288681364344,95.33057026788192,0.0821917808219178,0.2019940764674467
2026-06-22,-0.046536839925818724,90.99583157521072,95.33057026788192,0.0821917808219178,0.19859440214886073
2026-06-22,-0.039888719936416045,91.60279813980162,95.33057026788192,0.0821917808219178,0.19526974142693065
2026-06-22,-0.033240599947013394,92.21381333391933,95.33057026788192,0.0821917808219178,0.1920343517754994
2026-06-22,-0.026592479957610715,92.82890416300697,95.33057026788192,0.0821917808219178,0.18890320306746966
2026-06-22,-0.019944359968208036,93.44809781264122,95.33057026788192,0.0821917808219178,0.1858916505149778
2026-06-22,-0.013296239978805358,94.07142164973384,95.33057026788192,0.0821917808219178,0.18301501681879834
2026-06-22,-0.006648119989402679,94.6989032237412,95.33057026788192,0.0821917808219178,0.18028809864011472
2026-06-22,-2.7755575615628914e-17,95.33057026788192,95.33057026788192,0.0821917808219178,0.17772462654867463
2026-06-22,0.006648119989402651,95.96645070036264,95.33057026788192,0.0821917808219178,0.17533672039319764
2026-06-22,0.01329623997880533,96.6065726256119,95.33057026788192,0.0821917808219178,0.17313439016623922
2026-06-22,0.01994435996820801,97.25096433552231,95.33057026788192,0.0821917808219178,0.17112513288111464
2026-06-22,0.026592479957610687,97.89965431070097,95.33057026788192,0.0821917808219178,0.16931366735201497
2026-06-22,0.03324059994701334,98.55267122172826,95.33057026788192,0.0821917808219178,0.16770183213600307
2026-06-22,0.03988871993641602,99.21004393042502,95.33057026788192,0.0821917808219178,0.16628865070569188
2026-06-22,0.046536839925818696,99.87180149112812,95.33057026788192,0.0821917808219178,0.1650705469325233
2026-06-22,0.05318495991522135,100.53797315197471,95.33057026788192,0.0821917808219178,0.16404167762850316
2026-06-22,0.059833079904624026,101.2085883561948,95.33057026788192,0.0821917808219178,0.16319433997550536
2026-06-22,0.0664811998940267,101.88367674341264,95.33057026788192,0.0821917808219178,0.16251941063413308
2026-06-22,0.07312931988342938,102.56326815095669,95.33057026788192,0.0821917808219178,0.16200677867748392
2026-06-22,0.07977743987283206,103.24739261517841,95.33057026788192,0.0821917808219178,0.16164574369286128
2026-06-22,0.08642555986223474,103.93608037277978,95.33057026788192,0.0821917808219178,0.16142536081151054
2026-06-22,0.09307367985163742,104.62936186214962,95.33057026788192,0.0821917808219178,0.1613347240351997
2026-06-22,0.0997217998410401,105.32726772470903,95.33057026788192,0.0821917808219178,0.16136318685813564
2026-06-22,0.10636991983044278,106.02982880626554,95.33057026788192,0.0821917808219178,0.16150052444771743
2026-06-22,0.11301803981984546,106.73707615837648,95.33057026788192,0.0821917808219178,0.16173704470892222
2026-06-22,0.11966615980924813,107.4490410397214,95.33057026788192,0.0821917808219178,0.16206365685961316
2026-06-22,0.12631427979865076,108.1657549174836,95.33057026788192,0.0821917808219178,0.1624719062108905
2026-06-22,0.13296239978805344,108.88724946874098,95.33057026788192,0.0821917808219178,0.16295398315373572
2026-06-22,0.13961051977745612,109.61355658186591,95.33057026788192,0.0821917808219178,0.1635027132734131
2026-06-22,0.1462586397668588,110.34470835793486,95.33057026788192,0.0821917808219178,0.1641115343064392
2026-06-22,0.15290675975626147,111.080737112147,95.33057026788192,0.0821917808219178,0.16477446448351174
2026-06-22,0.15955487974566415,111.82167537525258,95.33057026788192,0.0821917808219178,0.1654860657533861
2026-06-22,0.16620299973506683,112.56755589499066,95.33057026788192,0.0821917808219178,0.16624140449418395
2026-06-22,0.1728511197244695,113.31841163753646,95.33057026788192,0.0821917808219178,0.167036011595243
2026-06-22,0.1794992397138722,114.07427578895845,95.33057026788192,0.0821917808219178,0.16786584322205647
2026-06-22,0.18614735970327487,114.83518175668502,95.33057026788192,0.0821917808219178,0.16872724313867674
2026-06-22,0.1927954796926775,115.60116317098107,95.33057026788192,0.0821917808219178,0.16961690713343722
2026-06-22,0.19944359968208014,116.37225388643444,95.33057026788192,0.0821917808219178,0.17053184985320186
2026-06-23,-0.19473790763669246,77.4555093364161,94.10786327588238,0.0821917808219178,0.27237083315714555
2026-06-23,-0.18824664404880273,77.9599288526675,94.10786327588238,0.0821917808219178,0.26912470043517334
2026-06-23,-0.18175538046091297,78.46763333922709,94.10786327588238,0.0821917808219178,0.26585265220127813
2026-06-23,-0.17526411687302323,78.97864418906158,94.10786327588238,0.0821917808219178,0.26255484067208557
2026-06-23,-0.16877285328513347,79.49298293445678,94.10786327588238,0.0821917808219178,0.2592315332093001
2026-06-23,-0.16228158969724374,80.01067124792485,94.10786327588238,0.0821917808219178,0.2558831334869177
2026-06-23,-0.15579032610935398,80.53173094311755,94.10786327588238,0.0821917808219178,0.25251020612750275
2026-06-23,-0.14929906252146424,81.05618397574537,94.10786327588238,0.0821917808219178,0.24911350531769846
2026-06-23,-0.14280779893357448,81.58405244450266,94.10786327588238,0.0821917808219178,0.24569400795982288
2026-06-23,-0.13631653534568475,82.11535859199883,94.10786327588238,0.0821917808219178,0.24225295195260377
2026-06-23,-0.129825271757795,82.65012480569557,94.10786327588238,0.0821917808219178,0.23879188021046477
2026-06-23,-0.12333400816990525,83.18837361885011,94.10786327588238,0.0821917808219178,0.23531269101370392
2026-06-23,-0.1168427445820155,83.73012771146483,94.10786327588238,0.0821917808219178,0.23181769521221737
2026-06-23,-0.11035148099412576,84.27540991124283,94.10786327588238,0.0821917808219178,0.22830968065680513
2026-06-23,-0.10386021740623601,84.82424319454978,94.10786327588238,0.0821917808219178,0.22479198396965924
2026-06-23,-0.09736895381834626,85.37665068738218,94.10786327588238,0.0821917808219178,0.2212685693448796
2026-06-23,-0.09087769023045651,85.93265566634172,94.10786327588238,0.0821917808219178,0.21774411343693675
2026-06-23,-0.08438642664256676,86.4922815596161,94.10786327588238,0.0821917808219178,0.21422409448948818
2026-06-23,-0.07789516305467702,87.05555194796626,94.10786327588238,0.0821917808219178,0.2107148826191315
2026-06-23,-0.07140389946678727,87.6224905657199,94.10786327588238,0.0821917808219178,0.2072238265538791
2026-06-23,-0.06491263587889753,88.19312130177167,94.10786327588238,0.0821917808219178,0.20375933012907588
2026-06-23,-0.05842137229100777,88.76746820058969,94.10786327588238,0.0821917808219178,0.200330909534771
2026-06-23,-0.05193010870311804,89.34555546322876,94.10786327588238,0.0821917808219178,0.19694921988268627
2026-06-23,-0.04543884511522828,89.92740744835007,94.10786327588238,0.0821917808219178,0.19362603748851265
2026-06-23,-0.03894758152733854,90.51304867324757,94.10786327588238,0.0821917808219178,0.19037418293140285
2026-06-23,-0.03245631793944878,91.10250381488117,94.10786327588238,0.0821917808219178,0.18720737024878928
2026-06-23,-0.025965054351559047,91.69579771091638,94.10786327588238,0.0821917808219178,0.18413997045083802
2026-06-23,-0.019473790763669285,92.292955360771,94.10786327588238,0.0821917808219178,0.18118668367428664
2026-06-23,-0.012982527175779551,92.89400192666848,94.10786327588238,0.0821917808219178,0.17836212403622342
2026-06-23,-0.0064912635878897895,93.49896273469814,94.10786327588238,0.0821917808219178,0.1756803339861069
2026-06-23,-5.551115123125783e-17,94.10786327588237,94.10786327588238,0.0821917808219178,0.1731542588761636
2026-06-23,0.006491263587889706,94.72072920725074,94.10786327588238,0.0821917808219178,0.1707952246284485
2026-06-23,0.01298252717577944,95.33758635292105,94.10786327588238,0.0821917808219178,0.16861246831417967
2026-06-23,0.019473790763669174,95.95846070518752,94.10786327588238,0.0821917808219178,0.16661277033764674
2026-06-23,0.025965054351558936,96.58337842561599,94.10786327588238,0.0821917808219178,0.16480022673975617
2026-06-23,0.03245631793944867,97.21236584614634,94.10786327588238,0.0821917808219178,0.1631761824724918
2026-06-23,0.03894758152733843,97.84544947020188,94.10786327588238,0.0821917808219178,0.16173932519131715
2026-06-23,0.045438845115228166,98.48265597380636,94.10786327588238,0.0821917808219178,0.1604859190303694
2026-06-23,0.05193010870311793,99.12401220670773,94.10786327588238,0.0821917808219178,0.1594101431738749
2026-06-23,0.05842137229100769,99.76954519350973,94.10786327588238,0.0821917808219178,0.15850449308439937
2026-06-23,0.0649126358788974,100.41928213481044,94.10786327588238,0.0821917808219178,0.15776020294163393
2026-06-23,0.07140389946678716,101.07325040834858,94.10786327588238,0.0821917808219178,0.15716765433044838
2026-06-23,0.07789516305467692,101.73147757015703,94.10786327588238,0.0821917808219178,0.15671674582917547
2026-06-23,0.08438642664256668,102.39399135572391,94.10786327588238,0.0821917808219178,0.15639720836029444
2026-06-23,0.09087769023045639,103.06081968116133,94.10786327588238,0.0821917808219178,0.15619886016481055
2026-06-23,0.09736895381834615,103.73199064438167,94.10786327588238,0.0821917808219178,0.1561118021132344
2026-06-23,0.10386021740623591,104.40753252628153,94.10786327588238,0.0821917808219178,0.1561265585710665
2026-06-23,0.11035148099412567,105.08747379193335,94.10786327588238,0.0821917808219178,0.15623417146837038
2026-06-23,0.11684274458201538,105.7718430917849,94.10786327588238,0.0821917808219178,0.15642625607026148
2026-06-23,0.12333400816990514,106.4606692628665,94.10786327588238,0.0821917808219178,0.15669502672717484
2026-06-23,0.1298252717577949,107.15398133000603,94.10786327588238,0.0821917808219178,0.15703330004692106
2026-06-23,0.1363165353456846,107.85180850705207,94.10786327588238,0.0821917808219178,0.15743448180942599
2026-06-23,0.14280779893357437,108.55418019810476,94.10786327588238,0.0821917808219178,0.15789254276357037
2026-06-23,0.14929906252146413,109.26112599875488,94.10786327588238,0.0821917808219178,0.15840198733659883
2026-06-23,0.1557903261093539,109.97267569733086,94.10786327588238,0.0821917808219178,0.1589578183168563
2026-06-23,0.1622815896972436,110.68885927615395,94.10786327588238,0.0821917808219178,0.1595554997632515
2026-06-23,0.16877285328513336,111.40970691280162,94.10786327588238,0.0821917808219178,0.16019091974704552
2026-06-23,0.17526411687302312,112.13524898137909,94.10786327588238,0.0821917808219178,0.16086035402703455
2026-06-23,0.18175538046091289,112.86551605379928,94.10786327588238,0.0821917808219178,0.16156043137618023
2026-06-23,0.1882466440488026,113.60053890107085,94.10786327588238,0.0821917808219178,0.1622881009937461
2026-06-23,0.19473790763669238,114.34034849459498,94.10786327588238,0.0821917808219178,0.16304060223130296
2026-06-24,-0.2013489728445702,77.07146907587587,94.26237656360175,0.0821917808219178,0.277769544248779
2026-06-24,-0.19463734041641786,77.59048421814533,94.26237656360175,0.0821917808219178,0.27454051928276874
2026-06-24,-0.18792570798826552,78.1129945152514,94.26237656360175,0.0821917808219178,0.2712861892738112
2026-06-24,-0.18121407556011318,78.63902350428641,94.26237656360175,0.0821917808219178,0.26800670999956255
2026-06-24,-0.17450244313196084,79.16859488084637,94.26237656360175,0.0821917808219178,0.2647023492684482
2026-06-24,-0.1677908107038085,79.70173250009823,94.26237656360175,0.0821917808219178,0.26137350743777427
2026-06-24,-0.16107917827565615,80.23846037785461,94.26237656360175,0.0821917808219178,0.2580207413041777
2026-06-24,-0.15436754584750384,80.77880269165553,94.26237656360175,0.0821917808219178,0.2546447918688628
2026-06-24,-0.14765591341935147,81.32278378185755,94.26237656360175,0.0821917808219178,0.2512466165289446
2026-06-24,-0.14094428099119916,81.8704281527302,94.26237656360175,0.0821917808219178,0.24782742628617924
2026-06-24,-0.13423264856304679,82.42176047355983,94.26237656360175,0.0821917808219178,0.24438872858663713
2026-06-24,-0.12752101613489447,82.97680557976079,94.26237656360175,0.0821917808219178,0.24093237639658574
2026-06-24,-0.12080938370674213,83.5355884739943,94.26237656360175,0.0821917808219178,0.23746062406261964
2026-06-24,-0.11409775127858979,84.09813432729456,94.26237656360175,0.0821917808219178,0.23397619037242445
2026-06-24,-0.10738611885043745,84.66446848020276,94.26237656360175,0.0821917808219178,0.23048232899229568
2026-06-24,-0.1006744864222851,85.23461644390851,94.26237656360175,0.0821917808219178,0.22698290606443428
2026-06-24,-0.09396285399413276,85.80860390139898,94.26237656360175,0.0821917808219178,0.22348248414665808
2026-06-24,-0.08725122156598042,86.38645670861592,94.26237656360175,0.0821917808219178,0.21998641080693826
2026-06-24,-0.08053958913782808,86.96820089562028,94.26237656360175,0.0821917808219178,0.21650090898076557
2026-06-24,-0.07382795670967573,87.55386266776482,94.26237656360175,0.0821917808219178,0.21303316460806127
2026-06-24,-0.06711632428152339,88.1434684068745,94.26237656360175,0.0821917808219178,0.209591405070562
2026-06-24,-0.06040469185337105,88.73704467243498,94.26237656360175,0.0821917808219178,0.2061849596043937
2026-06-24,-0.05369305942521871,89.3346182027889,94.26237656360175,0.0821917808219178,0.202824290341455
2026-06-24,-0.04698142699706637,89.93621591634049,94.26237656360175,0.0821917808219178,0.19952098029154963
2026-06-24,-0.04026979456891405,90.54186491276799,94.26237656360175,0.0821917808219178,0.19628766299544376
2026-06-24,-0.03355816214076171,91.15159247424445,94.26237656360175,0.0821917808219178,0.19313787856874914
2026-06-24,-0.02684652971260937,91.76542606666673,94.26237656360175,0.0821917808219178,0.190085843374995
2026-06-24,-0.020134897284457026,92.3833933408927,94.26237656360175,0.0821917808219178,0.1871461264924951
2026-06-24,-0.013423264856304684,93.00552213398673,94.26237656360175,0.0821917808219178,0.18433323589687903
2026-06-24,-0.006711632428152342,93.63184047047379,94.26237656360175,0.0821917808219178,0.18166113037216092
2026-06-24,0.0,94.26237656360175,94.26237656360175,0.0821917808219178,0.17914268780335593
2026-06-24,0.006711632428152342,94.89715881661228,94.26237656360175,0.0821917808219178,0.17678917362797314
2026-06-24,0.013423264856304684,95.53621582402033,94.26237656360175,0.0821917808219178,0.17460976110129553
2026-06-24,0.020134897284457026,96.17957637290222,94.26237656360175,0.0821917808219178,0.17261115446851244
2026-06-24,0.02684652971260937,96.82726944419238,94.26237656360175,0.0821917808219178,0.17079735586471612
2026-06-24,0.03355816214076171,97.47932421398879,94.26237656360175,0.0821917808219178,0.16916959830227163
2026-06-24,0.04026979456891405,98.13577005486728,94.26237656360175,0.0821917808219178,0.16772644453911573
2026-06-24,0.046981426997066394,98.7966365372047,94.26237656360175,0.0821917808219178,0.16646403024206777
2026-06-24,0.05369305942521874,99.46195343051083,94.26237656360175,0.0821917808219178,0.1653764142955692
2026-06-24,0.06040469185337105,100.13175070476954,94.26237656360175,0.0821917808219178,0.16445599185865126
2026-06-24,0.06711632428152342,100.80605853178868,94.26237656360175,0.0821917808219178,0.16369392676723388
2026-06-24,0.07382795670967573,101.48490728655929,94.26237656360175,0.0821917808219178,0.16308056704867466
2026-06-24,0.0805395891378281,102.16832754862385,94.26237656360175,0.0821917808219178,0.16260581772112187
2026-06-24,0.08725122156598042,102.8563501034538,94.26237656360175,0.0821917808219178,0.1622594559401122
2026-06-24,0.09396285399413279,103.54900594383628,94.26237656360175,0.0821917808219178,0.16203138300071657
2026-06-24,0.1006744864222851,104.24632627127018,94.26237656360175,0.0821917808219178,0.16191181475435873
2026-06-24,0.10738611885043747,104.94834249737178,94.26237656360175,0.0821917808219178,0.1618914165055945
2026-06-24,0.11409775127858979,105.65508624528961,94.26237656360175,0.0821917808219178,0.1619613907626204
2026-06-24,0.1208093837067421,106.366589351129,94.26237656360175,0.0821917808219178,0.16211352688380914
2026-06-24,0.12752101613489447,107.08288386538621,94.26237656360175,0.0821917808219178,0.1623402212605423
2026-06-24,0.13423264856304679,107.80400205439209,94.26237656360175,0.0821917808219178,0.16263447567961256
2026-06-24,0.14094428099119916,108.52997640176561,94.26237656360175,0.0821917808219178,0.16298988026341926
2026-06-24,0.14765591341935147,109.26083960987715,94.26237656360175,0.0821917808219178,0.16340058611807098
2026-06-24,0.15436754584750384,109.99662460132156,94.26237656360175,0.0821917808219178,0.16386127165633788
2026-06-24,0.16107917827565615,110.73736452040121,94.26237656360175,0.0821917808219178,0.1643671055636691
2026-06-24,0.16779081070380852,111.4830927346191,94.26237656360175,0.0821917808219178,0.16491370855709755
2026-06-24,0.17450244313196084,112.23384283618178,94.26237656360175,0.0821917808219178,0.1654971154397934
2026-06-24,0.1812140755601132,112.98964864351267,94.26237656360175,0.0821917808219178,0.16611373845722113
2026-06-24,0.18792570798826552,113.7505442027754,94.26237656360175,0.0821917808219178,0.16676033258910306
2026-06-24,0.1946373404164179,114.51656378940753,94.26237656360175,0.0821917808219178,0.16743396313990264
2026-06-24,0.2013489728445702,115.28774190966438,94.26237656360175,0.0821917808219178,0.16813197579716493
2026-06-25,-0.20200366896403887,76.88527720481723,94.09623859528745,0.0821917808219178,0.2773757338957956
2026-06-25,-0.19527021333190425,77.40472769341856,94.09623859528745,0.0821917808219178,0.2740799600867169
2026-06-25,-0.1885367576997696,77.92768768110632,94.09623859528745,0.0821917808219178,0.2707583152531471
2026-06-25,-0.18180330206763498,78.45418087867506,94.09623859528745,0.0821917808219178,0.2674110260937942
2026-06-25,-0.17506984643550036,78.98423115711371,94.09623859528745,0.0821917808219178,0.2640384483608066
2026-06-25,-0.1683363908033657,79.51786254868776,94.09623859528745,0.0821917808219178,0.2606410904701554
2026-06-25,-0.1616029351712311,80.05509924802897,94.09623859528745,0.0821917808219178,0.25721964099645445
2026-06-25,-0.15486947953909647,80.59596561323227,94.09623859528745,0.0821917808219178,0.2537750006212509
2026-06-25,-0.14813602390696184,81.14048616696017,94.09623859528745,0.0821917808219178,0.25030831915186263
2026-06-25,-0.1414025682748272,81.68868559755464,94.09623859528745,0.0821917808219178,0.24682103826107218
2026-06-25,-0.13466911264269257,82.24058876015638,94.09623859528745,0.0821917808219178,0.2433149406043252
2026-06-25,-0.12793565701055792,82.79622067783188,94.09623859528745,0.0821917808219178,0.23979220593303355
2026-06-25,-0.1212022013784233,83.35560654270785,94.09623859528745,0.0821917808219178,0.23625547471558184
2026-06-25,-0.11446874574628868,83.9187717171134,94.09623859528745,0.0821917808219178,0.2327079195681717
2026-06-25,-0.10773529011415404,84.48574173473008,94.09623859528745,0.0821917808219178,0.2291533244416772
2026-06-25,-0.10100183448201942,85.05654230174947,94.09623859528745,0.0821917808219178,0.2255961709527963
2026-06-25,-0.09426837884988479,85.6311992980387,94.09623859528745,0.0821917808219178,0.22204173042238182
2026-06-25,-0.08753492321775015,86.20973877831383,94.09623859528745,0.0821917808219178,0.21849615902018873
2026-06-25,-0.08080146758561553,86.79218697332122,94.09623859528745,0.0821917808219178,0.2149665918491834
2026-06-25,-0.0740680119534809,87.37857029102676,94.09623859528745,0.0821917808219178,0.21146122979802903
2026-06-25,-0.06733455632134627,87.9689153178132,94.09623859528745,0.0821917808219178,0.20798941057489023
2026-06-25,-0.06060110068921162,88.56324881968558,94.09623859528745,0.0821917808219178,0.20456165265068474
2026-06-25,-0.053867645057077,89.16159774348482,94.09623859528745,0.0821917808219178,0.20118965820258938
2026-06-25,-0.04713418942494238,89.76398921810939,94.09623859528745,0.0821917808219178,0.19788625911087546
2026-06-25,-0.04040073379280773,90.37045055574545,94.09623859528745,0.0821917808219178,0.19466528943557954
2026-06-25,-0.03366727816067311,90.98100925310506,94.09623859528745,0.0821917808219178,0.19154136959755638
2026-06-25,-0.026933822528538487,91.59569299267291,94.09623859528745,0.0821917808219178,0.1885295927294155
2026-06-25,-0.020200366896403865,92.21452964396148,94.09623859528745,0.0821917808219178,0.18564511299945102
2026-06-25,-0.013466911264269216,92.83754726477456,94.09623859528745,0.0821917808219178,0.1829026489355072
2026-06-25,-0.006733455632134594,93.4647741024794,94.09623859528745,0.0821917808219178,0.18031593034901555
2026-06-25,2.7755575615628914e-17,94.09623859528745,94.09623859528745,0.0821917808219178,0.17789713238322044
2026-06-25,0.006733455632134677,94.73196937354376,94.09623859528745,0.0821917808219178,0.17565635050737022
2026-06-25,0.013466911264269299,95.371995261025,94.09623859528745,0.0821917808219178,0.17360117217843846
2026-06-25,0.02020036689640392,96.01634527624638,94.09623859528745,0.0821917808219178,0.17173639236489308
2026-06-25,0.02693382252853857,96.66504863377732,94.09623859528745,0.0821917808219178,0.1700639020591272
2026-06-25,0.03366727816067319,97.31813474556598,94.09623859528745,0.0821917808219178,0.16858275517258908
2026-06-25,0.040400733792807814,97.97563322227288,94.09623859528745,0.0821917808219178,0.16728939543906238
2026-06-25,0.04713418942494246,98.63757387461337,94.09623859528745,0.0821917808219178,0.16617800651537373
2026-06-25,0.053867645057077085,99.30398671470921,94.09623859528745,0.0821917808219178,0.16524093867947043
2026-06-25,0.06060110068921171,99.97490195744939,94.09623859528745,0.0821917808219178,0.1644691648812825
2026-06-25,0.06733455632134633,100.65035002186004,94.09623859528745,0.0821917808219178,0.16385272551434343
2026-06-25,0.07406801195348095,101.33036153248348,94.09623859528745,0.0821917808219178,0.16338113203708154
2026-06-25,0.08080146758561563,102.01496732076698,94.09623859528745,0.0821917808219178,0.16304371137671458
2026-06-25,0.08753492321775025,102.70419842646042,94.09623859528745,0.0821917808219178,0.16282988359987047
2026-06-25,0.09426837884988487,103.3980860990237,94.09623859528745,0.0821917808219178,0.16272937340812824
2026-06-25,0.10100183448201949,104.09666179904363,94.09623859528745,0.0821917808219178,0.16273236131774302
2026-06-25,0.10773529011415411,104.79995719966024,94.09623859528745,0.0821917808219178,0.16282958321911103
2026-06-25,0.11446874574628874,105.50800418800293,94.09623859528745,0.0821917808219178,0.16301238796953552
2026-06-25,0.12120220137842341,106.22083486663612,94.09623859528745,0.0821917808219178,0.16327276238031094
2026-06-25,0.12793565701055803,106.93848155501483,94.09623859528745,0.0821917808219178,0.1636033319534879
2026-06-25,0.13466911264269266,107.66097679095004,94.09623859528745,0.0821917808219178,0.16399734440367833
2026-06-25,0.14140256827482728,108.3883533320839,94.09623859528745,0.0821917808219178,0.16444864162839976
2026-06-25,0.1481360239069619,109.12064415737491,94.09623859528745,0.0821917808219178,0.16495162451869194
2026-06-25,0.15486947953909652,109.85788246859336,94.09623859528745,0.0821917808219178,0.16550121390297587
2026-06-25,0.16160293517123114,110.60010169182644,94.09623859528745,0.0821917808219178,0.16609281001333967
2026-06-25,0.16833639080336582,111.34733547899393,94.09623859528745,0.0821917808219178,0.1667222521472104
2026-06-25,0.17506984643550044,112.09961770937387,94.09623859528745,0.0821917808219178,0.1673857796467151
2026-06-25,0.18180330206763506,112.85698249113875,94.09623859528745,0.0821917808219178,0.1680799949056836
2026-06-25,0.18853675769976969,113.6194641629018,94.09623859528745,0.0821917808219178,0.16880182881301345
2026-06-25,0.1952702133319043,114.38709729527405,94.09623859528745,0.0821917808219178,0.16954850882652994
2026-06-25,0.20200366896403893,115.15991669243161,94.09623859528745,0.0821917808219178,0.17031752972285766
2026-06-26,-0.19964095508561983,77.09434925543067,94.12944805153738,0.0821917808219178,0.27905863039791035
2026-06-26,-0.19298625658276583,77.60909976106593,94.12944805153738,0.0821917808219178,0.27575343645437483
2026-06-26,-0.18633155807991184,78.12728719931181,94.12944805153738,0.0821917808219178,0.2724218170495557
2026-06-26,-0.17967685957705784,78.64893451819003,94.12944805153738,0.0821917808219178,0.26906390738073765
2026-06-26,-0.17302216107420385,79.17406481894369,94.12944805153738,0.0821917808219178,0.26567995634805747
2026-06-26,-0.16636746257134985,79.70270135706036,94.12944805153738,0.0821917808219178,0.26227034753497613
2026-06-26,-0.15971276406849583,80.23486754330199,94.12944805153738,0.0821917808219178,0.2588356236342854
2026-06-26,-0.15305806556564183,80.77058694474155,94.12944805153738,0.0821917808219178,0.2553765148288546
2026-06-26,-0.14640336706278784,81.30988328580682,94.12944805153738,0.0821917808219178,0.25189397168409616
2026-06-26,-0.13974866855993384,81.85278044933095,94.12944805153738,0.0821917808219178,0.24838920314708862
2026-06-26,-0.13309397005707985,82.39930247761018,94.12944805153738,0.0821917808219178,0.24486372026634062
2026-06-26,-0.12643927155422585,82.94947357346847,94.12944805153738,0.0821917808219178,0.24131938623307644
2026-06-26,-0.11978457305137186,83.5033181013294,94.12944805153738,0.0821917808219178,0.2377584732808934
2026-06-26,-0.11312987454851786,84.06086058829517,94.12944805153738,0.0821917808219178,0.2341837268398868
2026-06-26,-0.10647517604566387,84.62212572523269,94.12944805153738,0.0821917808219178,0.23059843708947664
2026-06-26,-0.09982047754280987,85.18713836786715,94.12944805153738,0.0821917808219178,0.22700651764718324
2026-06-26,-0.09316577903995588,85.75592353788257,94.12944805153738,0.0821917808219178,0.22341259051487472
2026-06-26,-0.08651108053710188,86.32850642403014,94.12944805153738,0.0821917808219178,0.21982207551886315
2026-06-26,-0.07985638203424789,86.9049123832435,94.12944805153738,0.0821917808219178,0.21624128126472492
2026-06-26,-0.07320168353139389,87.48516694176173,94.12944805153738,0.0821917808219178,0.21267749303443484
2026-06-26,-0.0665469850285399,88.06929579625991,94.12944805153738,0.0821917808219178,0.20913905107200678
2026-06-26,-0.0598922865256859,88.65732481498688,94.12944805153738,0.0821917808219178,0.20563541039699884
2026-06-26,-0.053237588022831905,89.249280038911,94.12944805153738,0.0821917808219178,0.20217717083636716
2026-06-26,-0.04658288951997791,89.84518768287332,94.12944805153738,0.0821917808219178,0.1987760637315716
2026-06-26,-0.03992819101712389,90.44507413674846,94.12944805153738,0.0821917808219178,0.1954448803320157
2026-06-26,-0.03327349251426989,91.04896596661341,94.12944805153738,0.0821917808219178,0.19219732701308034
2026-06-26,-0.026618794011415897,91.65688991592387,94.12944805153738,0.0821917808219178,0.1890477950650793
2026-06-26,-0.019964095508561902,92.26887290669868,94.12944805153738,0.0821917808219178,0.18601103869895844
2026-06-26,-0.013309397005707907,92.88494204071205,94.12944805153738,0.0821917808219178,0.18310176446020093
2026-06-26,-0.006654698502853912,93.50512460069376,94.12944805153738,0.0821917808219178,0.18033414790498747
2026-06-26,8.326672684688674e-17,94.12944805153738,94.12944805153738,0.0821917808219178,0.17772130743621334
2026-06-26,0.006654698502854078,94.75794004151658,94.12944805153738,0.0821917808219178,0.17527477771153177
2026-06-26,0.013309397005708073,95.39062840350945,94.12944805153738,0.0821917808219178,0.17300403252722327
2026-06-26,0.01996409550856207,96.02754115623122,94.12944805153738,0.0821917808219178,0.170916106587987
2026-06-26,0.026618794011416064,96.66870650547501,94.12944805153738,0.0821917808219178,0.1690153559231112
2026-06-26,0.03327349251427006,97.31415284536085,94.12944805153738,0.0821917808219178,0.16730337930725442
2026-06-26,0.039928191017124054,97.96390875959328,94.12944805153738,0.0821917808219178,0.16577910165673185
2026-06-26,0.04658288951997805,98.618003022727,94.12944805153738,0.0821917808219178,0.16443899990384828
2026-06-26,0.053237588022832044,99.27646460144136,94.12944805153738,0.0821917808219178,0.16327743664952876
2026-06-26,0.05989228652568604,99.93932265582299,94.12944805153738,0.0821917808219178,0.16228705939577925
2026-06-26,0.06654698502854003,100.6066065406572,94.12944805153738,0.0821917808219178,0.1614592234442846
2026-06-26,0.07320168353139403,101.27834580672801,94.12944805153738,0.0821917808219178,0.1607844028201125
2026-06-26,0.07985638203424802,101.95457020212677,94.12944805153738,0.0821917808219178,0.16025256316216638
2026-06-26,0.08651108053710202,102.6353096735696,94.12944805153738,0.0821917808219178,0.159853480830397
2026-06-26,0.09316577903995601,103.32059436772347,94.12944805153738,0.0821917808219178,0.1595770016366811
2026-06-26,0.09982047754281001,104.01045463254145,94.12944805153738,0.0821917808219178,0.15941323962276643
2026-06-26,0.106475176045664,104.70492101860646,94.12944805153738,0.0821917808219178,0.1593527209534595
2026-06-26,0.113129874548518,105.40402428048436,94.12944805153738,0.0821917808219178,0.15938648052690524
2026-06-26,0.11978457305137205,106.1077953780859,94.12944805153738,0.0821917808219178,0.1595061198158227
2026-06-26,0.12643927155422605,106.81626547803765,94.12944805153738,0.0821917808219178,0.15970383427030896
2026-06-26,0.13309397005708004,107.52946595506245,94.12944805153738,0.0821917808219178,0.15997241778958107
2026-06-26,0.13974866855993404,108.24742839336862,94.12944805153738,0.0821917808219178,0.16030525064947543
2026-06-26,0.14640336706278803,108.97018458804882,94.12944805153738,0.0821917808219178,0.16069627608466863
2026-06-26,0.15305806556564203,109.69776654648805,94.12944805153738,0.0821917808219178,0.16113996960640994
2026-06-26,0.15971276406849602,110.43020648978111,94.12944805153738,0.0821917808219178,0.16163130415720486
2026-06-26,0.16636746257135002,111.1675368541595,94.12944805153738,0.0821917808219178,0.16216571338774557
2026-06-26,0.173022161074204,111.90979029242783,94.12944805153738,0.0821917808219178,0.16273905468617114
2026-06-26,0.179676859577058,112.65699967541,94.12944805153738,0.0821917808219178,0.16334757307925926
2026-06-26,0.186331558079912,113.40919809340473,94.12944805153738,0.0821917808219178,0.16398786673751986
2026-06-26,0.192986256582766,114.16641885765101,94.12944805153738,0.0821917808219178,0.1646568545286673
2026-06-26,0.19964095508562002,114.9286955018034,94.12944805153738,0.0821917808219178,0.1653517458556507
2026-06-29,-0.19832852727807118,77.26456791625077,94.21354930201196,0.0821917808219178,0.2768768680373786
2026-06-29,-0.19171757636880216,77.77705231989256,94.21354930201196,0.0821917808219178,0.27351571990510415
2026-06-29,-0.1851066254595331,78.29293595646946,94.21354930201196,0.0821917808219178,0.2701277037900997
2026-06-29,-0.17849567455026408,78.81224137258863,94.21354930201196,0.0821917808219178,0.2667130250127461
2026-06-29,-0.17188472364099502,79.3349912644056,94.21354930201196,0.0821917808219178,0.2632720173146216
2026-06-29,-0.165273772731726,79.86120847861609,94.21354930201196,0.0821917808219178,0.2598051661301342
2026-06-29,-0.15866282182245695,80.39091601345457,94.21354930201196,0.0821917808219178,0.25631313558394614
2026-06-29,-0.15205187091318792,80.92413701969939,94.21354930201196,0.0821917808219178,0.2527967997279393
2026-06-29,-0.14544092000391887,81.46089480168453,94.21354930201196,0.0821917808219178,0.2492572785636009
2026-06-29,-0.13882996909464984,82.00121281831825,94.21354930201196,0.0821917808219178,0.24569597940962354
2026-06-29,-0.1322190181853808,82.54511468410816,94.21354930201196,0.0821917808219178,0.24211464415808448
2026-06-29,-0.12560806727611176,83.09262417019347,94.21354930201196,0.0821917808219178,0.23851540289878462
2026-06-29,-0.11899711636684272,83.64376520538377,94.21354930201196,0.0821917808219178,0.23490083425702424
2026-06-29,-0.11238616545757368,84.19856187720494,94.21354930201196,0.0821917808219178,0.2312740325547518
2026-06-29,-0.10577521454830464,84.75703843295179,94.21354930201196,0.0821917808219178,0.22763868152994804
2026-06-29,-0.0991642636390356,85.31921928074789,94.21354930201196,0.0821917808219178,0.2239991337877434
2026-06-29,-0.09255331272976657,85.88512899061222,94.21354930201196,0.0821917808219178,0.22036049435710747
2026-06-29,-0.08594236182049753,86.45479229553307,94.21354930201196,0.0821917808219178,0.21672870563771082
2026-06-29,-0.07933141091122849,87.02823409254898,94.21354930201196,0.0821917808219178,0.2131106296041807
2026-06-29,-0.07272046000195945,87.60547944383683,94.21354930201196,0.0821917808219178,0.20951412138375064
2026-06-29,-0.06610950909269042,88.18655357780717,94.21354930201196,0.0821917808219178,0.20594808629545344
2026-06-29,-0.05949855818342137,88.77148189020693,94.21354930201196,0.0821917808219178,0.20242251029401645
2026-06-29,-0.05288760727415234,89.36028994522917,94.21354930201196,0.0821917808219178,0.1989484518044032
2026-06-29,-0.04627665636488329,89.95300347663051,94.21354930201196,0.0821917808219178,0.19553798164656358
2026-06-29,-0.039665705455614264,90.54964838885572,94.21354930201196,0.0821917808219178,0.19220405779278352
2026-06-29,-0.03305475454634521,91.15025075816992,94.21354930201196,0.0821917808219178,0.18896032383269568
2026-06-29,-0.026443803637076185,91.7548368337982,94.21354930201196,0.0821917808219178,0.18582082493040378
2026-06-29,-0.019832852727807132,92.36343303907292,94.21354930201196,0.0821917808219178,0.1827996430712776
2026-06-29,-0.013221901818538107,92.97606597258839,94.21354930201196,0.0821917808219178,0.17991046413519035
2026-06-29,-0.006610950909269053,93.59276240936354,94.21354930201196,0.0821917808219178,0.17716610144517073
2026-06-29,-2.7755575615628914e-17,94.21354930201196,94.21354930201196,0.0821917808219178,0.1745780115925963
2026-06-29,0.0066109509092690255,94.83845378191994,94.21354930201196,0.0821917808219178,0.17215584564558697
2026-06-29,0.013221901818538051,95.46750316043223,94.21354930201196,0.0821917808219178,0.16990707972124047
2026-06-29,0.019832852727807077,96.10072493004566,94.21354930201196,0.0821917808219178,0.16783676208091866
2026-06-29,0.02644380363707613,96.73814676561075,94.21354930201196,0.0821917808219178,0.16594740016259388
2026-06-29,0.033054754546345155,97.37979652554112,94.21354930201196,0.0821917808219178,0.16423899308292317
2026-06-29,0.03966570545561421,98.0257022530312,94.21354930201196,0.0821917808219178,0.16270919708010148
2026-06-29,0.046276656364883234,98.6758921772817,94.21354930201196,0.0821917808219178,0.16135359692889392
2026-06-29,0.05288760727415229,99.3303947147334,94.21354930201196,0.0821917808219178,0.16016604800543952
2026-06-29,0.05949855818342134,99.98923847030922,94.21354930201196,0.0821917808219178,0.15913905199001768
2026-06-29,0.06610950909269034,100.65245223866418,94.21354930201196,0.0821917808219178,0.1582641330752696
2026-06-29,0.07272046000195939,101.32006500544404,94.21354930201196,0.0821917808219178,0.15753218893981877
2026-06-29,0.07933141091122844,101.99210594855195,94.21354930201196,0.0821917808219178,0.15693379944805588
2026-06-29,0.0859423618204975,102.66860443942389,94.21354930201196,0.0821917808219178,0.1564594842813401
2026-06-29,0.0925533127297665,103.3495900443121,94.21354930201196,0.0821917808219178,0.15609990742172133
2026-06-29,0.09916426363903555,104.03509252557744,94.21354930201196,0.0821917808219178,0.15584603118690346
2026-06-29,0.1057752145483046,104.72514184299007,94.21354930201196,0.0821917808219178,0.15568922542526906
2026-06-29,0.11238616545757366,105.41976815503885,94.21354930201196,0.0821917808219178,0.15562133885809276
2026-06-29,0.11899711636684265,106.11900182024944,94.21354930201196,0.0821917808219178,0.15563473982712525
2026-06-29,0.1256080672761117,106.82287339851105,94.21354930201196,0.0821917808219178,0.15572233327048696
2026-06-29,0.13221901818538076,107.53141365241216,94.21354930201196,0.0821917808219178,0.15587755993143573
2026-06-29,0.13882996909464976,108.24465354858489,94.21354930201196,0.0821917808219178,0.15609438283482593
2026-06-29,0.1454409200039188,108.9626242590584,94.21354930201196,0.0821917808219178,0.15636726509427343
2026-06-29,0.15205187091318786,109.68535716262137,94.21354930201196,0.0821917808219178,0.15669114222409353
2026-06-29,0.15866282182245692,110.41288384619325,94.21354930201196,0.0821917808219178,0.15706139136358097
2026-06-29,0.16527377273172592,111.14523610620486,94.21354930201196,0.0821917808219178,0.15747379918771248
2026-06-29,0.17188472364099497,111.88244594998808,94.21354930201196,0.0821917808219178,0.15792452977160923
2026-06-29,0.17849567455026402,112.62454559717457,94.21354930201196,0.0821917808219178,0.15841009328146052
2026-06-29,0.18510662545953308,113.37156748110408,94.21354930201196,0.0821917808219178,0.1589273160643674
2026-06-29,0.19171757636880207,114.12354425024188,94.21354930201196,0.0821917808219178,0.1594733124860586
2026-06-29,0.19832852727807115,114.88050876960565,94.21354930201196,0.0821917808219178,0.16004545870263498
2026-06-30,-0.19893769569667585,75.59125792617031,92.22934323720952,0.0821917808219178,0.26890127241655193
2026-06-30,-0.19230643917345333,76.09418863669937,92.22934323720952,0.0821917808219178,0.26569046876213015
2026-06-30,-0.1856751826502308,76.600465492094,92.22934323720952,0.0821917808219178,0.2624561216102031
2026-06-30,-0.17904392612700826,77.11011075523305,92.22934323720952,0.0821917808219178,0.25919864077995447
2026-06-30,-0.17241266960378573,77.62314683711676,92.22934323720952,0.0821917808219178,0.25591858130320205
2026-06-30,-0.1657814130805632,78.13959629785231,92.22934323720952,0.0821917808219178,0.2526166678797029
2026-06-30,-0.1591501565573407,78.65948184764584,92.22934323720952,0.0821917808219178,0.24929382298371014
2026-06-30,-0.15251890003411817,79.18282634780117,92.22934323720952,0.0821917808219178,0.24595119905635307
2026-06-30,-0.14588764351089564,79.70965281172498,92.22934323720952,0.0821917808219178,0.24259021521932372
2026-06-30,-0.13925638698767312,80.23998440593894,92.22934323720952,0.0821917808219178,0.2392125989186647
2026-06-30,-0.13262513046445057,80.77384445109831,92.22934323720952,0.0821917808219178,0.23582043283914286
2026-06-30,-0.12599387394122807,81.31125642301748,92.22934323720952,0.0821917808219178,0.2324162073010546
2026-06-30,-0.11936261741800552,81.8522439537023,92.22934323720952,0.0821917808219178,0.22900287813814793
2026-06-30,-0.112731360894783,82.39683083238924,92.22934323720952,0.0821917808219178,0.2255839297276409
2026-06-30,-0.10610010437156048,82.94504100659152,92.22934323720952,0.0821917808219178,0.2221634423656989
2026-06-30,-0.09946884784833794,83.49689858315216,92.22934323720952,0.0821917808219178,0.21874616251574486
2026-06-30,-0.09283759132511542,84.05242782930402,92.22934323720952,0.0821917808219178,0.21533757356606895
2026-06-30,-0.0862063348018929,84.61165317373698,92.22934323720952,0.0821917808219178,0.21194396359208564
2026-06-30,-0.07957507827867036,85.17459920767212,92.22934323720952,0.0821917808219178,0.20857248522830735
2026-06-30,-0.07294382175544784,85.74129068594306,92.22934323720952,0.0821917808219178,0.20523120116504093
2026-06-30,-0.06631256523222531,86.3117525280846,92.22934323720952,0.0821917808219178,0.20192910712080267
2026-06-30,-0.05968130870900279,86.88600981942845,92.22934323720952,0.0821917808219178,0.1986761226360618
2026-06-30,-0.053050052185780266,87.46408781220637,92.22934323720952,0.0821917808219178,0.1954830390489259
2026-06-30,-0.046418795662557716,88.04601192666061,92.22934323720952,0.0821917808219178,0.19236141403733584
2026-06-30,-0.03978753913933519,88.63180775216168,92.22934323720952,0.0821917808219178,0.18932340370987827
2026-06-30,-0.03315628261611267,89.22150104833364,92.22934323720952,0.0821917808219178,0.18638152691783189
2026-06-30,-0.026525026092890147,89.81511774618689,92.22934323720952,0.0821917808219178,0.18354836252022866
2026-06-30,-0.019893769569667624,90.4126839492584,92.22934323720952,0.0821917808219178,0.18083618854894512
2026-06-30,-0.013262513046445101,91.01422593475955,92.22934323720952,0.0821917808219178,0.17825658168455696
2026-06-30,-0.006631256523222551,91.61977015473175,92.22934323720952,0.0821917808219178,0.17582000452303884
2026-06-30,-2.7755575615628914e-17,92.22934323720952,92.22934323720952,0.0821917808219178,0.17353541465754133
2026-06-30,0.006631256523222495,92.84297198739148,92.22934323720952,0.0821917808219178,0.17140993156108952
2026-06-30,0.013262513046445018,93.46068338881902,92.22934323720952,0.0821917808219178,0.16944859338361484
2026-06-30,0.01989376956966754,94.08250460456303,92.22934323720952,0.0821917808219178,0.1676542262266853
2026-06-30,0.026525026092890064,94.70846297841811,92.22934323720952,0.0821917808219178,0.1660274349446871
2026-06-30,0.03315628261611259,95.33858603610518,92.22934323720952,0.0821917808219178,0.16456670986197838
2026-06-30,0.03978753913933514,95.97290148648179,92.22934323720952,0.0821917808219178,0.163268631026922
2026-06-30,0.04641879566255766,96.61143722276063,92.22934323720952,0.0821917808219178,0.1621281430541239
2026-06-30,0.05305005218578018,97.25422132373606,92.22934323720952,0.0821917808219178,0.16113887022666973
2026-06-30,0.059681308709002734,97.90128205501888,92.22934323720952,0.0821917808219178,0.16029344296583564
2026-06-30,0.06631256523222523,98.55264787027923,92.22934323720952,0.0821917808219178,0.15958381169088734
2026-06-30,0.07294382175544778,99.20834741249784,92.22934323720952,0.0821917808219178,0.15900153078502943
2026-06-30,0.07957507827867027,99.86840951522555,92.22934323720952,0.0821917808219178,0.1585380023106596
2026-06-30,0.08620633480189283,100.53286320385122,92.22934323720952,0.0821917808219178,0.15818467519090953
2026-06-30,0.09283759132511532,101.20173769687811,92.22934323720952,0.0821917808219178,0.15793320023561125
2026-06-30,0.09946884784833787,101.87506240720874,92.22934323720952,0.0821917808219178,0.15777554451804932
2026-06-30,0.10610010437156042,102.5528669434382,92.22934323720952,0.0821917808219178,0.15770407036924783
2026-06-30,0.11273136089478292,103.23518111115624,92.22934323720952,0.0821917808219178,0.15771158495019602
2026-06-30,0.11936261741800547,103.92203491425789,92.22934323720952,0.0821917808219178,0.15779136631629906
2026-06-30,0.12599387394122796,104.6134585562629,92.22934323720952,0.0821917808219178,0.15793717139105173
2026-06-30,0.1326251304644505,105.30948244164381,92.22934323720952,0.0821917808219178,0.1581432305408717
2026-06-30,0.139256386987673,106.01013717716296,92.22934323720952,0.0821917808219178,0.15840423264572376
2026-06-30,0.14588764351089556,106.71545357321851,92.22934323720952,0.0821917808219178,0.158715303788051
2026-06-30,0.1525189000341181,107.42546264519916,92.22934323720952,0.0821917808219178,0.15907198198897435
2026-06-30,0.1591501565573406,108.14019561484798,92.22934323720952,0.0821917808219178,0.15947018982872158
2026-06-30,0.16578141308056316,108.8596839116355,92.22934323720952,0.0821917808219178,0.15990620630163302
2026-06-30,0.17241266960378565,109.58395917414164,92.22934323720952,0.0821917808219178,0.1603766388678368
2026-06-30,0.1790439261270082,110.31305325144706,92.22934323720952,0.0821917808219178,0.1608783963615334
2026-06-30,0.18567518265023075,111.04699820453365,92.22934323720952,0.0821917808219178,0.16140866318583766
2026-06-30,0.19230643917345325,111.78582630769435,92.22934323720952,0.0821917808219178,0.16196487505269916
2026-06-30,0.1989376956966758,112.52957004995244,92.22934323720952,0.0821917808219178,0.16254469640135985
2026-07-01,-0.19615806340310435,75.90099433975789,92.35019778890327,0.0821917808219178,0.26774407801704087
2026-07-01,-0.18961946128966753,76.39890679352152,92.35019778890327,0.0821917808219178,0.2644820177470085
2026-07-01,-0.18308085917623074,76.90008556564855,92.35019778890327,0.0821917808219178,0.2611956740899555
2026-07-01,-0.17654225706279392,77.40455208327056,92.35019778890327,0.0821917808219178,0.25788546735961143
2026-07-01,-0.1700036549493571,77.91232791408162,92.35019778890327,0.0821917808219178,0.2545519691182369
2026-07-01,-0.16346505283592028,78.42343476726043,92.35019778890327,0.0821917808219178,0.2511959278046832
2026-07-01,-0.15692645072248348,78.93789449439849,92.35019778890327,0.0821917808219178,0.247818298204544
2026-07-01,-0.15038784860904666,79.45572909043425,92.35019778890327,0.0821917808219178,0.24442027522080412
2026-07-01,-0.14384924649560987,79.97696069459352,92.35019778890327,0.0821917808219178,0.24100333240422223
2026-07-01,-0.13731064438217305,80.50161159133603,92.35019778890327,0.0821917808219178,0.23756926567427786
2026-07-01,-0.13077204226873623,81.02970421130811,92.35019778890327,0.0821917808219178,0.23412024258902017
2026-07-01,-0.12423344015529943,81.56126113230171,92.35019778890327,0.0821917808219178,0.230658857385813
2026-07-01,-0.11769483804186262,82.09630508021964,92.35019778890327,0.0821917808219178,0.22718819178925512
2026-07-01,-0.1111562359284258,82.63485893004723,92.35019778890327,0.0821917808219178,0.22371188123585362
2026-07-01,-0.104617633814989,83.17694570683032,92.35019778890327,0.0821917808219178,0.220234185660216
2026-07-01,-0.09807903170155217,83.72258858665963,92.35019778890327,0.0821917808219178,0.2167600632844161
2026-07-01,-0.09154042958811537,84.27181089766155,92.35019778890327,0.0821917808219178,0.2132952449128914
2026-07-01,-0.08500182747467856,84.82463612099569,92.35019778890327,0.0821917808219178,0.20984630503412746
2026-07-01,-0.07846322536124174,85.38108789185857,92.35019778890327,0.0821917808219178,0.2064207245700726
2026-07-01,-0.07192462324780494,85.94119000049426,92.35019778890327,0.0821917808219178,0.20302693844861597
2026-07-01,-0.06538602113436812,86.50496639321139,92.35019778890327,0.0821917808219178,0.1996743594381194
2026-07-01,-0.058847419020931324,87.07244117340703,92.35019778890327,0.0821917808219178,0.19637336812229592
2026-07-01,-0.052308816907494504,87.64363860259711,92.35019778890327,0.0821917808219178,0.19313525788929278
2026-07-01,-0.045770214794057684,88.21858310145375,92.35019778890327,0.0821917808219178,0.18997212387131954
2026-07-01,-0.03923161268062089,88.79729925084925,92.35019778890327,0.0821917808219178,0.1868966864862048
2026-07-01,-0.03269301056718407,89.37981179290715,92.35019778890327,0.0821917808219178,0.18392204413222107
2026-07-01,-0.026154408453747252,89.96614563205985,92.35019778890327,0.0821917808219178,0.18106135594454065
2026-07-01,-0.019615806340310432,90.55632583611353,92.35019778890327,0.0821917808219178,0.17832746409614808
2026-07-01,-0.01307720422687364,91.15037763731976,92.35019778890327,0.0821917808219178,0.17573247495829755
2026-07-01,-0.00653860211343682,91.7483264334544,92.35019778890327,0.0821917808219178,0.17328732781321454
2026-07-01,0.0,92.35019778890327,92.35019778890327,0.0821917808219178,0.17100138653344313
2026-07-01,0.006538602113436792,92.9560174357553,92.35019778890327,0.0821917808219178,0.16888209160051043
2026-07-01,0.013077204226873612,93.56581127490252,92.35019778890327,0.0821917808219178,0.166934705766027
2026-07-01,0.019615806340310432,94.17960537714748,92.35019778890327,0.0821917808219178,0.16516217674708733
2026-07-01,0.026154408453747224,94.79742598431787,92.35019778890327,0.0821917808219178,0.1635651263713757
2026-07-01,0.032693010567184044,95.41929951038843,92.35019778890327,0.0821917808219178,0.16214196044463886
2026-07-01,0.039231612680620864,96.04525254261027,92.35019778890327,0.0821917808219178,0.16088908041413352
2026-07-01,0.045770214794057656,96.6753118426475,92.35019778890327,0.0821917808219178,0.1598011690105
2026-07-01,0.052308816907494476,97.3095043477215,92.35019778890327,0.0821917808219178,0.15887151848787032
2026-07-01,0.058847419020931296,97.9478571717624,92.35019778890327,0.0821917808219178,0.15809237147591618
2026-07-01,0.06538602113436812,98.59039760656847,92.35019778890327,0.0821917808219178,0.15745524945272849
2026-07-01,0.07192462324780494,99.23715312297288,92.35019778890327,0.0821917808219178,0.15695125070854285
2026-07-01,0.0784632253612417,99.88815137201814,92.35019778890327,0.0821917808219178,0.15657130681271572
2026-07-01,0.08500182747467852,100.5434201861383,92.35019778890327,0.0821917808219178,0.1563063928956398
2026-07-01,0.09154042958811534,101.20298758034892,92.35019778890327,0.0821917808219178,0.1561476919249759
2026-07-01,0.09807903170155216,101.86688175344472,92.35019778890327,0.0821917808219178,0.1560867164533102
2026-07-01,0.10461763381498898,102.53513108920524,92.35019778890327,0.0821917808219178,0.15611539319972237
2026-07-01,0.1111562359284258,103.2077641576084,92.35019778890327,0.0821917808219178,0.15622611660264643
2026-07-01,0.11769483804186257,103.88480971605182,92.35019778890327,0.0821917808219178,0.15641177747878274
2026-07-01,0.12423344015529938,104.56629671058244,92.35019778890327,0.0821917808219178,0.15666577243967866
2026-07-01,0.1307720422687362,105.25225427713397,92.35019778890327,0.0821917808219178,0.15698199898603313
2026-07-01,0.13731064438217302,105.9427117427726,92.35019778890327,0.0821917808219178,0.1573548403830161
2026-07-01,0.14384924649560984,106.63769862695081,92.35019778890327,0.0821917808219178,0.15777914362148895
2026-07-01,0.15038784860904666,107.33724464276946,92.35019778890327,0.0821917808219178,0.15825019304778168
2026-07-01,0.15692645072248348,108.04137969824811,92.35019778890327,0.0821917808219178,0.15876368162457086
2026-07-01,0.16346505283592025,108.75013389760362,92.35019778890327,0.0821917808219178,0.15931568127300466
2026-07-01,0.17000365494935707,109.46353754253737,92.35019778890327,0.0821917808219178,0.1599026133353838
2026-07-01,0.1765422570627939,110.18162113353061,92.35019778890327,0.0821917808219178,0.16052121987646623
2026-07-01,0.1830808591762307,110.90441537114857,92.35019778890327,0.0821917808219178,0.16116853629577685
2026-07-01,0.18961946128966753,111.63195115735296,92.35019778890327,0.0821917808219178,0.16184186553928653
2026-07-01,0.19615806340310435,112.36425959682309,92.35019778890327,0.0821917808219178,0.16253875406386714
2026-07-02,-0.19352939906983407,75.9792122347386,92.20267827853151,0.0821917808219178,0.269102925527943
2026-07-02,-0.1870784191008396,76.47093695883254,92.20267827853151,0.0821917808219178,0.26574655541312925
2026-07-02,-0.18062743913184515,76.96584404290593,92.20267827853151,0.0821917808219178,0.26236376652233995
2026-07-02,-0.17417645916285068,77.46395408265904,92.20267827853151,0.0821917808219178,0.258954890050804
2026-07-02,-0.1677254791938562,77.96528780708408,92.20267827853151,0.0821917808219178,0.2555204065469366
2026-07-02,-0.16127449922486173,78.46986607932782,92.20267827853151,0.0821917808219178,0.2520609723176191
2026-07-02,-0.15482351925586726,78.97770989755978,92.20267827853151,0.0821917808219178,0.2485774499509737
2026-07-02,-0.1483725392868728,79.48884039584617,92.20267827853151,0.0821917808219178,0.24507094348392314
2026-07-02,-0.14192155931787834,80.0032788450293,92.20267827853151,0.0821917808219178,0.24154283875614957
2026-07-02,-0.13547057934888385,80.52104665361283,92.20267827853151,0.0821917808219178,0.23799484947819444
2026-07-02,-0.12901959937988938,81.04216536865263,92.20267827853151,0.0821917808219178,0.234429069483679
2026-07-02,-0.12256861941089493,81.56665667665354,92.20267827853151,0.0821917808219178,0.23084803151259478
2026-07-02,-0.11611763944190046,82.09454240447181,92.20267827853151,0.0821917808219178,0.22725477265620853
2026-07-02,-0.10966665947290599,82.62584452022342,92.20267827853151,0.0821917808219178,0.2236529062487054
2026-07-02,-0.10321567950391153,83.16058513419836,92.20267827853151,0.0821917808219178,0.22004669947329997
2026-07-02,-0.09676469953491705,83.69878649978067,92.20267827853151,0.0821917808219178,0.21644115521292082
2026-07-02,-0.09031371956592259,84.24047101437459,92.20267827853151,0.0821917808219178,0.2128420956694813
2026-07-02,-0.08386273959692812,84.78566122033659,92.20267827853151,0.0821917808219178,0.20925624396330864
2026-07-02,-0.07741175962793365,85.3343798059135,92.20267827853151,0.0821917808219178,0.20569129829553945
2026-07-02,-0.07096077965893918,85.88664960618665,92.20267827853151,0.0821917808219178,0.20215599135542203
2026-07-02,-0.06450979968994472,86.44249360402225,92.20267827853151,0.0821917808219178,0.19866012561481902
2026-07-02,-0.058058819720950255,87.00193493102769,92.20267827853151,0.0821917808219178,0.19521457323546243
2026-07-02,-0.05160783975195579,87.56499686851431,92.20267827853151,0.0821917808219178,0.19183122794283278
2026-07-02,-0.0451568597829613,88.13170284846616,92.20267827853151,0.0821917808219178,0.18852289598070962
2026-07-02,-0.03870587981396684,88.7020764545152,92.20267827853151,0.0821917808219178,0.18530311485022977
2026-07-02,-0.03225489984497237,89.27614142292262,92.20267827853151,0.0821917808219178,0.18218589262363985
2026-07-02,-0.02580391987597791,89.8539216435668,92.20267827853151,0.0821917808219178,0.17918536759989606
2026-07-02,-0.019352939906983446,90.43544116093739,92.20267827853151,0.0821917808219178,0.17631539774962413
2026-07-02,-0.012901959937988983,91.02072417513591,92.20267827853151,0.0821917808219178,0.17358910074028366
2026-07-02,-0.006450979968994491,91.60979504288288,92.20267827853151,0.0821917808219178,0.17101837637310494
2026-07-02,-2.7755575615628914e-17,92.20267827853151,92.20267827853151,0.0821917808219178,0.16861345139854592
2026-07-02,0.006450979968994436,92.79939855508768,92.20267827853151,0.0821917808219178,0.16638248935637953
2026-07-02,0.0129019599379889,93.39998070523691,92.20267827853151,0.0821917808219178,0.16433130372911897
2026-07-02,0.019352939906983363,94.00444972237769,92.20267827853151,0.0821917808219178,0.16246320145294413
2026-07-02,0.025803919875977827,94.61283076166156,92.20267827853151,0.0821917808219178,0.1607789677709857
2026-07-02,0.03225489984497229,95.22514914103999,92.20267827853151,0.0821917808219178,0.1592769859736185
2026-07-02,0.03870587981396678,95.84143034231802,92.20267827853151,0.0821917808219178,0.15795347043272728
2026-07-02,0.045156859782961245,96.46170001221464,92.20267827853151,0.0821917808219178,0.15680278127165462
2026-07-02,0.05160783975195571,97.08598396343008,92.20267827853151,0.0821917808219178,0.15581778516553826
2026-07-02,0.05805881972095017,97.71430817572008,92.20267827853151,0.0821917808219178,0.15499022862751455
2026-07-02,0.06450979968994464,98.34669879697698,92.20267827853151,0.0821917808219178,0.15431109605725132
2026-07-02,0.0709607796589391,98.98318214431792,92.20267827853151,0.0821917808219178,0.15377093275949474
2026-07-02,0.07741175962793356,99.62378470517999,92.20267827853151,0.0821917808219178,0.15336012125481543
2026-07-02,0.08386273959692803,100.26853313842253,92.20267827853151,0.0821917808219178,0.15306910624484013
2026-07-02,0.09031371956592249,100.91745427543654,92.20267827853151,0.0821917808219178,0.15288856893666772
2026-07-02,0.09676469953491701,101.57057512126131,92.20267827853151,0.0821917808219178,0.15280955496783663
2026-07-02,0.10321567950391147,102.22792285570823,92.20267827853151,0.0821917808219178,0.15282356212176446
2026-07-02,0.10966665947290594,102.8895248344918,92.20267827853151,0.0821917808219178,0.15292259474965783
2026-07-02,0.1161176394419004,103.55540859036819,92.20267827853151,0.0821917808219178,0.15309919170472036
2026-07-02,0.12256861941089486,104.22560183428094,92.20267827853151,0.0821917808219178,0.15334643398306821
2026-07-02,0.12901959937988933,104.90013245651417,92.20267827853151,0.0821917808219178,0.15365793740869865
2026-07-02,0.1354705793488838,105.57902852785318,92.20267827853151,0.0821917808219178,0.15402783477265197
2026-07-02,0.14192155931787825,106.2623183007528,92.20267827853151,0.0821917808219178,0.1544507509473904
2026-07-02,0.14837253928687272,106.9500302105129,92.20267827853151,0.0821917808219178,0.15492177370435634
2026-07-02,0.15482351925586718,107.64219287646192,92.20267827853151,0.0821917808219178,0.1554364222894464
2026-07-02,0.16127449922486164,108.3388351031478,92.20267827853151,0.0821917808219178,0.15599061526028218
2026-07-02,0.1677254791938561,109.0399858815366,92.20267827853151,0.0821917808219178,0.15658063865140295
2026-07-02,0.17417645916285057,109.74567439021914,92.20267827853151,0.0821917808219178,0.1572031151940653
2026-07-02,0.1806274391318451,110.45592999662514,92.20267827853151,0.0821917808219178,0.15785497505985913
2026-07-02,0.18707841910083955,111.17078225824542,92.20267827853151,0.0821917808219178,0.15853342840610773
2026-07-02,0.19352939906983402,111.89026092386194,92.20267827853151,0.0821917808219178,0.15923593986201895
2026-07-03,-0.1921293968102271,75.61079401026974,91.62722537019428,0.0821917808219178,0.2738281528111669
2026-07-03,-0.1857250835832195,76.09658313090483,91.62722537019428,0.0821917808219178,0.2703992962510099
2026-07-03,-0.17932077035621194,76.58549338090799,91.62722537019428,0.0821917808219178,0.2669424047570679
2026-07-03,-0.1729164571292044,77.07754481311308,91.62722537019428,0.0821917808219178,0.2634576762142943
2026-07-03,-0.16651214390219682,77.5727576091907,91.62722537019428,0.0821917808219178,0.2599454414025627
2026-07-03,-0.16010783067518924,78.07115208047598,91.62722537019428,0.0821917808219178,0.25640618814745314
2026-07-03,-0.15370351744818167,78.57274866880162,91.62722537019428,0.0821917808219178,0.2528405893173463
2026-07-03,-0.1472992042211741,79.07756794733632,91.62722537019428,0.0821917808219178,0.2492495351886567
2026-07-03,-0.14089489099416652,79.5856306214286,91.62722537019428,0.0821917808219178,0.24563417073062085
2026-07-03,-0.13449057776715895,80.09695752945609,91.62722537019428,0.0821917808219178,0.24199593837103675
2026-07-03,-0.12808626454015137,80.61156964368011,91.62722537019428,0.0821917808219178,0.23833662678225362
2026-07-03,-0.12168195131314381,81.12948807110595,91.62722537019428,0.0821917808219178,0.23465842615526367
2026-07-03,-0.11527763808613625,81.65073405434858,91.62722537019428,0.0821917808219178,0.23096399028564385
2026-07-03,-0.10887332485912868,82.17532897250385,91.62722537019428,0.0821917808219178,0.2272565055479915
2026-07-03,-0.1024690116321211,82.70329434202544,91.62722537019428,0.0821917808219178,0.2235397664473763
2026-07-03,-0.09606469840511354,83.23465181760731,91.62722537019428,0.0821917808219178,0.2198182568621537
2026-07-03,-0.08966038517810597,83.76942319307194,91.62722537019428,0.0821917808219178,0.2160972352828818
2026-07-03,-0.0832560719510984,84.30763040226412,91.62722537019428,0.0821917808219178,0.21238282125985022
2026-07-03,-0.07685175872409084,84.84929551995066,91.62722537019428,0.0821917808219178,0.20868207886380769
2026-07-03,-0.07044744549708326,85.39444076272574,91.62722537019428,0.0821917808219178,0.2050030912415707
2026-07-03,-0.06404313227007569,85.94308848992215,91.62722537019428,0.0821917808219178,0.20135501837323694
2026-07-03,-0.05763881904306811,86.49526120452839,91.62722537019428,0.0821917808219178,0.19774812807214912
2026-07-03,-0.05123450581606054,87.0509815541116,91.62722537019428,0.0821917808219178,0.19419378841085572
2026-07-03,-0.04483019258905299,87.61027233174649,91.62722537019428,0.0821917808219178,0.19070440856815124
2026-07-03,-0.03842587936204542,88.17315647695014,91.62722537019428,0.0821917808219178,0.18729331519227477
2026-07-03,-0.03202156613503784,88.739657076623,91.62722537019428,0.0821917808219178,0.18397455346631064
2026-07-03,-0.02561725290803027,89.30979736599568,91.62722537019428,0.0821917808219178,0.1807626067674329
2026-07-03,-0.019212939681022695,89.88360072958201,91.62722537019428,0.0821917808219178,0.17767203641827173
2026-07-03,-0.01280862645401512,90.46109070213818,91.62722537019428,0.0821917808219178,0.17471705318084235
2026-07-03,-0.006404313227007574,91.04229096962796,91.62722537019428,0.0821917808219178,0.17191104360865025
2026-07-03,0.0,91.62722537019428,91.62722537019428,0.0821917808219178,0.1692660850400302
2026-07-03,0.006404313227007574,92.21591789513688,91.62722537019428,0.0821917808219178,0.16679249026684148
2026-07-03,0.012808626454015148,92.80839268989638,91.62722537019428,0.0821917808219178,0.16449842436125056
2026-07-03,0.019212939681022723,93.40467405504458,91.62722537019428,0.0821917808219178,0.16238963052756716
2026-07-03,0.025617252908030297,94.00478644728112,91.62722537019428,0.0821917808219178,0.16046928967985843
2026-07-03,0.03202156613503787,94.60875448043672,91.62722537019428,0.0821917808219178,0.15873802206230003
2026-07-03,0.03842587936204542,95.21660292648255,91.62722537019428,0.0821917808219178,0.1571940221095512
2026-07-03,0.04483019258905299,95.82835671654637,91.62722537019428,0.0821917808219178,0.1558333033994535
2026-07-03,0.051234505816060566,96.44404094193507,91.62722537019428,0.0821917808219178,0.15465002144982384
2026-07-03,0.05763881904306814,97.0636808551638,91.62722537019428,0.0821917808219178,0.15363683910837914
2026-07-03,0.06404313227007571,97.68730187099167,91.62722537019428,0.0821917808219178,0.15278530168768115
2026-07-03,0.07044744549708329,98.3149295674642,91.62722537019428,0.0821917808219178,0.15208619511805319
2026-07-03,0.07685175872409086,98.9465896869624,91.62722537019428,0.0821917808219178,0.1515298682497686
2026-07-03,0.08325607195109844,99.58230813725858,91.62722537019428,0.0821917808219178,0.15110650832149464
2026-07-03,0.08966038517810601,100.22211099257896,91.62722537019428,0.0821917808219178,0.15080636537850425
2026-07-03,0.09606469840511353,100.86602449467318,91.62722537019428,0.0821917808219178,0.1506199265245233
2026-07-03,0.1024690116321211,101.51407505389058,91.62722537019428,0.0821917808219178,0.1505380442532706
2026-07-03,0.10887332485912868,102.16628925026335,91.62722537019428,0.0821917808219178,0.15055202495240966
2026-07-03,0.11527763808613625,102.82269383459685,91.62722537019428,0.0821917808219178,0.15065368435672866
2026-07-03,0.12168195131314383,103.48331572956673,91.62722537019428,0.0821917808219178,0.15083537661622118
2026-07-03,0.1280862645401514,104.14818203082316,91.62722537019428,0.0821917808219178,0.15109000305539716
2026-07-03,0.13449057776715898,104.81732000810227,91.62722537019428,0.0821917808219178,0.15141100587448814
2026-07-03,0.14089489099416655,105.49075710634446,91.62722537019428,0.0821917808219178,0.15179235114782796
2026-07-03,0.14729920422117412,106.16852094682022,91.62722537019428,0.0821917808219178,0.15222850461301807
2026-07-03,0.1537035174481817,106.85063932826296,91.62722537019428,0.0821917808219178,0.1527144029725962
2026-07-03,0.16010783067518927,107.53714022800915,91.62722537019428,0.0821917808219178,0.15324542277149675
2026-07-03,0.16651214390219685,108.22805180314595,91.62722537019428,0.0821917808219178,0.15381734837197653
2026-07-03,0.17291645712920442,108.92340239166586,91.62722537019428,0.0821917808219178,0.15442634011478046
2026-07-03,0.17932077035621194,109.62322051362929,91.62722537019428,0.0821917808219178,0.15506890341755022
2026-07-03,0.1857250835832195,110.3275348723341,91.62722537019428,0.0821917808219178,0.15574185930351658
2026-07-03,0.1921293968102271,111.03637435549295,91.62722537019428,0.0821917808219178,0.15644231666046352
2026-07-06,-0.18900439450203996,75.32258458608541,90.99316669562661,0.0821917808219178,0.26813967101643654
2026-07-06,-0.18270424801863863,75.79862589288985,90.99316669562661,0.0821917808219178,0.2647645900274605
2026-07-06,-0.17640410153523728,76.2776757970098,90.99316669562661,0.0821917808219178,0.2613621743217949
2026-07-06,-0.17010395505183595,76.75975331288306,90.99316669562661,0.0821917808219178,0.2579326663716226
2026-07-06,-0.16380380856843463,77.24487757511929,90.99316669562661,0.0821917808219178,0.2544764464768936
2026-07-06,-0.1575036620850333,77.73306783925956,90.99316669562661,0.0821917808219178,0.2509940574974483
2026-07-06,-0.15120351560163195,78.22434348254059,90.99316669562661,0.0821917808219178,0.2474862334737854
2026-07-06,-0.14490336911823062,78.71872400466393,90.99316669562661,0.0821917808219178,0.24395393264747445
2026-07-06,-0.1386032226348293,79.21622902856986,90.99316669562661,0.0821917808219178,0.24039837541385725
2026-07-06,-0.13230307615142795,79.71687830121638,90.99316669562661,0.0821917808219178,0.23682108773849897
2026-07-06,-0.12600292966802662,80.22069169436288,90.99316669562661,0.0821917808219178,0.23322395053141706
2026-07-06,-0.1197027831846253,80.72768920535901,90.99316669562661,0.0821917808219178,0.22960925538106478
2026-07-06,-0.11340263670122396,81.23789095793829,90.99316669562661,0.0821917808219178,0.22597976687896995
2026-07-06,-0.10710249021782263,81.75131720301694,90.99316669562661,0.0821917808219178,0.22233879148451732
2026-07-06,-0.10080234373442129,82.26798831949769,90.99316669562661,0.0821917808219178,0.21869025244921064
2026-07-06,-0.09450219725101996,82.7879248150786,90.99316669562661,0.0821917808219178,0.21503876969653374
2026-07-06,-0.08820205076761863,83.31114732706708,90.99316669562661,0.0821917808219178,0.211389742690703
2026-07-06,-0.08190190428421729,83.83767662319907,90.99316669562661,0.0821917808219178,0.20774943318411726
2026-07-06,-0.07560175780081596,84.36753360246327,90.99316669562661,0.0821917808219178,0.20412504328720282
2026-07-06,-0.06930161131741462,84.90073929593072,90.99316669562661,0.0821917808219178,0.20052478257394832
2026-07-06,-0.06300146483401328,85.43731486758952,90.99316669562661,0.0821917808219178,0.1969579160097252
2026-07-06,-0.05670131835061196,85.97728161518494,90.99316669562661,0.0821917808219178,0.193434782558022
2026-07-06,-0.05040117186721063,86.52066097106469,90.99316669562661,0.0821917808219178,0.1899667727213351
2026-07-06,-0.044101025383809306,87.06747450302967,90.99316669562661,0.0821917808219178,0.18656625248608713
2026-07-06,-0.03780087890040795,87.61774391519003,90.99316669562661,0.0821917808219178,0.18324642179096193
2026-07-06,-0.03150073241700663,88.17149104882661,90.99316669562661,0.0821917808219178,0.18002109837924818
2026-07-06,-0.025200585933605302,88.72873788325789,90.99316669562661,0.0821917808219178,0.17690442324050382
2026-07-06,-0.01890043945020395,89.28950653671244,90.99316669562661,0.0821917808219178,0.17391049189986424
2026-07-06,-0.012600292966802623,89.8538192672067,90.99316669562661,0.0821917808219178,0.17105292599517136
2026-07-06,-0.006300146483401298,90.42169847342863,90.99316669562661,0.0821917808219178,0.16834441046255502
2026-07-06,2.7755575615628914e-17,90.99316669562661,90.99316669562661,0.0821917808219178,0.16579623104655133
2026-07-06,0.006300146483401381,91.56824661650418,90.99316669562661,0.0821917808219178,0.1634178522838595
2026-07-06,0.012600292966802706,92.14696106212033,90.99316669562661,0.0821917808219178,0.16121657557141333
2026-07-06,0.018900439450204032,92.72933300279551,90.99316669562661,0.0821917808219178,0.15919730968276583
2026-07-06,0.025200585933605385,93.31538555402341,90.99316669562661,0.0821917808219178,0.15736247314486185
2026-07-06,0.03150073241700671,93.90514197738838,90.99316669562661,0.0821917808219178,0.15571203181572096
2026-07-06,0.037800878900408036,94.49862568148887,90.99316669562661,0.0821917808219178,0.15424365919970118
2026-07-06,0.04410102538380936,95.09586022286636,90.99316669562661,0.0821917808219178,0.15295299461228723
2026-07-06,0.050401171867210715,95.69686930694058,90.99316669562661,0.0821917808219178,0.1518339671962552
2026-07-06,0.05670131835061204,96.30167678895025,90.99316669562661,0.0821917808219178,0.15087915238259933
2026-07-06,0.0630014648340134,96.9103066749,90.99316669562661,0.0821917808219178,0.15008013073026594
2026-07-06,0.06930161131741472,97.52278312251329,90.99316669562661,0.0821917808219178,0.14942782545518066
2026-07-06,0.07560175780081604,98.13913044219122,90.99316669562661,0.0821917808219178,0.14891280253689956
2026-07-06,0.08190190428421737,98.75937309797737,90.99316669562661,0.0821917808219178,0.1485255245814542
2026-07-06,0.0882020507676187,99.383535708529,90.99316669562661,0.0821917808219178,0.148256555685556
2026-07-06,0.09450219725102002,100.0116430480941,90.99316669562661,0.0821917808219178,0.14809671899543728
2026-07-06,0.10080234373442135,100.64372004749475,90.99316669562661,0.0821917808219178,0.1480372114939352
2026-07-06,0.10710249021782273,101.27979179511665,90.99316669562661,0.0821917808219178,0.148069682029741
2026-07-06,0.11340263670122405,101.91988353790497,90.99316669562661,0.0821917808219178,0.1481862790640863
2026-07-06,0.11970278318462538,102.56402068236646,90.99316669562661,0.0821917808219178,0.14837967439018745
2026-07-06,0.1260029296680267,103.21222879557783,90.99316669562661,0.0821917808219178,0.14864306846282893
2026-07-06,0.13230307615142803,103.8645336062006,90.99316669562661,0.0821917808219178,0.14897018217136812
2026-07-06,0.13860322263482935,104.52096100550233,90.99316669562661,0.0821917808219178,0.1493552390425347
2026-07-06,0.14490336911823068,105.18153704838424,90.99316669562661,0.0821917808219178,0.14979294105693533
2026-07-06,0.15120351560163206,105.84628795441546,90.99316669562661,0.0821917808219178,0.15027844055108514
2026-07-06,0.15750366208503339,106.51524010887361,90.99316669562661,0.0821917808219178,0.15080731007309134
2026-07-06,0.1638038085684347,107.18842006379224,90.99316669562661,0.0821917808219178,0.15137551156559947
2026-07-06,0.17010395505183604,107.86585453901465,90.99316669562661,0.0821917808219178,0.15197936585551045
2026-07-06,0.17640410153523736,108.54757042325443,90.99316669562661,0.0821917808219178,0.15261552312312343
2026-07-06,0.1827042480186387,109.2335947751628,90.99316669562661,0.0821917808219178,0.15328093478938581
2026-07-06,0.18900439450203999,109.92395482440254,90.99316669562661,0.0821917808219178,0.15397282708505983
2026-07-07,-0.19090127404590698,74.150543000162,89.74736481989792,0.0821917808219178,0.2724604056875125
2026-07-07,-0.18453789824437675,74.62389523296257,89.74736481989792,0.0821917808219178,0.2689056920084768
2026-07-07,-0.1781745224428465,75.10026918788722,89.74736481989792,0.0821917808219178,0.2653215954455152
2026-07-07,-0.17181114664131628,75.57968415459801,89.74736481989792,0.0821917808219178,0.2617084157630147
2026-07-07,-0.16544777083978607,76.06215954589571,89.74736481989792,0.0821917808219178,0.2580666125048568
2026-07-07,-0.15908439503825583,76.54771489850592,89.74736481989792,0.0821917808219178,0.25439683381879663
2026-07-07,-0.1527210192367256,77.03636987387016,89.74736481989792,0.0821917808219178,0.25069994979342913
2026-07-07,-0.14635764343519536,77.52814425894198,89.74736481989792,0.0821917808219178,0.24697709087500996
2026-07-07,-0.13999426763366513,78.02305796698825,89.74736481989792,0.0821917808219178,0.24322969193974883
2026-07-07,-0.1336308918321349,78.52113103839544,89.74736481989792,0.0821917808219178,0.23945954257163704
2026-07-07,-0.12726751603060465,79.02238364148114,89.74736481989792,0.0821917808219178,0.2356688440183968
2026-07-07,-0.12090414022907443,79.52683607331075,89.74736481989792,0.0821917808219178,0.23186027314461077
2026-07-07,-0.1145407644275442,80.0345087605193,89.74736481989792,0.0821917808219178,0.22803705344021954
2026-07-07,-0.10817738862601396,80.54542226013865,89.74736481989792,0.0821917808219178,0.22420303273548317
2026-07-07,-0.10181401282448374,81.05959726042985,89.74736481989792,0.0821917808219178,0.22036276667453203
2026-07-07,-0.0954506370229535,81.57705458172087,89.74736481989792,0.0821917808219178,0.21652160615946908
2026-07-07,-0.08908726122142327,82.09781517724971,89.74736481989792,0.0821917808219178,0.21268578584965084
2026-07-07,-0.08272388541989303,82.6219001340128,89.74736481989792,0.0821917808219178,0.2088625093563234
2026-07-07,-0.0763605096183628,83.14933067361888,89.74736481989792,0.0821917808219178,0.20506002501765141
2026-07-07,-0.06999713381683258,83.68012815314839,89.74736481989792,0.0821917808219178,0.20128768414511472
2026-07-07,-0.06363375801530233,84.21431406601815,89.74736481989792,0.0821917808219178,0.19755597157244276
2026-07-07,-0.05727038221377212,84.75191004285179,89.74736481989792,0.0821917808219178,0.19387649652408345
2026-07-07,-0.050907006412241884,85.2929378523556,89.74736481989792,0.0821917808219178,0.19026193072443806
2026-07-07,-0.04454363061071165,85.8374194022,89.74736481989792,0.0821917808219178,0.18672588091256254
2026-07-07,-0.03818025480918141,86.38537673990663,89.74736481989792,0.0821917808219178,0.18328268519925492
2026-07-07,-0.03181687900765118,86.93683205374114,89.74736481989792,0.0821917808219178,0.1799471275933962
2026-07-07,-0.025453503206120942,87.49180767361159,89.74736481989792,0.0821917808219178,0.1767340727631267
2026-07-07,-0.019090127404590707,88.05032607197275,89.74736481989792,0.0821917808219178,0.17365803326577894
2026-07-07,-0.012726751603060499,88.61240986473601,89.74736481989792,0.0821917808219178,0.170732692799255
2026-07-07,-0.006363375801530263,89.17808181218513,89.74736481989792,0.0821917808219178,0.16797041938726154
2026-07-07,-2.7755575615628914e-17,89.74736481989792,89.74736481989792,0.0821917808219178,0.16538180926232296
2026-07-07,0.006363375801530208,90.32028193967373,89.74736481989792,0.0821917808219178,0.16297530329615326
2026-07-07,0.012726751603060443,90.89685637046688,89.74736481989792,0.0821917808219178,0.16075691202679468
2026-07-07,0.01909012740459068,91.47711145932603,89.74736481989792,0.0821917808219178,0.15873007324989094
2026-07-07,0.025453503206120914,92.06107070233955,89.74736481989792,0.0821917808219178,0.15689565009902154
2026-07-07,0.03181687900765115,92.64875774558708,89.74736481989792,0.0821917808219178,0.15525206090401436
2026-07-07,0.038180254809181385,93.24019638609678,89.74736481989792,0.0821917808219178,0.15379551822962056
2026-07-07,0.04454363061071159,93.83541057280914,89.74736481989792,0.0821917808219178,0.15252034568361564
2026-07-07,0.05090700641224183,94.43442440754666,89.74736481989792,0.0821917808219178,0.15141933812845768
2026-07-07,0.057270382213772064,95.0372621459898,89.74736481989792,0.0821917808219178,0.15048413316428796
2026-07-07,0.06363375801530233,95.64394819865915,89.74736481989792,0.0821917808219178,0.14970556757086204
2026-07-07,0.06999713381683251,96.25450713190388,89.74736481989792,0.0821917808219178,0.14907399992324805
2026-07-07,0.07636050961836274,96.86896366889651,89.74736481989792,0.0821917808219178,0.14857958820259748
2026-07-07,0.08272388541989298,97.48734269063408,89.74736481989792,0.0821917808219178,0.1482125178060769
2026-07-07,0.08908726122142321,98.10966923694546,89.74736481989792,0.0821917808219178,0.14796318037897063
2026-07-07,0.09545063702295345,98.73596850750552,89.74736481989792,0.0821917808219178,0.14782230725727402
2026-07-07,0.10181401282448369,99.36626586285531,89.74736481989792,0.0821917808219178,0.14778106321513418
2026-07-07,0.10817738862601392,100.00058682542917,89.74736481989792,0.0821917808219178,0.14783110698314375
2026-07-07,0.11454076442754416,100.63895708058807,89.74736481989792,0.0821917808219178,0.14796462498604437
2026-07-07,0.12090414022907439,101.28140247765968,89.74736481989792,0.0821917808219178,0.14817434424465104
2026-07-07,0.12726751603060463,101.92794903098525,89.74736481989792,0.0821917808219178,0.14845352963135564
2026-07-07,0.13363089183213486,102.5786229209727,89.74736481989792,0.0821917808219178,0.14879596982587873
2026-07-07,0.1399942676336651,103.23345049515707,89.74736481989792,0.0821917808219178,0.14919595549245518
2026-07-07,0.14635764343519533,103.89245826926714,89.74736481989792,0.0821917808219178,0.1496482524500722
2026-07-07,0.15272101923672557,104.55567292829923,89.74736481989792,0.0821917808219178,0.15014807196052532
2026-07-07,0.1590843950382558,105.22312132759777,89.74736481989792,0.0821917808219178,0.15069103972128225
2026-07-07,0.16544777083978598,105.89483049394268,89.74736481989792,0.0821917808219178,0.15127316471589217
2026-07-07,0.17181114664131622,106.57082762664386,89.74736481989792,0.0821917808219178,0.15189080873236868
2026-07-07,0.17817452244284646,107.25114009864242,89.74736481989792,0.0821917808219178,0.1525406570957694
2026-07-07,0.1845378982443767,107.9357954576192,89.74736481989792,0.0821917808219178,0.15321969096122184
2026-07-07,0.19090127404590693,108.62482142711016,89.74736481989792,0.0821917808219178,0.153925161365205
2026-07-08,-0.18747658214729798,75.45940318252336,91.0192832208885,0.0821917808219178,0.2635154866251877
2026-07-08,-0.18122736274238804,75.9324420716225,91.0192832208885,0.0821917808219178,0.2599504220824554
2026-07-08,-0.17497814333747813,76.4084463405307,91.0192832208885,0.0821917808219178,0.256357443668703
2026-07-08,-0.1687289239325682,76.8874345785809,91.0192832208885,0.0821917808219178,0.25273714450569174
2026-07-08,-0.16247970452765825,77.36942549163862,91.0192832208885,0.0821917808219178,0.2490903189413483
2026-07-08,-0.1562304851227483,77.85443790283246,91.0192832208885,0.0821917808219178,0.24541799624019922
2026-07-08,-0.1499812657178384,78.34249075328918,91.0192832208885,0.0821917808219178,0.24172147901913849
2026-07-08,-0.14373204631292846,78.83360310287347,91.0192832208885,0.0821917808219178,0.23800238685403272
2026-07-08,-0.13748282690801852,79.32779413093216,91.0192832208885,0.0821917808219178,0.2342627054134213
2026-07-08,-0.13123360750310858,79.82508313704336,91.0192832208885,0.0821917808219178,0.23050484134680232
2026-07-08,-0.12498438809819867,80.32548954177012,91.0192832208885,0.0821917808219178,0.22673168294390716
2026-07-08,-0.11873516869328873,80.82903288741886,91.0192832208885,0.0821917808219178,0.22294666626016582
2026-07-08,-0.11248594928837881,81.3357328388025,91.0192832208885,0.0821917808219178,0.2191538459402047
2026-07-08,-0.10623672988346887,81.84560918400851,91.0192832208885,0.0821917808219178,0.21535796933171775
2026-07-08,-0.09998751047855894,82.35868183517165,91.0192832208885,0.0821917808219178,0.2115645516353197
2026-07-08,-0.093738291073649,82.87497082925162,91.0192832208885,0.0821917808219178,0.20777994876224665
2026-07-08,-0.08748907166873908,83.39449632881552,91.0192832208885,0.0821917808219178,0.2040114232756462
2026-07-08,-0.08123985226382915,83.91727862282526,91.0192832208885,0.0821917808219178,0.20026719732008352
2026-07-08,-0.07499063285891922,84.44333812742995,91.0192832208885,0.0821917808219178,0.196556484910499
2026-07-08,-0.06874141345400929,84.9726953867632,91.0192832208885,0.0821917808219178,0.19288949455745097
2026-07-08,-0.06249219404909935,85.50537107374538,91.0192832208885,0.0821917808219178,0.1892773922557463
2026-07-08,-0.056242974644189425,86.04138599089094,91.0192832208885,0.0821917808219178,0.18573221476427784
2026-07-08,-0.049993755239279486,86.58076107112096,91.0192832208885,0.0821917808219178,0.18226672432076593
2026-07-08,-0.04374453583436955,87.12351737858043,91.0192832208885,0.0821917808219178,0.1788941988967887
2026-07-08,-0.037495316429459635,87.66967610946102,91.0192832208885,0.0821917808219178,0.1756281570544807
2026-07-08,-0.031246097024549696,88.2192585928288,91.0192832208885,0.0821917808219178,0.17248202330185808
2026-07-08,-0.024996877619639757,88.77228629145718,91.0192832208885,0.0821917808219178,0.16946874792381728
2026-07-08,-0.018747658214729845,89.32878080266514,91.0192832208885,0.0821917808219178,0.16660040338766613
2026-07-08,-0.012498438809819906,89.8887638591606,91.0192832208885,0.0821917808219178,0.16388778596093678
2026-07-08,-0.006249219404909967,90.45225732988926,91.0192832208885,0.0821917808219178,0.16134005445560448
2026-07-08,-2.7755575615628914e-17,91.0192832208885,91.0192832208885,0.0821917808219178,0.15896443680417047
2026-07-08,0.006249219404909884,91.58986367614686,91.0192832208885,0.0821917808219178,0.1567660291893428
2026-07-08,0.012498438809819823,92.16402097846888,91.0192832208885,0.0821917808219178,0.1547477025534624
2026-07-08,0.018747658214729762,92.74177755034518,91.0192832208885,0.0821917808219178,0.15291011935232668
2026-07-08,0.024996877619639674,93.32315595482818,91.0192832208885,0.0821917808219178,0.15125185169510932
2026-07-08,0.031246097024549613,93.9081788964133,91.0192832208885,0.0821917808219178,0.14976958262029308
2026-07-08,0.03749531642945955,94.4968692219256,91.0192832208885,0.0821917808219178,0.14845836653124955
2026-07-08,0.04374453583436949,95.08924992141198,91.0192832208885,0.0821917808219178,0.14731192309822042
2026-07-08,0.0499937552392794,95.68534412903901,91.0192832208885,0.0821917808219178,0.1463229406902076
2026-07-08,0.05624297464418934,96.2851751239965,91.0192832208885,0.0821917808219178,0.14548336955326654
2026-07-08,0.06249219404909928,96.88876633140642,91.0192832208885,0.0821917808219178,0.14478469027519184
2026-07-08,0.06874141345400922,97.49614132323792,91.0192832208885,0.0821917808219178,0.14421814850581788
2026-07-08,0.07499063285891913,98.10732381922776,91.0192832208885,0.0821917808219178,0.1437749516968732
2026-07-08,0.08123985226382904,98.72233768780666,91.0192832208885,0.0821917808219178,0.1434464273969715
2026-07-08,0.08748907166873901,99.34120694703142,91.0192832208885,0.0821917808219178,0.14322414528771477
2026-07-08,0.09373829107364892,99.96395576552294,91.0192832208885,0.0821917808219178,0.14310000677122253
2026-07-08,0.09998751047855889,100.59060846341005,91.0192832208885,0.0821917808219178,0.14306630671226853
2026-07-08,0.1062367298834688,101.22118951327924,91.0192832208885,0.0821917808219178,0.14311577212217555
2026-07-08,0.11248594928837871,101.85572354113046,91.0192832208885,0.0821917808219178,0.14324158235286996
2026-07-08,0.11873516869328868,102.49423532733879,91.0192832208885,0.0821917808219178,0.14343737491641004
2026-07-08,0.12498438809819859,103.13674980762214,91.0192832208885,0.0821917808219178,0.14369724048287758
2026-07-08,0.1312336075031085,103.78329207401516,91.0192832208885,0.0821917808219178,0.1440157100229027
2026-07-08,0.13748282690801847,104.43388737584912,91.0192832208885,0.0821917808219178,0.14438773650306272
2026-07-08,0.14373204631292838,105.08856112073794,91.0192832208885,0.0821917808219178,0.14480867304173853
2026-07-08,0.1499812657178383,105.74733887557039,91.0192832208885,0.0821917808219178,0.14527424900197117
2026-07-08,0.15623048512274826,106.41024636750875,91.0192832208885,0.0821917808219178,0.14578054513815258
2026-07-08,0.16247970452765817,107.07730948499324,91.0192832208885,0.0821917808219178,0.14632396862058789
2026-07-08,0.16872892393256808,107.74855427875326,91.0192832208885,0.0821917808219178,0.14690122852856627
2026-07-08,0.17497814333747805,108.42400696282465,91.0192832208885,0.0821917808219178,0.14750931221993213
2026-07-08,0.18122736274238796,109.10369391557344,91.0192832208885,0.0821917808219178,0.14814546284466104
2026-07-08,0.18747658214729793,109.78764168072605,91.0192832208885,0.0821917808219178,0.14880715816370793
2026-07-09,-0.18555522152547516,75.58680469527961,90.99794723535423,0.0821917808219178,0.2574685283426245
2026-07-09,-0.17937004747462598,76.05577106249146,90.99794723535423,0.0821917808219178,0.2539757680145366
2026-07-09,-0.1731848734237768,76.52764705730911,90.99794723535423,0.0821917808219178,0.2504566203118252
2026-07-09,-0.16699969937292763,77.00245073205657,90.99794723535423,0.0821917808219178,0.24691180101518437
2026-07-09,-0.16081452532207846,77.48020025106061,90.99794723535423,0.0821917808219178,0.24334224058255358
2026-07-09,-0.1546293512712293,77.9609138913457,90.99794723535423,0.0821917808219178,0.23974911918321773
2026-07-09,-0.1484441772203801,78.44461004333324,90.99794723535423,0.0821917808219178,0.23613390648751015
2026-07-09,-0.14225900316953094,78.93130721154505,90.99794723535423,0.0821917808219178,0.23249840657549767
2026-07-09,-0.13607382911868177,79.42102401531136,90.99794723535423,0.0821917808219178,0.2288448082301128
2026-07-09,-0.1298886550678326,79.91377918948307,90.99794723535423,0.0821917808219178,0.22517574071414895
2026-07-09,-0.12370348101698342,80.40959158514849,90.99794723535423,0.0821917808219178,0.22149433487234382
2026-07-09,-0.11751830696613424,80.90848017035457,90.99794723535423,0.0821917808219178,0.2178042890211003
2026-07-09,-0.11133313291528507,81.41046403083244,90.99794723535423,0.0821917808219178,0.21410993855802288
2026-07-09,-0.1051479588644359,81.91556237072766,90.99794723535423,0.0821917808219178,0.2104163275106743
2026-07-09,-0.09896278481358672,82.42379451333488,90.99794723535423,0.0821917808219178,0.20672927932481464
2026-07-09,-0.09277761076273755,82.93517990183707,90.99794723535423,0.0821917808219178,0.20305546305980024
2026-07-09,-0.08659243671188838,83.44973810004933,90.99794723535423,0.0821917808219178,0.19940244983741562
2026-07-09,-0.0804072626610392,83.9674887931674,90.99794723535423,0.0821917808219178,0.1957787529558708
2026-07-09,-0.07422208861019003,84.48845178852063,90.99794723535423,0.0821917808219178,0.19219384368153955
2026-07-09,-0.06803691455934086,85.0126470163299,90.99794723535423,0.0821917808219178,0.1886581336074913
2026-07-09,-0.06185174050849168,85.54009453046991,90.99794723535423,0.0821917808219178,0.18518291395820238
2026-07-09,-0.05566656645764251,86.07081450923648,90.99794723535423,0.0821917808219178,0.18178024273986948
2026-07-09,-0.049481392406793334,86.60482725611851,90.99794723535423,0.0821917808219178,0.17846277261667984
2026-07-09,-0.04329621835594416,87.14215320057464,90.99794723535423,0.0821917808219178,0.1752435161680326
2026-07-09,-0.03711104430509499,87.68281289881484,90.99794723535423,0.0821917808219178,0.17213555082702345
2026-07-09,-0.030925870254245813,88.2268270345869,90.99794723535423,0.0821917808219178,0.1691516729726915
2026-07-09,-0.02474069620339664,88.77421641996757,90.99794723535423,0.0821917808219178,0.1663040184784803
2026-07-09,-0.018555522152547466,89.3250019961589,90.99794723535423,0.0821917808219178,0.1636036741514974
2026-07-09,-0.012370348101698292,89.87920483428927,90.99794723535423,0.0821917808219178,0.1610603093291862
2026-07-09,-0.006185174050849118,90.43684613621956,90.99794723535423,0.0821917808219178,0.15868185800585055
2026-07-09,5.551115123125783e-17,90.99794723535423,90.99794723535423,0.0821917808219178,0.15647427847565978
2026-07-09,0.006185174050849229,91.56252959745751,90.99794723535423,0.0821917808219178,0.154441409847148
2026-07-09,0.012370348101698403,92.1306148214745,90.99794723535423,0.0821917808219178,0.15258493420193217
2026-07-09,0.018555522152547577,92.7022246403576,90.99794723535423,0.0821917808219178,0.1509044416515391
2026-07-09,0.02474069620339675,93.27738092189784,90.99794723535423,0.0821917808219178,0.14939758524119562
2026-07-09,0.030925870254245924,93.85610566956152,90.99794723535423,0.0821917808219178,0.14806030524434188
2026-07-09,0.0371110443050951,94.4384210233319,90.99794723535423,0.0821917808219178,0.14688709872034966
2026-07-09,0.04329621835594427,95.02434926055636,90.99794723535423,0.0821917808219178,0.14587131018769522
2026-07-09,0.049481392406793445,95.61391279679852,90.99794723535423,0.0821917808219178,0.14500542211415626
2026-07-09,0.05566656645764262,96.20713418669574,90.99794723535423,0.0821917808219178,0.14428132852260134
2026-07-09,0.06185174050849179,96.80403612482219,90.99794723535423,0.0821917808219178,0.14369058023810422
2026-07-09,0.06803691455934097,97.40464144655684,90.99794723535423,0.0821917808219178,0.14322459527817302
2026-07-09,0.07422208861019014,98.00897312895718,90.99794723535423,0.0821917808219178,0.14287483206125406
2026-07-09,0.08040726266103931,98.61705429163823,90.99794723535423,0.0821917808219178,0.14263292624082166
2026-07-09,0.08659243671188849,99.22890819765698,90.99794723535423,0.0821917808219178,0.14249079406055556
2026-07-09,0.09277761076273766,99.84455825440239,90.99794723535423,0.0821917808219178,0.14244070631035222
2026-07-09,0.09896278481358683,100.46402801449085,90.99794723535423,0.0821917808219178,0.1424753374454668
2026-07-09,0.10514795886443601,101.08734117666727,90.99794723535423,0.0821917808219178,0.14258779442010794
2026-07-09,0.11133313291528518,101.7145215867116,90.99794723535423,0.0821917808219178,0.14277162946436397
2026-07-09,0.11751830696613436,102.34559323835121,90.99794723535423,0.0821917808219178,0.14302084054220776
2026-07-09,0.12370348101698353,102.98058027417875,90.99794723535423,0.0821917808219178,0.14332986267092404
2026-07-09,0.1298886550678327,103.61950698657577,90.99794723535423,0.0821917808219178,0.14369355272600054
2026-07-09,0.13607382911868188,104.26239781864201,90.99794723535423,0.0821917808219178,0.14410716984027375
2026-07-09,0.14225900316953105,104.9092773651306,90.99794723535423,0.0821917808219178,0.14456635305215182
2026-07-09,0.14844417722038022,105.56017037338894,90.99794723535423,0.0821917808219178,0.1450670974720433
2026-07-09,0.1546293512712294,106.21510174430537,90.99794723535423,0.0821917808219178,0.14560572991756363
2026-07-09,0.16081452532207857,106.8740965332619,90.99794723535423,0.0821917808219178,0.14617888471096976
2026-07-09,0.16699969937292775,107.53717995109267,90.99794723535423,0.0821917808219178,0.14678348012881168
2026-07-09,0.17318487342377692,108.20437736504844,90.99794723535423,0.0821917808219178,0.14741669583563666
2026-07-09,0.1793700474746261,108.8757142997671,90.99794723535423,0.0821917808219178,0.1480759515127349
2026-07-09,0.18555522152547524,109.55121643825007,90.99794723535423,0.0821917808219178,0.14875888680215868
2026-07-10,-0.18443616091363985,74.83743139815975,89.99502045189796,0.0821917808219178,0.26108100707829257
2026-07-10,-0.17828828888318518,75.2989395423808,89.99502045189796,0.0821917808219178,0.2574836033359876
2026-07-10,-0.17214041685273052,75.76329371917141,89.99502045189796,0.0821917808219178,0.2538577800393347
2026-07-10,-0.16599254482227588,76.23051147947082,89.99502045189796,0.0821917808219178,0.2502041538985946
2026-07-10,-0.1598446727918212,76.70061048245152,89.99502045189796,0.0821917808219178,0.2465235497649206
2026-07-10,-0.15369680076136655,77.17360849618677,89.99502045189796,0.0821917808219178,0.24281703535265536
2026-07-10,-0.14754892873091188,77.64952339832212,89.99502045189796,0.0821917808219178,0.23908596078763353
2026-07-10,-0.14140105670045722,78.12837317675117,89.99502045189796,0.0821917808219178,0.2353320033873764
2026-07-10,-0.13525318467000255,78.61017593029543,89.99502045189796,0.0821917808219178,0.2315572179966487
2026-07-10,-0.1291053126395479,79.09494986938832,89.99502045189796,0.0821917808219178,0.22776409305565098
2026-07-10,-0.12295744060909324,79.5827133167636,89.99502045189796,0.0821917808219178,0.22395561234477193
2026-07-10,-0.11680956857863857,80.07348470814782,89.99502045189796,0.0821917808219178,0.22013532200131286
2026-07-10,-0.11066169654818392,80.56728259295707,89.99502045189796,0.0821917808219178,0.2163074019083824
2026-07-10,-0.10451382451772925,81.06412563499822,89.99502045189796,0.0821917808219178,0.21247673988201016
2026-07-10,-0.09836595248727459,81.56403261317426,89.99502045189796,0.0821917808219178,0.20864900620198293
2026-07-10,-0.09221808045681994,82.06702242219403,89.99502045189796,0.0821917808219178,0.2048307249314641
2026-07-10,-0.08607020842636527,82.57311407328649,89.99502045189796,0.0821917808219178,0.20102933716431234
2026-07-10,-0.0799223363959106,83.0823266949192,89.99502045189796,0.0821917808219178,0.19725324988758086
2026-07-10,-0.07377446436545596,83.59467953352132,89.99502045189796,0.0821917808219178,0.19351186267832338
2026-07-10,-0.06762659233500129,84.11019195421107,89.99502045189796,0.0821917808219178,0.18981556318547457
2026-07-10,-0.061478720304546625,84.62888344152765,89.99502045189796,0.0821917808219178,0.18617568159548006
2026-07-10,-0.05533084827409196,85.15077360016768,89.99502045189796,0.0821917808219178,0.18260439444818963
2026-07-10,-0.049182976243637294,85.67588215572623,89.99502045189796,0.0821917808219178,0.17911456969818967
2026-07-10,-0.04303510421318266,86.20422895544232,89.99502045189796,0.0821917808219178,0.1757195481841844
2026-07-10,-0.03688723218272799,86.73583396894911,89.99502045189796,0.0821917808219178,0.17243286184219525
2026-07-10,-0.030739360152273326,87.27071728902868,89.99502045189796,0.0821917808219178,0.1692678958652691
2026-07-10,-0.02459148812181866,87.80889913237144,89.99502045189796,0.0821917808219178,0.16623750985406863
2026-07-10,-0.018443616091363996,88.35039984034029,89.99502045189796,0.0821917808219178,0.1633536405856986
2026-07-10,-0.01229574406090933,88.89523987973942,89.99502045189796,0.0821917808219178,0.16062691478573454
2026-07-10,-0.006147872030454693,89.44343984358788,89.99502045189796,0.0821917808219178,0.1580663026969115
2026-07-10,-2.7755575615628914e-17,89.99502045189796,89.99502045189796,0.0821917808219178,0.15567884129537568
2026-07-10,0.0061478720304546375,90.55000255245828,89.99502045189796,0.0821917808219178,0.15346944963501996
2026-07-10,0.012295744060909303,91.10840712162184,89.99502045189796,0.0821917808219178,0.15144084898856455
2026-07-10,0.018443616091363968,91.67025526509873,89.99502045189796,0.0821917808219178,0.149593589026925
2026-07-10,0.024591488121818633,92.23556821875395,89.99502045189796,0.0821917808219178,0.14792617038403025
2026-07-10,0.0307393601522733,92.80436734941009,89.99502045189796,0.0821917808219178,0.1464352454546404
2026-07-10,0.036887232182727936,93.37667415565474,89.99502045189796,0.0821917808219178,0.14511587428386963
2026-07-10,0.0430351042131826,93.95251026865326,89.99502045189796,0.0821917808219178,0.1439618111356961
2026-07-10,0.049182976243637266,94.53189745296623,89.99502045189796,0.0821917808219178,0.14296579920696395
2026-07-10,0.05533084827409193,95.11485760737213,89.99502045189796,0.0821917808219178,0.14211985496302457
2026-07-10,0.0614787203045466,95.70141276569503,89.99502045189796,0.0821917808219178,0.14141552858880702
2026-07-10,0.06762659233500123,96.2915850976374,89.99502045189796,0.0821917808219178,0.14084413211679822
2026-07-10,0.07377446436545593,96.88539690961797,89.99502045189796,0.0821917808219178,0.1403969312529039
2026-07-10,0.07992233639591056,97.48287064561497,89.99502045189796,0.0821917808219178,0.14006530043080323
2026-07-10,0.08607020842636526,98.08402888801429,89.99502045189796,0.0821917808219178,0.139840843102139
2026-07-10,0.0922180804568199,98.68889435846314,89.99502045189796,0.0821917808219178,0.1397154808021129
2026-07-10,0.09836595248727453,99.29748991872871,89.99502045189796,0.0821917808219178,0.1396815152944376
2026-07-10,0.10451382451772923,99.90983857156246,89.99502045189796,0.0821917808219178,0.13973166829792208
2026-07-10,0.11066169654818386,100.52596346156932,89.99502045189796,0.0821917808219178,0.13985910311684202
2026-07-10,0.11680956857863856,101.14588787608258,89.99502045189796,0.0821917808219178,0.14005743209285518
2026-07-10,0.1229574406090932,101.76963524604413,89.99502045189796,0.0821917808219178,0.14032071328308168
2026-07-10,0.1291053126395479,102.39722914688998,89.99502045189796,0.0821917808219178,0.1406434392267123
2026-07-10,0.13525318467000252,103.02869329944133,89.99502045189796,0.0821917808219178,0.14102052014139896
2026-07-10,0.14140105670045716,103.66405157080113,89.99502045189796,0.0821917808219178,0.1414472634189035
2026-07-10,0.14754892873091185,104.3033279752563,89.99502045189796,0.0821917808219178,0.14191935087983207
2026-07-10,0.1536968007613665,104.94654667518517,89.99502045189796,0.0821917808219178,0.14243281490256504
2026-07-10,0.15984467279182119,105.59373198197088,89.99502045189796,0.0821917808219178,0.14298401425855028
2026-07-10,0.16599254482227582,106.24490835692019,89.99502045189796,0.0821917808219178,0.14356961025865722
2026-07-10,0.17214041685273046,106.90010041218818,89.99502045189796,0.0821917808219178,0.14418654363570999
2026-07-10,0.17828828888318515,107.55933291170828,89.99502045189796,0.0821917808219178,0.14483201244889476
2026-07-10,0.1844361609136398,108.22263077212838,89.99502045189796,0.0821917808219178,0.14550345118924085
2026-07-13,-0.18424095547827335,74.52256258178598,89.59888614262809,0.0821917808219178,0.26236837446506667
2026-07-13,-0.17809959029566425,74.98164109444456,89.59888614262809,0.0821917808219178,0.2587118835965711
2026-07-13,-0.1719582251130551,75.4435476510335,89.59888614262809,0.0821917808219178,0.2550261062836992
2026-07-13,-0.165816859930446,75.90829967304447,89.59888614262809,0.0821917808219178,0.25131165528771415
2026-07-13,-0.1596754947478369,76.37591468929003,89.59888614262809,0.0821917808219178,0.247569355736399
2026-07-13,-0.1535341295652278,76.84641033656487,89.59888614262809,0.0821917808219178,0.24380028073750093
2026-07-13,-0.14739276438261867,77.31980436031095,89.59888614262809,0.0821917808219178,0.2400057919469393
2026-07-13,-0.14125139920000956,77.79611461528681,89.59888614262809,0.0821917808219178,0.23618758550386115
2026-07-13,-0.13511003401740046,78.27535906624092,89.59888614262809,0.0821917808219178,0.23234774365699917
2026-07-13,-0.12896866883479136,78.7575557885894,89.59888614262809,0.0821917808219178,0.22848879225258695
2026-07-13,-0.12282730365218222,79.2427229690976,89.59888614262809,0.0821917808219178,0.22461376400913494
2026-07-13,-0.11668593846957312,79.73087890656613,89.59888614262809,0.0821917808219178,0.2207262671398615
2026-07-13,-0.110544573286964,80.22204201252102,89.59888614262809,0.0821917808219178,0.21683055836729398
2026-07-13,-0.1044032081043549,80.7162308119081,89.59888614262809,0.0821917808219178,0.2129316186739967
2026-07-13,-0.09826184292174578,81.21346394379178,89.59888614262809,0.0821917808219178,0.20903522922158796
2026-07-13,-0.09212047773913667,81.71376016205788,89.59888614262809,0.0821917808219178,0.2051480437354781
2026-07-13,-0.08597911255652756,82.21713833612118,89.59888614262809,0.0821917808219178,0.20127765231301767
2026-07-13,-0.07983774737391844,82.72361745163694,89.59888614262809,0.0821917808219178,0.1974326301346398
2026-07-13,-0.07369638219130933,83.23321661121706,89.59888614262809,0.0821917808219178,0.1936225630785142
2026-07-13,-0.06755501700870022,83.74595503515052,89.59888614262809,0.0821917808219178,0.1898580409875167
2026-07-13,-0.06141365182609111,84.2618520621283,89.59888614262809,0.0821917808219178,0.1861506086412948
2026-07-13,-0.055272286643481994,84.78092714997283,89.59888614262809,0.0821917808219178,0.18251266475892675
2026-07-13,-0.04913092146087289,85.30319987637176,89.59888614262809,0.0821917808219178,0.1789573010416725
2026-07-13,-0.042989556278263785,85.8286899396165,89.59888614262809,0.0821917808219178,0.17549807672676532
2026-07-13,-0.03684819109565465,86.35741715934502,89.59888614262809,0.0821917808219178,0.1721487294997337
2026-07-13,-0.03070682591304555,86.88940147728954,89.59888614262809,0.0821917808219178,0.16892283064639194
2026-07-13,-0.024565460730436445,87.42466295802849,89.59888614262809,0.0821917808219178,0.16583340024345214
2026-07-13,-0.018424095547827313,87.96322178974343,89.59888614262809,0.0821917808219178,0.1628925057103279
2026-07-13,-0.012282730365218208,88.50509828498033,89.59888614262809,0.0821917808219178,0.16011087259216342
2026-07-13,-0.006141365182609104,89.05031288141588,89.59888614262809,0.0821917808219178,0.15749753852092452
2026-07-13,0.0,89.59888614262809,89.59888614262809,0.0821917808219178,0.15505957897855316
2026-07-13,0.006141365182609132,90.15083875887207,89.59888614262809,0.0821917808219178,0.15280192678304932
2026-07-13,0.012282730365218236,90.70619154786033,89.59888614262809,0.0821917808219178,0.15072729720669617
2026-07-13,0.01842409554782734,91.2649654555479,89.59888614262809,0.0821917808219178,0.14883621918485737
2026-07-13,0.024565460730436472,91.82718155692241,89.59888614262809,0.0821917808219178,0.14712716231882628
2026-07-13,0.030706825913045577,92.39286105679892,89.59888614262809,0.0821917808219178,0.14559674111989418
2026-07-13,0.03684819109565468,92.96202529061974,89.59888614262809,0.0821917808219178,0.14423997322165946
2026-07-13,0.042989556278263785,93.53469572525906,89.59888614262809,0.0821917808219178,0.14305056724193985
2026-07-13,0.04913092146087292,94.11089395983265,89.59888614262809,0.0821917808219178,0.14202121799839168
2026-07-13,0.05527228664348202,94.6906417265125,89.59888614262809,0.0821917808219178,0.1411438908460712
2026-07-13,0.061413651826091126,95.27396089134646,89.59888614262809,0.0821917808219178,0.14041008190557974
2026-07-13,0.06755501700870026,95.86087345508298,89.59888614262809,0.0821917808219178,0.1398110459573655
2026-07-13,0.07369638219130936,96.45140155400087,89.59888614262809,0.0821917808219178,0.13933798816059426
2026-07-13,0.07983774737391847,97.04556746074422,89.59888614262809,0.0821917808219178,0.13898221919249384
2026-07-13,0.08597911255652757,97.64339358516249,89.59888614262809,0.0821917808219178,0.13873527582443795
2026-07-13,0.09212047773913667,98.24490247515561,89.59888614262809,0.0821917808219178,0.13858901044623811
2026-07-13,0.09826184292174578,98.85011681752452,89.59888614262809,0.0821917808219178,0.1385356537952346
2026-07-13,0.10440320810435494,99.45905943882681,89.59888614262809,0.0821917808219178,0.13856785533956018
2026-07-13,0.11054457328696404,100.0717533062376,89.59888614262809,0.0821917808219178,0.1386787055883574
2026-07-13,0.11668593846957315,100.6882215284159,89.59888614262809,0.0821917808219178,0.13886174420586367
2026-07-13,0.12282730365218225,101.30848735637603,89.59888614262809,0.0821917808219178,0.13911095730355047
2026-07-13,0.12896866883479136,101.93257418436473,89.59888614262809,0.0821917808219178,0.139420766752535
2026-07-13,0.13511003401740046,102.56050555074336,89.59888614262809,0.0821917808219178,0.13978601384636813
2026-07-13,0.14125139920000956,103.19230513887581,89.59888614262809,0.0821917808219178,0.1402019391797435
2026-07-13,0.14739276438261872,103.82799677802167,89.59888614262809,0.0821917808219178,0.14066416020438371
2026-07-13,0.15353412956522783,104.46760444423501,89.59888614262809,0.0821917808219178,0.14116864758231387
2026-07-13,0.15967549474783693,105.11115226126869,89.59888614262809,0.0821917808219178,0.14171170117605267
2026-07-13,0.16581685993044604,105.7586645014842,89.59888614262809,0.0821917808219178,0.14228992628894438
2026-07-13,0.17195822511305514,106.41016558676714,89.59888614262809,0.0821917808219178,0.14290021058962704
2026-07-13,0.17809959029566425,107.0656800894483,89.59888614262809,0.0821917808219178,0.14353970201500343
2026-07-13,0.18424095547827332,107.72523273323054,89.59888614262809,0.0821917808219178,0.14420578783901625
2026-07-14,-0.19016906443216564,74.95882083599643,90.6592498958211,0.0821917808219178,0.2660045428442893
2026-07-14,-0.18383009561776012,75.43549166825856,90.6592498958211,0.0821917808219178,0.2622361502459629
2026-07-14,-0.1774911268033546,75.91519369924814,90.6592498958211,0.0821917808219178,0.2584386841823264
2026-07-14,-0.1711521579889491,76.39794620466887,90.6592498958211,0.0821917808219178,0.25461299767250395
2026-07-14,-0.16481318917454357,76.88376858280063,90.6592498958211,0.0821917808219178,0.2507601963453318
2026-07-14,-0.15847422036013803,77.37268035527896,90.6592498958211,0.0821917808219178,0.24688167947461256
2026-07-14,-0.1521352515457325,77.86470116787945,90.6592498958211,0.0821917808219178,0.2429791863851541
2026-07-14,-0.145796282731327,78.35985079130724,90.6592498958211,0.0821917808219178,0.2390548485371818
2026-07-14,-0.13945731391692148,78.85814912199137,90.6592498958211,0.0821917808219178,0.23511124743614986
2026-07-14,-0.13311834510251597,79.35961618288435,90.6592498958211,0.0821917808219178,0.2311514782623991
2026-07-14,-0.12677937628811045,79.86427212426666,90.6592498958211,0.0821917808219178,0.22717921874184985
2026-07-14,-0.12044040747370492,80.37213722455651,90.6592498958211,0.0821917808219178,0.22319880225317698
2026-07-14,-0.1141014386592994,80.88323189112467,90.6592498958211,0.0821917808219178,0.21921529345701846
2026-07-14,-0.10776246984489389,81.3975766611144,90.6592498958211,0.0821917808219178,0.21523456381316236
2026-07-14,-0.10142350103048836,81.91519220226685,90.6592498958211,0.0821917808219178,0.21126336321277112
2026-07-14,-0.09508453221608285,82.4360993137514,90.6592498958211,0.0821917808219178,0.20730938261536985
2026-07-14,-0.08874556340167733,82.96031892700148,90.6592498958211,0.0821917808219178,0.2033813011147956
2026-07-14,-0.08240659458727181,83.4878721065557,90.6592498958211,0.0821917808219178,0.19948880940582697
2026-07-14,-0.0760676257728663,84.01878005090418,90.6592498958211,0.0821917808219178,0.1956426004153134
2026-07-14,-0.06972865695846077,84.55306409334047,90.6592498958211,0.0821917808219178,0.19185431722778484
2026-07-14,-0.06338968814405527,85.09074570281865,90.6592498958211,0.0821917808219178,0.1881364487859934
2026-07-14,-0.057050719329649724,85.63184648481614,90.6592498958211,0.0821917808219178,0.18450216561557334
2026-07-14,-0.05071175051524421,86.17638818220178,90.6592498958211,0.0821917808219178,0.1809650913608147
2026-07-14,-0.04437278170083869,86.72439267610955,90.6592498958211,0.0821917808219178,0.17753901134204936
2026-07-14,-0.03803381288643318,87.27588198681782,90.6592498958211,0.0821917808219178,0.1742375263738501
2026-07-14,-0.03169484407202766,87.83087827463414,90.6592498958211,0.0821917808219178,0.1710736679274235
2026-07-14,-0.025355875257622146,88.38940384078577,90.6592498958211,0.0821917808219178,0.16805949809935794
2026-07-14,-0.01901690644321663,88.95148112831572,90.6592498958211,0.0821917808219178,0.1652057231982524
2026-07-14,-0.012677937628811087,89.51713272298464,90.6592498958211,0.0821917808219178,0.1625213516242789
2026-07-14,-0.006338968814405571,90.08638135417833,90.6592498958211,0.0821917808219178,0.16001342421474435
2026-07-14,-5.551115123125783e-17,90.65924989582109,90.6592498958211,0.0821917808219178,0.1576868384255042
2026-07-14,0.00633896881440546,91.2357613672949,90.6592498958211,0.0821917808219178,0.155544277710111
2026-07-14,0.012677937628810976,91.81593893436427,90.6592498958211,0.0821917808219178,0.15358624611083768
2026-07-14,0.01901690644321649,92.39980591010722,90.6592498958211,0.0821917808219178,0.15181119749217922
2026-07-14,0.025355875257622007,92.98738575585206,90.6592498958211,0.0821917808219178,0.15021574078566313
2026-07-14,0.03169484407202752,93.57870208212003,90.6592498958211,0.0821917808219178,0.14879489806861865
2026-07-14,0.03803381288643304,94.17377864957416,90.6592498958211,0.0821917808219178,0.14754239137750993
2026-07-14,0.04437278170083858,94.77263936997392,90.6592498958211,0.0821917808219178,0.14645093624144495
2026-07-14,0.0507117505152441,95.37530830713614,90.6592498958211,0.0821917808219178,0.14551252399192136
2026-07-14,0.05705071932964961,95.98180967790194,90.6592498958211,0.0821917808219178,0.14471867987093742
2026-07-14,0.0633896881440551,96.59216785310976,90.6592498958211,0.0821917808219178,0.14406068890970872
2026-07-14,0.06972865695846064,97.20640735857481,90.6592498958211,0.0821917808219178,0.1435297858697094
2026-07-14,0.07606762577286619,97.82455287607435,90.6592498958211,0.0821917808219178,0.14311730891655713
2026-07-14,0.08240659458727168,98.44662924433968,90.6592498958211,0.0821917808219178,0.14281481906977556
2026-07-14,0.08874556340167722,99.07266146005412,90.6592498958211,0.0821917808219178,0.14261418893174996
2026-07-14,0.0950845322160827,99.70267467885743,90.6592498958211,0.0821917808219178,0.14250766492170194
2026-07-14,0.10142350103048825,100.33669421635672,90.6592498958211,0.0821917808219178,0.14248790742093753
2026-07-14,0.10776246984489374,100.97474554914362,90.6592498958211,0.0821917808219178,0.14254801305441003
2026-07-14,0.11410143865929928,101.61685431581799,90.6592498958211,0.0821917808219178,0.14268152293845424
2026-07-14,0.12044040747370482,102.2630463180182,90.6592498958211,0.0821917808219178,0.14288242022577727
2026-07-14,0.1267793762881103,102.91334752145791,90.6592498958211,0.0821917808219178,0.1431451197524907
2026-07-14,0.13311834510251586,103.56778405696937,90.6592498958211,0.0821917808219178,0.14346445208614234
2026-07-14,0.13945731391692134,104.22638222155352,90.6592498958211,0.0821917808219178,0.1438356438153386
2026-07-14,0.1457962827313269,104.88916847943659,90.6592498958211,0.0821917808219178,0.14425429552293462
2026-07-14,0.15213525154573238,105.55616946313357,90.6592498958211,0.0821917808219178,0.14471635854867462
2026-07-14,0.15847422036013792,106.22741197451833,90.6592498958211,0.0821917808219178,0.14521811137063842
2026-07-14,0.16481318917454346,106.90292298590059,90.6592498958211,0.0821917808219178,0.14575613621192002
2026-07-14,0.17115215798894895,107.58272964110975,90.6592498958211,0.0821917808219178,0.14632729630240685
2026-07-14,0.1774911268033545,108.26685925658569,90.6592498958211,0.0821917808219178,0.14692871408794422
2026-07-14,0.18383009561775998,108.9553393224762,90.6592498958211,0.0821917808219178,0.1475577505736396
2026-07-14,0.19016906443216552,109.64819750374186,90.6592498958211,0.0821917808219178,0.14821198590840146
2026-07-15,-0.1935858783067379,75.42860386639217,91.53967116867693,0.0821917808219178,0.2719909236560281
2026-07-15,-0.1871330156965133,75.91690806959924,91.53967116867693,0.0821917808219178,0.268209180703952
2026-07-15,-0.1806801530862887,76.40837342100008,91.53967116867693,0.0821917808219178,0.2643984859895781
2026-07-15,-0.1742272904760641,76.90302038500565,91.53967116867693,0.0821917808219178,0.2605596215121501
2026-07-15,-0.16777442786583951,77.40086955850798,91.53967116867693,0.0821917808219178,0.25669360394087554
2026-07-15,-0.16132156525561492,77.90194167173772,91.53967116867693,0.0821917808219178,0.2528017224630005
2026-07-15,-0.15486870264539032,78.40625758912739,91.53967116867693,0.0821917808219178,0.2488855816132376
2026-07-15,-0.14841584003516572,78.91383831018017,91.53967116867693,0.0821917808219178,0.24494714941234658
2026-07-15,-0.14196297742494113,79.42470497034427,91.53967116867693,0.0821917808219178,0.240988811020167
2026-07-15,-0.13551011481471653,79.93887884189304,91.53967116867693,0.0821917808219178,0.23701342791083327
2026-07-15,-0.12905725220449193,80.45638133481071,91.53967116867693,0.0821917808219178,0.23302440228087054
2026-07-15,-0.12260438959426734,80.97723399768392,91.53967116867693,0.0821917808219178,0.22902574597654696
2026-07-15,-0.11615152698404274,81.501458518599,91.53967116867693,0.0821917808219178,0.22502215264602987
2026-07-15,-0.10969866437381814,82.02907672604498,91.53967116867693,0.0821917808219178,0.22101907105809798
2026-07-15,-0.10324580176359355,82.56011058982263,91.53967116867693,0.0821917808219178,0.21702277656574093
2026-07-15,-0.09679293915336895,83.09458222195917,91.53967116867693,0.0821917808219178,0.21304043653390978
2026-07-15,-0.09034007654314435,83.63251387762908,91.53967116867693,0.0821917808219178,0.2090801642354862
2026-07-15,-0.08388721393291976,84.17392795608077,91.53967116867693,0.0821917808219178,0.20515105434160102
2026-07-15,-0.07743435132269516,84.71884700156926,91.53967116867693,0.0821917808219178,0.20126319185778543
2026-07-15,-0.07098148871247056,85.26729370429493,91.53967116867693,0.0821917808219178,0.19742762543810277
2026-07-15,-0.06452862610224597,85.81929090134832,91.53967116867693,0.0821917808219178,0.1936562957814811
2026-07-15,-0.05807576349202137,86.3748615776611,91.53967116867693,0.0821917808219178,0.1899619106684052
2026-07-15,-0.051622900881796774,86.93402886696305,91.53967116867693,0.0821917808219178,0.18635776050734837
2026-07-15,-0.04517003827157218,87.49681605274547,91.53967116867693,0.0821917808219178,0.1828574722762206
2026-07-15,-0.03871717566134758,88.06324656923059,91.53967116867693,0.0821917808219178,0.17947470544108526
2026-07-15,-0.032264313051122984,88.63334400234741,91.53967116867693,0.0821917808219178,0.1762228003840143
2026-07-15,-0.025811450440898387,89.20713209071383,91.53967116867693,0.0821917808219178,0.17311439717838437
2026-07-15,-0.01935858783067379,89.78463472662504,91.53967116867693,0.0821917808219178,0.1701610489253288
2026-07-15,-0.012905725220449193,90.36587595704847,91.53967116867693,0.0821917808219178,0.16737285787737347
2026-07-15,-0.006452862610224597,90.95087998462503,91.53967116867693,0.0821917808219178,0.16475816303299473
2026-07-15,0.0,91.53967116867693,91.53967116867693,0.0821917808219178,0.16232330424212918
2026-07-15,0.006452862610224597,92.13227402622199,91.53967116867693,0.0821917808219178,0.16007248047459716
2026-07-15,0.012905725220449193,92.72871323299454,91.53967116867693,0.0821917808219178,0.15800771001367964
2026-07-15,0.01935858783067379,93.32901362447281,91.53967116867693,0.0821917808219178,0.15612888975635725
2026-07-15,0.025811450440898387,93.9332001969132,91.53967116867693,0.0821917808219178,0.15443394140451466
2026-07-15,0.032264313051122984,94.54129810839106,91.53967116867693,0.0821917808219178,0.15291902556115444
2026-07-15,0.03871717566134758,95.15333267984825,91.53967116867693,0.0821917808219178,0.151578801307413
2026-07-15,0.04517003827157218,95.76932939614746,91.53967116867693,0.0821917808219178,0.15040670865584913
2026-07-15,0.051622900881796774,96.38931390713346,91.53967116867693,0.0821917808219178,0.14939525368565076
2026-07-15,0.05807576349202137,97.01331202870112,91.53967116867693,0.0821917808219178,0.14853628020260037
2026-07-15,0.06452862610224597,97.64134974387035,91.53967116867693,0.0821917808219178,0.14782121645806146
2026-07-15,0.07098148871247056,98.27345320386807,91.53967116867693,0.0821917808219178,0.1472412900218634
2026-07-15,0.07743435132269516,98.90964872921708,91.53967116867693,0.0821917808219178,0.14678770782189265
2026-07-15,0.08388721393291976,99.54996281083213,91.53967116867693,0.0821917808219178,0.14645180139395175
2026-07-15,0.09034007654314435,100.19442211112278,91.53967116867693,0.0821917808219178,0.14622513949331392
2026-07-15,0.09679293915336895,100.84305346510392,91.53967116867693,0.0821917808219178,0.14609961150198544
2026-07-15,0.10324580176359355,101.49588388151292,91.53967116867693,0.0821917808219178,0.1460674856856692
2026-07-15,0.10969866437381814,102.15294054393436,91.53967116867693,0.0821917808219178,0.14612144648942405
2026-07-15,0.11615152698404274,102.81425081193191,91.53967116867693,0.0821917808219178,0.14625461487313177
2026-07-15,0.12260438959426734,103.47984222218764,91.53967116867693,0.0821917808219178,0.14646055530928442
2026-07-15,0.12905725220449193,104.14974248964856,91.53967116867693,0.0821917808219178,0.14673327259507
2026-07-15,0.13551011481471653,104.82397950868067,91.53967116867693,0.0821917808219178,0.14706720113649038
2026-07-15,0.14196297742494113,105.50258135423051,91.53967116867693,0.0821917808219178,0.14745718888753315
2026-07-15,0.14841584003516572,106.18557628299413,91.53967116867693,0.0821917808219178,0.14789847769670808
2026-07-15,0.15486870264539032,106.87299273459381,91.53967116867693,0.0821917808219178,0.14838668143783446
2026-07-15,0.16132156525561492,107.56485933276205,91.53967116867693,0.0821917808219178,0.14891776298448567
2026-07-15,0.16777442786583951,108.2612048865337,91.53967116867693,0.0821917808219178,0.14948801082540686
2026-07-15,0.1742272904760641,108.96205839144542,91.53967116867693,0.0821917808219178,0.1500940159061548
2026-07-15,0.1806801530862887,109.66744903074299,91.53967116867693,0.0821917808219178,0.1507326491136031
2026-07-15,0.1871330156965133,110.37740617659664,91.53967116867693,0.0821917808219178,0.15140103968803845
2026-07-15,0.1935858783067379,111.091959391324,91.53967116867693,0.0821917808219178,0.1520965547459567
2026-07-16,-0.19786914653918386,74.7647950636483,91.12354895245564,0.0821917808219178,0.27332271575408673
2026-07-16,-0.19127350832121107,75.25954641020078,91.12354895245564,0.0821917808219178,0.2696550618785246
2026-07-16,-0.18467787010323827,75.75757174278783,91.12354895245564,0.0821917808219178,0.2659608227004898
2026-07-16,-0.17808223188526548,76.25889272680688,91.12354895245564,0.0821917808219178,0.262240811087103
2026-07-16,-0.17148659366729269,76.76353117102478,91.12354895245564,0.0821917808219178,0.258496063426345
2026-07-16,-0.16489095544931986,77.27150902852651,91.12354895245564,0.0821917808219178,0.2547278746532269
2026-07-16,-0.15829531723134707,77.78284839767025,91.12354895245564,0.0821917808219178,0.25093783778394996
2026-07-16,-0.15169967901337428,78.29757152304862,91.12354895245564,0.0821917808219178,0.24712788824710002
2026-07-16,-0.14510404079540148,78.81570079645651,91.12354895245564,0.0821917808219178,0.24330035319260648
2026-07-16,-0.1385084025774287,79.33725875786506,91.12354895245564,0.0821917808219178,0.23945800578559037
2026-07-16,-0.1319127643594559,79.86226809640227,91.12354895245564,0.0821917808219178,0.23560412423225355
2026-07-16,-0.1253171261414831,80.39075165134005,91.12354895245564,0.0821917808219178,0.23174255491444917
2026-07-16,-0.1187214879235103,80.92273241308772,91.12354895245564,0.0821917808219178,0.2278777785028728
2026-07-16,-0.1121258497055375,81.45823352419218,91.12354895245564,0.0821917808219178,0.22401497725211303
2026-07-16,-0.1055302114875647,81.99727828034473,91.12354895245564,0.0821917808219178,0.22016010083779788
2026-07-16,-0.0989345732695919,82.53989013139446,91.12354895245564,0.0821917808219178,0.21631992707685974
2026-07-16,-0.09233893505161911,83.0860926823683,91.12354895245564,0.0821917808219178,0.2125021127053592
2026-07-16,-0.08574329683364632,83.63590969449803,91.12354895245564,0.0821917808219178,0.2087152281475187
2026-07-16,-0.07914765861567352,84.18936508625386,91.12354895245564,0.0821917808219178,0.20496876902877606
2026-07-16,-0.07255202039770073,84.74648293438496,91.12354895245564,0.0821917808219178,0.20127313627323304
2026-07-16,-0.06595638217972793,85.30728747496693,91.12354895245564,0.0821917808219178,0.1976395762668444
2026-07-16,-0.059360743961755114,85.87180310445603,91.12354895245564,0.0821917808219178,0.1940800731042713
2026-07-16,-0.05276510574378232,86.4400543807506,91.12354895245564,0.0821917808219178,0.19060718671705099
2026-07-16,-0.04616946752580953,87.01206602425928,91.12354895245564,0.0821917808219178,0.18723383396610585
2026-07-16,-0.03957382930783673,87.58786291897647,91.12354895245564,0.0821917808219178,0.18397301462806956
2026-07-16,-0.03297819108986394,88.16747011356487,91.12354895245564,0.0821917808219178,0.18083749033468738
2026-07-16,-0.026382552871891146,88.75091282244513,91.12354895245564,0.0821917808219178,0.17783943124620905
2026-07-16,-0.019786914653918353,89.33821642689273,91.12354895245564,0.0821917808219178,0.17499005147339833
2026-07-16,-0.013191276435945531,89.92940647614218,91.12354895245564,0.0821917808219178,0.17229925871461202
2026-07-16,-0.006595638217972738,90.5245086884984,91.12354895245564,0.0821917808219178,0.169775345050865
2026-07-16,5.551115123125783e-17,91.12354895245564,91.12354895245564,0.0821917808219178,0.16742474362296536
2026-07-16,0.006595638217972849,91.7265533278236,91.12354895245564,0.0821917808219178,0.16525187004749875
2026-07-16,0.013191276435945642,92.33354804686114,91.12354895245564,0.0821917808219178,0.16325905880302066
2026-07-16,0.019786914653918436,92.9445595154175,91.12354895245564,0.0821917808219178,0.1614465949684301
2026-07-16,0.02638255287189123,93.55961431408085,91.12354895245564,0.0821917808219178,0.15981283238396934
2026-07-16,0.03297819108986402,94.17873919933488,91.12354895245564,0.0821917808219178,0.1583543820462589
2026-07-16,0.039573829307836816,94.80196110472258,91.12354895245564,0.0821917808219178,0.1570663502530458
2026-07-16,0.04616946752580964,95.4293071420179,91.12354895245564,0.0821917808219178,0.15594260485967631
2026-07-16,0.0527651057437824,96.06080460240538,91.12354895245564,0.0821917808219178,0.1549760495471616
2026-07-16,0.059360743961755225,96.69648095766718,91.12354895245564,0.0821917808219178,0.1541588893998737
2026-07-16,0.06595638217972799,97.33636386137829,91.12354895245564,0.0821917808219178,0.1534828754167691
2026-07-16,0.07255202039770081,97.98048115010945,91.12354895245564,0.0821917808219178,0.15293952001860048
2026-07-16,0.07914765861567363,98.62886084463827,91.12354895245564,0.0821917808219178,0.15252027958608286
2026-07-16,0.0857432968336464,99.28153115116798,91.12354895245564,0.0821917808219178,0.15221670325167067
2026-07-16,0.09233893505161922,99.93852046255468,91.12354895245564,0.0821917808219178,0.1520205494720128
2026-07-16,0.09893457326959199,100.59985735954233,91.12354895245564,0.0821917808219178,0.1519238733834302
2026-07-16,0.1055302114875648,101.26557061200627,91.12354895245564,0.0821917808219178,0.15191908872725543
2026-07-16,0.11212584970553757,101.93568918020465,91.12354895245564,0.0821917808219178,0.15199900839382532
2026-07-16,0.1187214879235104,102.61024221603826,91.12354895245564,0.0821917808219178,0.15215686753571636
2026-07-16,0.12531712614148321,103.28925906431884,91.12354895245564,0.0821917808219178,0.1523863328800284
2026-07-16,0.13191276435945598,103.97276926404554,91.12354895245564,0.0821917808219178,0.1526815014321801
2026-07-16,0.1385084025774288,104.66080254969,91.12354895245564,0.0821917808219178,0.15303689128510478
2026-07-16,0.14510404079540157,105.35338885248989,91.12354895245564,0.0821917808219178,0.15344742677718953
2026-07-16,0.1516996790133744,106.05055830175091,91.12354895245564,0.0821917808219178,0.15390841980886447
2026-07-16,0.15829531723134715,106.7523412261576,91.12354895245564,0.0821917808219178,0.15441554874598848
2026-07-16,0.16489095544931998,107.45876815509266,91.12354895245564,0.0821917808219178,0.15496483601292232
2026-07-16,0.1714865936672928,108.16986981996506,91.12354895245564,0.0821917808219178,0.15555262520820207
2026-07-16,0.17808223188526556,108.8856771555469,91.12354895245564,0.0821917808219178,0.1561755583563983
2026-07-16,0.18467787010323838,109.60622130131934,91.12354895245564,0.0821917808219178,0.1568305537348446
2026-07-16,0.19127350832121115,110.33153360282691,91.12354895245564,0.0821917808219178,0.15751478457677062
2026-07-16,0.197869146539184,111.06164561304148,91.12354895245564,0.0821917808219178,0.15822565884654594
2026-07-17,-0.1972853977972119,76.22739799216446,92.85195560594804,0.0821917808219178,0.2748570989585207
2026-07-17,-0.1907092178706382,76.73033496620629,92.85195560594804,0.0821917808219178,0.2712404791006266
2026-07-17,-0.18413303794406444,77.23659024320115,92.85195560594804,0.0821917808219178,0.267596142182103
2026-07-17,-0.17755685801749072,77.74618571681573,92.85195560594804,0.0821917808219178,0.26392466728562614
2026-07-17,-0.170980678090917,78.2591434251679,92.85195560594804,0.0821917808219178,0.2602268268349971
2026-07-17,-0.16440449816434324,78.77548555177974,92.85195560594804,0.0821917808219178,0.2565036185419716
2026-07-17,-0.15782831823776952,79.29523442653682,92.85195560594804,0.0821917808219178,0.25275630181140396
2026-07-17,-0.15125213831119577,79.81841252665406,92.85195560594804,0.0821917808219178,0.24898643900728873
2026-07-17,-0.14467595838462205,80.3450424776476,92.85195560594804,0.0821917808219178,0.24519594192242242
2026-07-17,-0.13809977845804833,80.87514705431339,92.85195560594804,0.0821917808219178,0.2413871236816066
2026-07-17,-0.1315235985314746,81.40874918171207,92.85195560594804,0.0821917808219178,0.23756275612220326
2026-07-17,-0.12494741860490086,81.94587193616042,92.85195560594804,0.0821917808219178,0.23372613241143617
2026-07-17,-0.11837123867832713,82.48653854622924,92.85195560594804,0.0821917808219178,0.2298811342480241
2026-07-17,-0.1117950587517534,83.0307723937481,92.85195560594804,0.0821917808219178,0.22603230242517844
2026-07-17,-0.10521887882517966,83.57859701481624,92.85195560594804,0.0821917808219178,0.22218490877298777
2026-07-17,-0.09864269889860594,84.13003610082065,92.85195560594804,0.0821917808219178,0.21834502652968912
2026-07-17,-0.0920665189720322,84.68511349946053,92.85195560594804,0.0821917808219178,0.21451959501200302
2026-07-17,-0.08549033904545847,85.24385321577863,92.85195560594804,0.0821917808219178,0.21071647309889938
2026-07-17,-0.07891415911888475,85.80627941319936,92.85195560594804,0.0821917808219178,0.20694447460091397
2026-07-17,-0.07233797919231101,86.37241641457383,92.85195560594804,0.0821917808219178,0.2032133772259429
2026-07-17,-0.06576179926573728,86.94228870323168,92.85195560594804,0.0821917808219178,0.1995338958343515
2026-07-17,-0.05918561933916355,87.51592092403988,92.85195560594804,0.0821917808219178,0.19591761035964092
2026-07-17,-0.052609439412589803,88.09333788446854,92.85195560594804,0.0821917808219178,0.19237683958240792
2026-07-17,-0.04603325948601608,88.67456455566376,92.85195560594804,0.0821917808219178,0.18892445430667865
2026-07-17,-0.03945707955944236,89.25962607352756,92.85195560594804,0.0821917808219178,0.18557362769110183
2026-07-17,-0.03288089963286861,89.84854773980483,92.85195560594804,0.0821917808219178,0.18233752653188984
2026-07-17,-0.026304719706294888,90.44135502317761,92.85195560594804,0.0821917808219178,0.1792289547262512
2026-07-17,-0.019728539779721166,91.0380735603665,92.85195560594804,0.0821917808219178,0.1762599679770268
2026-07-17,-0.013152359853147416,91.63872915723937,92.85195560594804,0.0821917808219178,0.17344148558893757
2026-07-17,-0.006576179926573694,92.2433477899273,92.85195560594804,0.0821917808219178,0.1707829293418541
2026-07-17,2.7755575615628914e-17,92.85195560594804,92.85195560594804,0.0821917808219178,0.16829191957666484
2026-07-17,0.0065761799265737775,93.46457892533674,92.85195560594804,0.0821917808219178,0.16597405422365105
2026-07-17,0.0131523598531475,94.08124424178416,92.85195560594804,0.0821917808219178,0.16383278802856976
2026-07-17,0.01972853977972122,94.70197822378258,92.85195560594804,0.0821917808219178,0.16186941819045403
2026-07-17,0.02630471970629497,95.32680771577888,92.85195560594804,0.0821917808219178,0.160083171132353
2026-07-17,0.03288089963286869,95.9557597393357,92.85195560594804,0.0821917808219178,0.15847137529456246
2026-07-17,0.039457079559442415,96.5888614942998,92.85195560594804,0.0821917808219178,0.15702969820251642
2026-07-17,0.046033259486016165,97.22614035997856,92.85195560594804,0.0821917808219178,0.15575242324688818
2026-07-17,0.05260943941258989,97.86762389632388,92.85195560594804,0.0821917808219178,0.15463274235143568
2026-07-17,0.059185619339163636,98.51333984512408,92.85195560594804,0.0821917808219178,0.15366304409262083
2026-07-17,0.06576179926573736,99.16331613120371,92.85195560594804,0.0821917808219178,0.15283518171258212
2026-07-17,0.07233797919231108,99.81758086363115,92.85195560594804,0.0821917808219178,0.15214071074288313
2026-07-17,0.0789141591188848,100.47616233693411,92.85195560594804,0.0821917808219178,0.1515710908136359
2026-07-17,0.08549033904545852,101.13908903232344,92.85195560594804,0.0821917808219178,0.15111785018309432
2026-07-17,0.0920665189720323,101.80638961892478,92.85195560594804,0.0821917808219178,0.15077271441146756
2026-07-17,0.09864269889860602,102.47809295501831,92.85195560594804,0.0821917808219178,0.15052770246109834
2026-07-17,0.10521887882517975,103.15422808928687,92.85195560594804,0.0821917808219178,0.1503751944979622
2026-07-17,0.11179505875175347,103.83482426207215,92.85195560594804,0.0821917808219178,0.15030797600784807
2026-07-17,0.11837123867832719,104.51991090663925,92.85195560594804,0.0821917808219178,0.15031926273128174
2026-07-17,0.12494741860490091,105.20951765044954,92.85195560594804,0.0821917808219178,0.15040271053930995
2026-07-17,0.1315235985314747,105.90367431644196,92.85195560594804,0.0821917808219178,0.15055241385147694
2026-07-17,0.1380997784580484,106.60241092432275,92.85195560594804,0.0821917808219178,0.15076289563135756
2026-07-17,0.14467595838462213,107.30575769186365,92.85195560594804,0.0821917808219178,0.15102909144378945
2026-07-17,0.15125213831119586,108.01374503620879,92.85195560594804,0.0821917808219178,0.15134632955567942
2026-07-17,0.15782831823776958,108.72640357519002,92.85195560594804,0.0821917808219178,0.15171030862503102
2026-07-17,0.1644044981643433,109.44376412865111,92.85195560594804,0.0821917808219178,0.1521170741549035
2026-07-17,0.17098067809091708,110.16585771978052,92.85195560594804,0.0821917808219178,0.1525629945875158
2026-07-17,0.1775568580174908,110.89271557645307,92.85195560594804,0.0821917808219178,0.15304473767202328
2026-07-17,0.18413303794406452,111.62436913258045,92.85195560594804,0.0821917808219178,0.153559247549421
2026-07-17,0.19070921787063824,112.36085002947056,92.85195560594804,0.0821917808219178,0.15410372285112775
2026-07-17,0.19728539779721196,113.10219011719596,92.85195560594804,0.0821917808219178,0.1546755959961809
2026-07-20,-0.19621182728109296,76.29981154768952,92.84043767442515,0.0821917808219178,0.2725927225219456
2026-07-20,-0.18967143303838988,76.8004778887437,92.84043767442515,0.0821917808219178,0.2690637025837772
2026-07-20,-0.18313103879568676,77.30442951687763,92.84043767442515,0.0821917808219178,0.2655077436273298
2026-07-20,-0.17659064455298368,77.81168798958443,92.84043767442515,0.0821917808219178,0.26192536600770705
2026-07-20,-0.17005025031028057,78.32227500581376,92.84043767442515,0.0821917808219178,0.2583172680605199
2026-07-20,-0.16350985606757748,78.83621240690016,92.84043767442515,0.0821917808219178,0.25468435529917804
2026-07-20,-0.15696946182487437,79.35352217749721,92.84043767442515,0.0821917808219178,0.2510277736454621
2026-07-20,-0.15042906758217128,79.87422644651808,92.84043767442515,0.0821917808219178,0.24734894705256236
2026-07-20,-0.14388867333946817,80.39834748808208,92.84043767442515,0.0821917808219178,0.243649619825998
2026-07-20,-0.13734827909676509,80.92590772246749,92.84043767442515,0.0821917808219178,0.2399319038473563
2026-07-20,-0.13080788485406197,81.45692971707061,92.84043767442515,0.0821917808219178,0.2361983307408386
2026-07-20,-0.12426749061135889,81.99143618737119,92.84043767442515,0.0821917808219178,0.23245190877141722
2026-07-20,-0.11772709636865579,82.52944999790402,92.84043767442515,0.0821917808219178,0.22869618390071142
2026-07-20,-0.11118670212595269,83.0709941632371,92.84043767442515,0.0821917808219178,0.22493530392521704
2026-07-20,-0.10464630788324959,83.6160918489561,92.84043767442515,0.0821917808219178,0.22117408395535051
2026-07-20,-0.0981059136405465,84.16476637265532,92.84043767442515,0.0821917808219178,0.21741807064423035
2026-07-20,-0.0915655193978434,84.71704120493509,92.84043767442515,0.0821917808219178,0.21367360154023873
2026-07-20,-0.0850251251551403,85.27293997040584,92.84043767442515,0.0821917808219178,0.20994785474524436
2026-07-20,-0.0784847309124372,85.83248644869867,92.84043767442515,0.0821917808219178,0.20624888278620165
2026-07-20,-0.0719443366697341,86.39570457548257,92.84043767442515,0.0821917808219178,0.2025856233927318
2026-07-20,-0.06540394242703101,86.96261844348825,92.84043767442515,0.0821917808219178,0.1989678789393204
2026-07-20,-0.0588635481843279,87.53325230353887,92.84043767442515,0.0821917808219178,0.19540625596386554
2026-07-20,-0.05232315394162482,88.10763056558733,92.84043767442515,0.0821917808219178,0.1919120567826997
2026-07-20,-0.045782759698921704,88.68577779976044,92.84043767442515,0.0821917808219178,0.1884971171575092
2026-07-20,-0.03924236545621862,89.26771873741005,92.84043767442515,0.0821917808219178,0.18517358750382096
2026-07-20,-0.03270197121351551,89.85347827217089,92.84043767442515,0.0821917808219178,0.1819536602979606
2026-07-20,-0.026161576970812422,90.44308146102546,92.84043767442515,0.0821917808219178,0.1788492527957241
2026-07-20,-0.01962118272810931,91.03655352537591,92.84043767442515,0.0821917808219178,0.17587166111800717
2026-07-20,-0.013080788485406225,91.63391985212293,92.84043767442515,0.0821917808219178,0.17303120797061772
2026-07-20,-0.0065403942427031125,92.23520599475175,92.84043767442515,0.0821917808219178,0.17033691034120235
2026-07-20,-2.7755575615628914e-17,92.84043767442515,92.84043767442515,0.0821917808219178,0.1677961942335053
2026-07-20,0.006540394242703085,93.44964078108381,92.84043767442515,0.0821917808219178,0.16541468023775835
2026-07-20,0.01308078848540617,94.06284137455383,92.84043767442515,0.0821917808219178,0.16319605676895435
2026-07-20,0.019621182728109254,94.68006568566139,92.84043767442515,0.0821917808219178,0.1611420483139632
2026-07-20,0.026161576970812367,95.30134011735487,92.84043767442515,0.0821917808219178,0.1592524758031123
2026-07-20,0.03270197121351545,95.92669124583433,92.84043767442515,0.0821917808219178,0.15752539714595343
2026-07-20,0.039242365456218564,96.55614582168828,92.84043767442515,0.0821917808219178,0.1559573095040774
2026-07-20,0.04578275969892165,97.18973077103803,92.84043767442515,0.0821917808219178,0.15454339172175977
2026-07-20,0.05232315394162476,97.82747319668955,92.84043767442515,0.0821917808219178,0.15327776540218402
2026-07-20,0.058863548184327846,98.46940037929276,92.84043767442515,0.0821917808219178,0.1521537557012309
2026-07-20,0.06540394242703093,99.11553977850852,92.84043767442515,0.0821917808219178,0.1511641370191003
2026-07-20,0.07194433666973407,99.76591903418338,92.84043767442515,0.0821917808219178,0.15030135341820297
2026-07-20,0.07848473091243716,100.42056596753173,92.84043767442515,0.0821917808219178,0.1495577080100519
2026-07-20,0.08502512515514024,101.07950858232614,92.84043767442515,0.0821917808219178,0.14892551925136918
2026-07-20,0.09156551939784333,101.74277506609508,92.84043767442515,0.0821917808219178,0.14839724486271638
2026-07-20,0.09810591364054647,102.41039379132881,92.84043767442515,0.0821917808219178,0.14796557593123377
2026-07-20,0.10464630788324955,103.08239331669297,92.84043767442515,0.0821917808219178,0.14762350480738876
2026-07-20,0.11118670212595264,103.75880238825039,92.84043767442515,0.0821917808219178,0.14736437083331255
2026-07-20,0.11772709636865572,104.43964994069054,92.84043767442515,0.0821917808219178,0.1471818879316125
2026-07-20,0.1242674906113588,105.12496509856749,92.84043767442515,0.0821917808219178,0.14707015779951196
2026-07-20,0.13080788485406195,105.8147771775456,92.84043767442515,0.0821917808219178,0.14702367202001926
2026-07-20,0.13734827909676503,106.50911568565361,92.84043767442515,0.0821917808219178,0.14703730591006753
2026-07-20,0.14388867333946811,107.20801032454698,92.84043767442515,0.0821917808219178,0.14710630643470948
2026-07-20,0.1504290675821712,107.91149099077826,92.84043767442515,0.0821917808219178,0.14722627606175906
2026-07-20,0.15696946182487434,108.61958777707618,92.84043767442515,0.0821917808219178,0.1473931540305859
2026-07-20,0.16350985606757742,109.33233097363275,92.84043767442515,0.0821917808219178,0.14760319616824602
2026-07-20,0.1700502503102805,110.04975106939904,92.84043767442515,0.0821917808219178,0.14785295410474747
2026-07-20,0.1765906445529836,110.7718787533895,92.84043767442515,0.0821917808219178,0.14813925451197282
2026-07-20,0.18313103879568673,111.49874491599456,92.84043767442515,0.0821917808219178,0.1484591788107476
2026-07-20,0.18967143303838982,112.23038065030217,92.84043767442515,0.0821917808219178,0.1488100436504026
2026-07-20,0.1962118272810929,112.96681725342778,92.84043767442515,0.0821917808219178,0.149189382357875
2026-07-21,-0.19194182896572487,76.43818966469003,92.61251326449532,0.0821917808219178,0.2675602156774038
2026-07-21,-0.1855437680002007,76.92881370988752,92.61251326449532,0.0821917808219178,0.26407731705475795
2026-07-21,-0.17914570703467655,77.42258686098066,92.61251326449532,0.0821917808219178,0.2605671752860723
2026-07-21,-0.17274764606915238,77.91952933073325,92.61251326449532,0.0821917808219178,0.2570302540924508
2026-07-21,-0.1663495851036282,78.4196614616462,92.61251326449532,0.0821917808219178,0.2534671899419552
2026-07-21,-0.15995152413810407,78.92300372679017,92.61251326449532,0.0821917808219178,0.2498788209624648
2026-07-21,-0.1535534631725799,79.42957673064379,92.61251326449532,0.0821917808219178,0.24626621992606307
2026-07-21,-0.14715540220705575,79.93940120993695,92.61251326449532,0.0821917808219178,0.24263073168204624
2026-07-21,-0.14075734124153158,80.45249803449978,92.61251326449532,0.0821917808219178,0.23897401536485466
2026-07-21,-0.1343592802760074,80.96888820811692,92.61251326449532,0.0821917808219178,0.23529809160516554
2026-07-21,-0.12796121931048327,81.48859286938732,92.61251326449532,0.0821917808219178,0.23160539480854195
2026-07-21,-0.1215631583449591,82.01163329258952,92.61251326449532,0.0821917808219178,0.22789883031365246
2026-07-21,-0.11516509737943492,82.53803088855261,92.61251326449532,0.0821917808219178,0.2241818358744746
2026-07-21,-0.10876703641391076,83.0678072055326,92.61251326449532,0.0821917808219178,0.2204584463990923
2026-07-21,-0.1023689754483866,83.60098393009453,92.61251326449532,0.0821917808219178,0.21673336019380476
2026-07-21,-0.09597091448286243,84.13758288800025,92.61251326449532,0.0821917808219178,0.21301200408479662
2026-07-21,-0.08957285351733828,84.67762604510186,92.61251326449532,0.0821917808219178,0.20930059371746204
2026-07-21,-0.08317479255181412,85.2211355082408,92.61251326449532,0.0821917808219178,0.20560618409436332
2026-07-21,-0.07677673158628995,85.76813352615292,92.61251326449532,0.0821917808219178,0.20193670408578412
2026-07-21,-0.07037867062076579,86.31864249037919,92.61251326449532,0.0821917808219178,0.19830096738158925
2026-07-21,-0.06398060965524163,86.87268493618228,92.61251326449532,0.0821917808219178,0.19470865138639376
2026-07-21,-0.05758254868971746,87.4302835434691,92.61251326449532,0.0821917808219178,0.19117023521868243
2026-07-21,-0.05118448772419332,87.99146113771916,92.61251326449532,0.0821917808219178,0.18769688865113776
2026-07-21,-0.044786426758669146,88.55624069091895,92.61251326449532,0.0821917808219178,0.18430030591705107
2026-07-21,-0.038388365793144974,89.12464532250236,92.61251326449532,0.0821917808219178,0.1809924820857944
2026-07-21,-0.03199030482762083,89.69669830029702,92.61251326449532,0.0821917808219178,0.17778543519339557
2026-07-21,-0.02559224386209666,90.27242304147673,92.61251326449532,0.0821917808219178,0.17469088410184824
2026-07-21,-0.019194182896572487,90.85184311352022,92.61251326449532,0.0821917808219178,0.17171989925738537
2026-07-21,-0.012796121931048343,91.43498223517571,92.61251326449532,0.0821917808219178,0.16888254979994322
2026-07-21,-0.006398060965524172,92.02186427743193,92.61251326449532,0.0821917808219178,0.16618757435147172
2026-07-21,0.0,92.61251326449532,92.61251326449532,0.0821917808219178,0.16364210303810653
2026-07-21,0.006398060965524144,93.20695337477336,92.61251326449532,0.0821917808219178,0.1612514543357608
2026-07-21,0.012796121931048315,93.80520894186445,92.61251326449532,0.0821917808219178,0.15901902260576706
2026-07-21,0.019194182896572487,94.40730445555391,92.61251326449532,0.0821917808219178,0.15694626208810944
2026-07-21,0.02559224386209663,95.0132645628165,92.61251326449532,0.0821917808219178,0.15503276259824392
2026-07-21,0.0319903048276208,95.62311406882544,92.61251326449532,0.0821917808219178,0.1532764031826052
2026-07-21,0.038388365793144974,96.23687793796768,92.61251326449532,0.0821917808219178,0.1516735639412095
2026-07-21,0.04478642675866912,96.85458129486591,92.61251326449532,0.0821917808219178,0.15021937369517113
2026-07-21,0.05118448772419329,97.47624942540702,92.61251326449532,0.0821917808219178,0.14890797190130095
2026-07-21,0.05758254868971746,98.10190777777726,92.61251326449532,0.0821917808219178,0.1477327663527753
2026-07-21,0.0639806096552416,98.73158196350379,92.61251326449532,0.0821917808219178,0.1466866726789317
2026-07-21,0.07037867062076575,99.36529775850329,92.61251326449532,0.0821917808219178,0.14576232646657397
2026-07-21,0.07677673158628995,100.00308110413698,92.61251326449532,0.0821917808219178,0.14495226322655952
2026-07-21,0.08317479255181409,100.64495810827265,92.61251326449532,0.0821917808219178,0.1442490649949942
2026-07-21,0.08957285351733824,101.29095504635323,92.61251326449532,0.0821917808219178,0.14364547493858984
2026-07-21,0.09597091448286243,101.94109836247254,92.61251326449532,0.0821917808219178,0.1431344829758638
2026-07-21,0.10236897544838658,102.59541467045771,92.61251326449532,0.0821917808219178,0.14270938628658147
2026-07-21,0.10876703641391072,103.25393075495869,92.61251326449532,0.0821917808219178,0.14236382885709864
2026-07-21,0.11516509737943492,103.91667357254455,92.61251326449532,0.0821917808219178,0.14209182408823662
2026-07-21,0.12156315834495907,104.58367025280712,92.61251326449532,0.0821917808219178,0.14188776413348855
2026-07-21,0.1279612193104832,105.25494809947146,92.61251326449532,0.0821917808219178,0.14174641915861114
2026-07-21,0.1343592802760074,105.93053459151352,92.61251326449532,0.0821917808219178,0.14166292920199658
2026-07-21,0.14075734124153155,106.61045738428511,92.61251326449532,0.0821917808219178,0.14163279082103647
2026-07-21,0.1471554022070557,107.29474431064588,92.61251326449532,0.0821917808219178,0.14165184026229816
2026-07-21,0.1535534631725799,107.98342338210271,92.61251326449532,0.0821917808219178,0.14171623450598408
2026-07-21,0.15995152413810404,108.67652278995634,92.61251326449532,0.0821917808219178,0.14182243121072702
2026-07-21,0.16634958510362818,109.37407090645543,92.61251326449532,0.0821917808219178,0.14196716832007147
2026-07-21,0.17274764606915238,110.076096285958,92.61251326449532,0.0821917808219178,0.1421474438806289
2026-07-21,0.17914570703467653,110.7826276661002,92.61251326449532,0.0821917808219178,0.14236049645626267
2026-07-21,0.18554376800020067,111.49369396897283,92.61251326449532,0.0821917808219178,0.1426037863950799
2026-07-21,0.19194182896572487,112.20932430230526,92.61251326449532,0.0821917808219178,0.142874978109357
2026-07-22,-0.19189934376374115,75.19540369274199,91.10288313091277,0.0821917808219178,0.26458259707974546
2026-07-22,-0.18550269897161645,75.67794365318527,91.10288313091277,0.0821917808219178,0.2610882284123469
2026-07-22,-0.17910605417949174,76.1635801434959,91.10288313091277,0.0821917808219178,0.2575666231789771
2026-07-22,-0.17270940938736704,76.65233303456134,91.10288313091277,0.0821917808219178,0.2540183435808002
2026-07-22,-0.16631276459524236,77.14422232478336,91.10288313091277,0.0821917808219178,0.2504441461085266
2026-07-22,-0.15991611980311765,77.63926814089646,91.10288313091277,0.0821917808219178,0.24684501431317346
2026-07-22,-0.15351947501099295,78.13749073879136,91.10288313091277,0.0821917808219178,0.2432221962174259
2026-07-22,-0.14712283021886824,78.63891050434376,91.10288313091277,0.0821917808219178,0.23957724677817094
2026-07-22,-0.14072618542674353,79.14354795424855,91.10288313091277,0.0821917808219178,0.23591207573581954
2026-07-22,-0.13432954063461883,79.65142373685931,91.10288313091277,0.0821917808219178,0.23222900104846073
2026-07-22,-0.12793289584249412,80.16255863303307,91.10288313091277,0.0821917808219178,0.22853080788461722
2026-07-22,-0.12153625105036943,80.67697355698073,91.10288313091277,0.0821917808219178,0.2248208128080653
2026-07-22,-0.11513960625824472,81.19468955712271,91.10288313091277,0.0821917808219178,0.2211029322981859
2026-07-22,-0.10874296146612002,81.71572781695028,91.10288313091277,0.0821917808219178,0.21738175407437918
2026-07-22,-0.10234631667399532,82.24010965589225,91.10288313091277,0.0821917808219178,0.21366260880196708
2026-07-22,-0.09594967188187062,82.76785653018736,91.10288313091277,0.0821917808219178,0.209951638632226
2026-07-22,-0.08955302708974591,83.29899003376221,91.10288313091277,0.0821917808219178,0.20625585768203036
2026-07-22,-0.0831563822976212,83.83353189911475,91.10288313091277,0.0821917808219178,0.20258319804992048
2026-07-22,-0.0767597375054965,84.37150399820361,91.10288313091277,0.0821917808219178,0.19894253343084792
2026-07-22,-0.07036309271337181,84.91292834334295,91.10288313091277,0.0821917808219178,0.19534367106633044
2026-07-22,-0.06396644792124709,85.45782708810326,91.10288313091277,0.0821917808219178,0.19179730199860376
2026-07-22,-0.05756980312912241,86.00622252821765,91.10288313091277,0.0821917808219178,0.18831489983603392
2026-07-22,-0.051173158336997704,86.5581371024943,91.10288313091277,0.0821917808219178,0.18490855997524272
2026-07-22,-0.044776513544873,87.11359339373452,91.10288313091277,0.0821917808219178,0.18159077488023717
2026-07-22,-0.03837986875274829,87.67261412965672,91.10288313091277,0.0821917808219178,0.17837414675444066
2026-07-22,-0.031983223960623586,88.23522218382647,91.10288313091277,0.0821917808219178,0.17527104646856098
2026-07-22,-0.02558657916849888,88.80144057659236,91.10288313091277,0.0821917808219178,0.1722932360365616
2026-07-22,-0.019189934376374174,89.37129247602793,91.10288313091277,0.0821917808219178,0.16945147978617034
2026-07-22,-0.012793289584249495,89.94480119887969,91.10288313091277,0.0821917808219178,0.16675517483534738
2026-07-22,-0.006396644792124789,90.52199021152109,91.10288313091277,0.0821917808219178,0.16421203289841702
2026-07-22,-8.326672684688674e-17,91.10288313091276,91.10288313091277,0.0821917808219178,0.1618278418765153
2026-07-22,0.006396644792124623,91.68750372556889,91.10288313091277,0.0821917808219178,0.15960632738246142
2026-07-22,0.012793289584249329,92.27587591652966,91.10288313091277,0.0821917808219178,0.1575491227924714
2026-07-22,0.019189934376374035,92.86802377834009,91.10288313091277,0.0821917808219178,0.15565584392997603
2026-07-22,0.02558657916849874,93.46397154003513,91.10288313091277,0.0821917808219178,0.15392425352663025
2026-07-22,0.03198322396062345,94.063743586131,91.10288313091277,0.0821917808219178,0.15235049303990436
2026-07-22,0.03837986875274815,94.66736445762288,91.10288313091277,0.0821917808219178,0.15092935606962793
2026-07-22,0.04477651354487283,95.27485885298921,91.10288313091277,0.0821917808219178,0.1496545782712762
2026-07-22,0.05117315833699754,95.88625162920216,91.10288313091277,0.0821917808219178,0.14851912230563696
2026-07-22,0.05756980312912224,96.50156780274476,91.10288313091277,0.0821917808219178,0.1475154416646647
2026-07-22,0.06396644792124698,97.12083255063445,91.10288313091277,0.0821917808219178,0.1466357129238977
2026-07-22,0.07036309271337163,97.74407121145335,91.10288313091277,0.0821917808219178,0.14587203117091796
2026-07-22,0.07675973750549633,98.37130928638493,91.10288313091277,0.0821917808219178,0.14521656752559708
2026-07-22,0.08315638229762104,99.00257244025754,91.10288313091277,0.0821917808219178,0.1446616906310567
2026-07-22,0.08955302708974575,99.6378865025945,91.10288313091277,0.0821917808219178,0.14420005582782855
2026-07-22,0.09594967188187045,100.27727746867097,91.10288313091277,0.0821917808219178,0.14382466663200455
2026-07-22,0.10234631667399516,100.92077150057763,91.10288313091277,0.0821917808219178,0.1435289133676339
2026-07-22,0.10874296146611986,101.56839492829113,91.10288313091277,0.0821917808219178,0.14330659358629502
2026-07-22,0.11513960625824457,102.22017425075141,91.10288313091277,0.0821917808219178,0.14315191843256256
2026-07-22,0.12153625105036928,102.8761361369461,91.10288313091277,0.0821917808219178,0.14305950852312152
2026-07-22,0.12793289584249398,103.53630742700156,91.10288313091277,0.0821917808219178,0.14302438229375197
2026-07-22,0.1343295406346187,104.20071513328121,91.10288313091277,0.0821917808219178,0.14304193918948793
2026-07-22,0.1407261854267434,104.86938644149079,91.10288313091277,0.0821917808219178,0.14310793955901166
2026-07-22,0.1471228302188681,105.54234871179071,91.10288313091277,0.0821917808219178,0.1432184826765307
2026-07-22,0.1535194750109928,106.21962947991554,91.10288313091277,0.0821917808219178,0.14336998395340034
2026-07-22,0.1599161198031175,106.90125645830071,91.10288313091277,0.0821917808219178,0.14355915211163636
2026-07-22,0.16631276459524216,107.58725753721643,91.10288313091277,0.0821917808219178,0.14378296686326428
2026-07-22,0.17270940938736687,108.27766078590886,91.10288313091277,0.0821917808219178,0.1440386574633617
2026-07-22,0.17910605417949158,108.97249445374865,91.10288313091277,0.0821917808219178,0.1443236823711789
2026-07-22,0.18550269897161628,109.67178697138682,91.10288313091277,0.0821917808219178,0.14463571015437304
2026-07-22,0.19189934376374101,110.37556695191806,91.10288313091277,0.0821917808219178,0.1449726016988485
2026-07-23,-0.19020921662047816,74.57384219116504,90.19725745690201,0.0821917808219178,0.2649581874203055
2026-07-23,-0.18386890939979555,75.04816534959532,90.19725745690201,0.0821917808219178,0.2614486647031663
2026-07-23,-0.17752860217911295,75.5255054165288,90.19725745690201,0.0821917808219178,0.25791154544050227
2026-07-23,-0.17118829495843035,76.00588158085971,90.19725745690201,0.0821917808219178,0.2543473431955464
2026-07-23,-0.16484798773774775,76.48931315353228,90.19725745690201,0.0821917808219178,0.2507567564375965
2026-07-23,-0.15850768051706515,76.97581956831701,90.19725745690201,0.0821917808219178,0.24714069948067907
2026-07-23,-0.15216737329638252,77.46542038259192,90.19725745690201,0.0821917808219178,0.24350033773757762
2026-07-23,-0.14582706607569992,77.95813527812875,90.19725745690201,0.0821917808219178,0.2398371276609054
2026-07-23,-0.13948675885501732,78.45398406188414,90.19725745690201,0.0821917808219178,0.23615286167341523
2026-07-23,-0.13314645163433472,78.95298666679594,90.19725745690201,0.0821917808219178,0.23244971826432678
2026-07-23,-0.12680614441365212,79.45516315258433,90.19725745690201,0.0821917808219178,0.2287303172262035
2026-07-23,-0.12046583719296952,79.96053370655844,90.19725745690201,0.0821917808219178,0.22499777970254395
2026-07-23,-0.11412552997228692,80.46911864442768,90.19725745690201,0.0821917808219178,0.22125579228096204
2026-07-23,-0.10778522275160432,80.98093841111859,90.19725745690201,0.0821917808219178,0.2175086737706528
2026-07-23,-0.1014449155309217,81.49601358159651,90.19725745690201,0.0821917808219178,0.21376144251935808
2026-07-23,-0.0951046083102391,82.01436486169294,90.19725745690201,0.0821917808219178,0.21001988113945788
2026-07-23,-0.0887643010895565,82.5360130889377,90.19725745690201,0.0821917808219178,0.20629059433426558
2026-07-23,-0.0824239938688739,83.06097923339667,90.19725745690201,0.0821917808219178,0.2025810541941306
2026-07-23,-0.0760836866481913,83.58928439851479,90.19725745690201,0.0821917808219178,0.1988996259788614
2026-07-23,-0.06974337942750869,84.12094982196439,90.19725745690201,0.0821917808219178,0.19525556621097315
2026-07-23,-0.06340307220682609,84.65599687649896,90.19725745690201,0.0821917808219178,0.1916589841595418
2026-07-23,-0.05706276498614349,85.19444707081229,90.19725745690201,0.0821917808219178,0.18812075786871546
2026-07-23,-0.05072245776546089,85.73632205040313,90.19725745690201,0.0821917808219178,0.18465239719233292
2026-07-23,-0.04438215054477829,86.28164359844536,90.19725745690201,0.0821917808219178,0.18126584920251806
2026-07-23,-0.03804184332409569,86.83043363666359,90.19725745690201,0.0821917808219178,0.1779732460247918
2026-07-23,-0.031701536103413086,87.38271422621449,90.19725745690201,0.0821917808219178,0.17478660144569053
2026-07-23,-0.025361228882730485,87.9385075685736,90.19725745690201,0.0821917808219178,0.17171746989295825
2026-07-23,-0.019020921662047857,88.4978360064278,90.19725745690201,0.0821917808219178,0.16877658845738133
2026-07-23,-0.012680614441365257,89.06072202457354,90.19725745690201,0.0821917808219178,0.1659735280284195
2026-07-23,-0.006340307220682656,89.62718825082064,90.19725745690201,0.0821917808219178,0.1633163818933938
2026-07-23,-5.551115123125783e-17,90.197257456902,90.19725745690201,0.0821917808219178,0.16081151832947574
2026-07-23,0.006340307220682545,90.77095255938895,90.19725745690201,0.0821917808219178,0.15846341771371128
2026-07-23,0.012680614441365146,91.34829662061254,90.19725745690201,0.0821917808219178,0.15627460543411234
2026-07-23,0.019020921662047746,91.92931284959059,90.19725745690201,0.0821917808219178,0.15424568116558585
2026-07-23,0.025361228882730347,92.5140246029607,90.19725745690201,0.0821917808219178,0.15237543494491837
2026-07-23,0.03170153610341295,93.10245538591923,90.19725745690201,0.0821917808219178,0.15066103271185194
2026-07-23,0.03804184332409555,93.6946288531661,90.19725745690201,0.0821917808219178,0.1490982496080859
2026-07-23,0.04438215054477815,94.29056880985577,90.19725745690201,0.0821917808219178,0.14768172848055597
2026-07-23,0.05072245776546078,94.89029921255421,90.19725745690201,0.0821917808219178,0.14640524311518144
2026-07-23,0.05706276498614338,95.49384417020191,90.19725745690201,0.0821917808219178,0.14526194971293424
2026-07-23,0.06340307220682598,96.10122794508304,90.19725745690201,0.0821917808219178,0.1442446149251107
2026-07-23,0.06974337942750855,96.71247495380078,90.19725745690201,0.0821917808219178,0.1433458134903299
2026-07-23,0.07608368664819118,97.32760976825897,90.19725745690201,0.0821917808219178,0.142558092570471
2026-07-23,0.08242399386887381,97.9466571166497,90.19725745690201,0.0821917808219178,0.14187410298493383
2026-07-23,0.08876430108955638,98.56964188444755,90.19725745690201,0.0821917808219178,0.14128669965383436
2026-07-23,0.09510460831023901,99.19658911540986,90.19725745690201,0.0821917808219178,0.140789014795729
2026-07-23,0.10144491553092158,99.82752401258358,90.19725745690201,0.0821917808219178,0.14037450797048368
2026-07-23,0.10778522275160421,100.4624719393183,90.19725745690201,0.0821917808219178,0.14003699711195958
2026-07-23,0.11412552997228678,101.10145842028597,90.19725745690201,0.0821917808219178,0.13977067443547814
2026-07-23,0.12046583719296941,101.74450914250687,90.19725745690201,0.0821917808219178,0.13957011067195327
2026-07-23,0.12680614441365198,102.39164995638234,90.19725745690201,0.0821917808219178,0.13943025057550737
2026-07-23,0.1331464516343346,103.04290687673388,90.19725745690201,0.0821917808219178,0.13934640214131813
2026-07-23,0.13948675885501718,103.69830608384886,90.19725745690201,0.0821917808219178,0.13931422149535347
2026-07-23,0.1458270660756998,104.3578739245332,90.19725745690201,0.0821917808219178,0.13932969499798217
2026-07-23,0.15216737329638244,105.02163691317021,90.19725745690201,0.0821917808219178,0.13938911974659068
2026-07-23,0.158507680517065,105.68962173278668,90.19725745690201,0.0821917808219178,0.13948908336760404
2026-07-23,0.16484798773774764,106.36185523612541,90.19725745690201,0.0821917808219178,0.13962644375055158
2026-07-23,0.17118829495843021,107.03836444672473,90.19725745690201,0.0821917808219178,0.13979830918879968
2026-07-23,0.17752860217911284,107.71917656000478,90.19725745690201,0.0821917808219178,0.1400020192455078
2026-07-23,0.18386890939979542,108.40431894436088,90.19725745690201,0.0821917808219178,0.1402351265517673
2026-07-23,0.19020921662047804,109.09381914226357,90.19725745690201,0.0821917808219178,0.1404953796600297
2026-07-24,-0.18385703552803587,76.5844149461728,92.04251881710566,0.0821917808219178,0.26137432386789383
2026-07-24,-0.17772846767710135,77.05520890228806,92.04251881710566,0.0821917808219178,0.25781741479749437
2026-07-24,-0.1715998998261668,77.52889701055256,92.04251881710566,0.0821917808219178,0.2542308086894711
2026-07-24,-0.16547133197523228,78.00549706243653,92.04251881710566,0.0821917808219178,0.2506149107658143
2026-07-24,-0.15934276412429774,78.48502695878128,92.04251881710566,0.0821917808219178,0.24697030867554245
2026-07-24,-0.15321419627336322,78.96750471047146,92.04251881710566,0.0821917808219178,0.24329780457672492
2026-07-24,-0.14708562842242867,79.45294843911158,92.04251881710566,0.0821917808219178,0.23959845193920273
2026-07-24,-0.14095706057149415,79.94137637770669,92.04251881710566,0.0821917808219178,0.23587359753485002
2026-07-24,-0.13482849272055963,80.43280687134708,92.04251881710566,0.0821917808219178,0.23212492902687853
2026-07-24,-0.1286999248696251,80.92725837789749,92.04251881710566,0.0821917808219178,0.2283545284567808
2026-07-24,-0.12257135701869057,81.42474946869018,92.04251881710566,0.0821917808219178,0.22456493173352352
2026-07-24,-0.11644278916775604,81.92529882922263,92.04251881710566,0.0821917808219178,0.22075919392536186
2026-07-24,-0.1103142213168215,82.42892525985924,92.04251881710566,0.0821917808219178,0.21694095970582297
2026-07-24,-0.10418565346588697,82.93564767653754,92.04251881710566,0.0821917808219178,0.21311453767463506
2026-07-24,-0.09805708561495245,83.44548511147859,92.04251881710566,0.0821917808219178,0.20928497642604005
2026-07-24,-0.09192851776401792,83.9584567139019,92.04251881710566,0.0821917808219178,0.20545813914581149
2026-07-24,-0.08579994991308339,84.47458175074459,92.04251881710566,0.0821917808219178,0.2016407721835656
2026-07-24,-0.07967138206214885,84.99387960738508,92.04251881710566,0.0821917808219178,0.1978405615121087
2026-07-24,-0.07354281421121432,85.51636978837125,92.04251881710566,0.0821917808219178,0.19406616936372825
2026-07-24,-0.0674142463602798,86.04207191815286,92.04251881710566,0.0821917808219178,0.19032724183394606
2026-07-24,-0.06128567850934527,86.57100574181884,92.04251881710566,0.0821917808219178,0.18663437719141618
2026-07-24,-0.055157110658410724,87.10319112583873,92.04251881710566,0.0821917808219178,0.18299904446640944
2026-07-24,-0.049028542807476205,87.63864805880895,92.04251881710566,0.0821917808219178,0.1794334431163262
2026-07-24,-0.04289997495654169,88.17739665220356,92.04251881710566,0.0821917808219178,0.17595029765631698
2026-07-24,-0.03677140710560714,88.71945714112957,92.04251881710566,0.0821917808219178,0.172562586364875
2026-07-24,-0.03064283925467262,89.26484988508703,92.04251881710566,0.0821917808219178,0.16928321038861377
2026-07-24,-0.024514271403738075,89.8135953687337,92.04251881710566,0.0821917808219178,0.1661246180547424
2026-07-24,-0.018385703552803556,90.36571420265442,92.04251881710566,0.0821917808219178,0.1630984076056092
2026-07-24,-0.012257135701869037,90.92122712413524,92.04251881710566,0.0821917808219178,0.16021493810798554
2026-07-24,-0.006128567850934491,91.48015499794235,92.04251881710566,0.0821917808219178,0.1574829811676113
2026-07-24,2.7755575615628914e-17,92.04251881710566,92.04251881710566,0.0821917808219178,0.1549094440854548
2026-07-24,0.006128567850934574,92.6083397037074,92.04251881710566,0.0821917808219178,0.15249918810500115
2026-07-24,0.012257135701869093,93.17763890967531,92.04251881710566,0.0821917808219178,0.15025495457098312
2026-07-24,0.01838570355280361,93.750437817581,92.04251881710566,0.0821917808219178,0.14817739929752757
2026-07-24,0.024514271403738158,94.326757941443,92.04251881710566,0.0821917808219178,0.14626522372544348
2026-07-24,0.030642839254672677,94.90662092753475,92.04251881710566,0.0821917808219178,0.1445153826338219
2026-07-24,0.03677140710560722,95.49004855519776,92.04251881710566,0.0821917808219178,0.14292334342161833
2026-07-24,0.04289997495654174,96.07706273765952,92.04251881710566,0.0821917808219178,0.1414833713617043
2026-07-24,0.04902854280747626,96.66768552285659,92.04251881710566,0.0821917808219178,0.14018881795125915
2026-07-24,0.05515711065841081,97.26193909426271,92.04251881710566,0.0821917808219178,0.13903239428319913
2026-07-24,0.061285678509345326,97.859845771722,92.04251881710566,0.0821917808219178,0.13800641695846042
2026-07-24,0.06741424636027984,98.46142801228724,92.04251881710566,0.0821917808219178,0.13710301942519287
2026-07-24,0.07354281421121442,99.06670841106346,92.04251881710566,0.0821917808219178,0.1363143261280908
2026-07-24,0.07967138206214894,99.67570970205644,92.04251881710566,0.0821917808219178,0.13563259020517554
2026-07-24,0.08579994991308346,100.28845475902669,92.04251881710566,0.0821917808219178,0.13505029768016386
2026-07-24,0.09192851776401798,100.90496659634859,92.04251881710566,0.0821917808219178,0.1345602423284241
2026-07-24,0.0980570856149525,101.52526836987472,92.04251881710566,0.0821917808219178,0.13415557587329274
2026-07-24,0.10418565346588707,102.14938337780566,92.04251881710566,0.0821917808219178,0.13382983812966703
2026-07-24,0.11031422131682159,102.77733506156497,92.04251881710566,0.0821917808219178,0.13357697135288765
2026-07-24,0.1164427891677561,103.40914700667973,92.04251881710566,0.0821917808219178,0.13339132252632302
2026-07-24,0.12257135701869062,104.04484294366635,92.04251881710566,0.0821917808219178,0.13326763673820533
2026-07-24,0.12869992486962514,104.68444674892186,92.04251881710566,0.0821917808219178,0.13320104422578213
2026-07-24,0.13482849272055972,105.32798244562076,92.04251881710566,0.0821917808219178,0.13318704314185245
2026-07-24,0.14095706057149424,105.9754742046172,92.04251881710566,0.0821917808219178,0.13322147964365647
2026-07-24,0.14708562842242875,106.62694634535299,92.04251881710566,0.0821917808219178,0.13330052652189436
2026-07-24,0.15321419627336327,107.2824233367709,92.04251881710566,0.0821917808219178,0.1334206612753885
2026-07-24,0.1593427641242978,107.9419297982337,92.04251881710566,0.0821917808219178,0.1335786442874516
2026-07-24,0.16547133197523237,108.60549050044897,92.04251881710566,0.0821917808219178,0.13377149756454756
2026-07-24,0.17159989982616689,109.27313036639926,92.04251881710566,0.0821917808219178,0.13399648434729935
2026-07-24,0.1777284676771014,109.94487447227841,92.04251881710566,0.0821917808219178,0.1342510897898896
2026-07-24,0.1838570355280359,110.62074804843328,92.04251881710566,0.0821917808219178,0.13453300281901887
