date,strike,option_type,mid_iv,forward,underlying_price,tau_years,rate
2026-06-01,81.76268776608467,call,0.2821363265294829,100.24811278741811,100.00123016092391,0.0821917808219178,0.03
2026-06-01,82.60022147554926,call,0.2766713013445428,100.24811278741811,100.00123016092391,0.0821917808219178,0.03
2026-06-01,83.44633443715998,call,0.2711462039315985,100.24811278741811,100.00123016092391,0.0821917808219178,0.03
2026-06-01,84.30111453223616,call,0.2655637050077817,100.24811278741811,100.00123016092391,0.0821917808219178,0.03
2026-06-01,85.16465054230687,call,0.2599276751250918,100.24811278741811,100.00123016092391,0.0821917808219178,0.03
2026-06-01,86.03703215833225,call,0.25424349432699433,100.24811278741811,100.00123016092391,0.0821917808219178,0.03
2026-06-01,86.91834999001907,call,0.2485184303128405,100.24811278741811,100.00123016092391,0.0821917808219178,0.03
2026-06-01,87.80869557523208,call,0.2427620943389685,100.24811278741811,100.00123016092391,0.0821917808219178,0.03
2026-06-01,88.70816138950141,call,0.23698698086341133,100.24811278741811,100.00123016092391,0.0821917808219178,0.03
2026-06-01,89.61684085562767,call,0.23120908972419574,100.24811278741811,100.00123016092391,0.0821917808219178,0.03
2026-06-01,90.53482835338512,call,0.22544861615143688,100.24811278741811,100.00123016092391,0.0821917808219178,0.03
2026-06-01,91.46221922932455,call,0.21973067137459373,100.24811278741811,100.00123016092391,0.0821917808219178,0.03
2026-06-01,92.39910980667632,call,0.21408596239136604,100.24811278741811,100.00123016092391,0.0821917808219178,0.03
2026-06-01,93.34559739535504,call,0.2085513128321321,100.24811278741811,100.00123016092391,0.0821917808219178,0.03
2026-06-01,94.30178030206655,call,0.20316985191650755,100.24811278741811,100.00123016092391,0.0821917808219178,0.03
2026-06-01,95.26775784051858,call,0.19799064867430463,100.24811278741811,100.00123016092391,0.0821917808219178,0.03
2026-06-01,96.24363034173595,call,0.1930675503449084,100.24811278741811,100.00123016092391,0.0821917808219178,0.03
2026-06-01,97.22949916448141,call,0.18845703494396218,100.24811278741811,100.00123016092391,0.0821917808219178,0.03
2026-06-01,98.22546670578319,call,0.1842150433400366,100.24811278741811,100.00123016092391,0.0821917808219178,0.03
2026-06-01,99.23163641157055,call,0.18039301858846704,100.24811278741811,100.00123016092391,0.0821917808219178,0.03
2026-06-01,100.24811278741811,call,0.1770336883289615,100.24811278741811,100.00123016092391,0.0821917808219178,0.03
2026-06-01,101.27500140940026,call,0.17416735167835987,100.24811278741811,100.00123016092391,0.0821917808219178,0.03
2026-06-01,102.31240893505687,call,0.17180943646840763,100.24811278741811,100.00123016092391,0.0821917808219178,0.03
2026-06-01,103.36044311447117,call,0.16995982278799154,100.24811278741811,100.00123016092391,0.0821917808219178,0.03
2026-06-01,104.41921280146128,call,0.1686039771609144,100.24811278741811,100.00123016092391,0.0821917808219178,0.03
2026-06-01,105.48882796488617,call,0.16771550251878106,100.24811278741811,100.00123016092391,0.0821917808219178,0.03
2026-06-01,106.56939970006772,call,0.16725945597081462,100.24811278741811,100.00123016092391,0.0821917808219178,0.03
2026-06-01,107.66104024032936,call,0.16719577475294534,100.24811278741811,100.00123016092391,0.0821917808219178,0.03
2026-06-01,108.7638629686534,call,0.16748231657432447,100.24811278741811,100.00123016092391,0.0821917808219178,0.03
2026-06-01,109.87798242945738,call,0.16807725036350651,100.24811278741811,100.00123016092391,0.0821917808219178,0.03
2026-06-01,111.00351434049128,call,0.16894073505588333,100.24811278741811,100.00123016092391,0.0821917808219178,0.03
2026-06-01,112.14057560485644,call,0.1700359557098696,100.24811278741811,100.00123016092391,0.0821917808219178,0.03
2026-06-01,113.28928432314773,call,0.17132964774093065,100.24811278741811,100.00123016092391,0.0821917808219178,0.03
2026-06-01,114.44975980572002,call,0.1727922512913134,100.24811278741811,100.00123016092391,0.0821917808219178,0.03
2026-06-01,115.62212258508035,call,0.17439782129428885,100.24811278741811,100.00123016092391,0.0821917808219178,0.03
2026-06-01,116.8064944284069,call,0.17612379174559595,100.24811278741811,100.00123016092391,0.0821917808219178,0.03
2026-06-01,118.0029983501965,call,0.17795066518023864,100.24811278741811,100.00123016092391,0.0821917808219178,0.03
2026-06-01,119.21175862504136,call,0.17986167502973116,100.24811278741811,100.00123016092391,0.0821917808219178,0.03
2026-06-01,120.43290080053676,call,0.18184245071617505,100.24811278741811,100.00123016092391,0.0821917808219178,0.03
2026-06-01,121.66655171032126,call,0.1838807026658029,100.24811278741811,100.00123016092391,0.0821917808219178,0.03
2026-06-01,122.91283948724998,call,0.18596593590821564,100.24811278741811,100.00123016092391,0.0821917808219178,0.03
2026-06-02,81.48247270187899,call,0.287277386674564,100.30842374875887,100.06139259349811,0.0821917808219178,0.03
2026-06-02,82.33374312564382,call,0.2818147146914994,100.30842374875887,100.06139259349811,0.0821917808219178,0.03
2026-06-02,83.19390701214178,call,0.27629167455831494,100.30842374875887,100.06139259349811,0.0821917808219178,0.03
2026-06-02,84.06305727389183,call,0.2707106647839269,100.30842374875887,100.06139259349811,0.0821917808219178,0.03
2026-06-02,84.94128779409625,call,0.26507520797174905,100.30842374875887,100.06139259349811,0.0821917808219178,0.03
2026-06-02,85.8286934367817,call,0.25939024314334463,100.30842374875887,100.06139259349811,0.0821917808219178,0.03
2026-06-02,86.72537005704616,call,0.2536624838810065,100.30842374875887,100.06139259349811,0.0821917808219178,0.03
2026-06-02,87.63141451141288,call,0.24790085198847026,100.30842374875887,100.06139259349811,0.0821917808219178,0.03
2026-06-02,88.54692466829256,call,0.24211699392576477,100.30842374875887,100.06139259349811,0.0821917808219178,0.03
2026-06-02,89.47199941855494,call,0.23632588131260937,100.30842374875887,100.06139259349811,0.0821917808219178,0.03
2026-06-02,90.40673868621053,call,0.2305464851746058,100.30842374875887,100.06139259349811,0.0821917808219178,0.03
2026-06-02,91.35124343920427,call,0.22480249359576748,100.30842374875887,100.06139259349811,0.0821917808219178,0.03
2026-06-02,92.30561570032175,call,0.21912301120615005,100.30842374875887,100.06139259349811,0.0821917808219178,0.03
2026-06-02,93.26995855820947,call,0.21354313490850851,100.30842374875887,100.06139259349811,0.0821917808219178,0.03
2026-06-02,94.2443761785101,call,0.20810424589048696,100.30842374875887,100.06139259349811,0.0821917808219178,0.03
2026-06-02,95.22897381511426,call,0.20285380401596942,100.30842374875887,100.06139259349811,0.0821917808219178,0.03
2026-06-02,96.2238578215297,call,0.19784440057720942,100.30842374875887,100.06139259349811,0.0821917808219178,0.03
2026-06-02,97.22913566236936,call,0.19313185565288368,100.30842374875887,100.06139259349811,0.0821917808219178,0.03
2026-06-02,98.24491592495933,call,0.18877227591643025,100.30842374875887,100.06139259349811,0.0821917808219178,0.03
2026-06-02,99.2713083310682,call,0.18481823220251115,100.30842374875887,100.06139259349811,0.0821917808219178,0.03
2026-06-02,100.30842374875887,call,0.18131452850191637,100.30842374875887,100.06139259349811,0.0821917808219178,0.03
2026-06-02,101.35637420436427,call,0.17829429703768787,100.30842374875887,100.06139259349811,0.0821917808219178,0.03
2026-06-02,102.41527289458807,call,0.1757762189313367,100.30842374875887,100.06139259349811,0.0821917808219178,0.03
2026-06-02,103.48523419873193,call,0.17376345351641564,100.30842374875887,100.06139259349811,0.0821917808219178,0.03
2026-06-02,104.56637369105033,call,0.17224442354908787,100.30842374875887,100.06139259349811,0.0821917808219178,0.03
2026-06-02,105.65880815323476,call,0.17119513558449842,100.30842374875887,100.06139259349811,0.0821917808219178,0.03
2026-06-02,106.76265558702792,call,0.17058240921046977,100.30842374875887,100.06139259349811,0.0821917808219178,0.03
2026-06-02,107.8780352269702,call,0.17036733127615653,100.30842374875887,100.06139259349811,0.0821917808219178,0.03
2026-06-02,109.00506755327888,call,0.17050839520148653,100.30842374875887,100.06139259349811,0.0821917808219178,0.03
2026-06-02,110.1438743048621,call,0.17096401657426577,100.30842374875887,100.06139259349811,0.0821917808219178,0.03
2026-06-02,111.2945784924688,call,0.1716943315720136,100.30842374875887,100.06139259349811,0.0821917808219178,0.03
2026-06-02,112.457304411976,call,0.1726623318132929,100.30842374875887,100.06139259349811,0.0821917808219178,0.03
2026-06-02,113.63217765781488,call,0.17383446224061044,100.30842374875887,100.06139259349811,0.0821917808219178,0.03
2026-06-02,114.81932513653712,call,0.17518082630258971,100.30842374875887,100.06139259349811,0.0821917808219178,0.03
2026-06-02,116.01887508052302,call,0.17667512876820668,100.30842374875887,100.06139259349811,0.0821917808219178,0.03
2026-06-02,117.23095706183285,call,0.1782944596945983,100.30842374875887,100.06139259349811,0.0821917808219178,0.03
2026-06-02,118.45570200620276,call,0.1800189947706216,100.30842374875887,100.06139259349811,0.0821917808219178,0.03
2026-06-02,119.69324220718705,call,0.1818316628853649,100.30842374875887,100.06139259349811,0.0821917808219178,0.03
2026-06-02,120.94371134044827,call,0.18371781299258538,100.30842374875887,100.06139259349811,0.0821917808219178,0.03
2026-06-02,122.20724447819634,call,0.18566489891780044,100.30842374875887,100.06139259349811,0.0821917808219178,0.03
2026-06-02,123.48397810377872,call,0.1876621917008956,100.30842374875887,100.06139259349811,0.0821917808219178,0.03
2026-06-03,81.91284829330226,call,0.2784000275354265,100.41421887210585,100.16692717350722,0.0821917808219178,0.03
2026-06-03,82.75117839076353,call,0.2729701642001178,100.41421887210585,100.16692717350722,0.0821917808219178,0.03
2026-06-03,83.59808830649447,call,0.2674824195418639,100.41421887210585,100.16692717350722,0.0821917808219178,0.03
2026-06-03,84.4536658499174,call,0.2619399498791022,100.41421887210585,100.16692717350722,0.0821917808219178,0.03
2026-06-03,85.31799972913267,call,0.25634722381364317,100.41421887210585,100.16692717350722,0.0821917808219178,0.03
2026-06-03,86.19117956011617,call,0.2507103560709071,100.41421887210585,100.16692717350722,0.0821917808219178,0.03
2026-06-03,87.07329587601092,call,0.2450375131168723,100.41421887210585,100.16692717350722,0.0821917808219178,0.03
2026-06-03,87.96444013651367,call,0.23933939867611626,100.41421887210585,100.16692717350722,0.0821917808219178,0.03
2026-06-03,88.86470473735771,call,0.233629822640727,100.41421887210585,100.16692717350722,0.0821917808219178,0.03
2026-06-03,89.77418301989262,call,0.22792634738515202,100.41421887210585,100.16692717350722,0.0821917808219178,0.03
2026-06-03,90.69296928076209,call,0.2222509886750022,100.41421887210585,100.16692717350722,0.0821917808219178,0.03
2026-06-03,91.62115878168082,call,0.2166309213583906,100.41421887210585,100.16692717350722,0.0821917808219178,0.03
2026-06-03,92.55884775931145,call,0.2110991007436513,100.41421887210585,100.16692717350722,0.0821917808219178,0.03
2026-06-03,93.50613343524259,call,0.20569465980443616,100.41421887210585,100.16692717350722,0.0821917808219178,0.03
2026-06-03,94.46311402606892,call,0.20046288755306627,100.41421887210585,100.16692717350722,0.0821917808219178,0.03
2026-06-03,95.42988875357456,call,0.19545455366234996,100.41421887210585,100.16692717350722,0.0821917808219178,0.03
2026-06-03,96.40655785502055,call,0.19072435065221177,100.41421887210585,100.16692717350722,0.0821917808219178,0.03
2026-06-03,97.39322259353767,call,0.18632831691093976,100.41421887210585,100.16692717350722,0.0821917808219178,0.03
2026-06-03,98.38998526862564,call,0.18232030708579608,100.41421887210585,100.16692717350722,0.0821917808219178,0.03
2026-06-03,99.3969492267597,call,0.1787478695212808,100.41421887210585,100.16692717350722,0.0821917808219178,0.03
2026-06-03,100.41421887210585,call,0.17564818070076138,100.41421887210585,100.16692717350722,0.0821917808219178,0.03
2026-06-03,101.44189967734566,call,0.17304483066884246,100.41421887210585,100.16692717350722,0.0821917808219178,0.03
2026-06-03,102.48009819461195,call,0.1709461371018386,100.41421887210585,100.16692717350722,0.0821917808219178,0.03
2026-06-03,103.52892206653625,call,0.1693452969207717,100.41421887210585,100.16692717350722,0.0821917808219178,0.03
2026-06-03,104.58848003740948,call,0.16822221233296691,100.41421887210585,100.16692717350722,0.0821917808219178,0.03
2026-06-03,105.65888196445681,call,0.1675464552395785,100.41421887210585,100.16692717350722,0.0821917808219178,0.03
2026-06-03,106.74023882922783,call,0.16728068933587906,100.41421887210585,100.16692717350722,0.0821917808219178,0.03
2026-06-03,107.83266274910343,call,0.16738394999172485,100.41421887210585,100.16692717350722,0.0821917808219178,0.03
2026-06-03,108.93626698892027,call,0.1678143911104102,100.41421887210585,100.16692717350722,0.0821917808219178,0.03
2026-06-03,110.05116597271443,call,0.168531334286704,100.41421887210585,100.16692717350722,0.0821917808219178,0.03
2026-06-03,111.17747529558503,call,0.16949662793511763,100.41421887210585,100.16692717350722,0.0821917808219178,0.03
2026-06-03,112.31531173567942,call,0.17067542200044633,100.41421887210585,100.16692717350722,0.0821917808219178,0.03
2026-06-03,113.46479326630109,call,0.1720364992039599,100.41421887210585,100.16692717350722,0.0821917808219178,0.03
2026-06-03,114.62603906814113,call,0.17355229945325856,100.41421887210585,100.16692717350722,0.0821917808219178,0.03
2026-06-03,115.79916954163548,call,0.1751987508055456,100.41421887210585,100.16692717350722,0.0821917808219178,0.03
2026-06-03,116.98430631944802,call,0.17695499210980065,100.41421887210585,100.16692717350722,0.0821917808219178,0.03
2026-06-03,118.18157227908185,call,0.17880304650752338,100.41421887210585,100.16692717350722,0.0821917808219178,0.03
2026-06-03,119.39109155561944,call,0.18072748418730758,100.41421887210585,100.16692717350722,0.0821917808219178,0.03
2026-06-03,120.61298955459321,call,0.18271509750716566,100.41421887210585,100.16692717350722,0.0821917808219178,0.03
2026-06-03,121.8473929649879,call,0.1847546010521111,100.41421887210585,100.16692717350722,0.0821917808219178,0.03
2026-06-03,123.0944297723759,call,0.18683636229751,100.41421887210585,100.16692717350722,0.0821917808219178,0.03
2026-06-04,80.9889322643402,call,0.26257887114843803,98.52315454385361,98.28051999954194,0.0821917808219178,0.03
2026-06-04,81.78644009818393,call,0.2573867752130941,98.52315454385361,98.28051999954194,0.0821917808219178,0.03
2026-06-04,82.59180108834492,call,0.25214556321376363,98.52315454385361,98.28051999954194,0.0821917808219178,0.03
2026-06-04,83.40509256580546,call,0.24685949652680675,98.52315454385361,98.28051999954194,0.0821917808219178,0.03
2026-06-04,84.22639262303534,call,0.24153430448024119,98.52315454385361,98.28051999954194,0.0821917808219178,0.03
2026-06-04,85.0557801214904,call,0.23617752676030568,98.52315454385361,98.28051999954194,0.0821917808219178,0.03
2026-06-04,85.89333469918475,call,0.23079891816225534,98.52315454385361,98.28051999954194,0.0821917808219178,0.03
2026-06-04,86.73913677833775,call,0.22541091678380057,98.52315454385361,98.28051999954194,0.0821917808219178,0.03
2026-06-04,87.59326757309601,call,0.2200291690155419,98.52315454385361,98.28051999954194,0.0821917808219178,0.03
2026-06-04,88.4558090973318,call,0.21467309158564715,98.52315454385361,98.28051999954194,0.0821917808219178,0.03
2026-06-04,89.32684417251782,call,0.2093664306828796,98.52315454385361,98.28051999954194,0.0821917808219178,0.03
2026-06-04,90.20645643567995,call,0.20413774965486586,98.52315454385361,98.28051999954194,0.0821917808219178,0.03
2026-06-04,91.0947303474279,call,0.19902074086533764,98.52315454385361,98.28051999954194,0.0821917808219178,0.03
2026-06-04,91.99175120006534,call,0.19405421925014715,98.52315454385361,98.28051999954194,0.0821917808219178,0.03
2026-06-04,92.89760512577953,call,0.1892816271695845,98.52315454385361,98.28051999954194,0.0821917808219178,0.03
2026-06-04,93.81237910491186,call,0.18474988273575552,98.52315454385361,98.28051999954194,0.0821917808219178,0.03
2026-06-04,94.73616097430966,call,0.18050746194718684,98.52315454385361,98.28051999954194,0.0821917808219178,0.03
2026-06-04,95.66903943576033,call,0.17660173651280284,98.52315454385361,98.28051999954194,0.0821917808219178,0.03
2026-06-04,96.61110406450857,call,0.17307578544984129,98.52315454385361,98.28051999954194,0.0821917808219178,0.03
2026-06-04,97.56244531785732,call,0.16996510792502723,98.52315454385361,98.28051999954194,0.0821917808219178,0.03
2026-06-04,98.52315454385361,call,0.16729479952368764,98.52315454385361,98.28051999954194,0.0821917808219178,0.03
2026-06-04,99.49332399005971,call,0.1650777306321175,98.52315454385361,98.28051999954194,0.0821917808219178,0.03
2026-06-04,100.47304681241081,call,0.16331406196933693,98.52315454385361,98.28051999954194,0.0821917808219178,0.03
2026-06-04,101.46241708415997,call,0.16199211671517966,98.52315454385361,98.28051999954194,0.0821917808219178,0.03
2026-06-04,102.46152980491087,call,0.16109032682086938,98.52315454385361,98.28051999954194,0.0821917808219178,0.03
2026-06-04,103.47048090973986,call,0.1605797925288943,98.52315454385361,98.28051999954194,0.0821917808219178,0.03
2026-06-04,104.48936727840764,call,0.160426975822753,98.52315454385361,98.28051999954194,0.0821917808219178,0.03
2026-06-04,105.51828674466158,call,0.1605961531465562,98.52315454385361,98.28051999954194,0.0821917808219178,0.03
2026-06-04,106.55733810562992,call,0.1610514089412257,98.52315454385361,98.28051999954194,0.0821917808219178,0.03
2026-06-04,107.6066211313081,call,0.1617580971864086,98.52315454385361,98.28051999954194,0.0821917808219178,0.03
2026-06-04,108.66623657413889,call,0.16268380076835187,98.52315454385361,98.28051999954194,0.0821917808219178,0.03
2026-06-04,109.73628617868648,call,0.16379887318277234,98.52315454385361,98.28051999954194,0.0821917808219178,0.03
2026-06-04,110.81687269140622,call,0.16507666425585943,98.52315454385361,98.28051999954194,0.0821917808219178,0.03
2026-06-04,111.90809987051016,call,0.1664935257350064,98.52315454385361,98.28051999954194,0.0821917808219178,0.03
2026-06-04,113.01007249593013,call,0.16802867603259067,98.52315454385361,98.28051999954194,0.0821917808219178,0.03
2026-06-04,114.12289637937864,call,0.16966398417463988,98.52315454385361,98.28051999954194,0.0821917808219178,0.03
2026-06-04,115.24667837450889,call,0.17138371540865785,98.52315454385361,98.28051999954194,0.0821917808219178,0.03
2026-06-04,116.38152638717499,call,0.17317426666764835,98.52315454385361,98.28051999954194,0.0821917808219178,0.03
2026-06-04,117.52754938579314,call,0.17502390940706003,98.52315454385361,98.28051999954194,0.0821917808219178,0.03
2026-06-04,118.68485741180466,call,0.1769225497834188,98.52315454385361,98.28051999954194,0.0821917808219178,0.03
2026-06-04,119.85356159024231,call,0.1788615110655433,98.52315454385361,98.28051999954194,0.0821917808219178,0.03
2026-06-05,81.63890351498192,call,0.2503658612989769,98.67771176259073,98.43469658775102,0.0821917808219178,0.03
2026-06-05,82.41632752893119,call,0.24549634475612858,98.67771176259073,98.43469658775102,0.0821917808219178,0.03
2026-06-05,83.20115473022672,call,0.2405850207361458,98.67771176259073,98.43469658775102,0.0821917808219178,0.03
2026-06-05,83.99345561731195,call,0.23563634974383005,98.67771176259073,98.43469658775102,0.0821917808219178,0.03
2026-06-05,84.79330135996695,call,0.23065618649462266,98.67771176259073,98.43469658775102,0.0821917808219178,0.03
2026-06-05,85.60076380570126,call,0.22565208425855338,98.67771176259073,98.43469658775102,0.0821917808219178,0.03
2026-06-05,86.41591548620784,call,0.22063364812335995,98.67771176259073,98.43469658775102,0.0821917808219178,0.03
2026-06-05,87.23882962387823,call,0.2156129349382501,98.67771176259073,98.43469658775102,0.0821917808219178,0.03
2026-06-05,88.06958013837999,call,0.21060489010907837,98.67771176259073,98.43469658775102,0.0821917808219178,0.03
2026-06-05,88.90824165329661,call,0.205627799437222,98.67771176259073,98.43469658775102,0.0821917808219178,0.03
2026-06-05,89.75488950283066,call,0.20070371678123541,98.67771176259073,98.43469658775102,0.0821917808219178,0.03
2026-06-05,90.60959973857088,call,0.1958588052378622,98.67771176259073,98.43469658775102,0.0821917808219178,0.03
2026-06-05,91.47244913632362,call,0.19112350252356441,98.67771176259073,98.43469658775102,0.0821917808219178,0.03
2026-06-05,92.34351520300935,call,0.1865323955906186,98.67771176259073,98.43469658775102,0.0821917808219178,0.03
2026-06-05,93.22287618362485,call,0.18212367555838888,98.67771176259073,98.43469658775102,0.0821917808219178,0.03
2026-06-05,94.1106110682717,call,0.177938057026501,98.67771176259073,98.43469658775102,0.0821917808219178,0.03
2026-06-05,95.00679959925176,call,0.1740171020756533,98.67771176259073,98.43469658775102,0.0821917808219178,0.03
2026-06-05,95.91152227823004,call,0.1704009969515534,98.67771176259073,98.43469658775102,0.0821917808219178,0.03
2026-06-05,96.824860373466,call,0.1671259761118786,98.67771176259073,98.43469658775102,0.0821917808219178,0.03
2026-06-05,97.74689592711357,call,0.16422173308063384,98.67771176259073,98.43469658775102,0.0821917808219178,0.03
2026-06-05,98.67771176259073,call,0.16170923949549756,98.67771176259073,98.43469658775102,0.0821917808219178,0.03
2026-06-05,99.61739149201928,call,0.15959936093405716,98.67771176259073,98.43469658775102,0.0821917808219178,0.03
2026-06-05,100.56601952373542,call,0.1578925028949723,98.67771176259073,98.43469658775102,0.0821917808219178,0.03
2026-06-05,101.52368106987188,call,0.1565792931498947,98.67771176259073,98.43469658775102,0.0821917808219178,0.03
2026-06-05,102.49046215401225,call,0.15564209231632803,98.67771176259073,98.43469658775102,0.0821917808219178,0.03
2026-06-05,103.46644961891818,call,0.15505699534852072,98.67771176259073,98.43469658775102,0.0821917808219178,0.03
2026-06-05,104.45173113433023,call,0.15479596800621997,98.67771176259073,98.43469658775102,0.0821917808219178,0.03
2026-06-05,105.44639520484284,call,0.15482883113250773,98.67771176259073,98.43469658775102,0.0821917808219178,0.03
2026-06-05,106.4505311778546,call,0.15512491486319538,98.67771176259073,98.43469658775102,0.0821917808219178,0.03
2026-06-05,107.46422925159382,call,0.15565431164701307,98.67771176259073,98.43469658775102,0.0821917808219178,0.03
2026-06-05,108.48758048322087,call,0.15638873650390872,98.67771176259073,98.43469658775102,0.0821917808219178,0.03
2026-06-05,109.5206767970075,call,0.1573020491872145,98.67771176259073,98.43469658775102,0.0821917808219178,0.03
2026-06-05,110.56361099259409,call,0.15837051124018048,98.67771176259073,98.43469658775102,0.0821917808219178,0.03
2026-06-05,111.6164767533256,call,0.15957285078301203,98.67771176259073,98.43469658775102,0.0821917808219178,0.03
2026-06-05,112.67936865466673,call,0.16089019800228913,98.67771176259073,98.43469658775102,0.0821917808219178,0.03
2026-06-05,113.75238217269745,call,0.16230594099548615,98.67771176259073,98.43469658775102,0.0821917808219178,0.03
2026-06-05,114.83561369268915,call,0.16380553851302654,98.67771176259073,98.43469658775102,0.0821917808219178,0.03
2026-06-05,115.92916051776272,call,0.16537631495576943,98.67771176259073,98.43469658775102,0.0821917808219178,0.03
2026-06-05,117.033120877629,call,0.1670072542352501,98.67771176259073,98.43469658775102,0.0821917808219178,0.03
2026-06-05,118.14759393741232,call,0.16868880266363223,98.67771176259073,98.43469658775102,0.0821917808219178,0.03
2026-06-05,119.27267980655819,call,0.17041268652550748,98.67771176259073,98.43469658775102,0.0821917808219178,0.03
2026-06-08,80.89671871530643,call,0.24571932112757397,97.17930189031802,96.93997687337301,0.0821917808219178,0.03
2026-06-08,81.64188995755677,call,0.24099548010464705,97.17930189031802,96.93997687337301,0.0821917808219178,0.03
2026-06-08,82.39392526288773,call,0.23622842256626356,97.17930189031802,96.93997687337301,0.0821917808219178,0.03
2026-06-08,83.15288785886271,call,0.23142177463251815,97.17930189031802,96.93997687337301,0.0821917808219178,0.03
2026-06-08,83.9188415554589,call,0.2265803610643569,97.17930189031802,96.93997687337301,0.0821917808219178,0.03
2026-06-08,84.69185075043208,call,0.22171047231400628,97.17930189031802,96.93997687337301,0.0821917808219178,0.03
2026-06-08,85.47198043473087,call,0.21682017746301,97.17930189031802,96.93997687337301,0.0821917808219178,0.03
2026-06-08,86.25929619796088,call,0.211919683373589,97.17930189031802,96.93997687337301,0.0821917808219178,0.03
2026-06-08,87.05386423389916,call,0.20702173489035963,97.17930189031802,96.93997687337301,0.0821917808219178,0.03
2026-06-08,87.85575134605953,call,0.2021420419019475,97.17930189031802,96.93997687337301,0.0821917808219178,0.03
2026-06-08,88.66502495330897,call,0.19729970540983485,97.17930189031802,96.93997687337301,0.0821917808219178,0.03
2026-06-08,89.48175309553599,call,0.19251759575334312,97.17930189031802,96.93997687337301,0.0821917808219178,0.03
2026-06-08,90.30600443937105,call,0.18782261232851805,97.17930189031802,96.93997687337301,0.0821917808219178,0.03
2026-06-08,91.13784828395976,call,0.18324572855676827,97.17930189031802,96.93997687337301,0.0821917808219178,0.03
2026-06-08,91.97735456678913,call,0.17882170557905988,97.17930189031802,96.93997687337301,0.0821917808219178,0.03
2026-06-08,92.82459386956774,call,0.17458835512912943,97.17930189031802,96.93997687337301,0.0821917808219178,0.03
2026-06-08,93.67963742415978,call,0.17058526160160817,97.17930189031802,96.93997687337301,0.0821917808219178,0.03
2026-06-08,94.54255711857397,call,0.16685194832967382,97.17930189031802,96.93997687337301,0.0821917808219178,0.03
2026-06-08,95.41342550300747,call,0.1634255934616127,97.17930189031802,96.93997687337301,0.0821917808219178,0.03
2026-06-08,96.29231579594568,call,0.16033854293331376,97.17930189031802,96.93997687337301,0.0821917808219178,0.03
2026-06-08,97.17930189031802,call,0.15761598334696827,97.17930189031802,96.93997687337301,0.0821917808219178,0.03
2026-06-08,98.07445835971048,call,0.15527416960376392,97.17930189031802,96.93997687337301,0.0821917808219178,0.03
2026-06-08,98.97786046463547,call,0.1533195182996879,97.17930189031802,96.93997687337301,0.0821917808219178,0.03
2026-06-08,99.88958415885939,call,0.15174869578224723,97.17930189031802,96.93997687337301,0.0821917808219178,0.03
2026-06-08,100.80970609578837,call,0.15054961444742257,97.17930189031802,96.93997687337301,0.0821917808219178,0.03
2026-06-08,101.738303634913,call,0.1497030804398016,97.17930189031802,96.93997687337301,0.0821917808219178,0.03
2026-06-08,102.67545484831228,call,0.14918476012953394,97.17930189031802,96.93997687337301,0.0821917808219178,0.03
2026-06-08,103.62123852721764,call,0.14896715391652693,97.17930189031802,96.93997687337301,0.0821917808219178,0.03
2026-06-08,104.57573418863727,call,0.14902135027108732,97.17930189031802,96.93997687337301,0.0821917808219178,0.03
2026-06-08,105.53902208204158,call,0.14931843657429494,97.17930189031802,96.93997687337301,0.0821917808219178,0.03
2026-06-08,106.51118319611011,call,0.14983053319762554,97.17930189031802,96.93997687337301,0.0821917808219178,0.03
2026-06-08,107.49229926554077,call,0.15053147830082025,97.17930189031802,96.93997687337301,0.0821917808219178,0.03
2026-06-08,108.48245277792162,call,0.15139722255373428,97.17930189031802,96.93997687337301,0.0821917808219178,0.03
2026-06-08,109.48172698066615,call,0.15240600242651717,97.17930189031802,96.93997687337301,0.0821917808219178,0.03
2026-06-08,110.49020588801223,call,0.1535383565057104,97.17930189031802,96.93997687337301,0.0821917808219178,0.03
2026-06-08,111.50797428808563,call,0.15477703864757125,97.17930189031802,96.93997687337301,0.0821917808219178,0.03
2026-06-08,112.53511775002868,call,0.1561068694243254,97.17930189031802,96.93997687337301,0.0821917808219178,0.03
2026-06-08,113.57172263119438,call,0.15751455585332796,97.17930189031802,96.93997687337301,0.0821917808219178,0.03
2026-06-08,114.61787608440711,call,0.1589884999218008,97.17930189031802,96.93997687337301,0.0821917808219178,0.03
2026-06-08,115.67366606528991,call,0.1605186091483048,97.17930189031802,96.93997687337301,0.0821917808219178,0.03
2026-06-08,116.73918133965927,call,0.162096117140667,97.17930189031802,96.93997687337301,0.0821917808219178,0.03
2026-06-09,80.72576146142814,call,0.2466352710230896,97.14770266307137,96.90845546604737,0.0821917808219178,0.03
2026-06-09,81.47665099366976,call,0.241959424009916,97.14770266307137,96.90845546604737,0.0821917808219178,0.03
2026-06-09,82.23452510034492,call,0.23724116121695615,97.14770266307137,96.90845546604737,0.0821917808219178,0.03
2026-06-09,82.99944875010468,call,0.23248403378239485,97.14770266307137,96.90845546604737,0.0821917808219178,0.03
2026-06-09,83.77148751592118,call,0.2276927645282665,97.14770266307137,96.90845546604737,0.0821917808219178,0.03
2026-06-09,84.55070758070894,call,0.22287350965875982,97.14770266307137,96.90845546604737,0.0821917808219178,0.03
2026-06-09,85.3371757429983,call,0.2180341659671383,97.14770266307137,96.90845546604737,0.0821917808219178,0.03
2026-06-09,86.13095942266169,call,0.21318472422913098,97.14770266307137,96.90845546604737,0.0821917808219178,0.03
2026-06-09,86.93212666669329,call,0.20833766421286132,97.14770266307137,96.90845546604737,0.0821917808219178,0.03
2026-06-09,87.7407461550423,call,0.20350837801371402,97.14770266307137,96.90845546604737,0.0821917808219178,0.03
2026-06-09,88.55688720650046,call,0.1987155950976953,97.14770266307137,96.90845546604737,0.0821917808219178,0.03
2026-06-09,89.38061978464452,call,0.19398176372108106,97.14770266307137,96.90845546604737,0.0821917808219178,0.03
2026-06-09,90.21201450383373,call,0.18933331965040892,97.14770266307137,96.90845546604737,0.0821917808219178,0.03
2026-06-09,91.05114263526332,call,0.1848007471426862,97.14770266307137,96.90845546604737,0.0821917808219178,0.03
2026-06-09,91.8980761130742,call,0.180418315785804,97.14770266307137,96.90845546604737,0.0821917808219178,0.03
2026-06-09,92.7528875405195,call,0.17622337189745346,97.14770266307137,96.90845546604737,0.0821917808219178,0.03
2026-06-09,93.61565019618845,call,0.17225509035778136,97.14770266307137,96.90845546604737,0.0821917808219178,0.03
2026-06-09,94.48643804028826,call,0.16855266574806269,97.14770266307137,96.90845546604737,0.0821917808219178,0.03
2026-06-09,95.36532572098423,call,0.16515304177307266,97.14770266307137,96.90845546604737,0.0821917808219178,0.03
2026-06-09,96.25238858079902,call,0.16208842259426176,97.14770266307137,96.90845546604737,0.0821917808219178,0.03
2026-06-09,97.14770266307137,call,0.15938393008066312,97.14770266307137,96.90845546604737,0.0821917808219178,0.03
2026-06-09,98.05134471847495,call,0.15705580842922673,97.14770266307137,96.90845546604737,0.0821917808219178,0.03
2026-06-09,98.96339221159766,call,0.1551104964362964,97.14770266307137,96.90845546604737,0.0821917808219178,0.03
2026-06-09,99.88392332758247,call,0.15354470376247667,97.14770266307137,96.90845546604737,0.0821917808219178,0.03
2026-06-09,100.81301697882965,call,0.1523464069842544,97.14770266307137,96.90845546604737,0.0821917808219178,0.03
2026-06-09,101.75075281176161,call,0.15149650535455592,97.14770266307137,96.90845546604737,0.0821917808219178,0.03
2026-06-09,102.69721121365065,call,0.15097079757359264,97.14770266307137,96.90845546604737,0.0821917808219178,0.03
2026-06-09,103.65247331950994,call,0.15074196256223618,97.14770266307137,96.90845546604737,0.0821917808219178,0.03
2026-06-09,104.616621019049,call,0.15078131419342053,97.14770266307137,96.90845546604737,0.0821917808219178,0.03
2026-06-09,105.58973696369361,call,0.15106020644934323,97.14770266307137,96.90845546604737,0.0821917808219178,0.03
2026-06-09,106.57190457367112,call,0.15155105724304044,97.14770266307137,96.90845546604737,0.0821917808219178,0.03
2026-06-09,107.56320804516156,call,0.15222802083114131,97.14770266307137,96.90845546604737,0.0821917808219178,0.03
2026-06-09,108.56373235751548,call,0.1530673702029312,97.14770266307137,96.90845546604737,0.0821917808219178,0.03
2026-06-09,109.57356328053862,call,0.15404765957638922,97.14770266307137,96.90845546604737,0.0821917808219178,0.03
2026-06-09,110.59278738184469,call,0.15514973220984452,97.14770266307137,96.90845546604737,0.0821917808219178,0.03
2026-06-09,111.62149203427624,call,0.1563566275131864,97.14770266307137,96.90845546604737,0.0821917808219178,0.03
2026-06-09,112.65976542339477,call,0.15765342871881047,97.14770266307137,96.90845546604737,0.0821917808219178,0.03
2026-06-09,113.70769655504034,call,0.15902708072266047,97.14770266307137,96.90845546604737,0.0821917808219178,0.03
2026-06-09,114.76537526296164,call,0.16046619817439223,97.14770266307137,96.90845546604737,0.0821917808219178,0.03
2026-06-09,115.83289221651701,call,0.1619608766476016,97.14770266307137,96.90845546604737,0.0821917808219178,0.03
2026-06-09,116.91033892844695,call,0.16350251450052336,97.14770266307137,96.90845546604737,0.0821917808219178,0.03
2026-06-10,79.4332498837347,call,0.25828679582248726,95.96484917231032,95.7285150074466,0.0821917808219178,0.03
2026-06-10,80.18771239716908,call,0.2533745375970036,95.96484917231032,95.7285150074466,0.0821917808219178,0.03
2026-06-10,80.9493408478528,call,0.24841240985075588,95.96484917231032,95.7285150074466,0.0821917808219178,0.03
2026-06-10,81.71820329835455,call,0.24340319805429583,95.96484917231032,95.7285150074466,0.0821917808219178,0.03
2026-06-10,82.49436845770609,call,0.238350758525923,95.96484917231032,95.7285150074466,0.0821917808219178,0.03
2026-06-10,83.27790568754222,call,0.2332602719861795,95.96484917231032,95.7285150074466,0.0821917808219178,0.03
2026-06-10,84.06888500829943,call,0.22813854620004495,95.96484917231032,95.7285150074466,0.0821917808219178,0.03
2026-06-10,84.86737710547314,call,0.22299437144808645,95.96484917231032,95.7285150074466,0.0821917808219178,0.03
2026-06-10,85.67345333593454,call,0.21783892875112007,95.96484917231032,95.7285150074466,0.0821917808219178,0.03
2026-06-10,86.48718573430727,call,0.2126862438043076,95.96484917231032,95.7285150074466,0.0821917808219178,0.03
2026-06-10,87.30864701940487,call,0.2075536681120108,95.96484917231032,95.7285150074466,0.0821917808219178,0.03
2026-06-10,88.1379106007292,call,0.20246235151914382,95.96484917231032,95.7285150074466,0.0821917808219178,0.03
2026-06-10,88.97505058503063,call,0.19743764650899195,95.96484917231032,95.7285150074466,0.0821917808219178,0.03
2026-06-10,89.8201417829306,call,0.19250935540415584,95.96484917231032,95.7285150074466,0.0821917808219178,0.03
2026-06-10,90.67325971560703,call,0.18771170168882906,95.96484917231032,95.7285150074466,0.0821917808219178,0.03
2026-06-10,91.53448062154321,call,0.18308288628655398,95.96484917231032,95.7285150074466,0.0821917808219178,0.03
2026-06-10,92.40388146334084,call,0.1786640950687962,95.96484917231032,95.7285150074466,0.0821917808219178,0.03
2026-06-10,93.28153993459773,call,0.17449787423110377,95.96484917231032,95.7285150074466,0.0821917808219178,0.03
2026-06-10,94.16753446685087,call,0.17062589789825147,95.96484917231032,95.7285150074466,0.0821917808219178,0.03
2026-06-10,95.06194423658542,call,0.1670863087085347,95.96484917231032,95.7285150074466,0.0821917808219178,0.03
2026-06-10,95.96484917231032,call,0.16391097616517292,95.96484917231032,95.7285150074466,0.0821917808219178,0.03
2026-06-10,96.87632996170099,call,0.16112312194959957,95.96484917231032,95.7285150074466,0.0821917808219178,0.03
2026-06-10,97.79646805880999,call,0.15873574347199507,95.96484917231032,95.7285150074466,0.0821917808219178,0.03
2026-06-10,98.72534569134612,call,0.15675111049342044,95.96484917231032,95.7285150074466,0.0821917808219178,0.03
2026-06-10,99.66304586802269,call,0.15516136545603543,95.96484917231032,95.7285150074466,0.0821917808219178,0.03
2026-06-10,100.60965238597547,call,0.15395002026753274,95.96484917231032,95.7285150074466,0.0821917808219178,0.03
2026-06-10,101.56524983825125,call,0.1530939946704097,95.96484917231032,95.7285150074466,0.0821917808219178,0.03
2026-06-10,102.52992362136744,call,0.15256581558022167,95.96484917231032,95.7285150074466,0.0821917808219178,0.03
2026-06-10,103.50375994294355,call,0.1523356686972794,95.96484917231032,95.7285150074466,0.0821917808219178,0.03
2026-06-10,104.48684582940498,call,0.1523731111474085,95.96484917231032,95.7285150074466,0.0821917808219178,0.03
2026-06-10,105.47926913376011,call,0.15264836880125196,95.96484917231032,95.7285150074466,0.0821917808219178,0.03
2026-06-10,106.48111854345136,call,0.1531332269889156,95.96484917231032,95.7285150074466,0.0821917808219178,0.03
2026-06-10,107.49248358828062,call,0.15380157216330967,95.96484917231032,95.7285150074466,0.0821917808219178,0.03
2026-06-10,108.51345464841,call,0.15462966091541733,95.96484917231032,95.7285150074466,0.0821917808219178,0.03
2026-06-10,109.54412296243866,call,0.15559619206319392,95.96484917231032,95.7285150074466,0.0821917808219178,0.03
2026-06-10,110.58458063555636,call,0.15668224682806495,95.96484917231032,95.7285150074466,0.0821917808219178,0.03
2026-06-10,111.63492064777425,call,0.15787114801970964,95.96484917231032,95.7285150074466,0.0821917808219178,0.03
2026-06-10,112.69523686223413,call,0.15914827546951155,95.96484917231032,95.7285150074466,0.0821917808219178,0.03
2026-06-10,113.76562403359641,call,0.16050086340473046,95.96484917231032,95.7285150074466,0.0821917808219178,0.03
2026-06-10,114.84617781650785,call,0.16191779649959753,95.96484917231032,95.7285150074466,0.0821917808219178,0.03
2026-06-10,115.93699477414961,call,0.16338941479838312,95.96484917231032,95.7285150074466,0.0821917808219178,0.03
2026-06-11,78.1482544707002,call,0.27224983663693153,95.35123326242736,95.11641025925314,0.0821917808219178,0.03
2026-06-11,78.92955124646649,call,0.2671112254808982,95.35123326242736,95.11641025925314,0.0821917808219178,0.03
2026-06-11,79.71865913274262,call,0.2619182001437992,95.35123326242736,95.11641025925314,0.0821917808219178,0.03
2026-06-11,80.51565622206566,call,0.25667329310570375,95.35123326242736,95.11641025925314,0.0821917808219178,0.03
2026-06-11,81.32062138771234,call,0.25138010618150575,95.35123326242736,95.11641025925314,0.0821917808219178,0.03
2026-06-11,82.13363429150473,call,0.24604357408511135,95.35123326242736,95.11641025925314,0.0821917808219178,0.03
2026-06-11,82.95477539169373,call,0.2406702822903309,95.35123326242736,95.11641025925314,0.0821917808219178,0.03
2026-06-11,83.78412595092146,call,0.23526884484903593,95.35123326242736,95.11641025925314,0.0821917808219178,0.03
2026-06-11,84.62176804426335,call,0.22985034440494528,95.35123326242736,95.11641025925314,0.0821917808219178,0.03
2026-06-11,85.4677845673504,call,0.22442882988991178,95.35123326242736,95.11641025925314,0.0821917808219178,0.03
2026-06-11,86.32225924457298,call,0.21902185567883342,95.35123326242736,95.11641025925314,0.0821917808219178,0.03
2026-06-11,87.18527663736623,call,0.21365102750838588,95.35123326242736,95.11641025925314,0.0821917808219178,0.03
2026-06-11,88.05692215257866,call,0.2083424938863588,95.35123326242736,95.11641025925314,0.0821917808219178,0.03
2026-06-11,88.93728205092427,call,0.2031272874587637,95.35123326242736,95.11641025925314,0.0821917808219178,0.03
2026-06-11,89.82644345551913,call,0.1980413832463571,95.35123326242736,95.11641025925314,0.0821917808219178,0.03
2026-06-11,90.72449436050336,call,0.1931253108413233,95.35123326242736,95.11641025925314,0.0821917808219178,0.03
2026-06-11,91.6315236397493,call,0.18842315484210057,95.35123326242736,95.11641025925314,0.0821917808219178,0.03
2026-06-11,92.54762105565678,call,0.1839808267623105,95.35123326242736,95.11641025925314,0.0821917808219178,0.03
2026-06-11,93.47287726803621,call,0.1798436117454491,95.35123326242736,95.11641025925314,0.0821917808219178,0.03
2026-06-11,94.40738384308065,call,0.17605317960044284,95.35123326242736,95.11641025925314,0.0821917808219178,0.03
2026-06-11,95.35123326242736,call,0.17264445508465026,95.35123326242736,95.11641025925314,0.0821917808219178,0.03
2026-06-11,96.30451893231016,call,0.169642882010457,95.35123326242736,95.11641025925314,0.0821917808219178,0.03
2026-06-11,97.2673351928032,call,0.16706260499883824,95.35123326242736,95.11641025925314,0.0821917808219178,0.03
2026-06-11,98.23977732715704,call,0.16490590501432678,95.35123326242736,95.11641025925314,0.0821917808219178,0.03
2026-06-11,99.22194157122834,call,0.16316392322494394,95.35123326242736,95.11641025925314,0.0821917808219178,0.03
2026-06-11,100.21392512300346,call,0.1618184147977297,95.35123326242736,95.11641025925314,0.0821917808219178,0.03
2026-06-11,101.21582615221764,call,0.16084409884634482,95.35123326242736,95.11641025925314,0.0821917808219178,0.03
2026-06-11,102.22774381007012,call,0.16021115049011658,95.35123326242736,95.11641025925314,0.0821917808219178,0.03
2026-06-11,103.24977823903633,call,0.15988747979757267,95.35123326242736,95.11641025925314,0.0821917808219178,0.03
2026-06-11,104.28203058277855,call,0.15984059070065668,95.35123326242736,95.11641025925314,0.0821917808219178,0.03
2026-06-11,105.32460299615515,call,0.16003895064661242,95.35123326242736,95.11641025925314,0.0821917808219178,0.03
2026-06-11,106.37759865533026,call,0.1604528980220677,95.35123326242736,95.11641025925314,0.0821917808219178,0.03
2026-06-11,107.44112176798444,call,0.161055165126965,95.35123326242736,95.11641025925314,0.0821917808219178,0.03
2026-06-11,108.5152775836273,call,0.161821110067605,95.35123326242736,95.11641025925314,0.0821917808219178,0.03
2026-06-11,109.6001724040133,call,0.1627287452895036,95.35123326242736,95.11641025925314,0.0821917808219178,0.03
2026-06-11,110.69591359366188,call,0.16375863510604288,95.35123326242736,95.11641025925314,0.0821917808219178,0.03
2026-06-11,111.80260959048236,call,0.164893716943005,95.35123326242736,95.11641025925314,0.0821917808219178,0.03
2026-06-11,112.9203699165054,call,0.16611908499456599,95.35123326242736,95.11641025925314,0.0821917808219178,0.03
2026-06-11,114.0493051887216,call,0.16742176206593815,95.35123326242736,95.11641025925314,0.0821917808219178,0.03
2026-06-11,115.18952713002858,call,0.1687904757274875,95.35123326242736,95.11641025925314,0.0821917808219178,0.03
2026-06-11,116.34114858028731,call,0.17021544809208117,95.35123326242736,95.11641025925314,0.0821917808219178,0.03
2026-06-12,77.97456388968462,call,0.2756431755569146,95.17139698051338,94.93701686301934,0.0821917808219178,0.03
2026-06-12,78.75545209721047,call,0.2705694244026317,95.17139698051338,94.93701686301934,0.0821917808219178,0.03
2026-06-12,79.54416062924001,call,0.2654395822369233,95.17139698051338,94.93701686301934,0.0821917808219178,0.03
2026-06-12,80.34076780361028,call,0.260255456226125,95.17139698051338,94.93701686301934,0.0821917808219178,0.03
2026-06-12,81.1453527224842,call,0.25501975838145857,95.17139698051338,94.93701686301934,0.0821917808219178,0.03
2026-06-12,81.95799528020545,call,0.24973633860553107,95.17139698051338,94.93701686301934,0.0821917808219178,0.03
2026-06-12,82.77877617123187,call,0.24441046977315828,95.17139698051338,94.93701686301934,0.0821917808219178,0.03
2026-06-12,83.60777689814824,call,0.23904919277307582,95.17139698051338,94.93701686301934,0.0821917808219178,0.03
2026-06-12,84.44507977975951,call,0.23366172792135606,95.17139698051338,94.93701686301934,0.0821917808219178,0.03
2026-06-12,85.2907679592649,call,0.22825995520846812,95.17139698051338,94.93701686301934,0.0821917808219178,0.03
2026-06-12,86.14492541251387,call,0.2228589579466503,95.17139698051338,94.93701686301934,0.0821917808219178,0.03
2026-06-12,87.00763695634497,call,0.21747761056047152,95.17139698051338,94.93701686301934,0.0821917808219178,0.03
2026-06-12,87.87898825700786,call,0.21213916932082555,95.17139698051338,94.93701686301934,0.0821917808219178,0.03
2026-06-12,88.75906583867007,call,0.20687179317158846,95.17139698051338,94.93701686301934,0.0821917808219178,0.03
2026-06-12,89.6479570920086,call,0.20170888117486688,95.17139698051338,94.93701686301934,0.0821917808219178,0.03
2026-06-12,90.54575028288778,call,0.19668906941884545,95.17139698051338,94.93701686301934,0.0821917808219178,0.03
2026-06-12,91.45253456112394,call,0.1918556980025727,95.17139698051338,94.93701686301934,0.0821917808219178,0.03
2026-06-12,92.3683999693379,call,0.1872555627325627,95.17139698051338,94.93701686301934,0.0821917808219178,0.03
2026-06-12,93.29343745189608,call,0.18293683692746818,95.17139698051338,94.93701686301934,0.0821917808219178,0.03
2026-06-12,94.2277388639412,call,0.17894620672767553,95.17139698051338,94.93701686301934,0.0821917808219178,0.03
2026-06-12,95.17139698051338,call,0.17532549374623932,95.17139698051338,94.93701686301934,0.0821917808219178,0.03
2026-06-12,96.12450550576254,call,0.17210827243331064,95.17139698051338,94.93701686301934,0.0821917808219178,0.03
2026-06-12,97.08715908225317,call,0.169317115837378,95.17139698051338,94.93701686301934,0.0821917808219178,0.03
2026-06-12,98.05945330036225,call,0.1669620299809756,95.17139698051338,94.93701686301934,0.0821917808219178,0.03
2026-06-12,99.04148470777116,call,0.16504036092494107,95.17139698051338,94.93701686301934,0.0821917808219178,0.03
2026-06-12,100.03335081905288,call,0.16353808738507108,95.17139698051338,94.93701686301934,0.0821917808219178,0.03
2026-06-12,101.03515012535497,call,0.1624321023693184,95.17139698051338,94.93701686301934,0.0821917808219178,0.03
2026-06-12,102.04698210417966,call,0.16169294909534407,95.17139698051338,94.93701686301934,0.0821917808219178,0.03
2026-06-12,103.06894722926192,call,0.16128751872232622,95.17139698051338,94.93701686301934,0.0821917808219178,0.03
2026-06-12,104.1011469805462,call,0.16118137143204853,95.17139698051338,94.93701686301934,0.0821917808219178,0.03
2026-06-12,105.14368385426354,call,0.16134052096936127,95.17139698051338,94.93701686301934,0.0821917808219178,0.03
2026-06-12,106.19666137310902,call,0.16173266594232408,95.17139698051338,94.93701686301934,0.0821917808219178,0.03
2026-06-12,107.26018409652173,call,0.16232793776206894,95.17139698051338,94.93701686301934,0.0821917808219178,0.03
2026-06-12,108.3343576310672,call,0.16309927105905375,95.17139698051338,94.93701686301934,0.0821917808219178,0.03
2026-06-12,109.41928864092412,call,0.16402250453317108,95.17139698051338,94.93701686301934,0.0821917808219178,0.03
2026-06-12,110.51508485847586,call,0.16507630491439487,95.17139698051338,94.93701686301934,0.0821917808219178,0.03
2026-06-12,111.62185509500834,call,0.16624198562476308,95.17139698051338,94.93701686301934,0.0821917808219178,0.03
2026-06-12,112.73970925151463,call,0.16750327134379134,95.17139698051338,94.93701686301934,0.0821917808219178,0.03
2026-06-12,113.86875832960824,call,0.1688460427857099,95.17139698051338,94.93701686301934,0.0821917808219178,0.03
2026-06-12,115.00911444254527,call,0.17025808322880204,95.17139698051338,94.93701686301934,0.0821917808219178,0.03
2026-06-12,116.16089082635722,call,0.1717288392910874,95.17139698051338,94.93701686301934,0.0821917808219178,0.03
2026-06-15,78.26596460431314,call,0.27449607430058615,95.36492333064783,95.13006661272422,0.0821917808219178,0.03
2026-06-15,79.04305699131172,call,0.26935292458444754,95.36492333064783,95.13006661272422,0.0821917808219178,0.03
2026-06-15,79.82786502560324,call,0.2641520088658582,95.36492333064783,95.13006661272422,0.0821917808219178,0.03
2026-06-15,80.62046531482689,call,0.25889519191280996,95.36492333064783,95.13006661272422,0.0821917808219178,0.03
2026-06-15,81.42093522724883,call,0.2535852852192236,95.36492333064783,95.13006661272422,0.0821917808219178,0.03
2026-06-15,82.22935289931456,call,0.24822629201115096,95.36492333064783,95.13006661272422,0.0821917808219178,0.03
2026-06-15,83.04579724327598,call,0.2428237066428497,95.36492333064783,95.13006661272422,0.0821917808219178,0.03
2026-06-15,83.87034795489424,call,0.23738487622829077,95.36492333064783,95.13006661272422,0.0821917808219178,0.03
2026-06-15,84.70308552121917,call,0.2319194303711584,95.36492333064783,95.13006661272422,0.0821917808219178,0.03
2026-06-15,85.54409122844584,call,0.22643978010306315,95.36492333064783,95.13006661272422,0.0821917808219178,0.03
2026-06-15,86.39344716984917,call,0.2209616779718349,95.36492333064783,95.13006661272422,0.0821917808219178,0.03
2026-06-15,87.25123625379732,call,0.21550481555890005,95.36492333064783,95.13006661272422,0.0821917808219178,0.03
2026-06-15,88.11754221184468,call,0.21009341040120902,95.36492333064783,95.13006661272422,0.0821917808219178,0.03
2026-06-15,88.99244960690507,call,0.20475670015075154,95.36492333064783,95.13006661272422,0.0821917808219178,0.03
2026-06-15,89.87604384150636,call,0.19952921958531042,95.36492333064783,95.13006661272422,0.0821917808219178,0.03
2026-06-15,90.76841116612673,call,0.19445069360304917,95.36492333064783,95.13006661272422,0.0821917808219178,0.03
2026-06-15,91.66963868761397,call,0.1895653537096338,95.36492333064783,95.13006661272422,0.0821917808219178,0.03
2026-06-15,92.57981437768817,call,0.18492050367986423,95.36492333064783,95.13006661272422,0.0821917808219178,0.03
2026-06-15,93.499027081529,call,0.18056425166195325,95.36492333064783,95.13006661272422,0.0821917808219178,0.03
2026-06-15,94.42736652644814,call,0.1765425046062936,95.36492333064783,95.13006661272422,0.0821917808219178,0.03
2026-06-15,95.36492333064783,call,0.17289555861936906,95.36492333064783,95.13006661272422,0.0821917808219178,0.03
2026-06-15,96.31178901206644,call,0.16965483336056572,95.36492333064783,95.13006661272422,0.0821917808219178,0.03
2026-06-15,97.26805599731183,call,0.16684037878449384,95.36492333064783,95.13006661272422,0.0821917808219178,0.03
2026-06-15,98.23381763068339,call,0.16445965469947155,95.36492333064783,95.13006661272422,0.0821917808219178,0.03
2026-06-15,99.20916818328365,call,0.1625077747417527,95.36492333064783,95.13006661272422,0.0821917808219178,0.03
2026-06-15,100.19420286222045,call,0.1609690430660884,95.36492333064783,95.13006661272422,0.0821917808219178,0.03
2026-06-15,101.18901781990041,call,0.15981934430238315,95.36492333064783,95.13006661272422,0.0821917808219178,0.03
2026-06-15,102.19371016341464,call,0.15902885868578087,95.36492333064783,95.13006661272422,0.0821917808219178,0.03
2026-06-15,103.20837796401757,call,0.15856464997089528,95.36492333064783,95.13006661272422,0.0821917808219178,0.03
2026-06-15,104.23312026670031,call,0.15839283676643268,95.36492333064783,95.13006661272422,0.0821917808219178,0.03
2026-06-15,105.26803709985838,call,0.15848022732726094,95.36492333064783,95.13006661272422,0.0821917808219178,0.03
2026-06-15,106.31322948505611,call,0.15879542481933645,95.36492333064783,95.13006661272422,0.0821917808219178,0.03
2026-06-15,107.36879944688746,call,0.15930948186969163,95.36492333064783,95.13006661272422,0.0821917808219178,0.03
2026-06-15,108.43485002293511,call,0.15999620938140183,95.36492333064783,95.13006661272422,0.0821917808219178,0.03
2026-06-15,109.51148527382817,call,0.16083224191899265,95.36492333064783,95.13006661272422,0.0821917808219178,0.03
2026-06-15,110.59881029340006,call,0.16179694539143374,95.36492333064783,95.13006661272422,0.0821917808219178,0.03
2026-06-15,111.69693121894683,call,0.16287223227023212,95.36492333064783,95.13006661272422,0.0821917808219178,0.03
2026-06-15,112.80595524158774,call,0.16404233052510964,95.36492333064783,95.13006661272422,0.0821917808219178,0.03
2026-06-15,113.92599061672841,call,0.16529353698066973,95.36492333064783,95.13006661272422,0.0821917808219178,0.03
2026-06-15,115.0571466746281,call,0.16661397423262927,95.36492333064783,95.13006661272422,0.0821917808219178,0.03
2026-06-15,116.1995338310716,call,0.1679933621272761,95.36492333064783,95.13006661272422,0.0821917808219178,0.03
2026-06-16,79.30809703038074,call,0.2706039009210874,96.22589205052408,95.98891501120009,0.0821917808219178,0.03
2026-06-16,80.07855911142171,call,0.26561421248874306,96.22589205052408,95.98891501120009,0.0821917808219178,0.03
2026-06-16,80.85650607535042,call,0.2605653023638843,96.22589205052408,95.98891501120009,0.0821917808219178,0.03
2026-06-16,81.6420106362864,call,0.2554583303941622,96.22589205052408,95.98891501120009,0.0821917808219178,0.03
2026-06-16,82.43514621475207,call,0.2502952619915048,96.22589205052408,95.98891501120009,0.0821917808219178,0.03
2026-06-16,83.23598694453536,call,0.24507909135223543,96.22589205052408,95.98891501120009,0.0821917808219178,0.03
2026-06-16,84.04460767961893,call,0.23981411894433063,96.22589205052408,95.98891501120009,0.0821917808219178,0.03
2026-06-16,84.8610840011767,call,0.2345062934360081,96.22589205052408,95.98891501120009,0.0821917808219178,0.03
2026-06-16,85.68549222463834,call,0.22916362779302113,96.22589205052408,95.98891501120009,0.0821917808219178,0.03
2026-06-16,86.51790940682247,call,0.22379669664671964,96.22589205052408,95.98891501120009,0.0821917808219178,0.03
2026-06-16,87.35841335313907,call,0.2184192155719117,96.22589205052408,95.98891501120009,0.0821917808219178,0.03
2026-06-16,88.2070826248619,call,0.21304869023026063,96.22589205052408,95.98891501120009,0.0821917808219178,0.03
2026-06-16,89.06399654647157,call,0.20770710141529436,96.22589205052408,95.98891501120009,0.0821917808219178,0.03
2026-06-16,89.92923521306994,call,0.20242155788374866,96.22589205052408,95.98891501120009,0.0821917808219178,0.03
2026-06-16,90.80287949786653,call,0.19722480127626155,96.22589205052408,95.98891501120009,0.0821917808219178,0.03
2026-06-16,91.68501105973769,call,0.1921553905046534,96.22589205052408,95.98891501120009,0.0821917808219178,0.03
2026-06-16,92.57571235085919,call,0.18725734120510285,96.22589205052408,95.98891501120009,0.0821917808219178,0.03
2026-06-16,93.47506662441302,call,0.18257897863000264,96.22589205052408,95.98891501120009,0.0821917808219178,0.03
2026-06-16,94.38315794236885,call,0.17817082181765892,96.22589205052408,95.98891501120009,0.0821917808219178,0.03
2026-06-16,95.30007118334147,call,0.17408249031435377,96.22589205052408,95.98891501120009,0.0821917808219178,0.03
2026-06-16,96.22589205052408,call,0.17035890867879677,96.22589205052408,95.98891501120009,0.0821917808219178,0.03
2026-06-16,97.16070707969911,call,0.16703639838055379,96.22589205052408,95.98891501120009,0.0821917808219178,0.03
2026-06-16,98.1046036473265,call,0.16413944107082096,96.22589205052408,95.98891501120009,0.0821917808219178,0.03
2026-06-16,99.05766997871086,call,0.16167882996052713,96.22589205052408,95.98891501120009,0.0821917808219178,0.03
2026-06-16,100.01999515624766,call,0.15965157766323382,96.22589205052408,95.98891501120009,0.0821917808219178,0.03
2026-06-16,100.99166912774986,call,0.15804246501871247,96.22589205052408,95.98891501120009,0.0821917808219178,0.03
2026-06-16,101.9727827148551,call,0.15682671870660733,96.22589205052408,95.98891501120009,0.0821917808219178,0.03
2026-06-16,102.96342762151487,call,0.1559731466327961,96.22589205052408,95.98891501120009,0.0821917808219178,0.03
2026-06-16,103.96369644256596,call,0.15544714087393802,96.22589205052408,95.98891501120009,0.0821917808219178,0.03
2026-06-16,104.9736826723852,call,0.15521317241029758,96.22589205052408,95.98891501120009,0.0821917808219178,0.03
2026-06-16,105.99348071362829,call,0.1552366292863334,96.22589205052408,95.98891501120009,0.0821917808219178,0.03
2026-06-16,107.0231858860537,call,0.1554850171136986,96.22589205052408,95.98891501120009,0.0821917808219178,0.03
2026-06-16,108.0628944354319,call,0.1559286304380751,96.22589205052408,95.98891501120009,0.0821917808219178,0.03
2026-06-16,109.1127035425416,call,0.1565408312089353,96.22589205052408,95.98891501120009,0.0821917808219178,0.03
2026-06-16,110.17271133225303,call,0.15729806153569692,96.22589205052408,95.98891501120009,0.0821917808219178,0.03
2026-06-16,111.24301688269964,call,0.15817969305088572,96.22589205052408,95.98891501120009,0.0821917808219178,0.03
2026-06-16,112.32372023453883,call,0.15916778756278874,96.22589205052408,95.98891501120009,0.0821917808219178,0.03
2026-06-16,113.41492240030276,call,0.16024681954559847,96.22589205052408,95.98891501120009,0.0821917808219178,0.03
2026-06-16,114.51672537383979,call,0.16140339239368484,96.22589205052408,95.98891501120009,0.0821917808219178,0.03
2026-06-16,115.62923213984791,call,0.1626259671026792,96.22589205052408,95.98891501120009,0.0821917808219178,0.03
2026-06-16,116.7525466835005,call,0.1639046131436807,96.22589205052408,95.98891501120009,0.0821917808219178,0.03
2026-06-17,78.82653946799878,call,0.27404767349796155,95.78123327391684,95.54535130285508,0.0821917808219178,0.03
2026-06-17,79.59812897344315,call,0.2689141122194498,95.78123327391684,95.54535130285508,0.0821917808219178,0.03
2026-06-17,80.3772711428625,call,0.2637180097133024,95.78123327391684,95.54535130285508,0.0821917808219178,0.03
2026-06-17,81.16403990511758,call,0.25846048171104824,95.78123327391684,95.54535130285508,0.0821917808219178,0.03
2026-06-17,81.958509912718,call,0.25314349370960165,95.78123327391684,95.54535130285508,0.0821917808219178,0.03
2026-06-17,82.76075654890562,call,0.24777010331628885,95.78123327391684,95.54535130285508,0.0821917808219178,0.03
2026-06-17,83.57085593480718,call,0.24234476338066466,95.78123327391684,95.54535130285508,0.0821917808219178,0.03
2026-06-17,84.38888493665723,call,0.23687369791866875,95.78123327391684,95.54535130285508,0.0821917808219178,0.03
2026-06-17,85.21492117309143,call,0.23136536260288335,95.78123327391684,95.54535130285508,0.0821917808219178,0.03
2026-06-17,86.04904302251143,call,0.22583099891695382,95.78123327391684,95.54535130285508,0.0821917808219178,0.03
2026-06-17,86.89132963052185,call,0.22028528397748898,95.78123327391684,95.54535130285508,0.0821917808219178,0.03
2026-06-17,87.74186091743996,call,0.21474706361618018,95.78123327391684,95.54535130285508,0.0821917808219178,0.03
2026-06-17,88.6007175858789,call,0.20924013083572482,95.78123327391684,95.54535130285508,0.0821917808219178,0.03
2026-06-17,89.46798112840517,call,0.20379397135742722,95.78123327391684,95.54535130285508,0.0821917808219178,0.03
2026-06-17,90.34373383527108,call,0.19844434091744295,95.78123327391684,95.54535130285508,0.0821917808219178,0.03
2026-06-17,91.22805880222278,call,0.19323347004364744,95.78123327391684,95.54535130285508,0.0821917808219178,0.03
2026-06-17,92.12103993838483,call,0.18820962928192198,95.78123327391684,95.54535130285508,0.0821917808219178,0.03
2026-06-17,93.02276197422195,call,0.18342576843382116,95.78123327391684,95.54535130285508,0.0821917808219178,0.03
2026-06-17,93.93331046957861,call,0.17893702067486755,95.78123327391684,95.54535130285508,0.0821917808219178,0.03
2026-06-17,94.8527718217974,call,0.1747970821519589,95.78123327391684,95.54535130285508,0.0821917808219178,0.03
2026-06-17,95.78123327391684,call,0.17105383011256992,95.78123327391684,95.54535130285508,0.0821917808219178,0.03
2026-06-17,96.71878292294939,call,0.16774491769364075,95.78123327391684,95.54535130285508,0.0821917808219178,0.03
2026-06-17,97.66550972824061,call,0.16489428675851547,95.78123327391684,95.54535130285508,0.0821917808219178,0.03
2026-06-17,98.62150351990995,call,0.16251040552447804,95.78123327391684,95.54535130285508,0.0821917808219178,0.03
2026-06-17,99.5868550073744,call,0.16058657138089166,95.78123327391684,95.54535130285508,0.0821917808219178,0.03
2026-06-17,100.56165578795533,call,0.1591030321725295,95.78123327391684,95.54535130285508,0.0821917808219178,0.03
2026-06-17,101.54599835556981,call,0.1580302481582487,95.78123327391684,95.54535130285508,0.0821917808219178,0.03
2026-06-17,102.53997610950682,call,0.15733249615109027,95.78123327391684,95.54535130285508,0.0821917808219178,0.03
2026-06-17,103.54368336328943,call,0.15697117017733103,95.78123327391684,95.54535130285508,0.0821917808219178,0.03
2026-06-17,104.55721535362377,call,0.1569074106443337,95.78123327391684,95.54535130285508,0.0821917808219178,0.03
2026-06-17,105.58066824943552,call,0.15710395534027732,95.78123327391684,95.54535130285508,0.0821917808219178,0.03
2026-06-17,106.61413916099495,call,0.1575262795822087,95.78123327391684,95.54535130285508,0.0821917808219178,0.03
2026-06-17,107.65772614913116,call,0.158143173731464,95.78123327391684,95.54535130285508,0.0821917808219178,0.03
2026-06-17,108.71152823453662,call,0.1589269207146518,95.78123327391684,95.54535130285508,0.0821917808219178,0.03
2026-06-17,109.77564540716273,call,0.15985321532943955,95.78123327391684,95.54535130285508,0.0821917808219178,0.03
2026-06-17,110.85017863570735,call,0.16090093396671654,95.78123327391684,95.54535130285508,0.0821917808219178,0.03
2026-06-17,111.93522987719524,call,0.16205183080502847,95.78123327391684,95.54535130285508,0.0821917808219178,0.03
2026-06-17,113.03090208665216,call,0.1632902098914424,95.78123327391684,95.54535130285508,0.0821917808219178,0.03
2026-06-17,114.13729922687392,call,0.16460260289950254,95.78123327391684,95.54535130285508,0.0821917808219178,0.03
2026-06-17,115.25452627829068,call,0.16597746890780152,95.78123327391684,95.54535130285508,0.0821917808219178,0.03
2026-06-17,116.38268924892817,call,0.1674049238480036,95.78123327391684,95.54535130285508,0.0821917808219178,0.03
2026-06-18,78.33546230362654,call,0.27827771962805437,95.54189256827624,95.30660002538816,0.0821917808219178,0.03
2026-06-18,79.11706761480977,call,0.27315418224636573,95.54189256827624,95.30660002538816,0.0821917808219178,0.03
2026-06-18,79.90647152505025,call,0.2679678163279731,95.54189256827624,95.30660002538816,0.0821917808219178,0.03
2026-06-18,80.70375184618774,call,0.262719524134225,95.54189256827624,95.30660002538816,0.0821917808219178,0.03
2026-06-18,81.50898716644288,call,0.2574110057529814,95.54189256827624,95.30660002538816,0.0821917808219178,0.03
2026-06-18,82.32225685816343,call,0.2520449914767373,95.54189256827624,95.30660002538816,0.0821917808219178,0.03
2026-06-18,83.14364108564824,call,0.24662553417404756,95.54189256827624,95.30660002538816,0.0821917808219178,0.03
2026-06-18,83.97322081304901,call,0.24115837441348456,95.54189256827624,95.30660002538816,0.0821917808219178,0.03
2026-06-18,84.81107781235087,call,0.2356513915431628,95.54189256827624,95.30660002538816,0.0821917808219178,0.03
2026-06-18,85.65729467143282,call,0.2301151522791001,95.54189256827624,95.30660002538816,0.0821917808219178,0.03
2026-06-18,86.51195480220835,call,0.22456356271138336,95.54189256827624,95.30660002538816,0.0821917808219178,0.03
2026-06-18,87.3751424488474,call,0.21901461707680916,95.54189256827624,95.30660002538816,0.0821917808219178,0.03
2026-06-18,88.24694269608037,call,0.21349121313555885,95.54189256827624,95.30660002538816,0.0821917808219178,0.03
2026-06-18,89.12744147758491,call,0.20802196488035551,95.54189256827624,95.30660002538816,0.0821917808219178,0.03
2026-06-18,90.01672558445648,call,0.2026418852249487,95.54189256827624,95.30660002538816,0.0821917808219178,0.03
2026-06-18,90.91488267376337,call,0.1973927365080471,95.54189256827624,95.30660002538816,0.0821917808219178,0.03
2026-06-18,91.82200127718706,call,0.19232277034944523,95.54189256827624,95.30660002538816,0.0821917808219178,0.03
2026-06-18,92.73817080974881,call,0.18748553714816116,95.54189256827624,95.30660002538816,0.0821917808219178,0.03
2026-06-18,93.66348157862342,call,0.18293749828714206,95.54189256827624,95.30660002538816,0.0821917808219178,0.03
2026-06-18,94.59802479204076,call,0.1787343817076773,95.54189256827624,95.30660002538816,0.0821917808219178,0.03
2026-06-18,95.54189256827624,call,0.1749265945815296,95.54189256827624,95.30660002538816,0.0821917808219178,0.03
2026-06-18,96.4951779447309,call,0.17155444413967555,95.54189256827624,95.30660002538816,0.0821917808219178,0.03
2026-06-18,97.45797488710217,call,0.1686442024590193,95.54189256827624,95.30660002538816,0.0821917808219178,0.03
2026-06-18,98.43037829864616,call,0.16620596607697652,95.54189256827624,95.30660002538816,0.0821917808219178,0.03
2026-06-18,99.41248402953217,call,0.16423377184333898,95.54189256827624,95.30660002538816,0.0821917808219178,0.03
2026-06-18,100.40438888629079,call,0.1627077577478683,95.54189256827624,95.30660002538816,0.0821917808219178,0.03
2026-06-18,101.40619064135618,call,0.1615976347985239,95.54189256827624,95.30660002538816,0.0821917808219178,0.03
2026-06-18,102.41798804270341,call,0.1608665699866791,95.54189256827624,95.30660002538816,0.0821917808219178,0.03
2026-06-18,103.43988082358219,call,0.16047474387856667,95.54189256827624,95.30660002538816,0.0821917808219178,0.03
2026-06-18,104.47196971234756,call,0.1603821648748015,95.54189256827624,95.30660002538816,0.0821917808219178,0.03
2026-06-18,105.51435644238876,call,0.1605506239233691,95.54189256827624,95.30660002538816,0.0821917808219178,0.03
2026-06-18,106.56714376215714,call,0.16094487184615192,95.54189256827624,95.30660002538816,0.0821917808219178,0.03
2026-06-18,107.63043544529401,call,0.1615331903016419,95.54189256827624,95.30660002538816,0.0821917808219178,0.03
2026-06-18,108.70433630085981,call,0.16228753969820608,95.54189256827624,95.30660002538816,0.0821917808219178,0.03
2026-06-18,109.788952183665,call,0.16318344058552064,95.54189256827624,95.30660002538816,0.0821917808219178,0.03
2026-06-18,110.88439000470433,call,0.164199705954976,95.54189256827624,95.30660002538816,0.0821917808219178,0.03
2026-06-18,111.99075774169509,call,0.16531810482160933,95.54189256827624,95.30660002538816,0.0821917808219178,0.03
2026-06-18,113.1081644497205,call,0.166523007972158,95.54189256827624,95.30660002538816,0.0821917808219178,0.03
2026-06-18,114.23672027197925,call,0.16780104557918038,95.54189256827624,95.30660002538816,0.0821917808219178,0.03
2026-06-18,115.3765364506424,call,0.16914079222006723,95.54189256827624,95.30660002538816,0.0821917808219178,0.03
2026-06-18,116.52772533781862,call,0.1705324859228893,95.54189256827624,95.30660002538816,0.0821917808219178,0.03
2026-06-19,78.33724604862638,call,0.2792728439374194,95.35358929054762,95.11876048514537,0.0821917808219178,0.03
2026-06-19,79.11097502060824,call,0.2741951865026629,95.35358929054762,95.11876048514537,0.0821917808219178,0.03
2026-06-19,79.89234603455967,call,0.2690555111958745,95.35358929054762,95.11876048514537,0.0821917808219178,0.03
2026-06-19,80.68143457014807,call,0.2638544889299385,95.35358929054762,95.11876048514537,0.0821917808219178,0.03
2026-06-19,81.47831685254582,call,0.2585934895568913,95.35358929054762,95.11876048514537,0.0821917808219178,0.03
2026-06-19,82.28306985979349,call,0.25327478205794174,95.35358929054762,95.11876048514537,0.0821917808219178,0.03
2026-06-19,83.09577133023593,call,0.2479017852450429,95.35358929054762,95.11876048514537,0.0821917808219178,0.03
2026-06-19,83.91649977003166,call,0.2424793795807057,95.35358929054762,95.11876048514537,0.0821917808219178,0.03
2026-06-19,84.74533446073652,call,0.2370142912568098,95.35358929054762,95.11876048514537,0.0821917808219178,0.03
2026-06-19,85.58235546696213,call,0.23151555873580762,95.35358929054762,95.11876048514537,0.0821917808219178,0.03
2026-06-19,86.42764364411015,call,0.2259950882100739,95.35358929054762,95.11876048514537,0.0821917808219178,0.03
2026-06-19,87.28128064618274,call,0.22046829581529037,95.35358929054762,95.11876048514537,0.0821917808219178,0.03
2026-06-19,88.14334893367031,call,0.21495481805007535,95.35358929054762,95.11876048514537,0.0821917808219178,0.03
2026-06-19,89.0139317815171,call,0.2094792442112136,95.35358929054762,95.11876048514537,0.0821917808219178,0.03
2026-06-19,89.89311328716545,call,0.20407178268431453,95.35358929054762,95.11876048514537,0.0821917808219178,0.03
2026-06-19,90.78097837867956,call,0.19876871653007225,95.35358929054762,95.11876048514537,0.0821917808219178,0.03
2026-06-19,91.67761282294946,call,0.1936124404611269,95.35358929054762,95.11876048514537,0.0821917808219178,0.03
2026-06-19,92.58310323397592,call,0.18865082216863638,95.35358929054762,95.11876048514537,0.0821917808219178,0.03
2026-06-19,93.49753708123741,call,0.18393563455590284,95.35358929054762,95.11876048514537,0.0821917808219178,0.03
2026-06-19,94.42100269813945,call,0.17951991048374055,95.35358929054762,95.11876048514537,0.0821917808219178,0.03
2026-06-19,95.35358929054762,call,0.1754543094574079,95.35358929054762,95.11876048514537,0.0821917808219178,0.03
2026-06-19,96.29538694540467,call,0.17178292532756703,95.35358929054762,95.11876048514537,0.0821917808219178,0.03
2026-06-19,97.24648663943292,call,0.16853928228047707,95.35358929054762,95.11876048514537,0.0821917808219178,0.03
2026-06-19,98.20698024792244,call,0.1657433840176859,95.35358929054762,95.11876048514537,0.0821917808219178,0.03
2026-06-19,99.17696055360615,call,0.1634004783473365,95.35358929054762,95.11876048514537,0.0821917808219178,0.03
2026-06-19,100.15652125562262,call,0.16150172923487072,95.35358929054762,95.11876048514537,0.0821917808219178,0.03
2026-06-19,101.1457569785671,call,0.1600264671311474,95.35358929054762,95.11876048514537,0.0821917808219178,0.03
2026-06-19,102.1447632816324,call,0.1589453507568414,95.35358929054762,95.11876048514537,0.0821917808219178,0.03
2026-06-19,103.15363666783965,call,0.15822372070669743,95.35358929054762,95.11876048514537,0.0821917808219178,0.03
2026-06-19,104.17247459336048,call,0.15782459606372712,95.35358929054762,95.11876048514537,0.0821917808219178,0.03
2026-06-19,105.20137547693118,call,0.1577110215493355,95.35358929054762,95.11876048514537,0.0821917808219178,0.03
2026-06-19,106.24043870935984,call,0.15784769849831792,95.35358929054762,95.11876048514537,0.0821917808219178,0.03
2026-06-19,107.28976466312734,call,0.15820197646074186,95.35358929054762,95.11876048514537,0.0821917808219178,0.03
2026-06-19,108.34945470208339,call,0.15874434500505524,95.35358929054762,95.11876048514537,0.0821917808219178,0.03
2026-06-19,109.41961119123799,call,0.15944857270647295,95.35358929054762,95.11876048514537,0.0821917808219178,0.03
2026-06-19,110.50033750664996,call,0.16029161934419736,95.35358929054762,95.11876048514537,0.0821917808219178,0.03
2026-06-19,111.5917380454128,call,0.16125341715956104,95.35358929054762,95.11876048514537,0.0821917808219178,0.03
2026-06-19,112.69391823573955,call,0.16231658810649244,95.35358929054762,95.11876048514537,0.0821917808219178,0.03
2026-06-19,113.80698454714678,call,0.16346614058686662,95.35358929054762,95.11876048514537,0.0821917808219178,0.03
2026-06-19,114.93104450073976,call,0.16468917194460395,95.35358929054762,95.11876048514537,0.0821917808219178,0.03
2026-06-19,116.0662066795986,call,0.16597459118402122,95.35358929054762,95.11876048514537,0.0821917808219178,0.03
2026-06-22,78.09350875397074,call,0.2794144431926663,95.33057026788192,95.09579815179399,0.0821917808219178,0.03
2026-06-22,78.87616719838829,call,0.27439806427573366,95.33057026788192,95.09579815179399,0.0821917808219178,0.03
2026-06-22,79.66666949884961,call,0.26932254184368254,95.33057026788192,95.09579815179399,0.0821917808219178,0.03
2026-06-22,80.46509426701226,call,0.2641888091387697,95.33057026788192,95.09579815179399,0.0821917808219178,0.03
2026-06-22,81.27152090238519,call,0.2589985266330904,95.33057026788192,95.09579815179399,0.0821917808219178,0.03
2026-06-22,82.08602960022463,call,0.25375428416564755,95.33057026788192,95.09579815179399,0.0821917808219178,0.03
2026-06-22,82.9087013595091,call,0.2484598528785124,95.33057026788192,95.09579815179399,0.0821917808219178,0.03
2026-06-22,83.73961799099433,call,0.2431204969839648,95.33057026788192,95.09579815179399,0.0821917808219178,0.03
2026-06-22,84.5788621253491,call,0.23774335565231963,95.33057026788192,95.09579815179399,0.0821917808219178,0.03
2026-06-22,85.42651722137226,call,0.23233790400632243,95.33057026788192,95.09579815179399,0.0821917808219178,0.03
2026-06-22,86.28266757429246,call,0.22691649800756428,95.33057026788192,95.09579815179399,0.0821917808219178,0.03
2026-06-22,87.14739832415083,call,0.2214949989062465,95.33057026788192,95.09579815179399,0.0821917808219178,0.03
2026-06-22,88.0207954642678,call,0.21609345613352288,95.33057026788192,95.09579815179399,0.0821917808219178,0.03
2026-06-22,88.90294584979465,call,0.21073679981943394,95.33057026788192,95.09579815179399,0.0821917808219178,0.03
2026-06-22,89.7939372063509,call,0.2054554529227354,95.33057026788192,95.09579815179399,0.0821917808219178,0.03
2026-06-22,90.6938581387482,call,0.2002857188320114,95.33057026788192,95.09579815179399,0.0821917808219178,0.03
2026-06-22,91.60279813980162,call,0.1952697414149658,95.33057026788192,95.09579815179399,0.0821917808219178,0.03
2026-06-22,92.52084759922928,call,0.19045479216789998,95.33057026788192,95.09579815179399,0.0821917808219178,0.03
2026-06-22,93.44809781264122,call,0.18589165054366363,95.33057026788192,95.09579815179399,0.0821917808219178,0.03
2026-06-22,94.38464099061827,call,0.1816319537093705,95.33057026788192,95.09579815179399,0.0821917808219178,0.03
2026-06-22,95.33057026788192,call,0.17772462660099117,95.33057026788192,95.09579815179399,0.0821917808219178,0.03
2026-06-22,96.28597971255623,call,0.17421182701538443,95.33057026788192,95.09579815179399,0.0821917808219178,0.03
2026-06-22,97.25096433552231,call,0.17112513292423379,95.33057026788192,95.09579815179399,0.0821917808219178,0.03
2026-06-22,98.22562009986684,call,0.16848279289289267,95.33057026788192,95.09579815179399,0.0821917808219178,0.03
2026-06-22,99.21004393042502,call,0.16628865070540444,95.33057026788192,95.09579815179399,0.0821917808219178,0.03
2026-06-22,100.2043337234193,call,0.16453290087452635,95.33057026788192,95.09579815179399,0.0821917808219178,0.03
2026-06-22,101.2085883561948,call,0.16319433991319485,95.33057026788192,95.09579815179399,0.0821917808219178,0.03
2026-06-22,102.22290769705204,call,0.16224346668215342,95.33057026788192,95.09579815179399,0.0821917808219178,0.03
2026-06-22,103.24739261517841,call,0.16164574357234343,95.33057026788192,95.09579815179399,0.0821917808219178,0.03
2026-06-22,104.28214499067921,call,0.16136449767660643,95.33057026788192,95.09579815179399,0.0821917808219178,0.03
2026-06-22,105.32726772470903,call,0.16136318670086128,95.33057026788192,95.09579815179399,0.0821917808219178,0.03
2026-06-22,106.3828647497048,call,0.16160696939893404,95.33057026788192,95.09579815179399,0.0821917808219178,0.03
2026-06-22,107.4490410397214,call,0.1620636566955103,95.33057026788192,95.09579815179399,0.0821917808219178,0.03
2026-06-22,108.52590262087081,call,0.1627041791477848,95.33057026788192,95.09579815179399,0.0821917808219178,0.03
2026-06-22,109.61355658186591,call,0.1635027131333921,95.33057026788192,95.09579815179399,0.0821917808219178,0.03
2026-06-22,110.71211108466993,call,0.16443658780283035,95.33057026788192,95.09579815179399,0.0821917808219178,0.03
2026-06-22,111.82167537525258,call,0.16548606566515917,95.33057026788192,95.09579815179399,0.0821917808219178,0.03
2026-06-22,112.9423597944542,call,0.16663406170255948,95.33057026788192,95.09579815179399,0.0821917808219178,0.03
2026-06-22,114.07427578895843,call,0.16786584320855352,95.33057026788192,95.09579815179399,0.0821917808219178,0.03
2026-06-22,115.21753592237516,call,0.16916873584359415,95.33057026788192,95.09579815179399,0.0821917808219178,0.03
2026-06-22,116.37225388643444,call,0.17053184993245582,95.33057026788192,95.09579815179399,0.0821917808219178,0.03
2026-06-23,77.4555093364161,call,0.27237083296817977,94.10786327588238,93.87610233980796,0.0821917808219178,0.03
2026-06-23,78.21336914085305,call,0.26749190857905003,94.10786327588238,93.87610233980796,0.0821917808219178,0.03
2026-06-23,78.97864418906158,call,0.26255484058413847,94.10786327588238,93.87610233980796,0.0821917808219178,0.03
2026-06-23,79.75140703514717,call,0.25756043863581307,94.10786327588238,93.87610233980796,0.0821917808219178,0.03
2026-06-23,80.53173094311755,call,0.2525102061257764,94.10786327588238,93.87610233980796,0.0821917808219178,0.03
2026-06-23,81.31968989382871,call,0.2474065354761529,94.10786327588238,93.87610233980796,0.0821917808219178,0.03
2026-06-23,82.11535859199883,call,0.24225295201660701,94.10786327588238,93.87610233980796,0.0821917808219178,0.03
2026-06-23,82.91881247329097,call,0.23705441634158828,94.10786327588238,93.87610233980796,0.0821917808219178,0.03
2026-06-23,83.73012771146485,call,0.23181769531452845,94.10786327588238,93.87610233980796,0.0821917808219178,0.03
2026-06-23,84.54938122559876,call,0.2265518106035245,94.10786327588238,93.87610233980796,0.0821917808219178,0.03
2026-06-23,85.3766506873822,call,0.22126856945049497,94.10786327588238,93.87610233980796,0.0821917808219178,0.03
2026-06-23,86.21201452847956,call,0.21598317325394187,94.10786327588238,93.87610233980796,0.0821917808219178,0.03
2026-06-23,87.05555194796626,call,0.2107148826866625,94.10786327588238,93.87610233980796,0.0821917808219178,0.03
2026-06-23,87.90734291983736,call,0.2054876902199148,94.10786327588238,93.87610233980796,0.0821917808219178,0.03
2026-06-23,88.76746820058969,call,0.2003309095217244,94.10786327588238,93.87610233980796,0.0821917808219178,0.03
2026-06-23,89.63600933687829,call,0.19527953702743564,94.10786327588238,93.87610233980796,0.0821917808219178,0.03
2026-06-23,90.51304867324757,call,0.19037418280613772,94.10786327588238,93.87610233980796,0.0821917808219178,0.03
2026-06-23,91.39866935993835,call,0.1856603280447839,94.10786327588238,93.87610233980796,0.0821917808219178,0.03
2026-06-23,92.29295536077102,call,0.18118668343422997,94.10786327588238,93.87610233980796,0.0821917808219178,0.03
2026-06-23,93.19599146110606,call,0.17700254147594008,94.10786327588238,93.87610233980796,0.0821917808219178,0.03
2026-06-23,94.10786327588238,call,0.17315425856265207,94.10786327588238,93.87610233980796,0.0821917808219178,0.03
2026-06-23,95.0286572577342,call,0.1696813266288706,94.10786327588238,93.87610233980796,0.0821917808219178,0.03
2026-06-23,95.95846070518753,call,0.16661277002912114,94.10786327588238,93.87610233980796,0.0821917808219178,0.03
2026-06-23,96.89736177093668,call,0.16396466378690835,94.10786327588238,93.87610233980796,0.0821917808219178,0.03
2026-06-23,97.84544947020191,call,0.16173932496843862,94.10786327588238,93.87610233980796,0.0821917808219178,0.03
2026-06-23,98.8028136891687,call,0.1599262616664539,94.10786327588238,93.87610233980796,0.0821917808219178,0.03
2026-06-23,99.76954519350973,call,0.1585044929906166,94.10786327588238,93.87610233980796,0.0821917808219178,0.03
2026-06-23,100.74573563699013,call,0.1574455849174791,94.10786327588238,93.87610233980796,0.0821917808219178,0.03
2026-06-23,101.73147757015705,call,0.15671674585603243,94.10786327588238,93.87610233980796,0.0821917808219178,0.03
2026-06-23,102.72686444911406,call,0.15628351289332681,94.10786327588238,93.87610233980796,0.0821917808219178,0.03
2026-06-23,103.73199064438167,call,0.15611180221225612,94.10786327588238,93.87610233980796,0.0821917808219178,0.03
2026-06-23,104.74695144984432,call,0.1561692959875638,94.10786327588238,93.87610233980796,0.0821917808219178,0.03
2026-06-23,105.77184309178493,call,0.15642625617398695,94.10786327588238,93.87610233980796,0.0821917808219178,0.03
2026-06-23,106.80676273800806,call,0.15685590134101868,94.10786327588238,93.87610233980796,0.0821917808219178,0.03
2026-06-23,107.85180850705207,call,0.15743448184820424,94.10786327588238,93.87610233980796,0.0821917808219178,0.03
2026-06-23,108.90707947749158,call,0.15814116565547248,94.10786327588238,93.87610233980796,0.0821917808219178,0.03
2026-06-23,109.97267569733089,call,0.15895781822810273,94.10786327588238,93.87610233980796,0.0821917808219178,0.03
2026-06-23,111.04869819348922,call,0.15986873370104618,94.10786327588238,93.87610233980796,0.0821917808219178,0.03
2026-06-23,112.13524898137912,call,0.16086035375873212,94.10786327588238,93.87610233980796,0.0821917808219178,0.03
2026-06-23,113.23243107457803,call,0.16192099577979144,94.10786327588238,93.87610233980796,0.0821917808219178,0.03
2026-06-23,114.34034849459498,call,0.16304060174228008,94.10786327588238,93.87610233980796,0.0821917808219178,0.03
2026-06-24,77.07146907587587,call,0.2777695442473239,94.26237656360175,94.03023510518891,0.0821917808219178,0.03
2026-06-24,77.85130100497798,call,0.27291651007782397,94.26237656360175,94.03023510518891,0.0821917808219178,0.03
2026-06-24,78.63902350428641,call,0.2680067099989781,94.26237656360175,94.03023510518891,0.0821917808219178,0.03
2026-06-24,79.4347164129253,call,0.26304095766227864,94.26237656360175,94.03023510518891,0.0821917808219178,0.03
2026-06-24,80.23846037785461,call,0.2580207413043435,94.26237656360175,94.03023510518891,0.0821917808219178,0.03
2026-06-24,81.05033686204416,call,0.2529484131667349,94.26237656360175,94.03023510518891,0.0821917808219178,0.03
2026-06-24,81.87042815273021,call,0.24782742628692844,94.26237656360175,94.03023510518891,0.0821917808219178,0.03
2026-06-24,82.69881736975557,call,0.24266262851765283,94.26237656360175,94.03023510518891,0.0821917808219178,0.03
2026-06-24,83.5355884739943,call,0.23746062406372842,94.26237656360175,94.03023510518891,0.0821917808219178,0.03
2026-06-24,84.38082627586132,call,0.23223021182153017,94.26237656360175,94.03023510518891,0.0821917808219178,0.03
2026-06-24,85.23461644390851,call,0.22698290606561652,94.26237656360175,94.03023510518891,0.0821917808219178,0.03
2026-06-24,86.09704551350747,call,0.2217335365423465,94.26237656360175,94.03023510518891,0.0821917808219178,0.03
2026-06-24,86.96820089562028,call,0.2165009089816825,94.26237656360175,94.03023510518891,0.0821917808219178,0.03
2026-06-24,87.84817088565906,call,0.2113084800213509,94.26237656360175,94.03023510518891,0.0821917808219178,0.03
2026-06-24,88.73704467243498,call,0.20618495960469754,94.26237656360175,94.03023510518891,0.0821917808219178,0.03
2026-06-24,89.63491234719798,call,0.20116469914820342,94.26237656360175,94.03023510518891,0.0821917808219178,0.03
2026-06-24,90.54186491276799,call,0.1962876629948776,94.26237656360175,94.03023510518891,0.0821917808219178,0.03
2026-06-24,91.45799429275833,call,0.19159873558381738,94.26237656360175,94.03023510518891,0.0821917808219178,0.03
2026-06-24,92.3833933408927,call,0.18714612649104712,94.26237656360175,94.03023510518891,0.0821917808219178,0.03
2026-06-24,93.31815585041619,call,0.18297874844604067,94.26237656360175,94.03023510518891,0.0821917808219178,0.03
2026-06-24,94.26237656360175,call,0.17914268780138629,94.26237656360175,94.03023510518891,0.0821917808219178,0.03
2026-06-24,95.21615118135266,call,0.1756772242626464,94.26237656360175,94.03023510518891,0.0821917808219178,0.03
2026-06-24,96.17957637290222,call,0.17261115446669392,94.26237656360175,94.03023510518891,0.0821917808219178,0.03
2026-06-24,97.15274978561175,call,0.1699602514186284,94.26237656360175,94.03023510518891,0.0821917808219178,0.03
2026-06-24,98.13577005486728,call,0.16772644453812952,94.26237656360175,94.03023510518891,0.0821917808219178,0.03
2026-06-24,99.12873681407707,call,0.1658988138549194,94.26237656360175,94.03023510518891,0.0821917808219178,0.03
2026-06-24,100.13175070476954,call,0.1644559918588456,94.26237656360175,94.03023510518891,0.0821917808219178,0.03
2026-06-24,101.14491338679392,call,0.1633692832874215,94.26237656360175,94.03023510518891,0.0821917808219178,0.03
2026-06-24,102.16832754862385,call,0.16260581772239244,94.26237656360175,94.03023510518891,0.0821917808219178,0.03
2026-06-24,103.2020969177654,call,0.16213125408148693,94.26237656360175,94.03023510518891,0.0821917808219178,0.03
2026-06-24,104.24632627127018,call,0.16191181475626062,94.26237656360175,94.03023510518891,0.0821917808219178,0.03
2026-06-24,105.301121446355,call,0.16191563435274037,94.26237656360175,94.03023510518891,0.0821917808219178,0.03
2026-06-24,106.366589351129,call,0.162113526885743,94.26237656360175,94.03023510518891,0.0821917808219178,0.03
2026-06-24,107.44283797542919,call,0.16247931759184606,94.26237656360175,94.03023510518891,0.0821917808219178,0.03
2026-06-24,108.52997640176561,call,0.16298988026477493,94.26237656360175,94.03023510518891,0.0821917808219178,0.03
2026-06-24,109.62811481637758,call,0.16362499442901735,94.26237656360175,94.03023510518891,0.0821917808219178,0.03
2026-06-24,110.73736452040121,call,0.16436710556390277,94.26237656360175,94.03023510518891,0.0821917808219178,0.03
2026-06-24,111.85783794115063,call,0.16520104417543122,94.26237656360175,94.03023510518891,0.0821917808219178,0.03
2026-06-24,112.98964864351267,call,0.1661137384558825,94.26237656360175,94.03023510518891,0.0821917808219178,0.03
2026-06-24,114.13291134145729,call,0.16709394044217105,94.26237656360175,94.03023510518891,0.0821917808219178,0.03
2026-06-24,115.28774190966438,call,0.16813197579389802,94.26237656360175,94.03023510518891,0.0821917808219178,0.03
2026-06-25,76.88527720481723,call,0.2773757450917581,94.09623859528745,93.86450628749935,0.0821917808219178,0.03
2026-06-25,77.6657675216939,call,0.2724223674677069,94.09623859528745,93.86450628749935,0.0821917808219178,0.03
2026-06-25,78.45418087867505,call,0.2674110297292148,94.09623859528745,93.86450628749935,0.0821917808219178,0.03
2026-06-25,79.25059770541259,call,0.2623428286671328,94.09623859528745,93.86450628749935,0.0821917808219178,0.03
2026-06-25,80.05509924802897,call,0.2572196380350714,94.09623859528745,93.86450628749935,0.0821917808219178,0.03
2026-06-25,80.86776757740546,call,0.2520443265229067,94.09623859528745,93.86450628749935,0.0821917808219178,0.03
2026-06-25,81.68868559755464,call,0.24682103005913228,94.09623859528745,93.86450628749935,0.0821917808219178,0.03
2026-06-25,82.51793705407769,call,0.24155548929646933,94.09623859528745,93.86450628749935,0.0821917808219178,0.03
2026-06-25,83.35560654270785,call,0.23625546310896173,94.09623859528745,93.86450628749935,0.0821917808219178,0.03
2026-06-25,84.20177951794021,call,0.23093122685231868,94.09623859528745,93.86450628749935,0.0821917808219178,0.03
2026-06-25,85.05654230174947,call,0.22559615829965635,94.09623859528745,93.86450628749935,0.0821917808219178,0.03
2026-06-25,85.91998209239598,call,0.2202674020028717,94.09623859528745,93.86450628749935,0.0821917808219178,0.03
2026-06-25,86.79218697332122,call,0.21496658093268034,94.09623859528745,93.86450628749935,0.0821917808219178,0.03
2026-06-25,87.67324592213363,call,0.2097204889049994,94.09623859528745,93.86450628749935,0.0821917808219178,0.03
2026-06-25,88.56324881968558,call,0.20456164627474704,94.09623859528745,93.86450628749935,0.0821917808219178,0.03
2026-06-25,89.46228645924258,call,0.19952853775313112,94.09623859528745,93.86450628749935,0.0821917808219178,0.03
2026-06-25,90.37045055574545,call,0.19466528953528128,94.09623859528745,93.86450628749935,0.0821917808219178,0.03
2026-06-25,91.28783375516664,call,0.1900205155680322,94.09623859528745,93.86450628749935,0.0821917808219178,0.03
2026-06-25,92.21452964396148,call,0.1856451193582199,94.09623859528745,93.86450628749935,0.0821917808219178,0.03
2026-06-25,93.15063275861526,call,0.18158902603985658,94.09623859528745,93.86450628749935,0.0821917808219178,0.03
2026-06-25,94.09623859528745,call,0.1778971417678911,94.09623859528745,93.86450628749935,0.0821917808219178,0.03
2026-06-25,95.05144361955361,call,0.17460520248650852,94.09623859528745,93.86450628749935,0.0821917808219178,0.03
2026-06-25,96.01634527624637,call,0.1717363993634007,94.09623859528745,93.86450628749935,0.0821917808219178,0.03
2026-06-25,96.99104199939615,call,0.16929957918696875,94.09623859528745,93.86450628749935,0.0821917808219178,0.03
2026-06-25,97.97563322227288,call,0.16728939507484838,94.09623859528745,93.86450628749935,0.0821917808219178,0.03
2026-06-25,98.97021938752967,call,0.1656882146607927,94.09623859528745,93.86450628749935,0.0821917808219178,0.03
2026-06-25,99.97490195744939,call,0.1644691550351552,94.09623859528745,93.86450628749935,0.0821917808219178,0.03
2026-06-25,100.98978342429537,call,0.16359947506780922,94.09623859528745,93.86450628749935,0.0821917808219178,0.03
2026-06-25,102.01496732076697,call,0.16304369328965332,94.09623859528745,93.86450628749935,0.0821917808219178,0.03
2026-06-25,103.05055823056162,call,0.16276606863428966,94.09623859528745,93.86450628749935,0.0821917808219178,0.03
2026-06-25,104.09666179904363,call,0.16273233852572241,94.09623859528745,93.86450628749935,0.0821917808219178,0.03
2026-06-25,105.15338474402182,call,0.16291078013484012,94.09623859528745,93.86450628749935,0.0821917808219178,0.03
2026-06-25,106.22083486663612,call,0.1632727393348444,94.09623859528745,93.86450628749935,0.0821917808219178,0.03
2026-06-25,107.2991210623549,call,0.16379278474274472,94.09623859528745,93.86450628749935,0.0821917808219178,0.03
2026-06-25,108.38835333208387,call,0.16444862272318284,94.09623859528745,93.86450628749935,0.0821917808219178,0.03
2026-06-25,109.48864279338788,call,0.16522087629557622,94.09623859528745,93.86450628749935,0.0821917808219178,0.03
2026-06-25,110.60010169182644,call,0.16609279910039387,94.09623859528745,93.86450628749935,0.0821917808219178,0.03
2026-06-25,111.72284341240434,call,0.16704996997925226,94.09623859528745,93.86450628749935,0.0821917808219178,0.03
2026-06-25,112.85698249113874,call,0.16807999514243807,94.09623859528745,93.86450628749935,0.0821917808219178,0.03
2026-06-25,114.00263462674339,call,0.16917223235475046,94.09623859528745,93.86450628749935,0.0821917808219178,0.03
2026-06-25,115.15991669243161,call,0.17031754359000567,94.09623859528745,93.86450628749935,0.0821917808219178,0.03
2026-06-26,77.09434925543067,call,0.279058630272141,94.12944805153738,93.89763395829164,0.0821917808219178,0.03
2026-06-26,77.86776243294035,call,0.2740909238017912,94.12944805153738,93.89763395829164,0.0821917808219178,0.03
2026-06-26,78.64893451819002,call,0.2690639072576392,94.12944805153738,93.89763395829164,0.0821917808219178,0.03
2026-06-26,79.43794334881038,call,0.26397832916208375,94.12944805153738,93.89763395829164,0.0821917808219178,0.03
2026-06-26,80.23486754330199,call,0.2588356235054367,94.12944805153738,93.89763395829164,0.0821917808219178,0.03
2026-06-26,81.03978650886887,call,0.25363810339275994,94.12944805153738,93.89763395829164,0.0821917808219178,0.03
2026-06-26,81.85278044933094,call,0.24838920300149492,94.12944805153738,93.89763395829164,0.0821917808219178,0.03
2026-06-26,82.67393037311555,call,0.24309377777275631,94.12944805153738,93.89763395829164,0.0821917808219178,0.03
2026-06-26,83.5033181013294,call,0.23775847310446863,94.12944805153738,93.89763395829164,0.0821917808219178,0.03
2026-06-26,84.34102627591136,call,0.23239217065902282,94.12944805153738,93.89763395829164,0.0821917808219178,0.03
2026-06-26,85.18713836786714,call,0.22700651742248285,94.12944805153738,93.89763395829164,0.0821917808219178,0.03
2026-06-26,86.04173868558638,call,0.2216165338450758,94.12944805153738,93.89763395829164,0.0821917808219178,0.03
2026-06-26,86.90491238324348,call,0.21624128097145062,94.12944805153738,93.89763395829164,0.0821917808219178,0.03
2026-06-26,87.77674546928242,call,0.21090453915132298,94.12944805153738,93.89763395829164,0.0821917808219178,0.03
2026-06-26,88.65732481498686,call,0.2056354100142058,94.12944805153738,93.89763395829164,0.0821917808219178,0.03
2026-06-26,89.54673816313621,call,0.20046869937610562,94.12944805153738,93.89763395829164,0.0821917808219178,0.03
2026-06-26,90.44507413674846,call,0.19544487984313902,94.12944805153738,93.89763395829164,0.0821917808219178,0.03
2026-06-26,91.35242224791077,call,0.1906093897879871,94.12944805153738,93.89763395829164,0.0821917808219178,0.03
2026-06-26,92.26887290669866,call,0.1860110380996358,94.12944805153738,93.89763395829164,0.0821917808219178,0.03
2026-06-26,93.19451743018469,call,0.1816993973581932,94.12944805153738,93.89763395829164,0.0821917808219178,0.03
2026-06-26,94.12944805153738,call,0.17772130674118883,94.12944805153738,93.89763395829164,0.0821917808219178,0.03
2026-06-26,95.07375792921165,call,0.174116930924099,94.12944805153738,93.89763395829164,0.0821917808219178,0.03
2026-06-26,96.02754115623122,call,0.17091610582958988,94.12944805153738,93.89763395829164,0.0821917808219178,0.03
2026-06-26,96.99089276956431,call,0.1681357766308809,94.12944805153738,93.89763395829164,0.0821917808219178,0.03
2026-06-26,97.96390875959325,call,0.16577910087158557,94.12944805153738,93.89763395829164,0.0821917808219178,0.03
2026-06-26,98.94668607967928,call,0.16383632444619067,94.12944805153738,93.89763395829164,0.0821917808219178,0.03
2026-06-26,99.93932265582298,call,0.1622870586084567,94.12944805153738,93.89763395829164,0.0821917808219178,0.03
2026-06-26,100.9419173964221,call,0.16110330469026246,94.12944805153738,93.89763395829164,0.0821917808219178,0.03
2026-06-26,101.95457020212677,call,0.1602525623778197,94.12944805153738,93.89763395829164,0.0821917808219178,0.03
2026-06-26,102.97738197579393,call,0.1597005411514394,94.12944805153738,93.89763395829164,0.0821917808219178,0.03
2026-06-26,104.01045463254142,call,0.1594132388304044,94.12944805153738,93.89763395829164,0.0821917808219178,0.03
2026-06-26,105.05389110990316,call,0.15935835379373398,94.12944805153738,93.89763395829164,0.0821917808219178,0.03
2026-06-26,106.1077953780859,call,0.15950611899582898,94.12944805153738,93.89763395829164,0.0821917808219178,0.03
2026-06-26,107.17227245032906,call,0.15982969380064999,94.12944805153738,93.89763395829164,0.0821917808219178,0.03
2026-06-26,108.24742839336862,call,0.1603052497800127,94.12944805153738,93.89763395829164,0.0821917808219178,0.03
2026-06-26,109.33337033800562,call,0.16091186385659012,94.12944805153738,93.89763395829164,0.0821917808219178,0.03
2026-06-26,110.43020648978111,call,0.16163130321795594,94.12944805153738,93.89763395829164,0.0821917808219178,0.03
2026-06-26,111.53804613975775,call,0.16244775990535434,94.12944805153738,93.89763395829164,0.0821917808219178,0.03
2026-06-26,112.65699967540998,call,0.16334757205301736,94.12944805153738,93.89763395829164,0.0821917808219178,0.03
2026-06-26,113.78717859162323,call,0.1643189536758169,94.12944805153738,93.89763395829164,0.0821917808219178,0.03
2026-06-26,114.9286955018034,call,0.1653517447286537,94.12944805153738,93.89763395829164,0.0821917808219178,0.03
2026-06-29,77.26456791625077,call,0.27687686799994626,94.21354930201196,93.98152809127511,0.0821917808219178,0.03
2026-06-29,78.03456782839464,call,0.2718250602477035,94.21354930201196,93.98152809127511,0.0821917808219178,0.03
2026-06-29,78.81224137258864,call,0.2667130249980525,94.21354930201196,93.98152809127511,0.0821917808219178,0.03
2026-06-29,79.59766502238544,call,0.2615417851779593,94.21354930201196,93.98152809127511,0.0821917808219178,0.03
2026-06-29,80.39091601345457,call,0.2563131355885875,94.21354930201196,93.98152809127511,0.0821917808219178,0.03
2026-06-29,81.19207235117747,call,0.25102985662229277,94.21354930201196,93.98152809127511,0.0821917808219178,0.03
2026-06-29,82.00121281831825,call,0.24569597942891425,94.21354930201196,93.98152809127511,0.0821917808219178,0.03
2026-06-29,82.81841698277091,call,0.24031711190614952,94.21354930201196,93.98152809127511,0.0821917808219178,0.03
2026-06-29,83.64376520538377,call,0.23490083428475592,94.21354930201196,93.98152809127511,0.0821917808219178,0.03
2026-06-29,84.47733864786183,call,0.22945717033997057,94.21354930201196,93.98152809127511,0.0821917808219178,0.03
2026-06-29,85.31921928074789,call,0.2239991338161214,94.21354930201196,93.98152809127511,0.0821917808219178,0.03
2026-06-29,86.16948989148332,call,0.2185433372843981,94.21354930201196,93.98152809127511,0.0821917808219178,0.03
2026-06-29,87.02823409254898,call,0.21311062962424981,94.21354930201196,93.98152809127511,0.0821917808219178,0.03
2026-06-29,87.89553632968742,call,0.2077266960403198,94.21354930201196,93.98152809127511,0.0821917808219178,0.03
2026-06-29,88.77148189020693,call,0.20242251029707417,94.21354930201196,93.98152809127511,0.0821917808219178,0.03
2026-06-29,89.6561569113684,call,0.1972344771283314,94.21354930201196,93.98152809127511,0.0821917808219178,0.03
2026-06-29,90.54964838885572,call,0.19220405777322944,94.21354930201196,93.98152809127511,0.0821917808219178,0.03
2026-06-29,91.45204418533066,call,0.1873766609197363,94.21354930201196,93.98152809127511,0.0821917808219178,0.03
2026-06-29,92.36343303907292,call,0.1827996430304363,94.21354930201196,93.98152809127511,0.0821917808219178,0.03
2026-06-29,93.2839045727063,call,0.1785194273334738,94.21354930201196,93.98152809127511,0.0821917808219178,0.03
2026-06-29,94.21354930201196,call,0.17457801154100996,94.21354930201196,93.98152809127511,0.0821917808219178,0.03
2026-06-29,95.15245864482927,call,0.1710094131698213,94.21354930201196,93.98152809127511,0.0821917808219178,0.03
2026-06-29,96.10072493004566,call,0.16783676203557163,94.21354930201196,93.98152809127511,0.0821917808219178,0.03
2026-06-29,97.05844140667574,call,0.16507067155004992,94.21354930201196,93.98152809127511,0.0821917808219178,0.03
2026-06-29,98.0257022530312,call,0.16270919705662645,94.21354930201196,93.98152809127511,0.0821917808219178,0.03
2026-06-29,99.00260258598186,call,0.16073925745036413,94.21354930201196,93.98152809127511,0.0821917808219178,0.03
2026-06-29,99.98923847030922,call,0.15913905199542266,94.21354930201196,93.98152809127511,0.0821917808219178,0.03
2026-06-29,100.985706928153,call,0.15788087376867113,94.21354930201196,93.98152809127511,0.0821917808219178,0.03
2026-06-29,101.99210594855195,call,0.15693379947887484,94.21354930201196,93.98152809127511,0.0821917808219178,0.03
2026-06-29,103.00853449707989,call,0.15626592693250715,94.21354930201196,93.98152809127511,0.0821917808219178,0.03
2026-06-29,104.03509252557744,call,0.15584603123207666,94.21354930201196,93.98152809127511,0.0821917808219178,0.03
2026-06-29,105.07188098198095,call,0.15564465674595473,94.21354930201196,93.98152809127511,0.0821917808219178,0.03
2026-06-29,106.11900182024944,call,0.15563473987215204,94.21354930201196,93.98152809127511,0.0821917808219178,0.03
2026-06-29,107.17655801039027,call,0.1557918818136526,94.21354930201196,93.98152809127511,0.0821917808219178,0.03
2026-06-29,108.24465354858489,call,0.15609438286493485,94.21354930201196,93.98152809127511,0.0821917808219178,0.03
2026-06-29,109.32339346741546,call,0.15652312822409578,94.21354930201196,93.98152809127511,0.0821917808219178,0.03
2026-06-29,110.41288384619325,call,0.15706139136546513,94.21354930201196,93.98152809127511,0.0821917808219178,0.03
2026-06-29,111.51323182139029,call,0.157694599985859,94.21354930201196,93.98152809127511,0.0821917808219178,0.03
2026-06-29,112.62454559717457,call,0.1584100932439457,94.21354930201196,93.98152809127511,0.0821917808219178,0.03
2026-06-29,113.74693445605057,call,0.15919688734190318,94.21354930201196,93.98152809127511,0.0821917808219178,0.03
2026-06-29,114.88050876960565,call,0.1600454586167449,94.21354930201196,93.98152809127511,0.0821917808219178,0.03
2026-06-30,75.59125792617031,call,0.2689012724149407,92.22934323720952,92.00220856240001,0.0821917808219178,0.03
2026-06-30,76.34690740831866,call,0.2640762156485048,92.22934323720952,92.00220856240001,0.0821917808219178,0.03
2026-06-30,77.11011075523307,call,0.259198640779368,92.22934323720952,92.00220856240001,0.0821917808219178,0.03
2026-06-30,77.88094347926979,call,0.25427030367159215,92.22934323720952,92.00220856240001,0.0821917808219178,0.03
2026-06-30,78.65948184764585,call,0.24929382298398334,92.22934323720952,92.00220856240001,0.0821917808219178,0.03
2026-06-30,79.44580288998495,call,0.24427290191149428,92.22934323720952,92.00220856240001,0.0821917808219178,0.03
2026-06-30,80.23998440593894,call,0.239212598919574,92.22934323720952,92.00220856240001,0.0821917808219178,0.03
2026-06-30,81.04210497288544,call,0.23411965438924873,92.22934323720952,92.00220856240001,0.0821917808219178,0.03
2026-06-30,81.8522439537023,call,0.2290028781394026,92.22934323720952,92.00220856240001,0.0821917808219178,0.03
2026-06-30,82.67048150461996,call,0.2238735982101314,92.22934323720952,92.00220856240001,0.0821917808219178,0.03
2026-06-30,83.49689858315216,call,0.218746162516989,92.22934323720952,92.00220856240001,0.0821917808219178,0.03
2026-06-30,84.33157695610602,call,0.2136384700531419,92.22934323720952,92.00220856240001,0.0821917808219178,0.03
2026-06-30,85.17459920767212,call,0.20857248522914712,92.22934323720952,92.00220856240001,0.0821917808219178,0.03
2026-06-30,86.02604874759552,call,0.20357465669789332,92.22934323720952,92.00220856240001,0.0821917808219178,0.03
2026-06-30,86.88600981942845,call,0.19867612263613837,92.22934323720952,92.00220856240001,0.0821917808219178,0.03
2026-06-30,87.75456750886539,call,0.19391254606467062,92.22934323720952,92.00220856240001,0.0821917808219178,0.03
2026-06-30,88.63180775216168,call,0.18932340370899825,92.22934323720952,92.00220856240001,0.0821917808219178,0.03
2026-06-30,89.51781734463604,call,0.18495057668270298,92.22934323720952,92.00220856240001,0.0821917808219178,0.03
2026-06-30,90.4126839492584,call,0.18083618854723155,92.22934323720952,92.00220856240001,0.0821917808219178,0.03
2026-06-30,91.31649610532314,call,0.17701981499414654,92.22934323720952,92.00220856240001,0.0821917808219178,0.03
2026-06-30,92.22934323720952,call,0.17353541465548938,92.22934323720952,92.00220856240001,0.0821917808219178,0.03
2026-06-30,93.1513156632293,call,0.17040851517646266,92.22934323720952,92.00220856240001,0.0821917808219178,0.03
2026-06-30,94.08250460456303,call,0.1676542262250017,92.22934323720952,92.00220856240001,0.0821917808219178,0.03
2026-06-30,95.02300219428555,call,0.16527648605142914,92.22934323720952,92.00220856240001,0.0821917808219178,0.03
2026-06-30,95.97290148648179,call,0.16326863102620154,92.22934323720952,92.00220856240001,0.0821917808219178,0.03
2026-06-30,96.93229646545363,call,0.1616150458415495,92.22934323720952,92.00220856240001,0.0821917808219178,0.03
2026-06-30,97.90128205501888,call,0.16029344296630482,92.22934323720952,92.00220856240001,0.0821917808219178,0.03
2026-06-30,98.87995412790315,call,0.15927728879875222,92.22934323720952,92.00220856240001,0.0821917808219178,0.03
2026-06-30,99.86840951522555,call,0.1585380023121387,92.22934323720952,92.00220856240001,0.0821917808219178,0.03
2026-06-30,100.86674601607946,call,0.15804671674906848,92.22934323720952,92.00220856240001,0.0821917808219178,0.03
2026-06-30,101.87506240720874,call,0.15777554452007725,92.22934323720952,92.00220856240001,0.0821917808219178,0.03
2026-06-30,102.89345845278089,call,0.1576983853981918,92.22934323720952,92.00220856240001,0.0821917808219178,0.03
2026-06-30,103.92203491425789,call,0.15779136631829188,92.22934323720952,92.00220856240001,0.0821917808219178,0.03
2026-06-30,104.9608935603656,call,0.15803301167454556,92.22934323720952,92.00220856240001,0.0821917808219178,0.03
2026-06-30,106.01013717716296,call,0.15840423264709208,92.22934323720952,92.00220856240001,0.0821917808219178,0.03
2026-06-30,107.06986957821174,call,0.15888820553007885,92.22934323720952,92.00220856240001,0.0821917808219178,0.03
2026-06-30,108.14019561484798,call,0.15947018982893402,92.22934323720952,92.00220856240001,0.0821917808219178,0.03
2026-06-30,109.22122118655616,call,0.16013732052437857,92.22934323720952,92.00220856240001,0.0821917808219178,0.03
2026-06-30,110.31305325144706,call,0.16087839636014148,92.22934323720952,92.00220856240001,0.0821917808219178,0.03
2026-06-30,111.41579983684022,call,0.16168367706709572,92.22934323720952,92.00220856240001,0.0821917808219178,0.03
2026-06-30,112.52957004995244,call,0.16254469639800048,92.22934323720952,92.00220856240001,0.0821917808219178,0.03
2026-07-01,75.90099433975789,call,0.2677440939856131,92.35019778890327,92.12276548366147,0.0821917808219178,0.03
2026-07-01,76.64908655387755,call,0.2628418686469857,92.35019778890327,92.12276548366147,0.0821917808219178,0.03
2026-07-01,77.40455208327054,call,0.25788547234863124,92.35019778890327,92.12276548366147,0.0821917808219178,0.03
2026-07-01,78.1674636004993,call,0.2528767119632343,92.35019778890327,92.12276548366147,0.0821917808219178,0.03
2026-07-01,78.93789449439848,call,0.2478182938608911,92.35019778890327,92.12276548366147,0.0821917808219178,0.03
2026-07-01,79.71591887713475,call,0.2427140564427466,92.35019778890327,92.12276548366147,0.0821917808219178,0.03
2026-07-01,80.50161159133603,call,0.23756925424546999,92.35019778890327,92.12276548366147,0.0821917808219178,0.03
2026-07-01,81.295048217291,call,0.2323909009070897,92.35019778890327,92.12276548366147,0.0821917808219178,0.03
2026-07-01,82.09630508021964,call,0.22718817621473308,92.35019778890327,92.12276548366147,0.0821917808219178,0.03
2026-07-01,82.90545925761538,call,0.22197289760159558,92.35019778890327,92.12276548366147,0.0821917808219178,0.03
2026-07-01,83.72258858665963,call,0.21676004718093667,92.35019778890327,92.12276548366147,0.0821917808219178,0.03
2026-07-01,84.54777167170937,call,0.21156832963668293,92.35019778890327,92.12276548366147,0.0821917808219178,0.03
2026-07-01,85.38108789185857,call,0.20642071196056752,92.35019778890327,92.12276548366147,0.0821917808219178,0.03
2026-07-01,86.22261740857414,call,0.2013448621414996,92.35019778890327,92.12276548366147,0.0821917808219178,0.03
2026-07-01,87.07244117340703,call,0.19637336269637787,92.35019778890327,92.12276548366147,0.0821917808219178,0.03
2026-07-01,87.93064093577956,call,0.1915435350306559,92.35019778890327,92.12276548366147,0.0821917808219178,0.03
2026-07-01,88.79729925084925,call,0.18689669027263167,92.35019778890327,92.12276548366147,0.0821917808219178,0.03
2026-07-01,89.67249948745035,call,0.18247664913104591,92.35019778890327,92.12276548366147,0.0821917808219178,0.03
2026-07-01,90.55632583611353,call,0.1783274759180481,92.35019778890327,92.12276548366147,0.0821917808219178,0.03
2026-07-01,91.44886331716461,call,0.17449055869030988,92.35019778890327,92.12276548366147,0.0821917808219178,0.03
2026-07-01,92.35019778890327,call,0.17100140142912162,92.35019778890327,92.12276548366147,0.0821917808219178,0.03
2026-07-01,93.26041595586216,call,0.16788668457893677,92.35019778890327,92.12276548366147,0.0821917808219178,0.03
2026-07-01,94.17960537714748,call,0.16516218758367865,92.35019778890327,92.12276548366147,0.0821917808219178,0.03
2026-07-01,95.10785447486187,call,0.1628319951969928,92.35019778890327,92.12276548366147,0.0821917808219178,0.03
2026-07-01,96.04525254261027,call,0.16088908116081993,92.35019778890327,92.12276548366147,0.0821917808219178,0.03
2026-07-01,96.99188975408944,call,0.15931701989312727,92.35019778890327,92.12276548366147,0.0821917808219178,0.03
2026-07-01,97.9478571717624,call,0.15809235980949715,92.35019778890327,92.12276548366147,0.0821917808219178,0.03
2026-07-01,98.9132467556182,call,0.15718715781230627,92.35019778890327,92.12276548366147,0.0821917808219178,0.03
2026-07-01,99.88815137201816,call,0.15657128451657287,92.35019778890327,92.12276548366147,0.0821917808219178,0.03
2026-07-01,100.87266480262906,call,0.15621427915378686,92.35019778890327,92.12276548366147,0.0821917808219178,0.03
2026-07-01,101.86688175344472,call,0.1560866881587168,92.35019778890327,92.12276548366147,0.0821917808219178,0.03
2026-07-01,102.87089786389616,call,0.15616092610171067,92.35019778890327,92.12276548366147,0.0821917808219178,0.03
2026-07-01,103.88480971605182,call,0.15641174905536775,92.35019778890327,92.12276548366147,0.0821917808219178,0.03
2026-07-01,104.90871484390827,call,0.15681644272234732,92.35019778890327,92.12276548366147,0.0821917808219178,0.03
2026-07-01,105.94271174277262,call,0.1573548177450118,92.35019778890327,92.12276548366147,0.0821917808219178,0.03
2026-07-01,106.98689987873722,call,0.1580090857788556,92.35019778890327,92.12276548366147,0.0821917808219178,0.03
2026-07-01,108.04137969824811,call,0.15876367008223707,92.35019778890327,92.12276548366147,0.0821917808219178,0.03
2026-07-01,109.10625263776728,call,0.15960498729504682,92.35019778890327,92.12276548366147,0.0821917808219178,0.03
2026-07-01,110.18162113353064,call,0.16052122388743992,92.35019778890327,92.12276548366147,0.0821917808219178,0.03
2026-07-01,111.26758863140176,call,0.16150212128233185,92.35019778890327,92.12276548366147,0.0821917808219178,0.03
2026-07-01,112.36425959682309,call,0.16253877721152665,92.35019778890327,92.12276548366147,0.0821917808219178,0.03
2026-07-02,75.9792122347386,call,0.2691028769265087,92.20267827853151,91.9756092719411,0.0821917808219178,0.03
2026-07-02,76.7179914217545,call,0.26405841591793144,92.20267827853151,91.9756092719411,0.0821917808219178,0.03
2026-07-02,77.46395408265904,call,0.25895487741754253,92.20267827853151,91.9756092719411,0.0821917808219178,0.03
2026-07-02,78.21717006551782,call,0.2537937625788056,92.20267827853151,91.9756092719411,0.0821917808219178,0.03
2026-07-02,78.97770989755978,call,0.24857746664722868,92.20267827853151,91.9756092719411,0.0821917808219178,0.03
2026-07-02,79.74564479178102,call,0.24330952023291055,92.20267827853151,91.9756092719411,0.0821917808219178,0.03
2026-07-02,80.52104665361283,call,0.2379948865786411,92.20267827853151,91.9756092719411,0.0821917808219178,0.03
2026-07-02,81.30398808765453,call,0.23264032371141058,92.20267827853151,91.9756092719411,0.0821917808219178,0.03
2026-07-02,82.09454240447181,call,0.22725481865594532,92.20267827853151,91.9756092719411,0.0821917808219178,0.03
2026-07-02,82.89278362746106,call,0.22185009630134933,92.20267827853151,91.9756092719411,0.0821917808219178,0.03
2026-07-02,83.69878649978067,call,0.21644119620278662,92.20267827853151,91.9756092719411,0.0821917808219178,0.03
2026-07-02,84.5126264913495,call,0.2110470941590694,92.20267827853151,91.9756092719411,0.0821917808219178,0.03
2026-07-02,85.3343798059135,call,0.205691319233929,92.20267827853151,91.9756092719411,0.0821917808219178,0.03
2026-07-02,86.16412338818105,call,0.2004024793321339,92.20267827853151,91.9756092719411,0.0821917808219178,0.03
2026-07-02,87.00193493102769,call,0.19521456118183564,92.20267827853151,91.9756092719411,0.0821917808219178,0.03
2026-07-02,87.84789288277081,call,0.19016682242678062,92.20267827853151,91.9756092719411,0.0821917808219178,0.03
2026-07-02,88.7020764545152,call,0.1853030645764223,92.20267827853151,91.9756092719411,0.0821917808219178,0.03
2026-07-02,89.56456562756992,call,0.18067009789653724,92.20267827853151,91.9756092719411,0.0821917808219178,0.03
2026-07-02,90.43544116093739,call,0.17631531794709718,92.20267827853151,91.9756092719411,0.0821917808219178,0.03
2026-07-02,91.3147845988752,call,0.1722835223185786,92.20267827853151,91.9756092719411,0.0821917808219178,0.03
2026-07-02,92.20267827853151,call,0.16861336619771655,92.20267827853151,91.9756092719411,0.0821917808219178,0.03
2026-07-02,93.09920533765462,call,0.16533408216132064,92.20267827853151,91.9756092719411,0.0821917808219178,0.03
2026-07-02,94.00444972237769,call,0.1624631421886103,92.20267827853151,91.9756092719411,0.0821917808219178,0.03
2026-07-02,94.91849619507886,call,0.16000534815128853,92.20267827853151,91.9756092719411,0.0821917808219178,0.03
2026-07-02,95.84143034231802,call,0.1579534608796139,92.20267827853151,91.9756092719411,0.0821917808219178,0.03
2026-07-02,96.77333858285077,call,0.15629008418829513,92.20267827853151,91.9756092719411,0.0821917808219178,0.03
2026-07-02,97.71430817572008,call,0.15499027446528532,92.20267827853151,91.9756092719411,0.0821917808219178,0.03
2026-07-02,98.66442722842689,call,0.15402431313438464,92.20267827853151,91.9756092719411,0.0821917808219178,0.03
2026-07-02,99.62378470518,call,0.15336020986457916,92.20267827853151,91.9756092719411,0.0821917808219178,0.03
2026-07-02,100.59247043522616,call,0.15296569859437875,92.20267827853151,91.9756092719411,0.0821917808219178,0.03
2026-07-02,101.57057512126131,call,0.15280966211169955,92.20267827853151,91.9756092719411,0.0821917808219178,0.03
2026-07-02,102.55819034792347,call,0.15286303506627963,92.20267827853151,91.9756092719411,0.0821917808219178,0.03
2026-07-02,103.55540859036819,call,0.1530992889953455,92.20267827853151,91.9756092719411,0.0821917808219178,0.03
2026-07-02,104.56232322292756,call,0.1534946135057643,92.20267827853151,91.9756092719411,0.0821917808219178,0.03
2026-07-02,105.57902852785318,call,0.15402789480571455,92.20267827853151,91.9756092719411,0.0821917808219178,0.03
2026-07-02,106.60561970414433,call,0.154680570973322,92.20267827853151,91.9756092719411,0.0821917808219178,0.03
2026-07-02,107.64219287646192,call,0.15543642119474196,92.20267827853151,91.9756092719411,0.0821917808219178,0.03
2026-07-02,108.68884510412904,call,0.15628132751456406,92.20267827853151,91.9756092719411,0.0821917808219178,0.03
2026-07-02,109.74567439021914,call,0.1572030334306,92.20267827853151,91.9756092719411,0.0821917808219178,0.03
2026-07-02,110.81277969073248,call,0.15819091359043108,92.20267827853151,91.9756092719411,0.0821917808219178,0.03
2026-07-02,111.89026092386194,call,0.15923576208181692,92.20267827853151,91.9756092719411,0.0821917808219178,0.03
2026-07-03,75.61079401026974,call,0.2738282158986036,91.62722537019428,91.4015735406607,0.0821917808219178,0.03
2026-07-03,76.34064686444324,call,0.26867438892625495,91.62722537019428,91.4015735406607,0.0821917808219178,0.03
2026-07-03,77.07754481311308,call,0.26345770138494723,91.62722537019428,91.4015735406607,0.0821917808219178,0.03
2026-07-03,77.82155586088618,call,0.2581791628323979,91.62722537019428,91.4015735406607,0.0821917808219178,0.03
2026-07-03,78.57274866880162,call,0.2528405819545078,91.62722537019428,91.4015735406607,0.0821917808219178,0.03
2026-07-03,79.33119256066702,call,0.2474447881277278,91.62722537019428,91.4015735406607,0.0821917808219178,0.03
2026-07-03,80.09695752945609,call,0.24199590591806502,91.62722537019428,91.4015735406607,0.0821917808219178,0.03
2026-07-03,80.8701142437679,call,0.23649969192675546,91.62722537019428,91.4015735406607,0.0821917808219178,0.03
2026-07-03,81.65073405434858,call,0.23096394264009043,91.62722537019428,91.4015735406607,0.0821917808219178,0.03
2026-07-03,82.43888900067586,call,0.22539897897741806,91.62722537019428,91.4015735406607,0.0821917808219178,0.03
2026-07-03,83.23465181760731,call,0.21981820649259587,91.62722537019428,91.4015735406607,0.0821917808219178,0.03
2026-07-03,84.0380959420926,call,0.21423873750130226,91.62722537019428,91.4015735406607,0.0821917808219178,0.03
2026-07-03,84.84929551995066,call,0.20868204016654227,91.62722537019428,91.4015735406607,0.0821917808219178,0.03
2026-07-03,85.6683254127122,call,0.20317454742544758,91.62722537019428,91.4015735406607,0.0821917808219178,0.03
2026-07-03,86.49526120452839,call,0.19774811519906285,91.62722537019428,91.4015735406607,0.0821917808219178,0.03
2026-07-03,87.330179209146,call,0.19244016928601668,91.62722537019428,91.4015735406607,0.0821917808219178,0.03
2026-07-03,88.17315647695014,call,0.18729333766180142,91.62722537019428,91.4015735406607,0.0821917808219178,0.03
2026-07-03,89.02427080207478,call,0.18235435587179938,91.62722537019428,91.4015735406607,0.0821917808219178,0.03
2026-07-03,89.88360072958201,call,0.17767209318599717,91.62722537019428,91.4015735406607,0.0821917808219178,0.03
2026-07-03,90.75122556271056,call,0.17329470459813695,91.62722537019428,91.4015735406607,0.0821917808219178,0.03
2026-07-03,91.62722537019428,call,0.16926616074093961,91.62722537019428,91.4015735406607,0.0821917808219178,0.03
2026-07-03,92.51168099365131,call,0.16562267385766427,91.62722537019428,91.4015735406607,0.0821917808219178,0.03
2026-07-03,93.40467405504458,call,0.16238969922978885,91.62722537019428,91.4015735406607,0.0821917808219178,0.03
2026-07-03,94.30628696421415,call,0.1595801353860514,91.62722537019428,91.4015735406607,0.0821917808219178,0.03
2026-07-03,95.21660292648255,call,0.1571940588764302,91.62722537019428,91.4015735406607,0.0821917808219178,0.03
2026-07-03,96.13570595033333,call,0.15521992592545494,91.62722537019428,91.4015735406607,0.0821917808219178,0.03
2026-07-03,97.0636808551638,call,0.15363683145163276,91.62722537019428,91.4015735406607,0.0821917808219178,0.03
2026-07-03,98.0006132791125,call,0.15241726154760643,91.62722537019428,91.4015735406607,0.0821917808219178,0.03
2026-07-03,98.9465896869624,call,0.1515298197824514,91.62722537019428,91.4015735406607,0.0821917808219178,0.03
2026-07-03,99.9016973781203,call,0.15094157312405787,91.62722537019428,91.4015735406607,0.0821917808219178,0.03
2026-07-03,100.86602449467321,call,0.15061985314443133,91.62722537019428,91.4015735406607,0.0821917808219178,0.03
2026-07-03,101.83966002952255,call,0.15053349786266024,91.62722537019428,91.4015735406607,0.0821917808219178,0.03
2026-07-03,102.82269383459685,call,0.1506536079547839,91.62722537019428,91.4015735406607,0.0821917808219178,0.03
2026-07-03,103.81521662914383,call,0.1509539261606108,91.62722537019428,91.4015735406607,0.0821917808219178,0.03
2026-07-03,104.81732000810227,call,0.15141094923666137,91.62722537019428,91.4015735406607,0.0821917808219178,0.03
2026-07-03,105.82909645055491,call,0.1520038652071921,91.62722537019428,91.4015735406607,0.0821917808219178,0.03
2026-07-03,106.85063932826296,call,0.15271438684312924,91.62722537019428,91.4015735406607,0.0821917808219178,0.03
2026-07-03,107.88204291428275,call,0.15352653167040906,91.62722537019428,91.4015735406607,0.0821917808219178,0.03
2026-07-03,108.92340239166589,call,0.15442638198068853,91.62722537019428,91.4015735406607,0.0821917808219178,0.03
2026-07-03,109.97481386224307,call,0.15540184575034383,91.62722537019428,91.4015735406607,0.0821917808219178,0.03
2026-07-03,111.03637435549295,call,0.15644243055554347,91.62722537019428,91.4015735406607,0.0821917808219178,0.03
2026-07-06,75.32258458608541,call,0.2681396710091515,90.99316669562661,90.76907637250524,0.0821917808219178,0.03
2026-07-06,76.03777358469068,call,0.26306678681931817,90.99316669562661,90.76907637250524,0.0821917808219178,0.03
2026-07-06,76.75975331288306,call,0.2579326663681173,90.99316669562661,90.76907637250524,0.0821917808219178,0.03
2026-07-06,77.48858824873535,call,0.2527384820883744,90.99316669562661,90.76907637250524,0.0821917808219178,0.03
2026-07-06,78.22434348254059,call,0.24748623347342488,90.99316669562661,90.76907637250524,0.0821917808219178,0.03
2026-07-06,78.967084722625,call,0.24217897341983483,90.99316669562661,90.76907637250524,0.0821917808219178,0.03
2026-07-06,79.71687830121637,call,0.23682108774041657,90.99316669562661,90.76907637250524,0.0821917808219178,0.03
2026-07-06,80.47379118036787,call,0.23141863677653352,90.99316669562661,90.76907637250524,0.0821917808219178,0.03
2026-07-06,81.23789095793828,call,0.22597976688202742,90.99316669562661,90.76907637250524,0.0821917808219178,0.03
2026-07-06,82.00924587362907,call,0.22051519597085095,90.99316669562661,90.76907637250524,0.0821917808219178,0.03
2026-07-06,82.7879248150786,call,0.21503876969931626,90.99316669562661,90.76907637250524,0.0821917808219178,0.03
2026-07-06,83.57399732401427,call,0.2095680710176525,90.99316669562661,90.76907637250524,0.0821917808219178,0.03
2026-07-06,84.36753360246327,call,0.2041250432881056,90.99316669562661,90.76907637250524,0.0821917808219178,0.03
2026-07-06,85.16860451902193,call,0.19873655397686954,90.99316669562661,90.76907637250524,0.0821917808219178,0.03
2026-07-06,85.97728161518492,call,0.19343478255551275,90.99316669562661,90.76907637250524,0.0821917808219178,0.03
2026-07-06,86.79363711173445,call,0.18825726879630236,90.99316669562661,90.76907637250524,0.0821917808219178,0.03
2026-07-06,87.61774391519003,call,0.18324642178408518,90.99316669562661,90.76907637250524,0.0821917808219178,0.03
2026-07-06,88.4496756243196,call,0.17844829295139167,90.99316669562661,90.76907637250524,0.0821917808219178,0.03
2026-07-06,89.28950653671242,call,0.1739104918888844,90.99316669562661,90.76907637250524,0.0821917808219178,0.03
2026-07-06,90.13731165541446,call,0.1696792935233194,90.99316669562661,90.76907637250524,0.0821917808219178,0.03
2026-07-06,90.99316669562661,call,0.16579623103329924,90.99316669562661,90.76907637250524,0.0821917808219178,0.03
2026-07-06,91.85714809146668,call,0.16229471146868246,90.99316669562661,90.76907637250524,0.0821917808219178,0.03
2026-07-06,92.7293330027955,call,0.1591973096701334,90.99316669562661,90.76907637250524,0.0821917808219178,0.03
2026-07-06,93.60979932210786,call,0.15651429736813047,90.99316669562661,90.76907637250524,0.0821917808219178,0.03
2026-07-06,94.49862568148886,call,0.1542436591903454,90.99316669562661,90.76907637250524,0.0821917808219178,0.03
2026-07-06,95.39589145963643,call,0.15237246281789413,90.99316669562661,90.76907637250524,0.0821917808219178,0.03
2026-07-06,96.30167678895025,call,0.15087915237775662,90.99316669562661,90.76907637250524,0.0821917808219178,0.03
2026-07-06,97.21606256268828,call,0.14973622300957387,90.99316669562661,90.76907637250524,0.0821917808219178,0.03
2026-07-06,98.13913044219119,call,0.14891280253607284,90.99316669562661,90.76907637250524,0.0821917808219178,0.03
2026-07-06,99.07096286417516,call,0.14837683266673962,90.99316669562661,90.76907637250524,0.0821917808219178,0.03
2026-07-06,100.0116430480941,call,0.14809671899684929,90.99316669562661,90.76907637250524,0.0821917808219178,0.03
2026-07-06,100.96125500357189,call,0.14804245232038757,90.99316669562661,90.76907637250524,0.0821917808219178,0.03
2026-07-06,101.91988353790494,call,0.1481862790653572,90.99316669562661,90.76907637250524,0.0821917808219178,0.03
2026-07-06,102.88761426363614,call,0.1485030260551425,90.99316669562661,90.76907637250524,0.0821917808219178,0.03
2026-07-06,103.8645336062006,call,0.1489701821700485,90.99316669562661,90.76907637250524,0.0821917808219178,0.03
2026-07-06,104.85072881164427,call,0.14956782259046092,90.99316669562661,90.76907637250524,0.0821917808219178,0.03
2026-07-06,105.84628795441546,call,0.15027844054495768,90.99316669562661,90.76907637250524,0.0821917808219178,0.03
2026-07-06,106.8512999452306,call,0.15108673232131412,90.99316669562661,90.76907637250524,0.0821917808219178,0.03
2026-07-06,107.86585453901465,call,0.15197936584271196,90.99316669562661,90.76907637250524,0.0821917808219178,0.03
2026-07-06,108.89004234291683,call,0.1529447516436404,90.99316669562661,90.76907637250524,0.0821917808219178,0.03
2026-07-06,109.92395482440254,call,0.15397282706409815,90.99316669562661,90.76907637250524,0.0821917808219178,0.03
2026-07-07,74.150543000162,call,0.2724603697224059,89.74736481989792,89.52634255292863,0.0821917808219178,0.03
2026-07-07,74.86170329243238,call,0.2671172772924982,89.74736481989792,89.52634255292863,0.0821917808219178,0.03
2026-07-07,75.579684154598,call,0.2617084029549876,89.74736481989792,89.52634255292863,0.0821917808219178,0.03
2026-07-07,76.304551001129,call,0.2562351687849761,89.74736481989792,89.52634255292863,0.0821917808219178,0.03
2026-07-07,77.03636987387016,call,0.25069995640598863,89.74736481989792,89.52634255292863,0.0821917808219178,0.03
2026-07-07,77.775207448058,call,0.24510637050703069,89.74736481989792,89.52634255292863,0.0821917808219178,0.03
2026-07-07,78.52113103839542,call,0.23945956348434608,89.74736481989792,89.52634255292863,0.0821917808219178,0.03
2026-07-07,79.27420860518473,call,0.23376663049115637,89.74736481989792,89.52634255292863,0.0821917808219178,0.03
2026-07-07,80.0345087605193,call,0.2280370819345773,89.74736481989792,89.52634255292863,0.0821917808219178,0.03
2026-07-07,80.80210077453495,call,0.22228339488669852,89.74736481989792,89.52634255292863,0.0821917808219178,0.03
2026-07-07,81.57705458172087,call,0.21652163395933302,89.74736481989792,89.52634255292863,0.0821917808219178,0.03
2026-07-07,82.35944078729145,call,0.21077211339684815,89.74736481989792,89.52634255292863,0.0821917808219178,0.03
2026-07-07,83.14933067361888,call,0.20506004294952992,89.74736481989792,89.52634255292863,0.0821917808219178,0.03
2026-07-07,83.94679620672777,call,0.1994160593889048,89.74736481989792,89.52634255292863,0.0821917808219178,0.03
2026-07-07,84.75191004285179,call,0.19387649630440087,89.74736481989792,89.52634255292863,0.0821917808219178,0.03
2026-07-07,85.56474553505333,call,0.18848319810448413,89.74736481989792,89.52634255292863,0.0821917808219178,0.03
2026-07-07,86.38537673990663,call,0.18328266260288031,89.74736481989792,89.52634255292863,0.0821917808219178,0.03
2026-07-07,87.21387842424502,call,0.1783243335169764,89.74736481989792,89.52634255292863,0.0821917808219178,0.03
2026-07-07,88.05032607197275,call,0.17365799169697113,89.74736481989792,89.52634255292863,0.0821917808219178,0.03
2026-07-07,88.89479589094239,call,0.16933041701489224,89.74736481989792,89.52634255292863,0.0821917808219178,0.03
2026-07-07,89.74736481989792,call,0.1653817608394753,89.74736481989792,89.52634255292863,0.0821917808219178,0.03
2026-07-07,90.60811053548461,call,0.16184227188137865,89.74736481989792,89.52634255292863,0.0821917808219178,0.03
2026-07-07,91.47711145932603,call,0.1587300346742659,89.74736481989792,89.52634255292863,0.0821917808219178,0.03
2026-07-07,92.35444676516893,call,0.1560501616085416,89.74736481989792,89.52634255292863,0.0821917808219178,0.03
2026-07-07,93.24019638609678,call,0.1537955030764575,89.74736481989792,89.52634255292863,0.0821917808219178,0.03
2026-07-07,94.13444102181226,call,0.15194857006447496,89.74736481989792,89.52634255292863,0.0821917808219178,0.03
2026-07-07,95.0372621459898,call,0.15048414611494193,89.74736481989792,89.52634255292863,0.0821917808219178,0.03
2026-07-07,95.94874201369855,call,0.14937204804287305,89.74736481989792,89.52634255292863,0.0821917808219178,0.03
2026-07-07,96.86896366889654,call,0.14857962446159792,89.74736481989792,89.52634255292863,0.0821917808219178,0.03
2026-07-07,97.79801095199667,call,0.14807376496278385,89.74736481989792,89.52634255292863,0.0821917808219178,0.03
2026-07-07,98.73596850750552,call,0.14782235563148804,89.74736481989792,89.52634255292863,0.0821917808219178,0.03
2026-07-07,99.68292179173494,call,0.14779522435972134,89.74736481989792,89.52634255292863,0.0821917808219178,0.03
2026-07-07,100.63895708058807,call,0.14796467162323343,89.74736481989792,89.52634255292863,0.0821917808219178,0.03
2026-07-07,101.60416147741981,call,0.14830569445495576,89.74736481989792,89.52634255292863,0.0821917808219178,0.03
2026-07-07,102.5786229209727,call,0.14879600093697545,89.74736481989792,89.52634255292863,0.0821917808219178,0.03
2026-07-07,103.56243019338896,call,0.1494158930593622,89.74736481989792,89.52634255292863,0.0821917808219178,0.03
2026-07-07,104.55567292829923,call,0.15014807527737267,89.74736481989792,89.52634255292863,0.0821917808219178,0.03
2026-07-07,105.55844161898911,call,0.15097742833021313,89.74736481989792,89.52634255292863,0.0821917808219178,0.03
2026-07-07,106.57082762664389,call,0.15189077404836768,89.74736481989792,89.52634255292863,0.0821917808219178,0.03
2026-07-07,107.59292318867227,call,0.15287664683114635,89.74736481989792,89.52634255292863,0.0821917808219178,0.03
2026-07-07,108.62482142711016,call,0.1539250805580493,89.74736481989792,89.52634255292863,0.0821917808219178,0.03
2026-07-08,75.45940318252336,call,0.26351548664169167,91.0192832208885,90.79512858018376,0.0821917808219178,0.03
2026-07-08,76.17007237448986,call,0.258157389401158,91.0192832208885,90.79512858018376,0.0821917808219178,0.03
2026-07-08,76.8874345785809,call,0.2527371445094975,91.0192832208885,90.79512858018376,0.0821917808219178,0.03
2026-07-08,77.61155282892233,call,0.247257270209042,91.0192832208885,90.79512858018376,0.0821917808219178,0.03
2026-07-08,78.3424907532892,call,0.2417214790124309,91.0192832208885,90.79512858018376,0.0821917808219178,0.03
2026-07-08,79.0803125786966,call,0.23613497991640628,91.0192832208885,90.79512858018376,0.0821917808219178,0.03
2026-07-08,79.82508313704336,call,0.2305048413325241,91.0192832208885,90.79512858018376,0.0821917808219178,0.03
2026-07-08,80.57686787080867,call,0.22484041881027175,91.0192832208885,90.79512858018376,0.0821917808219178,0.03
2026-07-08,81.3357328388025,call,0.21915384592211815,91.0192832208885,90.79512858018376,0.0821917808219178,0.03
2026-07-08,82.10174472197019,call,0.21346057638062105,91.0192832208885,90.79512858018376,0.0821917808219178,0.03
2026-07-08,82.87497082925162,call,0.20777994874480143,91.0192832208885,90.79512858018376,0.0821917808219178,0.03
2026-07-08,83.65547910349561,call,0.2021357204114299,91.0192832208885,90.79512858018376,0.0821917808219178,0.03
2026-07-08,84.44333812742997,call,0.19655648489830466,91.0192832208885,90.79512858018376,0.0821917808219178,0.03
2026-07-08,85.23861712968788,call,0.19107584910519712,91.0192832208885,90.79512858018376,0.0821917808219178,0.03
2026-07-08,86.04138599089096,call,0.1857322147609817,91.0192832208885,90.79512858018376,0.0821917808219178,0.03
2026-07-08,86.85171524978955,call,0.18056799805561985,91.0192832208885,90.79512858018376,0.0821917808219178,0.03
2026-07-08,87.66967610946102,call,0.17562815706114265,91.0192832208885,90.79512858018376,0.0821917808219178,0.03
2026-07-08,88.49534044356625,call,0.17095799845318918,91.0192832208885,90.79512858018376,0.0821917808219178,0.03
2026-07-08,89.32878080266514,call,0.1666004034014322,91.0192832208885,90.79512858018376,0.0821917808219178,0.03
2026-07-08,90.17007042059157,call,0.16259280962810288,91.0192832208885,90.79512858018376,0.0821917808219178,0.03
2026-07-08,91.0192832208885,call,0.15896443681861067,91.0192832208885,90.79512858018376,0.0821917808219178,0.03
2026-07-08,91.87649382330339,call,0.1557342635217303,91.0192832208885,90.79512858018376,0.0821917808219178,0.03
2026-07-08,92.74177755034518,call,0.152910119359976,91.0192832208885,90.79512858018376,0.0821917808219178,0.03
2026-07-08,93.61521043390269,call,0.15048899160825743,91.0192832208885,90.79512858018376,0.0821917808219178,0.03
2026-07-08,94.4968692219256,call,0.14845836652688532,91.0192832208885,90.79512858018376,0.0821917808219178,0.03
2026-07-08,95.38683138516815,call,0.1467982383592752,91.0192832208885,90.79512858018376,0.0821917808219178,0.03
2026-07-08,96.2851751239965,call,0.14548336953576088,91.0192832208885,90.79512858018376,0.0821917808219178,0.03
2026-07-08,97.19197937526006,call,0.14448545285732103,91.0192832208885,90.79512858018376,0.0821917808219178,0.03
2026-07-08,98.10732381922777,call,0.1437749516689693,91.0192832208885,90.79512858018376,0.0821917808219178,0.03
2026-07-08,99.03128888658937,call,0.14332252082209318,91.0192832208885,90.79512858018376,0.0821917808219178,0.03
2026-07-08,99.96395576552294,call,0.1431000067381365,91.0192832208885,90.79512858018376,0.0821917808219178,0.03
2026-07-08,100.90540640882877,call,0.14308108072156775,91.0192832208885,90.79512858018376,0.0821917808219178,0.03
2026-07-08,101.85572354113046,call,0.14324158232080217,91.0192832208885,90.79512858018376,0.0821917808219178,0.03
2026-07-08,102.81499066614404,call,0.14355965048586272,91.0192832208885,90.79512858018376,0.0821917808219178,0.03
2026-07-08,103.78329207401516,call,0.14401570999798088,91.0192832208885,90.79512858018376,0.0821917808219178,0.03
2026-07-08,104.76071284872579,call,0.14459236643996864,91.0192832208885,90.79512858018376,0.0821917808219178,0.03
2026-07-08,105.74733887557042,call,0.1452742489896769,91.0192832208885,90.79512858018376,0.0821917808219178,0.03
2026-07-08,106.74325684870269,call,0.14604782843344843,91.0192832208885,90.79512858018376,0.0821917808219178,0.03
2026-07-08,107.74855427875326,call,0.1469012285335113,91.0192832208885,90.79512858018376,0.0821917808219178,0.03
2026-07-08,108.76331950051922,call,0.147824042080432,91.0192832208885,90.79512858018376,0.0821917808219178,0.03
2026-07-08,109.78764168072605,call,0.14880715818961468,91.0192832208885,90.79512858018376,0.0821917808219178,0.03
2026-07-09,75.58680469527961,call,0.2574685000424327,90.99794723535423,90.77384513912142,0.0821917808219178,0.03
2026-07-09,76.29134423079626,call,0.2522194344604606,90.99794723535423,90.77384513912142,0.0821917808219178,0.03
2026-07-09,77.00245073205656,call,0.24691179243556546,90.99794723535423,90.77384513912142,0.0821917808219178,0.03
2026-07-09,77.72018540930765,call,0.24154854037632373,90.99794723535423,90.77384513912142,0.0821917808219178,0.03
2026-07-09,78.44461004333323,call,0.2361339138577342,90.99794723535423,90.77384513912142,0.0821917808219178,0.03
2026-07-09,79.1757869907716,call,0.23067372993642243,90.99794723535423,90.77384513912142,0.0821917808219178,0.03
2026-07-09,79.91377918948307,call,0.22517575900698153,90.99794723535423,90.77384513912142,0.0821917808219178,0.03
2026-07-09,80.65865016396752,call,0.21965015820261777,90.99794723535423,90.77384513912142,0.0821917808219178,0.03
2026-07-09,81.41046403083243,call,0.21410996142513491,90.99794723535423,90.77384513912142,0.0821917808219178,0.03
2026-07-09,82.16928550431192,call,0.20857160921039133,90.99794723535423,90.77384513912142,0.0821917808219178,0.03
2026-07-09,82.93517990183706,call,0.20305548312203758,90.99794723535423,90.77384513912142,0.0821917808219178,0.03
2026-07-09,83.70821314965842,call,0.19758638314445118,90.99794723535423,90.77384513912142,0.0821917808219178,0.03
2026-07-09,84.48845178852063,call,0.19219385350861878,90.99794723535423,90.77384513912142,0.0821917808219178,0.03
2026-07-09,85.2759629793902,call,0.18691222752642586,90.99794723535423,90.77384513912142,0.0821917808219178,0.03
2026-07-09,86.07081450923648,call,0.1817802368009505,90.99794723535423,90.77384513912142,0.0821917808219178,0.03
2026-07-09,86.8730747968666,call,0.17684003344861166,90.99794723535423,90.77384513912142,0.0821917808219178,0.03
2026-07-09,87.68281289881484,call,0.17213552812738453,90.99794723535423,90.77384513912142,0.0821917808219178,0.03
2026-07-09,88.50009851528677,call,0.16771006634274288,90.99794723535423,90.77384513912142,0.0821917808219178,0.03
2026-07-09,89.32500199615889,call,0.1636036400903263,90.99794723535423,90.77384513912142,0.0821917808219178,0.03
2026-07-09,90.15759434703423,call,0.1598500126899343,90.99794723535423,90.77384513912142,0.0821917808219178,0.03
2026-07-09,90.99794723535423,call,0.15647424379507233,90.99794723535423,90.77384513912142,0.0821917808219178,0.03
2026-07-09,91.84613299656776,call,0.1534910704640135,90.99794723535423,90.77384513912142,0.0821917808219178,0.03
2026-07-09,92.7022246403576,call,0.1509044180570757,90.99794723535423,90.77384513912142,0.0821917808219178,0.03
2026-07-09,93.5662958569248,call,0.14870804686612557,90.99794723535423,90.77384513912142,0.0821917808219178,0.03
2026-07-09,94.4384210233319,call,0.14688709385627857,90.99794723535423,90.77384513912142,0.0821917808219178,0.03
2026-07-09,95.31867520990501,call,0.14542012978795468,90.99794723535423,90.77384513912142,0.0821917808219178,0.03
2026-07-09,96.20713418669574,call,0.144281343505112,90.99794723535423,90.77384513912142,0.0821917808219178,0.03
2026-07-09,97.10387443000324,call,0.14344255232903905,90.99794723535423,90.77384513912142,0.0821917808219178,0.03
2026-07-09,98.00897312895718,call,0.14287486216222225,90.99794723535423,90.77384513912142,0.0821917808219178,0.03
2026-07-09,98.92250819216181,call,0.14254991519105248,90.99794723535423,90.77384513912142,0.0821917808219178,0.03
2026-07-09,99.84455825440239,call,0.14244074322578976,90.99794723535423,90.77384513912142,0.0821917808219178,0.03
2026-07-09,100.77520268341361,call,0.1425222879079525,90.99794723535423,90.77384513912142,0.0821917808219178,0.03
2026-07-09,101.7145215867116,call,0.14277166356993137,90.99794723535423,90.77384513912142,0.0821917808219178,0.03
2026-07-09,102.66259581848918,call,0.14316823546863902,90.99794723535423,90.77384513912142,0.0821917808219178,0.03
2026-07-09,103.61950698657576,call,0.1436935746251473,90.99794723535423,90.77384513912142,0.0821917808219178,0.03
2026-07-09,104.5853374594618,call,0.14433133663290995,90.99794723535423,90.77384513912142,0.0821917808219178,0.03
2026-07-09,105.56017037338894,call,0.14506709881385108,90.99794723535423,90.77384513912142,0.0821917808219178,0.03
2026-07-09,106.54408963950615,call,0.1458881793646012,90.99794723535423,90.77384513912142,0.0821917808219178,0.03
2026-07-09,107.53717995109265,call,0.14678345391245043,90.99794723535423,90.77384513912142,0.0821917808219178,0.03
2026-07-09,108.53952679084794,call,0.14774317893855735,90.99794723535423,90.77384513912142,0.0821917808219178,0.03
2026-07-09,109.55121643825007,call,0.1487588273877176,90.99794723535423,90.77384513912142,0.0821917808219178,0.03
2026-07-10,74.83743139815975,call,0.26108100592991207,89.99502045189796,89.77338827945319,0.0821917808219178,0.03
2026-07-10,75.53075978230012,call,0.2556742089812661,89.99502045189796,89.77338827945319,0.0821917808219178,0.03
2026-07-10,76.23051147947082,call,0.25020415281542924,89.99502045189796,89.77338827945319,0.0821917808219178,0.03
2026-07-10,76.93674599819798,call,0.24467345300444432,89.99502045189796,89.77338827945319,0.0821917808219178,0.03
2026-07-10,77.64952339832212,call,0.2390859597052249,89.99502045189796,89.77338827945319,0.0821917808219178,0.03
2026-07-10,78.36890429610575,call,0.23344706841023974,89.99502045189796,89.77338827945319,0.0821917808219178,0.03
2026-07-10,79.09494986938832,call,0.22776409189119395,89.99502045189796,89.77338827945319,0.0821917808219178,0.03
2026-07-10,79.82772186278888,call,0.22204669660585932,89.99502045189796,89.77338827945319,0.0821917808219178,0.03
2026-07-10,80.56728259295707,call,0.21630740055976766,89.99502045189796,89.77338827945319,0.0821917808219178,0.03
2026-07-10,81.31369495387263,call,0.21056211856551996,89.99502045189796,89.77338827945319,0.0821917808219178,0.03
2026-07-10,82.06702242219403,call,0.20483072328111007,89.99502045189796,89.77338827945319,0.0821917808219178,0.03
2026-07-10,82.82732906265672,call,0.19913756503099145,89.99502045189796,89.77338827945319,0.0821917808219178,0.03
2026-07-10,83.59467953352132,call,0.1935118606064011,89.99502045189796,89.77338827945319,0.0821917808219178,0.03
2026-07-10,84.36913909207232,call,0.18798782512142212,89.99502045189796,89.77338827945319,0.0821917808219178,0.03
2026-07-10,85.15077360016768,call,0.18260439185947805,89.99502045189796,89.77338827945319,0.0821917808219178,0.03
2026-07-10,85.93964952983995,call,0.1774043606912298,89.99502045189796,89.77338827945319,0.0821917808219178,0.03
2026-07-10,86.73583396894911,call,0.1724328587038655,89.99502045189796,89.77338827945319,0.0821917808219178,0.03
2026-07-10,87.53939462688797,call,0.16773510462842958,89.99502045189796,89.77338827945319,0.0821917808219178,0.03
2026-07-10,88.35039984034029,call,0.16335363695763644,89.99502045189796,89.77338827945319,0.0821917808219178,0.03
2026-07-10,89.16891857909226,call,0.15932535292701802,89.99502045189796,89.77338827945319,0.0821917808219178,0.03
2026-07-10,89.99502045189796,call,0.1556788373234823,89.99502045189796,89.77338827945319,0.0821917808219178,0.03
2026-07-10,90.82877571239892,call,0.15243246211007022,89.99502045189796,89.77338827945319,0.0821917808219178,0.03
2026-07-10,91.67025526509873,call,0.14959358488884308,89.99502045189796,89.77338827945319,0.0821917808219178,0.03
2026-07-10,92.51953067139293,call,0.14715891673401924,89.99502045189796,89.77338827945319,0.0821917808219178,0.03
2026-07-10,93.37667415565474,call,0.14511587011860022,89.99502045189796,89.77338827945319,0.0821917808219178,0.03
2026-07-10,94.2417586113772,call,0.14344452975017827,89.99502045189796,89.77338827945319,0.0821917808219178,0.03
2026-07-10,95.11485760737213,call,0.14211985082921716,89.99502045189796,89.77338827945319,0.0821917808219178,0.03
2026-07-10,95.99604539402677,call,0.14111375679458305,89.99502045189796,89.77338827945319,0.0821917808219178,0.03
2026-07-10,96.88539690961797,call,0.14039692712960233,89.99502045189796,89.77338827945319,0.0821917808219178,0.03
2026-07-10,97.78298778668537,call,0.13994018414365922,89.99502045189796,89.77338827945319,0.0821917808219178,0.03
2026-07-10,98.68889435846314,call,0.13971547661445363,89.99502045189796,89.77338827945319,0.0821917808219178,0.03
2026-07-10,99.60319366537168,call,0.1396965105164521,89.99502045189796,89.77338827945319,0.0821917808219178,0.03
2026-07-10,100.52596346156932,call,0.13985909876506944,89.99502045189796,89.77338827945319,0.0821917808219178,0.03
2026-07-10,101.45728222156458,call,0.14018130341301385,89.99502045189796,89.77338827945319,0.0821917808219178,0.03
2026-07-10,102.39722914688998,call,0.14064343460759612,89.99502045189796,89.77338827945319,0.0821917808219178,0.03
2026-07-10,103.34588417283749,call,0.14122795758111087,89.99502045189796,89.77338827945319,0.0821917808219178,0.03
2026-07-10,104.30332797525631,call,0.1419193458988983,89.99502045189796,89.77338827945319,0.0821917808219178,0.03
2026-07-10,105.26964197741388,call,0.14270390795446097,89.99502045189796,89.77338827945319,0.0821917808219178,0.03
2026-07-10,106.24490835692022,call,0.14356960483550935,89.99502045189796,89.77338827945319,0.0821917808219178,0.03
2026-07-10,107.22921005271648,call,0.14450587109272636,89.99502045189796,89.77338827945319,0.0821917808219178,0.03
2026-07-10,108.22263077212838,call,0.1455034452587116,89.99502045189796,89.77338827945319,0.0821917808219178,0.03
2026-07-13,74.52256258178598,call,0.2623683744044181,89.59888614262809,89.3782295364658,0.0821917808219178,0.03
2026-07-13,75.21223978091211,call,0.25687262199804367,89.59888614262809,89.3782295364658,0.0821917808219178,0.03
2026-07-13,75.90829967304447,call,0.25131165526294486,89.59888614262809,89.3782295364658,0.0821917808219178,0.03
2026-07-13,76.6108013275129,call,0.24568808732909708,89.59888614262809,89.3782295364658,0.0821917808219178,0.03
2026-07-13,77.31980436031095,call,0.24000579195099705,89.59888614262809,89.3782295364658,0.0821917808219178,0.03
2026-07-13,78.03536893915481,call,0.2342702222662807,89.59888614262809,89.3782295364658,0.0821917808219178,0.03
2026-07-13,78.7575557885894,call,0.22848879227604554,89.59888614262809,89.3782295364658,0.0821917808219178,0.03
2026-07-13,79.48642619514158,call,0.2226713242153518,89.59888614262809,89.3782295364658,0.0821917808219178,0.03
2026-07-13,80.22204201252102,call,0.21683055839819954,89.59888614262809,89.3782295364658,0.0821917808219178,0.03
2026-07-13,80.9644656668694,call,0.21098271059394222,89.59888614262809,89.3782295364658,0.0821917808219178,0.03
2026-07-13,81.71376016205788,call,0.20514804375983253,89.59888614262809,89.3782295364658,0.0821917808219178,0.03
2026-07-13,82.46998908503386,call,0.19935139475777788,89.59888614262809,89.3782295364658,0.0821917808219178,0.03
2026-07-13,83.23321661121706,call,0.1936225630820219,89.59888614262809,89.3782295364658,0.0821917808219178,0.03
2026-07-13,84.00350750994569,call,0.18799643210146647,89.59888614262809,89.3782295364658,0.0821917808219178,0.03
2026-07-13,84.78092714997283,call,0.18251266473056338,89.59888614262809,89.3782295364658,0.0821917808219178,0.03
2026-07-13,85.56554150501383,call,0.177214813191029,89.59888614262809,89.3782295364658,0.0821917808219178,0.03
2026-07-13,86.35741715934502,call,0.17214872943671355,89.59888614262809,89.3782295364658,0.0821917808219178,0.03
2026-07-13,87.15662131345421,call,0.16736027557291636,89.59888614262809,89.3782295364658,0.0821917808219178,0.03
2026-07-13,87.96322178974343,call,0.16289250562187674,89.59888614262809,89.3782295364658,0.0821917808219178,0.03
2026-07-13,88.77728703828454,call,0.15878267726193174,89.59888614262809,89.3782295364658,0.0821917808219178,0.03
2026-07-13,89.59888614262809,call,0.15505957888447117,89.59888614262809,89.3782295364658,0.0821917808219178,0.03
2026-07-13,90.42808882566591,call,0.15174165083733054,89.59888614262809,89.3782295364658,0.0821917808219178,0.03
2026-07-13,91.2649654555479,call,0.14883621910768458,89.59888614262809,89.3782295364658,0.0821917808219178,0.03
2026-07-13,92.10958705165375,call,0.1463398994564841,89.59888614262809,89.3782295364658,0.0821917808219178,0.03
2026-07-13,92.96202529061974,call,0.1442399731770547,89.59888614262809,89.3782295364658,0.0821917808219178,0.03
2026-07-13,93.82235251242139,call,0.14251637376293652,89.59888614262809,89.3782295364658,0.0821917808219178,0.03
2026-07-13,94.6906417265125,call,0.14114389083755527,89.59888614262809,89.3782295364658,0.0821917808219178,0.03
2026-07-13,95.56696661802071,call,0.14009426782291592,89.59888614262809,89.3782295364658,0.0821917808219178,0.03
2026-07-13,96.45140155400087,call,0.1393379881802887,89.59888614262809,89.3782295364658,0.0821917808219178,0.03
2026-07-13,97.34402158974575,call,0.1388456618148289,89.59888614262809,89.3782295364658,0.0821917808219178,0.03
2026-07-13,98.24490247515561,call,0.13858901047894467,89.59888614262809,89.3782295364658,0.0821917808219178,0.03
2026-07-13,99.15412066116639,call,0.13854150216110112,89.59888614262809,89.3782295364658,0.0821917808219178,0.03
2026-07-13,100.0717533062376,call,0.13867870561590093,89.59888614262809,89.3782295364658,0.0821917808219178,0.03
2026-07-13,100.99787828290012,call,0.13897843764007814,89.59888614262809,89.3782295364658,0.0821917808219178,0.03
2026-07-13,101.93257418436473,call,0.13942076675687695,89.59888614262809,89.3782295364658,0.0821917808219178,0.03
2026-07-13,102.87592033119157,call,0.1399879241879307,89.59888614262809,89.3782295364658,0.0821917808219178,0.03
2026-07-13,103.82799677802167,call,0.14066416016934036,89.59888614262809,89.3782295364658,0.0821917808219178,0.03
2026-07-13,104.78888432037043,call,0.14143557259489453,89.59888614262809,89.3782295364658,0.0821917808219178,0.03
2026-07-13,105.7586645014842,call,0.14228992620087766,89.59888614262809,89.3782295364658,0.0821917808219178,0.03
2026-07-13,106.73741961926021,call,0.1432164739609456,89.59888614262809,89.3782295364658,0.0821917808219178,0.03
2026-07-13,107.72523273323054,call,0.1442057876869153,89.59888614262809,89.3782295364658,0.0821917808219178,0.03
2026-07-14,74.95882083599643,call,0.26600454287332775,90.6592498958211,90.43598191492917,0.0821917808219178,0.03
2026-07-14,75.67496258204473,call,0.2603410035766059,90.6592498958211,90.43598191492917,0.0821917808219178,0.03
2026-07-14,76.39794620466887,call,0.25461299768090856,90.6592498958211,90.43598191492917,0.0821917808219178,0.03
2026-07-14,77.12783706980426,call,0.24882405219663423,90.6592498958211,90.43598191492917,0.0821917808219178,0.03
2026-07-14,77.86470116787946,call,0.2429791863769289,90.6592498958211,90.43598191492917,0.0821917808219178,0.03
2026-07-14,78.60860511978254,call,0.23708527525244474,90.6592498958211,90.43598191492917,0.0821917808219178,0.03
2026-07-14,79.35961618288435,call,0.2311514782428876,90.6592498958211,90.43598191492917,0.0821917808219178,0.03
2026-07-14,80.1178022571194,call,0.2251897315873397,90.6592498958211,90.43598191492917,0.0821917808219178,0.03
2026-07-14,80.88323189112467,call,0.21921529343293947,90.6592498958211,90.43598191492917,0.0821917808219178,0.03
2026-07-14,81.65597428843732,call,0.21324731437605052,90.6592498958211,90.43598191492917,0.0821917808219178,0.03
2026-07-14,82.4360993137514,call,0.20730938259443593,90.6592498958211,90.43598191492917,0.0821917808219178,0.03
2026-07-14,83.22367749923438,call,0.20142996132434837,90.6592498958211,90.43598191492917,0.0821917808219178,0.03
2026-07-14,84.0187800509042,call,0.19564260040507936,90.6592498958211,90.43598191492917,0.0821917808219178,0.03
2026-07-14,84.8214788550669,call,0.18998577161768213,90.6592498958211,90.43598191492917,0.0821917808219178,0.03
2026-07-14,85.63184648481614,call,0.1845021656212952,90.6592498958211,90.43598191492917,0.0821917808219178,0.03
2026-07-14,86.44995620659455,call,0.1792373183397219,90.6592498958211,90.43598191492917,0.0821917808219178,0.03
2026-07-14,87.27588198681782,call,0.17423752639584808,90.6592498958211,90.43598191492917,0.0821917808219178,0.03
2026-07-14,88.10969849856221,call,0.1695471667443719,90.6592498958211,90.43598191492917,0.0821917808219178,0.03
2026-07-14,88.95148112831572,call,0.16520572323045973,90.6592498958211,90.43598191492917,0.0821917808219178,0.03
2026-07-14,89.80130598279398,call,0.16124497475237287,90.6592498958211,90.43598191492917,0.0821917808219178,0.03
2026-07-14,90.6592498958211,call,0.1576868384571281,90.6592498958211,90.43598191492917,0.0821917808219178,0.03
2026-07-14,91.52539043527638,call,0.1545422464682188,90.6592498958211,90.43598191492917,0.0821917808219178,0.03
2026-07-14,92.39980591010722,call,0.15181119751224256,90.6592498958211,90.43598191492917,0.0821917808219178,0.03
2026-07-14,93.28257537740933,call,0.14948385804879433,90.6592498958211,90.43598191492917,0.0821917808219178,0.03
2026-07-14,94.17377864957416,call,0.14754239137935354,90.6592498958211,90.43598191492917,0.0821917808219178,0.03
2026-07-14,95.07349630150505,call,0.14596312131402886,90.6592498958211,90.43598191492917,0.0821917808219178,0.03
2026-07-14,95.98180967790194,call,0.14471867985404388,90.6592498958211,90.43598191492917,0.0821917808219178,0.03
2026-07-14,96.89880090061601,call,0.14377989672247285,90.6592498958211,90.43598191492917,0.0821917808219178,0.03
2026-07-14,97.82455287607436,call,0.14311730888563398,90.6592498958211,90.43598191492917,0.0821917808219178,0.03
2026-07-14,98.75914930277563,call,0.14270226542983508,90.6592498958211,90.43598191492917,0.0821917808219178,0.03
2026-07-14,99.70267467885745,call,0.1425076648845627,90.6592498958211,90.43598191492917,0.0821917808219178,0.03
2026-07-14,100.65521430973585,call,0.1425083914230633,90.6592498958211,90.43598191492917,0.0821917808219178,0.03
2026-07-14,101.61685431581799,call,0.1426815229040235,90.6592498958211,90.43598191492917,0.0821917808219178,0.03
2026-07-14,102.58768164028834,call,0.14300637729613197,90.6592498958211,90.43598191492917,0.0821917808219178,0.03
2026-07-14,103.56778405696937,call,0.14346445206310685,90.6592498958211,90.43598191492917,0.0821917808219178,0.03
2026-07-14,104.55725017825729,call,0.1440392981429931,90.6592498958211,90.43598191492917,0.0821917808219178,0.03
2026-07-14,105.55616946313357,call,0.1447163585447694,90.6592498958211,90.43598191492917,0.0821917808219178,0.03
2026-07-14,106.56463222525316,call,0.1454827921707336,90.6592498958211,90.43598191492917,0.0821917808219178,0.03
2026-07-14,107.58272964110976,call,0.14632729632414454,90.6592498958211,90.43598191492917,0.0821917808219178,0.03
2026-07-14,108.61055375827927,call,0.14723993618799713,90.6592498958211,90.43598191492917,0.0821917808219178,0.03
2026-07-14,109.64819750374186,call,0.1482119859610578,90.6592498958211,90.43598191492917,0.0821917808219178,0.03
2026-07-15,75.42860386639217,call,0.2719909236630439,91.53967116867693,91.31423496027207,0.0821917808219178,0.03
2026-07-15,76.16224432584477,call,0.26630740853458973,91.53967116867693,91.31423496027207,0.0821917808219178,0.03
2026-07-15,76.90302038500565,call,0.2605596215125253,91.53967116867693,91.31423496027207,0.0821917808219178,0.03
2026-07-15,77.6510014467854,call,0.25475080383279464,91.53967116867693,91.31423496027207,0.0821917808219178,0.03
2026-07-15,78.40625758912739,call,0.2488855816081167,91.53967116867693,91.31423496027207,0.0821917808219178,0.03
2026-07-15,79.1688595715734,call,0.2429703015347729,91.53967116867693,91.31423496027207,0.0821917808219178,0.03
2026-07-15,79.93887884189304,call,0.2370134279017439,91.53967116867693,91.31423496027207,0.0821917808219178,0.03
2026-07-15,80.71638754277757,call,0.23102600143909777,91.53967116867693,91.31423496027207,0.0821917808219178,0.03
2026-07-15,81.501458518599,call,0.2250221526348976,91.53967116867693,91.31423496027207,0.0821917808219178,0.03
2026-07-15,82.29416532223483,call,0.21901964906308113,91.53967116867693,91.31423496027207,0.0821917808219178,0.03
2026-07-15,83.09458222195917,call,0.21304043652296123,91.53967116867693,91.31423496027207,0.0821917808219178,0.03
2026-07-15,83.90278420840083,call,0.20711110676023242,91.53967116867693,91.31423496027207,0.0821917808219178,0.03
2026-07-15,84.71884700156926,call,0.2012631918492433,91.53967116867693,91.31423496027207,0.0821917808219178,0.03
2026-07-15,85.54284705794865,call,0.19553315288925546,91.53967116867693,91.31423496027207,0.0821917808219178,0.03
2026-07-15,86.3748615776611,call,0.18996191066390108,91.53967116867693,91.31423496027207,0.0821917808219178,0.03
2026-07-15,87.21496851169947,call,0.18459377676908983,91.53967116867693,91.31423496027207,0.0821917808219178,0.03
2026-07-15,88.06324656923059,call,0.17947470544089286,91.53967116867693,91.31423496027207,0.0821917808219178,0.03
2026-07-15,88.91977522496941,call,0.17464990905937636,91.53967116867693,91.31423496027207,0.0821917808219178,0.03
2026-07-15,89.78463472662504,call,0.1701610489278507,91.53967116867693,91.31423496027207,0.0821917808219178,0.03
2026-07-15,90.65790610241905,call,0.166043378185776,91.53967116867693,91.31423496027207,0.0821917808219178,0.03
2026-07-15,91.53967116867693,call,0.16232330424422842,91.53967116867693,91.31423496027207,0.0821917808219178,0.03
2026-07-15,92.43001253749351,call,0.1590167966350582,91.53967116867693,91.31423496027207,0.0821917808219178,0.03
2026-07-15,93.32901362447281,call,0.15612888975461994,91.53967116867693,91.31423496027207,0.0821917808219178,0.03
2026-07-15,94.2367586565431,call,0.1536542812814632,91.53967116867693,91.31423496027207,0.0821917808219178,0.03
2026-07-15,95.15333267984825,call,0.15157880129958745,91.53967116867693,91.31423496027207,0.0821917808219178,0.03
2026-07-15,96.07882156771554,call,0.14988139872405548,91.53967116867693,91.31423496027207,0.0821917808219178,0.03
2026-07-15,97.01331202870112,call,0.1485362801883278,91.53967116867693,91.31423496027207,0.0821917808219178,0.03
2026-07-15,97.95689161471367,call,0.14751491201110756,91.53967116867693,91.31423496027207,0.0821917808219178,0.03
2026-07-15,98.90964872921708,call,0.14678770780254843,91.53967116867693,91.31423496027207,0.0821917808219178,0.03
2026-07-15,99.87167263551306,call,0.14632533008025272,91.53967116867693,91.31423496027207,0.0821917808219178,0.03
2026-07-15,100.84305346510392,call,0.14609961148004555,91.53967116867693,91.31423496027207,0.0821917808219178,0.03
2026-07-15,101.82388222613717,call,0.1460841455476181,91.53967116867693,91.31423496027207,0.0821917808219178,0.03
2026-07-15,102.81425081193191,call,0.1462546148515132,91.53967116867693,91.31423496027207,0.0821917808219178,0.03
2026-07-15,103.8142520095883,call,0.14658892457736886,91.53967116867693,91.31423496027207,0.0821917808219178,0.03
2026-07-15,104.82397950868067,call,0.14706720111807975,91.53967116867693,91.31423496027207,0.0821917808219178,0.03
2026-07-15,105.84352791003538,call,0.14767170322989084,91.53967116867693,91.31423496027207,0.0821917808219178,0.03
2026-07-15,106.87299273459381,call,0.14838668142522618,91.53967116867693,91.31423496027207,0.0821917808219178,0.03
2026-07-15,107.91247043236167,call,0.14919821099622835,91.53967116867693,91.31423496027207,0.0821917808219178,0.03
2026-07-15,108.96205839144542,call,0.1500940159015444,91.53967116867693,91.31423496027207,0.0821917808219178,0.03
2026-07-15,110.02185494717642,call,0.15106329462865148,91.53967116867693,91.31423496027207,0.0821917808219178,0.03
2026-07-15,111.091959391324,call,0.15209655475112693,91.53967116867693,91.31423496027207,0.0821917808219178,0.03
2026-07-16,74.7647950636483,call,0.2733227157563314,91.12354895245564,90.89913753487055,0.0821917808219178,0.03
2026-07-16,75.50814847750179,call,0.2678112195071938,91.12354895245564,90.89913753487055,0.0821917808219178,0.03
2026-07-16,76.25889272680688,call,0.26224081108778835,91.12354895245564,90.89913753487055,0.0821917808219178,0.03
2026-07-16,77.01710129538384,call,0.25661480709710205,91.12354895245564,90.89913753487055,0.0821917808219178,0.03
2026-07-16,77.78284839767024,call,0.2509378377833685,91.12354895245564,90.89913753487055,0.0821917808219178,0.03
2026-07-16,78.55620898598502,call,0.24521615670880703,91.12354895245564,90.89913753487055,0.0821917808219178,0.03
2026-07-16,79.33725875786506,call,0.23945800578412846,91.12354895245564,90.89913753487055,0.0821917808219178,0.03
2026-07-16,80.12607416347448,call,0.23367403615470025,91.12354895245564,90.89913753487055,0.0821917808219178,0.03
2026-07-16,80.9227324130877,call,0.22787777850101418,91.12354895245564,90.89913753487055,0.0821917808219178,0.03
2026-07-16,81.72731148464686,call,0.2220861448916294,91.12354895245564,90.89913753487055,0.0821917808219178,0.03
2026-07-16,82.53989013139446,call,0.21631992707516273,91.12354895245564,90.89913753487055,0.0821917808219178,0.03
2026-07-16,83.36054788958172,call,0.21060423234711276,91.12354895245564,90.89913753487055,0.0821917808219178,0.03
2026-07-16,84.18936508625384,call,0.20496876902780176,91.12354895245564,90.89913753487055,0.0821917808219178,0.03
2026-07-16,85.02642284711239,call,0.19944786383888843,91.12354895245564,90.89913753487055,0.0821917808219178,0.03
2026-07-16,85.87180310445603,call,0.1940800731044444,91.12354895245564,90.89913753487055,0.0821917808219178,0.03
2026-07-16,86.72558860520022,call,0.18890725453357787,91.12354895245564,90.89913753487055,0.0821917808219178,0.03
2026-07-16,87.58786291897647,call,0.18397301462949206,91.12354895245564,90.89913753487055,0.0821917808219178,0.03
2026-07-16,88.45871044631237,call,0.1793205501111383,91.12354895245564,90.89913753487055,0.0821917808219178,0.03
2026-07-16,89.33821642689273,call,0.17499005147571453,91.12354895245564,90.89913753487055,0.0821917808219178,0.03
2026-07-16,90.22646694790302,call,0.1710159940507039,91.12354895245564,90.89913753487055,0.0821917808219178,0.03
2026-07-16,91.12354895245564,call,0.16742474362542129,91.12354895245564,90.89913753487055,0.0821917808219178,0.03
2026-07-16,92.02955024810004,call,0.16423289178178038,91.12354895245564,90.89913753487055,0.0821917808219178,0.03
2026-07-16,92.94455951541747,call,0.16144659497016636,91.12354895245564,90.89913753487055,0.0821917808219178,0.03
2026-07-16,93.86866631670112,call,0.15906196681026813,91.12354895245564,90.89913753487055,0.0821917808219178,0.03
2026-07-16,94.80196110472258,call,0.157066350253457,91.12354895245564,90.89913753487055,0.0821917808219178,0.03
2026-07-16,95.74453523158547,call,0.15544015224405033,91.12354895245564,90.89913753487055,0.0821917808219178,0.03
2026-07-16,96.69648095766718,call,0.15415888939881128,91.12354895245564,90.89913753487055,0.0821917808219178,0.03
2026-07-16,97.65789146064935,call,0.15319514996231648,91.12354895245564,90.89913753487055,0.0821917808219178,0.03
2026-07-16,98.62886084463827,call,0.15252027958383624,91.12354895245564,90.89913753487055,0.0821917808219178,0.03
2026-07-16,99.60948414937586,call,0.15210570288729847,91.12354895245564,90.89913753487055,0.0821917808219178,0.03
2026-07-16,100.59985735954233,call,0.15192387338057844,91.12354895245564,90.89913753487055,0.0821917808219178,0.03
2026-07-16,101.60007741415131,call,0.1519488933852578,91.12354895245564,90.89913753487055,0.0821917808219178,0.03
2026-07-16,102.61024221603826,call,0.1521568675329641,91.12354895245564,90.89913753487055,0.0821917808219178,0.03
2026-07-16,103.63045064144345,call,0.1525260565899283,91.12354895245564,90.89913753487055,0.0821917808219178,0.03
2026-07-16,104.66080254969,call,0.1530368912831609,91.12354895245564,90.89913753487055,0.0821917808219178,0.03
2026-07-16,105.70139879295833,call,0.1536718945319763,91.12354895245564,90.89913753487055,0.0821917808219178,0.03
2026-07-16,106.7523412261576,call,0.15441554874549687,91.12354895245564,90.89913753487055,0.0821917808219178,0.03
2026-07-16,107.81373271689549,call,0.15525413447427586,91.12354895245564,90.89913753487055,0.0821917808219178,0.03
2026-07-16,108.88567715554693,call,0.15617555835790822,91.12354895245564,90.89913753487055,0.0821917808219178,0.03
2026-07-16,109.96827946542312,call,0.1571691820002146,91.12354895245564,90.89913753487055,0.0821917808219178,0.03
2026-07-16,111.06164561304148,call,0.1582256588505063,91.12354895245564,90.89913753487055,0.0821917808219178,0.03
2026-07-17,76.22739799216446,call,0.27485709861541774,92.85195560594804,92.62328761372628,0.0821917808219178,0.03
2026-07-17,76.98304645185486,call,0.2694217429891131,92.85195560594804,92.62328761372628,0.0821917808219178,0.03
2026-07-17,77.74618571681573,call,0.26392466706653667,92.85195560594804,92.62328761372628,0.0821917808219178,0.03
2026-07-17,78.5168900440152,call,0.2583683213803937,92.85195560594804,92.62328761372628,0.0821917808219178,0.03
2026-07-17,79.29523442653682,call,0.25275630168582214,92.85195560594804,92.62328761372628,0.0821917808219178,0.03
2026-07-17,80.08129460087679,call,0.24709363513850735,92.85195560594804,92.62328761372628,0.0821917808219178,0.03
2026-07-17,80.87514705431337,call,0.24138712360927575,92.85195560594804,92.62328761372628,0.0821917808219178,0.03
2026-07-17,81.67686903234954,call,0.235645748223589,92.85195560594804,92.62328761372628,0.0821917808219178,0.03
2026-07-17,82.48653854622924,call,0.22988113417818304,92.85195560594804,92.62328761372628,0.0821917808219178,0.03
2026-07-17,83.30423438052834,call,0.22410806574034284,92.85195560594804,92.62328761372628,0.0821917808219178,0.03
2026-07-17,84.13003610082065,call,0.21834502640269593,92.85195560594804,92.62328761372628,0.0821917808219178,0.03
2026-07-17,84.96402406142005,call,0.2126147169497003,92.85195560594804,92.62328761372628,0.0821917808219178,0.03
2026-07-17,85.80627941319936,call,0.20694447435471813,92.85195560594804,92.62328761372628,0.0821917808219178,0.03
2026-07-17,86.65688411148663,call,0.20136647953967454,92.85195560594804,92.62328761372628,0.0821917808219178,0.03
2026-07-17,87.51592092403988,call,0.19591760994365098,92.85195560594804,92.62328761372628,0.0821917808219178,0.03
2026-07-17,88.38347343910061,call,0.1906387786617565,92.85195560594804,92.62328761372628,0.0821917808219178,0.03
2026-07-17,89.25962607352754,call,0.18557362708672226,92.85195560594804,92.62328761372628,0.0821917808219178,0.03
2026-07-17,90.1444640810106,call,0.1807665231467012,92.85195560594804,92.62328761372628,0.0821917808219178,0.03
2026-07-17,91.0380735603665,call,0.17625996721563444,92.85195560594804,92.62328761372628,0.0821917808219178,0.03
2026-07-17,91.94054146391667,call,0.1720916943455974,92.85195560594804,92.62328761372628,0.0821917808219178,0.03
2026-07-17,92.85195560594804,call,0.16829191873805566,92.85195560594804,92.62328761372628,0.0821917808219178,0.03
2026-07-17,93.77240467125773,call,0.16488121430002328,92.85195560594804,92.62328761372628,0.0821917808219178,0.03
2026-07-17,94.70197822378258,call,0.16186941737307428,92.85195560594804,92.62328761372628,0.0821917808219178,0.03
2026-07-17,95.64076671531409,call,0.15925570099735392,92.85195560594804,92.62328761372628,0.0821917808219178,0.03
2026-07-17,96.5888614942998,call,0.15702969748148213,92.85195560594804,92.62328761372628,0.0821917808219178,0.03
2026-07-17,97.54635481473193,call,0.15517334303677655,92.85195560594804,92.62328761372628,0.0821917808219178,0.03
2026-07-17,98.51333984512408,call,0.15366304349313667,92.85195560594804,92.62328761372628,0.0821917808219178,0.03
2026-07-17,99.48991067757697,call,0.15247180539050487,92.85195560594804,92.62328761372628,0.0821917808219178,0.03
2026-07-17,100.47616233693408,call,0.151571090310665,92.85195560594804,92.62328761372628,0.0821917808219178,0.03
2026-07-17,101.472190790028,call,0.1509322753273949,92.85195560594804,92.62328761372628,0.0821917808219178,0.03
2026-07-17,102.47809295501831,call,0.1505277019955199,92.85195560594804,92.62328761372628,0.0821917808219178,0.03
2026-07-17,103.49396671082238,call,0.15033135787450122,92.85195560594804,92.62328761372628,0.0821917808219178,0.03
2026-07-17,104.51991090663925,call,0.15031926222865324,92.85195560594804,92.62328761372628,0.0821917808219178,0.03
2026-07-17,105.55602537156824,call,0.1504696319031122,92.85195560594804,92.62328761372628,0.0821917808219178,0.03
2026-07-17,106.60241092432275,call,0.15076289501588833,92.85195560594804,92.62328761372628,0.0821917808219178,0.03
2026-07-17,107.6591693830403,call,0.15118160675648,92.85195560594804,92.62328761372628,0.0821917808219178,0.03
2026-07-17,108.72640357519002,call,0.15171030782755926,92.85195560594804,92.62328761372628,0.0821917808219178,0.03
2026-07-17,109.80421734757822,call,0.15233535410483978,92.85195560594804,92.62328761372628,0.0821917808219178,0.03
2026-07-17,110.89271557645306,call,0.1530447366334471,92.85195560594804,92.62328761372628,0.0821917808219178,0.03
2026-07-17,111.99200417770963,call,0.1538279040636508,92.85195560594804,92.62328761372628,0.0821917808219178,0.03
2026-07-17,113.10219011719596,call,0.15467559466814335,92.85195560594804,92.62328761372628,0.0821917808219178,0.03
2026-07-20,76.29981154768952,call,0.27259272250952504,92.84043767442515,92.61179804759709,0.0821917808219178,0.03
2026-07-20,77.05204169788693,call,0.2672890618077459,92.84043767442515,92.61179804759709,0.0821917808219178,0.03
2026-07-20,77.81168798958443,call,0.2619253660036619,92.84043767442515,92.61179804759709,0.0821917808219178,0.03
2026-07-20,78.57882353757901,call,0.2565038479642964,92.84043767442515,92.61179804759709,0.0821917808219178,0.03
2026-07-20,79.35352217749721,call,0.25102777364825285,92.84043767442515,92.61179804759709,0.0821917808219178,0.03
2026-07-20,80.1358584729016,call,0.2455017232338157,92.84043767442515,92.61179804759709,0.0821917808219178,0.03
2026-07-20,80.9259077224675,call,0.23993190385494012,92.84043767442515,92.61179804759709,0.0821917808219178,0.03
2026-07-20,81.72374596723022,call,0.23432651759271433,92.84043767442515,92.61179804759709,0.0821917808219178,0.03
2026-07-20,82.52944999790402,call,0.22869618391050697,92.84043767442515,92.61179804759709,0.0821917808219178,0.03
2026-07-20,83.3430973622731,call,0.22305440765884474,92.84043767442515,92.61179804759709,0.0821917808219178,0.03
2026-07-20,84.16476637265532,call,0.21741807065320784,92.84043767442515,92.61179804759709,0.0821917808219178,0.03
2026-07-20,84.99453611343985,call,0.2118079053313128,92.84043767442515,92.61179804759709,0.0821917808219178,0.03
2026-07-20,85.83248644869869,call,0.20624888279122472,92.84043767442515,92.61179804759709,0.0821917808219178,0.03
2026-07-20,86.67869802987366,call,0.20077041672090365,92.84043767442515,92.61179804759709,0.0821917808219178,0.03
2026-07-20,87.53325230353887,call,0.19540625596241382,92.84043767442515,92.61179804759709,0.0821917808219178,0.03
2026-07-20,88.39623151923989,call,0.19019392454759276,92.84043767442515,92.61179804759709,0.0821917808219178,0.03
2026-07-20,89.26771873741006,call,0.18517358749505378,92.84043767442515,92.61179804759709,0.0821917808219178,0.03
2026-07-20,90.14779783736502,call,0.1803862918478338,92.84043767442515,92.61179804759709,0.0821917808219178,0.03
2026-07-20,91.03655352537591,call,0.17587166110369337,92.84043767442515,92.61179804759709,0.0821917808219178,0.03
2026-07-20,91.93407134282225,call,0.1716652853776645,92.84043767442515,92.61179804759709,0.0821917808219178,0.03
2026-07-20,92.84043767442515,call,0.1677961942179381,92.84043767442515,92.61179804759709,0.0821917808219178,0.03
2026-07-20,93.75573975656171,call,0.16428485364157894,92.84043767442515,92.61179804759709,0.0821917808219178,0.03
2026-07-20,94.68006568566139,call,0.16114204830238618,92.84043767442515,92.61179804759709,0.0821917808219178,0.03
2026-07-20,95.61350442668517,call,0.15836880978130155,92.84043767442515,92.61179804759709,0.0821917808219178,0.03
2026-07-20,96.55614582168828,call,0.15595730950042863,92.84043767442515,92.61179804759709,0.0821917808219178,0.03
2026-07-20,97.50808059846732,call,0.1538924436238595,92.84043767442515,92.61179804759709,0.0821917808219178,0.03
2026-07-20,98.46940037929276,call,0.1521537557066727,92.84043767442515,92.61179804759709,0.0821917808219178,0.03
2026-07-20,99.44019768972738,call,0.15071737058887935,92.84043767442515,92.61179804759709,0.0821917808219178,0.03
2026-07-20,100.42056596753174,call,0.14955770802291715,92.84043767442515,92.61179804759709,0.0821917808219178,0.03
2026-07-20,101.41059957165739,call,0.14864885596661778,92.84043767442515,92.61179804759709,0.0821917808219178,0.03
2026-07-20,102.4103937913288,call,0.14796557594790016,92.84043767442515,92.61179804759709,0.0821917808219178,0.03
2026-07-20,103.42004485521484,call,0.14748397256889503,92.84043767442515,92.61179804759709,0.0821917808219178,0.03
2026-07-20,104.43964994069054,call,0.14718188794755127,92.84043767442515,92.61179804759709,0.0821917808219178,0.03
2026-07-20,105.4693071831904,call,0.14703908854827502,92.84043767442515,92.61179804759709,0.0821917808219178,0.03
2026-07-20,106.50911568565361,call,0.14703730592064368,92.84043767442515,92.61179804759709,0.0821917808219178,0.03
2026-07-20,107.55917552806277,call,0.14716018157552932,92.84043767442515,92.61179804759709,0.0821917808219178,0.03
2026-07-20,108.61958777707618,call,0.1473931540315277,92.84043767442515,92.61179804759709,0.0821917808219178,0.03
2026-07-20,109.69045449575559,call,0.14772331519467483,92.84043767442515,92.61179804759709,0.0821917808219178,0.03
2026-07-20,110.7718787533895,call,0.1481392544995838,92.84043767442515,92.61179804759709,0.0821917808219178,0.03
2026-07-20,111.86396463541335,call,0.14863090267800597,92.84043767442515,92.61179804759709,0.0821917808219178,0.03
2026-07-20,112.96681725342778,call,0.14918938232908568,92.84043767442515,92.61179804759709,0.0821917808219178,0.03
2026-07-21,76.43818966469003,call,0.2675601854566458,92.61251326449532,92.38443495074739,0.0821917808219178,0.03
2026-07-21,77.17530538693038,call,0.2623256062272241,92.61251326449532,92.38443495074739,0.0821917808219178,0.03
2026-07-21,77.91952933073324,call,0.25703024336422714,92.61251326449532,92.38443495074739,0.0821917808219178,0.03
2026-07-21,78.67093004274912,call,0.2516761051547705,92.61251326449532,92.38443495074739,0.0821917808219178,0.03
2026-07-21,79.42957673064377,call,0.2462662250698814,92.61251326449532,92.38443495074739,0.0821917808219178,0.03
2026-07-21,80.19553926947272,call,0.24080492115490526,92.61251326449532,92.38443495074739,0.0821917808219178,0.03
2026-07-21,80.96888820811692,call,0.23529810779417693,92.61251326449532,92.38443495074739,0.0821917808219178,0.03
2026-07-21,81.74969477578077,call,0.2297536638807847,92.61251326449532,92.38443495074739,0.0821917808219178,0.03
2026-07-21,82.53803088855261,call,0.22418185698062768,92.61251326449532,92.38443495074739,0.0821917808219178,0.03
2026-07-21,83.33396915602857,call,0.21859581492803157,92.61251326449532,92.38443495074739,0.0821917808219178,0.03
2026-07-21,84.13758288800025,call,0.21301202288183366,92.61251326449532,92.38443495074739,0.0821917808219178,0.03
2026-07-21,84.94894610120696,call,0.20745080379057426,92.61251326449532,92.38443495074739,0.0821917808219178,0.03
2026-07-21,85.76813352615292,call,0.20193671306186778,92.61251326449532,92.38443495074739,0.0821917808219178,0.03
2026-07-21,86.59522061399039,call,0.19649874620554322,92.61251326449532,92.38443495074739,0.0821917808219178,0.03
2026-07-21,87.4302835434691,call,0.1911702283211753,92.61251326449532,92.38443495074739,0.0821917808219178,0.03
2026-07-21,88.27339922795258,call,0.18598824020979923,92.61251326449532,92.38443495074739,0.0821917808219178,0.03
2026-07-21,89.12464532250236,call,0.18099245730643646,92.61251326449532,92.38443495074739,0.0821917808219178,0.03
2026-07-21,89.98410023103037,call,0.1762233538499816,92.61251326449532,92.38443495074739,0.0821917808219178,0.03
2026-07-21,90.85184311352022,call,0.17171986088116237,92.61251326449532,92.38443495074739,0.0821917808219178,0.03
2026-07-21,91.72795389331836,call,0.1675167376310743,92.61251326449532,92.38443495074739,0.0821917808219178,0.03
2026-07-21,92.61251326449532,call,0.16364206138500118,92.61251326449532,92.38443495074739,0.0821917808219178,0.03
2026-07-21,93.50560269927804,call,0.16011528692652183,92.61251326449532,92.38443495074739,0.0821917808219178,0.03
2026-07-21,94.40730445555391,call,0.15694622964084706,92.61251326449532,92.38443495074739,0.0821917808219178,0.03
2026-07-21,95.31770158444702,call,0.1541351102708631,92.61251326449532,92.38443495074739,0.0821917808219178,0.03
2026-07-21,96.23687793796768,call,0.1516735499327011,92.61251326449532,92.38443495074739,0.0821917808219178,0.03
2026-07-21,97.16491817673554,call,0.149546218660754,92.61251326449532,92.38443495074739,0.0821917808219178,0.03
2026-07-21,98.10190777777726,call,0.1477327733714467,92.61251326449532,92.38443495074739,0.0821917808219178,0.03
2026-07-21,99.04793304239935,call,0.14620976356012386,92.61251326449532,92.38443495074739,0.0821917808219178,0.03
2026-07-21,100.00308110413698,call,0.14495228721831932,92.61251326449532,92.38443495074739,0.0821917808219178,0.03
2026-07-21,100.96743993677937,call,0.143935293124742,92.61251326449532,92.38443495074739,0.0821917808219178,0.03
2026-07-21,101.94109836247254,call,0.1431345153676375,92.61251326449532,92.38443495074739,0.0821917808219178,0.03
2026-07-21,102.92414605990042,call,0.1425270808016021,92.61251326449532,92.38443495074739,0.0821917808219178,0.03
2026-07-21,103.91667357254457,call,0.14209185424391846,92.61251326449532,92.38443495074739,0.0821917808219178,0.03
2026-07-21,104.91877231702365,call,0.1418095894839568,92.61251326449532,92.38443495074739,0.0821917808219178,0.03
2026-07-21,105.93053459151352,call,0.14166294626257192,92.61251326449532,92.38443495074739,0.0821917808219178,0.03
2026-07-21,106.95205358424812,call,0.1416364212191019,92.61251326449532,92.38443495074739,0.0821917808219178,0.03
2026-07-21,107.98342338210271,call,0.14171622845751855,92.61251326449532,92.38443495074739,0.0821917808219178,0.03
2026-07-21,109.02473897925968,call,0.14189015474780184,92.61251326449532,92.38443495074739,0.0821917808219178,0.03
2026-07-21,110.076096285958,call,0.14214740603259235,92.61251326449532,92.38443495074739,0.0821917808219178,0.03
2026-07-21,111.13759213732696,call,0.1424784557567903,92.61251326449532,92.38443495074739,0.0821917808219178,0.03
2026-07-21,112.20932430230526,call,0.1428749012114912,92.61251326449532,92.38443495074739,0.0821917808219178,0.03
2026-07-22,75.19540369274199,call,0.2645825912308385,91.10288313091277,90.87852260737606,0.0821917808219178,0.03
2026-07-22,75.92037359315577,call,0.2593307956821864,91.10288313091277,90.87852260737606,0.0821917808219178,0.03
2026-07-22,76.65233303456135,call,0.25401834177678617,91.10288313091277,90.87852260737606,0.0821917808219178,0.03
2026-07-22,77.39134940414715,call,0.24864762561907258,91.10288313091277,90.87852260737606,0.0821917808219178,0.03
2026-07-22,78.13749073879136,call,0.24322219769795933,91.10288313091277,90.87852260737606,0.0821917808219178,0.03
2026-07-22,78.89082573132565,call,0.23774705707484156,91.10288313091277,90.87852260737606,0.0821917808219178,0.03
2026-07-22,79.65142373685931,call,0.23222900479289407,91.10288313091277,90.87852260737606,0.0821917808219178,0.03
2026-07-22,80.4193547791645,call,0.22667706009867458,91.10288313091277,90.87852260737606,0.0821917808219178,0.03
2026-07-22,81.19468955712271,call,0.22110293700693257,91.10288313091277,90.87852260737606,0.0821917808219178,0.03
2026-07-22,81.97749945123378,call,0.21552156784340412,91.10288313091277,90.87852260737606,0.0821917808219178,0.03
2026-07-22,82.76785653018737,call,0.2099516427790864,91.10288313091277,90.87852260737606,0.0821917808219178,0.03
2026-07-22,83.56583355749792,call,0.20441610851914171,91.10288313091277,90.87852260737606,0.0821917808219178,0.03
2026-07-22,84.37150399820361,call,0.19894253545926646,91.10288313091277,90.87852260737606,0.0821917808219178,0.03
2026-07-22,85.18494202562978,call,0.1935632250154545,91.10288313091277,90.87852260737606,0.0821917808219178,0.03
2026-07-22,86.00622252821765,call,0.1883148985675564,91.10288313091277,90.87852260737606,0.0821917808219178,0.03
2026-07-22,86.83542111641894,call,0.18323780616522978,91.10288313091277,90.87852260737606,0.0821917808219178,0.03
2026-07-22,87.67261412965672,call,0.17837414196139845,91.10288313091277,90.87852260737606,0.0821917808219178,0.03
2026-07-22,88.51787864335368,call,0.17376577315007607,91.10288313091277,90.87852260737606,0.0821917808219178,0.03
2026-07-22,89.37129247602795,call,0.16945147261483304,91.10288313091277,90.87852260737606,0.0821917808219178,0.03
2026-07-22,90.23293419645732,call,0.16546404197580547,91.10288313091277,90.87852260737606,0.0821917808219178,0.03
2026-07-22,91.10288313091277,call,0.16182783463540595,91.10288313091277,90.87852260737606,0.0821917808219178,0.03
2026-07-22,91.98121937046142,call,0.15855715831261305,91.10288313091277,90.87852260737606,0.0821917808219178,0.03
2026-07-22,92.86802377834012,call,0.15565583913136594,91.10288313091277,90.87852260737606,0.0821917808219178,0.03
2026-07-22,93.7633779974,call,0.1531179388418326,91.10288313091277,90.87852260737606,0.0821917808219178,0.03
2026-07-22,94.6673644576229,call,0.15092935532893642,91.10288313091277,90.87852260737606,0.0821917808219178,0.03
2026-07-22,95.58006638371018,call,0.14906989912611665,91.10288313091277,90.87852260737606,0.0821917808219178,0.03
2026-07-22,96.50156780274476,call,0.1475154451776265,91.10288313091277,90.87852260737606,0.0821917808219178,0.03
2026-07-22,97.43195355192697,call,0.14623986415625082,91.10288313091277,90.87852260737606,0.0821917808219178,0.03
2026-07-22,98.37130928638493,call,0.1452165742349794,91.10288313091277,90.87852260737606,0.0821917808219178,0.03
2026-07-22,99.31972148706053,call,0.14441967161489674,91.10288313091277,90.87852260737606,0.0821917808219178,0.03
2026-07-22,100.27727746867099,call,0.14382467472153915,91.10288313091277,90.87852260737606,0.0821917808219178,0.03
2026-07-22,101.24406538774754,call,0.14340895377938803,91.10288313091277,90.87852260737606,0.0821917808219178,0.03
2026-07-22,102.22017425075141,call,0.14315192580354744,91.10288313091277,90.87852260737606,0.0821917808219178,0.03
2026-07-22,103.20569392226825,call,0.14303508741845705,91.10288313091277,90.87852260737606,0.0821917808219178,0.03
2026-07-22,104.20071513328121,call,0.14304194378245463,91.10288313091277,90.87852260737606,0.0821917808219178,0.03
2026-07-22,105.20532948952425,call,0.14315787694513543,91.10288313091277,90.87852260737606,0.0821917808219178,0.03
2026-07-22,106.21962947991555,call,0.14336998391760267,91.10288313091277,90.87852260737606,0.0821917808219178,0.03
2026-07-22,107.24370848507256,call,0.14366690447997493,91.10288313091277,90.87852260737606,0.0821917808219178,0.03
2026-07-22,108.27766078590888,call,0.14403865122175855,91.10288313091277,90.87852260737606,0.0821917808219178,0.03
2026-07-22,109.32158157231426,call,0.1444764490581109,91.10288313091277,90.87852260737606,0.0821917808219178,0.03
2026-07-22,110.37556695191806,call,0.14497258795377335,91.10288313091277,90.87852260737606,0.0821917808219178,0.03
2026-07-23,74.57384219116504,call,0.26495818554329037,90.19725745690201,89.97512723215898,0.0821917808219178,0.03
2026-07-23,75.28645707304476,call,0.25968352534000383,90.19725745690201,89.97512723215898,0.0821917808219178,0.03
2026-07-23,76.00588158085971,call,0.2543473426176864,90.19725745690201,89.97512723215898,0.0821917808219178,0.03
2026-07-23,76.73218078623074,call,0.24895184520925298,90.19725745690201,89.97512723215898,0.0821917808219178,0.03
2026-07-23,77.46542038259192,call,0.24350033821223316,90.19725745690201,89.97512723215898,0.0821917808219178,0.03
2026-07-23,78.20566669113256,call,0.2379975010547196,90.19725745690201,89.97512723215898,0.0821917808219178,0.03
2026-07-23,78.95298666679594,call,0.232449719463063,90.19725745690201,89.97512723215898,0.0821917808219178,0.03
2026-07-23,79.70744790433527,call,0.22686547554989933,90.19725745690201,89.97512723215898,0.0821917808219178,0.03
2026-07-23,80.4691186444277,call,0.22125579378860427,90.19725745690201,89.97512723215898,0.0821917808219178,0.03
2026-07-23,81.2380677798466,call,0.21563473094340344,90.19725745690201,89.97512723215898,0.0821917808219178,0.03
2026-07-23,82.01436486169294,call,0.21001988247129547,90.19725745690201,89.97512723215898,0.0821917808219178,0.03
2026-07-23,82.79808010568608,call,0.20443285522563343,90.19725745690201,89.97512723215898,0.0821917808219178,0.03
2026-07-23,83.58928439851479,call,0.1988996266418221,90.19725745690201,89.97512723215898,0.0821917808219178,0.03
2026-07-23,84.38804930424891,call,0.1934506774536596,90.19725745690201,89.97512723215898,0.0821917808219178,0.03
2026-07-23,85.1944470708123,call,0.18812075748670368,90.19725745690201,89.97512723215898,0.0821917808219178,0.03
2026-07-23,86.00855063651763,call,0.18294813839968446,90.19725745690201,89.97512723215898,0.0821917808219178,0.03
2026-07-23,86.83043363666359,call,0.17797324451455632,90.19725745690201,89.97512723215898,0.0821917808219178,0.03
2026-07-23,87.66017041019524,call,0.17323665014212747,90.19725745690201,89.97512723215898,0.0821917808219178,0.03
2026-07-23,88.49783600642782,call,0.16877658616376798,90.19725745690201,89.97512723215898,0.0821917808219178,0.03
2026-07-23,89.34350619183502,call,0.16462627243749345,90.19725745690201,89.97512723215898,0.0821917808219178,0.03
2026-07-23,90.19725745690201,call,0.16081151597410653,90.19725745690201,89.97512723215898,0.0821917808219178,0.03
2026-07-23,91.05916702304394,call,0.1573490168182715,90.19725745690201,89.97512723215898,0.0821917808219178,0.03
2026-07-23,91.92931284959059,call,0.15424567956198823,90.19725745690201,89.97512723215898,0.0821917808219178,0.03
2026-07-23,92.80777364083778,call,0.1514989867530958,90.19725745690201,89.97512723215898,0.0821917808219178,0.03
2026-07-23,93.6946288531661,call,0.1490982493104066,90.19725745690201,89.97512723215898,0.0821917808219178,0.03
2026-07-23,94.58995870222775,call,0.1470263978222456,90.19725745690201,89.97512723215898,0.0821917808219178,0.03
2026-07-23,95.49384417020191,call,0.1452619508250645,90.19725745690201,89.97512723215898,0.0821917808219178,0.03
2026-07-23,96.40636701311975,call,0.14378086610919974,90.19725745690201,89.97512723215898,0.0821917808219178,0.03
2026-07-23,97.32760976825897,call,0.14255809477463993,90.19725745690201,89.97512723215898,0.0821917808219178,0.03
2026-07-23,98.25765576160941,call,0.14156876700158105,90.19725745690201,89.97512723215898,0.0821917808219178,0.03
2026-07-23,99.19658911540986,call,0.14078901750145978,90.19725745690201,89.97512723215898,0.0821917808219178,0.03
2026-07-23,100.14449475575681,call,0.14019650259699415,90.19725745690201,89.97512723215898,0.0821917808219178,0.03
2026-07-23,101.10145842028597,call,0.13977067693688813,90.19725745690201,89.97512723215898,0.0821917808219178,0.03
2026-07-23,102.06756666592729,call,0.1394928963997898,90.19725745690201,89.97512723215898,0.0821917808219178,0.03
2026-07-23,103.04290687673388,call,0.13934640373009924,90.19725745690201,89.97512723215898,0.0821917808219178,0.03
2026-07-23,104.02756727178598,call,0.13931624084181216,90.19725745690201,89.97512723215898,0.0821917808219178,0.03
2026-07-23,105.02163691317023,call,0.13938911977555365,90.19725745690201,89.97512723215898,0.0821917808219178,0.03
2026-07-23,106.02520571403534,call,0.13955327436955695,90.19725745690201,89.97512723215898,0.0821917808219178,0.03
2026-07-23,107.03836444672473,call,0.13979830709914629,90.19725745690201,89.97512723215898,0.0821917808219178,0.03
2026-07-23,108.06120475098678,call,0.14011504002741929,90.19725745690201,89.97512723215898,0.0821917808219178,0.03
2026-07-23,109.09381914226357,call,0.14049537498688058,90.19725745690201,89.97512723215898,0.0821917808219178,0.03
2026-07-24,76.5844149461728,call,0.2613743215322737,92.04251881710566,91.81584423777572,0.0821917808219178,0.03
2026-07-24,77.2916900779903,call,0.25602780056911634,92.04251881710566,91.81584423777572,0.0821917808219178,0.03
2026-07-24,78.00549706243653,call,0.25061490923888674,92.04251881710566,91.81584423777572,0.0821917808219178,0.03
2026-07-24,78.72589622271086,call,0.24513748368926053,92.04251881710566,91.81584423777572,0.0821917808219178,0.03
2026-07-24,79.45294843911158,call,0.23959845099811386,92.04251881710566,91.81584423777572,0.0821917808219178,0.03
2026-07-24,80.18671515418093,call,0.23400211907322607,92.04251881710566,91.81584423777572,0.0821917808219178,0.03
2026-07-24,80.92725837789749,call,0.22835452780571494,92.04251881710566,91.81584423777572,0.0821917808219178,0.03
2026-07-24,81.67464069291661,call,0.22266386670618254,92.04251881710566,91.81584423777572,0.0821917808219178,0.03
2026-07-24,82.42892525985924,call,0.21694095896990856,92.04251881710566,91.81584423777572,0.0821917808219178,0.03
2026-07-24,83.19017582264955,call,0.21119980200044391,92.04251881710566,91.81584423777572,0.0821917808219178,0.03
2026-07-24,83.9584567139019,call,0.2054581378836549,92.04251881710566,91.81584423777572,0.0821917808219178,0.03
2026-07-24,84.73383286035747,call,0.19973800235908082,92.04251881710566,91.81584423777572,0.0821917808219178,0.03
2026-07-24,85.51636978837125,call,0.1940661671186269,92.04251881710566,91.81584423777572,0.0821917808219178,0.03
2026-07-24,86.30613362944955,call,0.18847435102415502,92.04251881710566,91.81584423777572,0.0821917808219178,0.03
2026-07-24,87.10319112583873,call,0.1829990408765309,92.04251881710566,91.81584423777572,0.0821917808219178,0.03
2026-07-24,87.90760963616555,call,0.17768075026731459,92.04251881710566,91.81584423777572,0.0821917808219178,0.03
2026-07-24,88.71945714112957,call,0.17256258132376454,92.04251881710566,91.81584423777572,0.0821917808219178,0.03
2026-07-24,89.53880224924812,call,0.1676880610862819,92.04251881710566,91.81584423777572,0.0821917808219178,0.03
2026-07-24,90.3657142026544,call,0.16309840139235174,92.04251881710566,91.81584423777572,0.0821917808219178,0.03
2026-07-24,91.20026288294903,call,0.1588295359508422,92.04251881710566,91.81584423777572,0.0821917808219178,0.03
2026-07-24,92.04251881710566,call,0.15490943732790313,92.04251881710566,91.81584423777572,0.0821917808219178,0.03
2026-07-24,92.89255318343119,call,0.15135622301974622,92.04251881710566,91.81584423777572,0.0821917808219178,0.03
2026-07-24,93.750437817581,call,0.14817739272003103,92.04251881710566,91.81584423777572,0.0821917808219178,0.03
2026-07-24,94.61624521862966,call,0.14537025679783996,92.04251881710566,91.81584423777572,0.0821917808219178,0.03
2026-07-24,95.49004855519776,call,0.14292333752973607,92.04251881710566,91.81584423777572,0.0821917808219178,0.03
2026-07-24,96.37192167163542,call,0.14081835543096713,92.04251881710566,91.81584423777572,0.0821917808219178,0.03
2026-07-24,97.26193909426271,call,0.13903238919389976,92.04251881710566,91.81584423777572,0.0821917808219178,0.03
2026-07-24,98.16017603766781,call,0.13753988475338813,92.04251881710566,91.81584423777572,0.0821917808219178,0.03
2026-07-24,99.06670841106346,call,0.13631432159657744,92.04251881710566,91.81584423777572,0.0821917808219178,0.03
2026-07-24,99.98161282470173,call,0.13532946739490162,92.04251881710566,91.81584423777572,0.0821917808219178,0.03
2026-07-24,100.90496659634859,call,0.13456023787930727,92.04251881710566,91.81584423777572,0.0821917808219178,0.03
2026-07-24,101.83684775781771,call,0.13398322441102944,92.04251881710566,91.81584423777572,0.0821917808219178,0.03
2026-07-24,102.77733506156497,call,0.13357696641586886,92.04251881710566,91.81584423777572,0.0821917808219178,0.03
2026-07-24,103.7265079873438,call,0.13332204205702325,92.04251881710566,91.81584423777572,0.0821917808219178,0.03
2026-07-24,104.68444674892186,call,0.133201038231195,92.04251881710566,91.81584423777572,0.0821917808219178,0.03
2026-07-24,105.65123230085986,call,0.13319844657302055,92.04251881710566,91.81584423777572,0.0821917808219178,0.03
2026-07-24,106.62694634535299,call,0.13330051895321454,92.04251881710566,91.81584423777572,0.0821917808219178,0.03
2026-07-24,107.6116713391355,call,0.13349510523538882,92.04251881710566,91.81584423777572,0.0821917808219178,0.03
2026-07-24,108.60549050044895,call,0.13377148798006813,92.04251881710566,91.81584423777572,0.0821917808219178,0.03
2026-07-24,109.60848781607508,call,0.13412022301650356,92.04251881710566,91.81584423777572,0.0821917808219178,0.03
2026-07-24,110.62074804843328,call,0.1345329908554265,92.04251881710566,91.81584423777572,0.0821917808219178,0.03
