date,strike,density,forward,tau_years
2026-06-01,82.44852362810408,0.00120855193340592,100.24811278741811,0.0821917808219178
2026-06-01,83.13435949012352,0.001447272561858191,100.24811278741811,0.0821917808219178
2026-06-01,83.82019535214293,0.0017346809088654028,100.24811278741811,0.0821917808219178
2026-06-01,84.50603121416235,0.0021681188563887187,100.24811278741811,0.0821917808219178
2026-06-01,85.19186707618178,0.0028260868134611537,100.24811278741811,0.0821917808219178
2026-06-01,85.8777029382012,0.0031376029907458094,100.24811278741811,0.0821917808219178
2026-06-01,86.56353880022063,0.003783792020800969,100.24811278741811,0.0821917808219178
2026-06-01,87.24937466224004,0.004567514106473008,100.24811278741811,0.0821917808219178
2026-06-01,87.93521052425946,0.005518486184667122,100.24811278741811,0.0821917808219178
2026-06-01,88.62104638627889,0.00667243860024369,100.24811278741811,0.0821917808219178
2026-06-01,89.30688224829831,0.008981205769563188,100.24811278741811,0.0821917808219178
2026-06-01,89.99271811031772,0.010153187526156602,100.24811278741811,0.0821917808219178
2026-06-01,90.67855397233716,0.01221368536047265,100.24811278741811,0.0821917808219178
2026-06-01,91.36438983435657,0.014769290476236456,100.24811278741811,0.0821917808219178
2026-06-01,92.050225696376,0.01782462052859136,100.24811278741811,0.0821917808219178
2026-06-01,92.73606155839542,0.02144893199402895,100.24811278741811,0.0821917808219178
2026-06-01,93.42189742041484,0.025704279286065886,100.24811278741811,0.0821917808219178
2026-06-01,94.10773328243427,0.0306348981499825,100.24811278741811,0.0821917808219178
2026-06-01,94.79356914445368,0.036252727746797234,100.24811278741811,0.0821917808219178
2026-06-01,95.4794050064731,0.042519483191376224,100.24811278741811,0.0821917808219178
2026-06-01,96.16524086849253,0.04932700813213673,100.24811278741811,0.0821917808219178
2026-06-01,96.85107673051195,0.05647944458285513,100.24811278741811,0.0821917808219178
2026-06-01,97.53691259253137,0.06368267461921512,100.24811278741811,0.0821917808219178
2026-06-01,98.2227484545508,0.07201903687679705,100.24811278741811,0.0821917808219178
2026-06-01,98.90858431657021,0.07659808419163108,100.24811278741811,0.0821917808219178
2026-06-01,99.59442017858964,0.08092561374834654,100.24811278741811,0.0821917808219178
2026-06-01,100.28025604060906,0.0838355518269147,100.24811278741811,0.0821917808219178
2026-06-01,100.96609190262848,0.08475489019883588,100.24811278741811,0.0821917808219178
2026-06-01,101.65192776464791,0.08354661276220796,100.24811278741811,0.0821917808219178
2026-06-01,102.33776362666732,0.08026562371378981,100.24811278741811,0.0821917808219178
2026-06-01,103.02359948868676,0.0754347145234073,100.24811278741811,0.0821917808219178
2026-06-01,103.70943535070617,0.07023523522390324,100.24811278741811,0.0821917808219178
2026-06-01,104.39527121272559,0.060961104168386675,100.24811278741811,0.0821917808219178
2026-06-01,105.081107074745,0.052811542204191944,100.24811278741811,0.0821917808219178
2026-06-01,105.76694293676444,0.0447360076320028,100.24811278741811,0.0821917808219178
2026-06-01,106.45277879878385,0.03711849449539764,100.24811278741811,0.0821917808219178
2026-06-01,107.13861466080328,0.030221151158569083,100.24811278741811,0.0821917808219178
2026-06-01,107.8244505228227,0.02418769567025631,100.24811278741811,0.0821917808219178
2026-06-01,108.51028638484212,0.01906246904060315,100.24811278741811,0.0821917808219178
2026-06-01,109.19612224686155,0.014816522970775712,100.24811278741811,0.0821917808219178
2026-06-01,109.88195810888097,0.011373906568531357,100.24811278741811,0.0821917808219178
2026-06-01,110.5677939709004,0.008634012861647961,100.24811278741811,0.0821917808219178
2026-06-01,111.25362983291981,0.006488313986933695,100.24811278741811,0.0821917808219178
2026-06-01,111.93946569493923,0.004831516502545494,100.24811278741811,0.0821917808219178
2026-06-01,112.62530155695865,0.0035680601828092027,100.24811278741811,0.0821917808219178
2026-06-01,113.31113741897808,0.002806942703203766,100.24811278741811,0.0821917808219178
2026-06-01,113.99697328099751,0.0018427668078447488,100.24811278741811,0.0821917808219178
2026-06-01,114.68280914301693,0.0012841665447041325,100.24811278741811,0.0821917808219178
2026-06-01,115.36864500503634,0.0009383950593749468,100.24811278741811,0.0821917808219178
2026-06-01,116.05448086705576,0.0006829538346462917,100.24811278741811,0.0821917808219178
2026-06-01,116.74031672907518,0.000495014664979185,100.24811278741811,0.0821917808219178
2026-06-01,117.4261525910946,0.0003573277726174281,100.24811278741811,0.0821917808219178
2026-06-01,118.11198845311404,0.00025982759858801354,100.24811278741811,0.0821917808219178
2026-06-01,118.79782431513345,0.00020539782537039522,100.24811278741811,0.0821917808219178
2026-06-01,119.48366017715287,0.0001155558475753555,100.24811278741811,0.0821917808219178
2026-06-01,120.16949603917229,8.496028786662656e-05,100.24811278741811,0.0821917808219178
2026-06-01,120.85533190119172,6.212144257384332e-05,100.24811278741811,0.0821917808219178
2026-06-01,121.54116776321115,4.517792423228801e-05,100.24811278741811,0.0821917808219178
2026-06-01,122.22700362523057,3.268650714222082e-05,100.24811278741811,0.0821917808219178
2026-06-02,82.18249779191065,0.001212024667837653,100.30842374875887,0.0821917808219178
2026-06-02,82.88252288194232,0.001453451827090594,100.30842374875887,0.0821917808219178
2026-06-02,83.58254797197398,0.0017440827147494893,100.30842374875887,0.0821917808219178
2026-06-02,84.28257306200564,0.0022238830643867,100.30842374875887,0.0821917808219178
2026-06-02,84.9825981520373,0.0028170436796404524,100.30842374875887,0.0821917808219178
2026-06-02,85.68262324206896,0.0031636706734071815,100.30842374875887,0.0821917808219178
2026-06-02,86.38264833210063,0.00381517103259745,100.30842374875887,0.0821917808219178
2026-06-02,87.08267342213229,0.004603942724463725,100.30842374875887,0.0821917808219178
2026-06-02,87.78269851216395,0.005559070225677626,100.30842374875887,0.0821917808219178
2026-06-02,88.48272360219562,0.006926855343526962,100.30842374875887,0.0821917808219178
2026-06-02,89.18274869222728,0.008945812265985287,100.30842374875887,0.0821917808219178
2026-06-02,89.88277378225894,0.010136517977203486,100.30842374875887,0.0821917808219178
2026-06-02,90.5827988722906,0.012248962528984298,100.30842374875887,0.0821917808219178
2026-06-02,91.28282396232225,0.014780777868591813,100.30842374875887,0.0821917808219178
2026-06-02,91.98284905235393,0.017797375777905047,100.30842374875887,0.0821917808219178
2026-06-02,92.68287414238559,0.02136351670389183,100.30842374875887,0.0821917808219178
2026-06-02,93.38289923241724,0.02553650075976638,100.30842374875887,0.0821917808219178
2026-06-02,94.08292432244892,0.030356106372981195,100.30842374875887,0.0821917808219178
2026-06-02,94.78294941248058,0.035830954986276274,100.30842374875887,0.0821917808219178
2026-06-02,95.48297450251223,0.041921687391538356,100.30842374875887,0.0821917808219178
2026-06-02,96.1829995925439,0.048522544714730394,100.30842374875887,0.0821917808219178
2026-06-02,96.88302468257555,0.05686375783524476,100.30842374875887,0.0821917808219178
2026-06-02,97.58304977260723,0.06320939763451922,100.30842374875887,0.0821917808219178
2026-06-02,98.28307486263888,0.06889985530920334,100.30842374875887,0.0821917808219178
2026-06-02,98.98309995267054,0.07454338402261532,100.30842374875887,0.0821917808219178
2026-06-02,99.68312504270222,0.078950798621356,100.30842374875887,0.0821917808219178
2026-06-02,100.38315013273387,0.08172916470736521,100.30842374875887,0.0821917808219178
2026-06-02,101.08317522276553,0.08258995741667025,100.30842374875887,0.0821917808219178
2026-06-02,101.78320031279719,0.08140007152532724,100.30842374875887,0.0821917808219178
2026-06-02,102.48322540282885,0.07820947271718603,100.30842374875887,0.0821917808219178
2026-06-02,103.18325049286052,0.07324743384564647,100.30842374875887,0.0821917808219178
2026-06-02,103.88327558289218,0.06688780209990851,100.30842374875887,0.0821917808219178
2026-06-02,104.58330067292384,0.060366693241862494,100.30842374875887,0.0821917808219178
2026-06-02,105.28332576295551,0.053041203748017504,100.30842374875887,0.0821917808219178
2026-06-02,105.98335085298717,0.043648352961453994,100.30842374875887,0.0821917808219178
2026-06-02,106.68337594301883,0.036196856932818815,100.30842374875887,0.0821917808219178
2026-06-02,107.38340103305049,0.0294496085241637,100.30842374875887,0.0821917808219178
2026-06-02,108.08342612308215,0.023548829933858328,100.30842374875887,0.0821917808219178
2026-06-02,108.78345121311382,0.018538637604248173,100.30842374875887,0.0821917808219178
2026-06-02,109.48347630314548,0.014390713459698681,100.30842374875887,0.0821917808219178
2026-06-02,110.18350139317714,0.011030318316217124,100.30842374875887,0.0821917808219178
2026-06-02,110.88352648320881,0.00835843508199674,100.30842374875887,0.0821917808219178
2026-06-02,111.58355157324047,0.006268328383423275,100.30842374875887,0.0821917808219178
2026-06-02,112.28357666327213,0.004656543979578606,100.30842374875887,0.0821917808219178
2026-06-02,112.98360175330379,0.0034292807244153418,100.30842374875887,0.0821917808219178
2026-06-02,113.68362684333545,0.002613892474150741,100.30842374875887,0.0821917808219178
2026-06-02,114.38365193336712,0.0018605992752315423,100.30842374875887,0.0821917808219178
2026-06-02,115.08367702339878,0.0012090130808566709,100.30842374875887,0.0821917808219178
2026-06-02,115.78370211343044,0.0008803665728280618,100.30842374875887,0.0821917808219178
2026-06-02,116.48372720346211,0.0006381965153145875,100.30842374875887,0.0821917808219178
2026-06-02,117.18375229349377,0.0004605158553544651,100.30842374875887,0.0821917808219178
2026-06-02,117.88377738352543,0.00033075354711840536,100.30842374875887,0.0821917808219178
2026-06-02,118.58380247355709,0.00023644784569972193,100.30842374875887,0.0821917808219178
2026-06-02,119.28382756358874,0.00019103580413619455,100.30842374875887,0.0821917808219178
2026-06-02,119.98385265362042,0.0001050349983069401,100.30842374875887,0.0821917808219178
2026-06-02,120.68387774365208,7.598567640033685e-05,100.30842374875887,0.0821917808219178
2026-06-02,121.38390283368373,5.526478763019378e-05,100.30842374875887,0.0821917808219178
2026-06-02,122.08392792371541,3.993772353397267e-05,100.30842374875887,0.0821917808219178
2026-06-02,122.78395301374707,2.8685019495906667e-05,100.30842374875887,0.0821917808219178
2026-06-03,82.59920798462015,0.0011244457282922472,100.41421887210585,0.0821917808219178
2026-06-03,83.28556767593805,0.0013518270080603407,100.41421887210585,0.0821917808219178
2026-06-03,83.97192736725594,0.001626796296018797,100.41421887210585,0.0821917808219178
2026-06-03,84.65828705857383,0.0020402878639661855,100.41421887210585,0.0821917808219178
2026-06-03,85.34464674989174,0.002675733373197677,100.41421887210585,0.0821917808219178
2026-06-03,86.03100644120963,0.0029836516990887235,100.41421887210585,0.0821917808219178
2026-06-03,86.71736613252752,0.0036147617656260085,100.41421887210585,0.0821917808219178
2026-06-03,87.40372582384542,0.004384103292223867,100.41421887210585,0.0821917808219178
2026-06-03,88.09008551516331,0.0053224367292647205,100.41421887210585,0.0821917808219178
2026-06-03,88.7764452064812,0.006466931857843285,100.41421887210585,0.0821917808219178
2026-06-03,89.46280489779909,0.008737177057569536,100.41421887210585,0.0821917808219178
2026-06-03,90.14916458911699,0.009959571049759091,100.41421887210585,0.0821917808219178
2026-06-03,90.83552428043488,0.012026656689678608,100.41421887210585,0.0821917808219178
2026-06-03,91.52188397175277,0.014614231067540248,100.41421887210585,0.0821917808219178
2026-06-03,92.20824366307068,0.01772031434104982,100.41421887210585,0.0821917808219178
2026-06-03,92.89460335438856,0.021417610025438634,100.41421887210585,0.0821917808219178
2026-06-03,93.58096304570645,0.025770511228420175,100.41421887210585,0.0821917808219178
2026-06-03,94.26732273702436,0.030823384589845616,100.41421887210585,0.0821917808219178
2026-06-03,94.95368242834225,0.036584766389025865,100.41421887210585,0.0821917808219178
2026-06-03,95.64004211966014,0.043008126430710274,100.41421887210585,0.0821917808219178
2026-06-03,96.32640181097804,0.04997137389248601,100.41421887210585,0.0821917808219178
2026-06-03,97.01276150229593,0.05725925271311909,100.41421887210585,0.0821917808219178
2026-06-03,97.69912119361382,0.06455468991698252,100.41421887210585,0.0821917808219178
2026-06-03,98.38548088493172,0.07273509885308894,100.41421887210585,0.0821917808219178
2026-06-03,99.07184057624961,0.07761693467551385,100.41421887210585,0.0821917808219178
2026-06-03,99.7582002675675,0.08161555308374797,100.41421887210585,0.0821917808219178
2026-06-03,100.4445599588854,0.08430687594166796,100.41421887210585,0.0821917808219178
2026-06-03,101.1309196502033,0.08495802104192943,100.41421887210585,0.0821917808219178
2026-06-03,101.81727934152119,0.08346621863443755,100.41421887210585,0.0821917808219178
2026-06-03,102.50363903283909,0.07992312437816336,100.41421887210585,0.0821917808219178
2026-06-03,103.18999872415698,0.07506469356891966,100.41421887210585,0.0821917808219178
2026-06-03,103.87635841547487,0.0693184457948439,100.41421887210585,0.0821917808219178
2026-06-03,104.56271810679277,0.06020920776400011,100.41421887210585,0.0821917808219178
2026-06-03,105.24907779811066,0.05208208022365513,100.41421887210585,0.0821917808219178
2026-06-03,105.93543748942855,0.044082718042283454,100.41421887210585,0.0821917808219178
2026-06-03,106.62179718074646,0.036573087446605965,100.41421887210585,0.0821917808219178
2026-06-03,107.30815687206434,0.029795052955025665,100.41421887210585,0.0821917808219178
2026-06-03,107.99451656338223,0.02387676060904896,100.41421887210585,0.0821917808219178
2026-06-03,108.68087625470014,0.01885263894393151,100.41421887210585,0.0821917808219178
2026-06-03,109.36723594601803,0.014688974547222825,100.41421887210585,0.0821917808219178
2026-06-03,110.05359563733592,0.011308946994993869,100.41421887210585,0.0821917808219178
2026-06-03,110.73995532865382,0.008613570588102729,100.41421887210585,0.0821917808219178
2026-06-03,111.42631501997171,0.006497219764048572,100.41421887210585,0.0821917808219178
2026-06-03,112.1126747112896,0.004857904519596941,100.41421887210585,0.0821917808219178
2026-06-03,112.7990344026075,0.003603217399040519,100.41421887210585,0.0821917808219178
2026-06-03,113.4853940939254,0.0028522448289069837,100.41421887210585,0.0821917808219178
2026-06-03,114.17175378524328,0.0018753885660115768,100.41421887210585,0.0821917808219178
2026-06-03,114.85811347656119,0.0013168142008490053,100.41421887210585,0.0821917808219178
2026-06-03,115.54447316787906,0.0009664993563948991,100.41421887210585,0.0821917808219178
2026-06-03,116.23083285919697,0.0007065622004603091,100.41421887210585,0.0821917808219178
2026-06-03,116.91719255051487,0.0005144531435849353,100.41421887210585,0.0821917808219178
2026-06-03,117.60355224183274,0.0003730620619613937,100.41421887210585,0.0821917808219178
2026-06-03,118.28991193315065,0.00027273271814221554,100.41421887210585,0.0821917808219178
2026-06-03,118.97627162446855,0.0002162886924750285,100.41421887210585,0.0821917808219178
2026-06-03,119.66263131578643,0.0001225099473204681,100.41421887210585,0.0821917808219178
2026-06-03,120.34899100710433,9.038448850184116e-05,100.41421887210585,0.0821917808219178
2026-06-03,121.03535069842223,6.632424043864248e-05,100.41421887210585,0.0821917808219178
2026-06-03,121.72171038974011,4.84108856732835e-05,100.41421887210585,0.0821917808219178
2026-06-03,122.40807008105801,3.515478816925028e-05,100.41421887210585,0.0821917808219178
2026-06-04,81.63667608643857,0.0010447933054221076,98.52315454385361,0.0821917808219178
2026-06-04,82.28441990853695,0.0012644518641340865,98.52315454385361,0.0821917808219178
2026-06-04,82.93216373063531,0.0015322196194062457,98.52315454385361,0.0821917808219178
2026-06-04,83.57990755273369,0.001863076657548683,98.52315454385361,0.0821917808219178
2026-06-04,84.22765137483205,0.0026098114205292096,98.52315454385361,0.0821917808219178
2026-06-04,84.87539519693041,0.002873819082488913,98.52315454385361,0.0821917808219178
2026-06-04,85.52313901902879,0.003510044429915447,98.52315454385361,0.0821917808219178
2026-06-04,86.17088284112715,0.0042924513980504625,98.52315454385361,0.0821917808219178
2026-06-04,86.81862666322552,0.005255025263867187,98.52315454385361,0.0821917808219178
2026-06-04,87.46637048532389,0.006439064110403738,98.52315454385361,0.0821917808219178
2026-06-04,88.11411430742226,0.008121744638994375,98.52315454385361,0.0821917808219178
2026-06-04,88.76185812952063,0.010593868483591444,98.52315454385361,0.0821917808219178
2026-06-04,89.409601951619,0.012258023505436897,98.52315454385361,0.0821917808219178
2026-06-04,90.05734577371736,0.015011330541781283,98.52315454385361,0.0821917808219178
2026-06-04,90.70508959581574,0.01833408018060007,98.52315454385361,0.0821917808219178
2026-06-04,91.3528334179141,0.022306150722931045,98.52315454385361,0.0821917808219178
2026-06-04,92.00057724001246,0.026996754715529012,98.52315454385361,0.0821917808219178
2026-06-04,92.64832106211084,0.03245093169367216,98.52315454385361,0.0821917808219178
2026-06-04,93.2960648842092,0.03867182461411093,98.52315454385361,0.0821917808219178
2026-06-04,93.94380870630758,0.04559984389279144,98.52315454385361,0.0821917808219178
2026-06-04,94.59155252840594,0.053091525343469115,98.52315454385361,0.0821917808219178
2026-06-04,95.2392963505043,0.06090289111943845,98.52315454385361,0.0821917808219178
2026-06-04,95.88704017260268,0.06868377580780516,98.52315454385361,0.0821917808219178
2026-06-04,96.53478399470104,0.07598987119669079,98.52315454385361,0.0821917808219178
2026-06-04,97.18252781679942,0.08231712422080965,98.52315454385361,0.0821917808219178
2026-06-04,97.83027163889778,0.08715814023530909,98.52315454385361,0.0821917808219178
2026-06-04,98.47801546099615,0.09007322524951111,98.52315454385361,0.0821917808219178
2026-06-04,99.12575928309452,0.09076197177889905,98.52315454385361,0.0821917808219178
2026-06-04,99.77350310519289,0.08911796361239835,98.52315454385361,0.0821917808219178
2026-06-04,100.42124692729126,0.0852515694800131,98.52315454385361,0.0821917808219178
2026-06-04,101.06899074938963,0.07947387666132057,98.52315454385361,0.0821917808219178
2026-06-04,101.71673457148799,0.0722457614326745,98.52315454385361,0.0821917808219178
2026-06-04,102.36447839358637,0.064105562569801,98.52315454385361,0.0821917808219178
2026-06-04,103.01222221568473,0.05559321597773505,98.52315454385361,0.0821917808219178
2026-06-04,103.65996603778311,0.04718694791145425,98.52315454385361,0.0821917808219178
2026-06-04,104.30770985988147,0.03926237520198628,98.52315454385361,0.0821917808219178
2026-06-04,104.95545368197983,0.03207624788306289,98.52315454385361,0.0821917808219178
2026-06-04,105.6031975040782,0.025770940111997525,98.52315454385361,0.0821917808219178
2026-06-04,106.25094132617657,0.020392595219971697,98.52315454385361,0.0821917808219178
2026-06-04,106.89868514827494,0.015915491231838122,98.52315454385361,0.0821917808219178
2026-06-04,107.54642897037331,0.012266724547470687,98.52315454385361,0.0821917808219178
2026-06-04,108.19417279247168,0.009347539755698022,98.52315454385361,0.0821917808219178
2026-06-04,108.84191661457004,0.007049695853792431,98.52315454385361,0.0821917808219178
2026-06-04,109.48966043666842,0.005266735297962746,98.52315454385361,0.0821917808219178
2026-06-04,110.13740425876678,0.0040519727133805205,98.52315454385361,0.0821917808219178
2026-06-04,110.78514808086516,0.0029343800257184216,98.52315454385361,0.0821917808219178
2026-06-04,111.43289190296352,0.0019555226035661856,98.52315454385361,0.0821917808219178
2026-06-04,112.08063572506188,0.0014350298554379301,98.52315454385361,0.0821917808219178
2026-06-04,112.72837954716026,0.0010483419223024887,98.52315454385361,0.0821917808219178
2026-06-04,113.37612336925862,0.000762423216422517,98.52315454385361,0.0821917808219178
2026-06-04,114.023867191357,0.0005520149940200709,98.52315454385361,0.0821917808219178
2026-06-04,114.67161101345536,0.0003979128183125934,98.52315454385361,0.0821917808219178
2026-06-04,115.31935483555372,0.00029779932575044616,98.52315454385361,0.0821917808219178
2026-06-04,115.96709865765209,0.00021435856604633084,98.52315454385361,0.0821917808219178
2026-06-04,116.61484247975046,0.00012985798522794332,98.52315454385361,0.0821917808219178
2026-06-04,117.26258630184884,9.493462678762936e-05,98.52315454385361,0.0821917808219178
2026-06-04,117.9103301239472,6.904248219735813e-05,98.52315454385361,0.0821917808219178
2026-06-04,118.55807394604557,4.995272137264693e-05,98.52315454385361,0.0821917808219178
2026-06-04,119.20581776814393,3.5959230320490015e-05,98.52315454385361,0.0821917808219178
2026-06-05,82.26613311984153,0.0010156132346520114,98.67771176259073,0.0821917808219178
2026-06-05,82.89336272470113,0.0012364296824656205,98.67771176259073,0.0821917808219178
2026-06-05,83.52059232956073,0.0015069135851964082,98.67771176259073,0.0821917808219178
2026-06-05,84.14782193442034,0.0018387038482095997,98.67771176259073,0.0821917808219178
2026-06-05,84.77505153927994,0.0025214711808935523,98.67771176259073,0.0821917808219178
2026-06-05,85.40228114413955,0.0029288239055398724,98.67771176259073,0.0821917808219178
2026-06-05,86.02951074899914,0.003522899816090095,98.67771176259073,0.0821917808219178
2026-06-05,86.65674035385875,0.004327632121609051,98.67771176259073,0.0821917808219178
2026-06-05,87.28396995871836,0.005320046883715845,98.67771176259073,0.0821917808219178
2026-06-05,87.91119956357797,0.00654306204736977,98.67771176259073,0.0821917808219178
2026-06-05,88.53842916843757,0.008048046234553869,98.67771176259073,0.0821917808219178
2026-06-05,89.16565877329717,0.010569868897380385,98.67771176259073,0.0821917808219178
2026-06-05,89.79288837815677,0.012880481755715184,98.67771176259073,0.0821917808219178
2026-06-05,90.42011798301638,0.015371716470814626,98.67771176259073,0.0821917808219178
2026-06-05,91.04734758787599,0.018796070606499016,98.67771176259073,0.0821917808219178
2026-06-05,91.6745771927356,0.02288292016127646,98.67771176259073,0.0821917808219178
2026-06-05,92.30180679759519,0.027699211793233085,98.67771176259073,0.0821917808219178
2026-06-05,92.9290364024548,0.03328651097670082,98.67771176259073,0.0821917808219178
2026-06-05,93.5562660073144,0.039643681387515436,98.67771176259073,0.0821917808219178
2026-06-05,94.18349561217401,0.046706914579085025,98.67771176259073,0.0821917808219178
2026-06-05,94.8107252170336,0.05432987792491809,98.67771176259073,0.0821917808219178
2026-06-05,95.43795482189321,0.062268518714250126,98.67771176259073,0.0821917808219178
2026-06-05,96.06518442675282,0.07017644377082179,98.67771176259073,0.0821917808219178
2026-06-05,96.69241403161243,0.07761691648348605,98.67771176259073,0.0821917808219178
2026-06-05,97.31964363647202,0.08409551596623101,98.67771176259073,0.0821917808219178
2026-06-05,97.94687324133163,0.08911305441651521,98.67771176259073,0.0821917808219178
2026-06-05,98.57410284619124,0.09223218155806898,98.67771176259073,0.0821917808219178
2026-06-05,99.20133245105085,0.09314517078394138,98.67771176259073,0.0821917808219178
2026-06-05,99.82856205591045,0.09172727593977163,98.67771176259073,0.0821917808219178
2026-06-05,100.45579166077005,0.08806177105961897,98.67771176259073,0.0821917808219178
2026-06-05,101.08302126562965,0.08242947076567256,98.67771176259073,0.0821917808219178
2026-06-05,101.71025087048926,0.07526501914082455,98.67771176259073,0.0821917808219178
2026-06-05,102.33748047534887,0.06709096555995364,98.67771176259073,0.0821917808219178
2026-06-05,102.96471008020848,0.05844540274484651,98.67771176259073,0.0821917808219178
2026-06-05,103.59193968506807,0.0498184074136927,98.67771176259073,0.0821917808219178
2026-06-05,104.21916928992768,0.04160768729827789,98.67771176259073,0.0821917808219178
2026-06-05,104.84639889478728,0.03409716783581071,98.67771176259073,0.0821917808219178
2026-06-05,105.47362849964689,0.027456307679421206,98.67771176259073,0.0821917808219178
2026-06-05,106.1008581045065,0.021754293446458753,98.67771176259073,0.0821917808219178
2026-06-05,106.7280877093661,0.01698222107854245,98.67771176259073,0.0821917808219178
2026-06-05,107.3553173142257,0.013077274500414555,98.67771176259073,0.0821917808219178
2026-06-05,107.98254691908531,0.009944770374998918,98.67771176259073,0.0821917808219178
2026-06-05,108.6097765239449,0.007475896754964574,98.67771176259073,0.0821917808219178
2026-06-05,109.23700612880452,0.005581660455049592,98.67771176259073,0.0821917808219178
2026-06-05,109.86423573366412,0.004414236048486401,98.67771176259073,0.0821917808219178
2026-06-05,110.49146533852372,0.0027985213043381306,98.67771176259073,0.0821917808219178
2026-06-05,111.11869494338333,0.0020466754312353274,98.67771176259073,0.0821917808219178
2026-06-05,111.74592454824293,0.001488409429654768,98.67771176259073,0.0821917808219178
2026-06-05,112.37315415310253,0.0010764606736321056,98.67771176259073,0.0821917808219178
2026-06-05,113.00038375796214,0.0007743048717360879,98.67771176259073,0.0821917808219178
2026-06-05,113.62761336282175,0.0005539854569288283,98.67771176259073,0.0821917808219178
2026-06-05,114.25484296768136,0.00039427400316404586,98.67771176259073,0.0821917808219178
2026-06-05,114.88207257254095,0.00029767789925333737,98.67771176259073,0.0821917808219178
2026-06-05,115.50930217740056,0.00019575476109220054,98.67771176259073,0.0821917808219178
2026-06-05,116.13653178226016,0.00012441969356685988,98.67771176259073,0.0821917808219178
2026-06-05,116.76376138711977,8.953263787524273e-05,98.67771176259073,0.0821917808219178
2026-06-05,117.39099099197938,6.406229738063911e-05,98.67771176259073,0.0821917808219178
2026-06-05,118.01822059683897,4.557833043685168e-05,98.67771176259073,0.0821917808219178
2026-06-05,118.64545020169858,3.224780737411614e-05,98.67771176259073,0.0821917808219178
2026-06-08,81.49409309237898,0.001159749541980509,97.17930189031802,0.0821917808219178
2026-06-08,82.09146746945153,0.0014045114750488124,97.17930189031802,0.0821917808219178
2026-06-08,82.68884184652407,0.0017025238635214302,97.17930189031802,0.0821917808219178
2026-06-08,83.28621622359663,0.0020658146935802063,97.17930189031802,0.0821917808219178
2026-06-08,83.88359060066917,0.002724390985996494,97.17930189031802,0.0821917808219178
2026-06-08,84.48096497774172,0.0033102436657494205,97.17930189031802,0.0821917808219178
2026-06-08,85.07833935481426,0.0038744956653561937,97.17930189031802,0.0821917808219178
2026-06-08,85.67571373188682,0.004728791180684896,97.17930189031802,0.0821917808219178
2026-06-08,86.27308810895936,0.005774938344610619,97.17930189031802,0.0821917808219178
2026-06-08,86.87046248603191,0.007055163178052023,97.17930189031802,0.0821917808219178
2026-06-08,87.46783686310445,0.008619708149966895,97.17930189031802,0.0821917808219178
2026-06-08,88.065211240177,0.010527464111523012,97.17930189031802,0.0821917808219178
2026-06-08,88.66258561724955,0.014079584575743815,97.17930189031802,0.0821917808219178
2026-06-08,89.25995999432209,0.01613029130172476,97.17930189031802,0.0821917808219178
2026-06-08,89.85733437139464,0.019545308217167913,97.17930189031802,0.0821917808219178
2026-06-08,90.4547087484672,0.023662807296747464,97.17930189031802,0.0821917808219178
2026-06-08,91.05208312553974,0.0285018296178824,97.17930189031802,0.0821917808219178
2026-06-08,91.64945750261228,0.034107994476804446,97.17930189031802,0.0821917808219178
2026-06-08,92.24683187968483,0.04048894832269739,97.17930189031802,0.0821917808219178
2026-06-08,92.84420625675737,0.047595485022876693,97.17930189031802,0.0821917808219178
2026-06-08,93.44158063382993,0.055301844534444325,97.17930189031802,0.0821917808219178
2026-06-08,94.03895501090247,0.06338899995815617,97.17930189031802,0.0821917808219178
2026-06-08,94.63632938797502,0.07153627498255132,97.17930189031802,0.0821917808219178
2026-06-08,95.23370376504757,0.07932729805409271,97.17930189031802,0.0821917808219178
2026-06-08,95.83107814212012,0.0862752260102854,97.17930189031802,0.0821917808219178
2026-06-08,96.42845251919266,0.09186876519781918,97.17930189031802,0.0821917808219178
2026-06-08,97.02582689626522,0.0956350062167291,97.17930189031802,0.0821917808219178
2026-06-08,97.62320127333776,0.09720887116871267,97.17930189031802,0.0821917808219178
2026-06-08,98.2205756504103,0.09639441920966746,97.17930189031802,0.0821917808219178
2026-06-08,98.81795002748285,0.09320275943270613,97.17930189031802,0.0821917808219178
2026-06-08,99.4153244045554,0.08785596621763234,97.17930189031802,0.0821917808219178
2026-06-08,100.01269878162795,0.08075505697684718,97.17930189031802,0.0821917808219178
2026-06-08,100.61007315870049,0.07241969172406638,97.17930189031802,0.0821917808219178
2026-06-08,101.20744753577304,0.06341417634575446,97.17930189031802,0.0821917808219178
2026-06-08,101.8048219128456,0.05427624366046862,97.17930189031802,0.0821917808219178
2026-06-08,102.40219628991814,0.04546188828268316,97.17930189031802,0.0821917808219178
2026-06-08,102.99957066699068,0.03731320056586779,97.17930189031802,0.0821917808219178
2026-06-08,103.59694504406323,0.03004941487881676,97.17930189031802,0.0821917808219178
2026-06-08,104.19431942113577,0.023776433125302962,97.17930189031802,0.0821917808219178
2026-06-08,104.79169379820833,0.018507814205096004,97.17930189031802,0.0821917808219178
2026-06-08,105.38906817528087,0.014190351586683234,97.17930189031802,0.0821917808219178
2026-06-08,105.98644255235342,0.010728966123385511,97.17930189031802,0.0821917808219178
2026-06-08,106.58381692942596,0.008007728591250225,97.17930189031802,0.0821917808219178
2026-06-08,107.1811913064985,0.006231481643127481,97.17930189031802,0.0821917808219178
2026-06-08,107.77856568357106,0.004223821608508941,97.17930189031802,0.0821917808219178
2026-06-08,108.37594006064361,0.002942601625690431,97.17930189031802,0.0821917808219178
2026-06-08,108.97331443771616,0.0021274166921875686,97.17930189031802,0.0821917808219178
2026-06-08,109.5706888147887,0.0015278777581201307,97.17930189031802,0.0821917808219178
2026-06-08,110.16806319186125,0.0010902607499343304,97.17930189031802,0.0821917808219178
2026-06-08,110.7654375689338,0.0007731310434066984,97.17930189031802,0.0821917808219178
2026-06-08,111.36281194600635,0.0005449145553963326,97.17930189031802,0.0821917808219178
2026-06-08,111.96018632307889,0.00038179629301839004,97.17930189031802,0.0821917808219178
2026-06-08,112.55756070015144,0.0002891327412211073,97.17930189031802,0.0821917808219178
2026-06-08,113.154935077224,0.0001738922159694387,97.17930189031802,0.0821917808219178
2026-06-08,113.75230945429654,0.00011569157510443303,97.17930189031802,0.0821917808219178
2026-06-08,114.34968383136908,8.182842668452402e-05,97.17930189031802,0.0821917808219178
2026-06-08,114.94705820844163,5.7530753122034117e-05,97.17930189031802,0.0821917808219178
2026-06-08,115.54443258551417,4.0207599846239496e-05,97.17930189031802,0.0821917808219178
2026-06-08,116.14180696258671,2.793780932055349e-05,97.17930189031802,0.0821917808219178
2026-06-09,81.32883775254511,0.0011366415074663915,97.14770266307137,0.0821917808219178
2026-06-09,81.93191404366209,0.0013803281636588654,97.14770266307137,0.0821917808219178
2026-06-09,82.53499033477908,0.0016775294911609976,97.14770266307137,0.0821917808219178
2026-06-09,83.13806662589606,0.0020403654016132888,97.14770266307137,0.0821917808219178
2026-06-09,83.74114291701304,0.0027234167013113334,97.14770266307137,0.0821917808219178
2026-06-09,84.34421920813001,0.0032663525059298047,97.14770266307137,0.0821917808219178
2026-06-09,84.94729549924699,0.003853479712812305,97.14770266307137,0.0821917808219178
2026-06-09,85.55037179036398,0.004710513311793646,97.14770266307137,0.0821917808219178
2026-06-09,86.15344808148096,0.005760335802374509,97.14770266307137,0.0821917808219178
2026-06-09,86.75652437259794,0.007045157955839282,97.14770266307137,0.0821917808219178
2026-06-09,87.35960066371491,0.008615086214528443,97.14770266307137,0.0821917808219178
2026-06-09,87.96267695483189,0.01070326708010713,97.14770266307137,0.0821917808219178
2026-06-09,88.56575324594888,0.014015494671480019,97.14770266307137,0.0821917808219178
2026-06-09,89.16882953706586,0.016105243332007888,97.14770266307137,0.0821917808219178
2026-06-09,89.77190582818284,0.019572194994538265,97.14770266307137,0.0821917808219178
2026-06-09,90.37498211929982,0.02368807485347101,97.14770266307137,0.0821917808219178
2026-06-09,90.97805841041679,0.028517722640200784,97.14770266307137,0.0821917808219178
2026-06-09,91.58113470153378,0.03410328059344995,97.14770266307137,0.0821917808219178
2026-06-09,92.18421099265076,0.0404484588788094,97.14770266307137,0.0821917808219178
2026-06-09,92.78728728376774,0.047500031304508084,97.14770266307137,0.0821917808219178
2026-06-09,93.39036357488472,0.055128749329904955,97.14770266307137,0.0821917808219178
2026-06-09,93.9934398660017,0.06311347383872588,97.14770266307137,0.0821917808219178
2026-06-09,94.59651615711869,0.07113377303673765,97.14770266307137,0.0821917808219178
2026-06-09,95.19959244823566,0.07877679454001105,97.14770266307137,0.0821917808219178
2026-06-09,95.80266873935264,0.08556305482778821,97.14770266307137,0.0821917808219178
2026-06-09,96.40574503046962,0.0909923601904556,97.14770266307137,0.0821917808219178
2026-06-09,97.0088213215866,0.09460565555444522,97.14770266307137,0.0821917808219178
2026-06-09,97.61189761270359,0.09605260697589384,97.14770266307137,0.0821917808219178
2026-06-09,98.21497390382056,0.09515047560632145,97.14770266307137,0.0821917808219178
2026-06-09,98.81805019493754,0.0919196077494641,97.14770266307137,0.0821917808219178
2026-06-09,99.42112648605452,0.08658559892603133,97.14770266307137,0.0821917808219178
2026-06-09,100.0242027771715,0.0795466945905811,97.14770266307137,0.0821917808219178
2026-06-09,100.62727906828849,0.07131423012991388,97.14770266307137,0.0821917808219178
2026-06-09,101.23035535940546,0.06244042726178562,97.14770266307137,0.0821917808219178
2026-06-09,101.83343165052244,0.05344947176184494,97.14770266307137,0.0821917808219178
2026-06-09,102.43650794163942,0.044784538123769035,97.14770266307137,0.0821917808219178
2026-06-09,103.0395842327564,0.03677724321549198,97.14770266307137,0.0821917808219178
2026-06-09,103.64266052387339,0.029639536552472628,97.14770266307137,0.0821917808219178
2026-06-09,104.24573681499037,0.023473326902335202,97.14770266307137,0.0821917808219178
2026-06-09,104.84881310610734,0.01829103426892792,97.14770266307137,0.0821917808219178
2026-06-09,105.45188939722432,0.014040441269418285,97.14770266307137,0.0821917808219178
2026-06-09,106.0549656883413,0.010628794664948846,97.14770266307137,0.0821917808219178
2026-06-09,106.65804197945829,0.007943125665368226,97.14770266307137,0.0821917808219178
2026-06-09,107.26111827057527,0.006103477625496128,97.14770266307137,0.0821917808219178
2026-06-09,107.86419456169224,0.004318280030541133,97.14770266307137,0.0821917808219178
2026-06-09,108.46727085280922,0.0029193325609769075,97.14770266307137,0.0821917808219178
2026-06-09,109.0703471439262,0.002112775070805559,97.14770266307137,0.0821917808219178
2026-06-09,109.67342343504319,0.0015188375687968914,97.14770266307137,0.0821917808219178
2026-06-09,110.27649972616017,0.0010847493011565104,97.14770266307137,0.0821917808219178
2026-06-09,110.87957601727715,0.0007697746039658174,97.14770266307137,0.0821917808219178
2026-06-09,111.48265230839412,0.000542834409413197,97.14770266307137,0.0821917808219178
2026-06-09,112.0857285995111,0.00038045172587100335,97.14770266307137,0.0821917808219178
2026-06-09,112.68880489062809,0.00028643737774297195,97.14770266307137,0.0821917808219178
2026-06-09,113.29188118174507,0.0001757495684822055,97.14770266307137,0.0821917808219178
2026-06-09,113.89495747286205,0.00011476548295615429,97.14770266307137,0.0821917808219178
2026-06-09,114.49803376397904,8.116875519111698e-05,97.14770266307137,0.0821917808219178
2026-06-09,115.101110055096,5.7042792932292885e-05,97.14770266307137,0.0821917808219178
2026-06-09,115.70418634621299,3.9834240695744374e-05,97.14770266307137,0.0821917808219178
2026-06-09,116.30726263732997,2.7644848478351396e-05,97.14770266307137,0.0821917808219178
2026-06-10,80.04164563190828,0.001285166784840336,95.96484917231032,0.0821917808219178
2026-06-10,80.65004138008187,0.001546431421093432,95.96484917231032,0.0821917808219178
2026-06-10,81.25843712825545,0.0018621785117353736,95.96484917231032,0.0821917808219178
2026-06-10,81.86683287642903,0.0022441710609886413,95.96484917231032,0.0821917808219178
2026-06-10,82.47522862460261,0.003026428457675569,95.96484917231032,0.0821917808219178
2026-06-10,83.0836243727762,0.003477949901035739,95.96484917231032,0.0821917808219178
2026-06-10,83.69202012094978,0.004117637633353809,95.96484917231032,0.0821917808219178
2026-06-10,84.30041586912336,0.004987108360493458,95.96484917231032,0.0821917808219178
2026-06-10,84.90881161729693,0.00604327606817442,95.96484917231032,0.0821917808219178
2026-06-10,85.51720736547053,0.007325527423951875,95.96484917231032,0.0821917808219178
2026-06-10,86.1256031136441,0.00888046547822057,95.96484917231032,0.0821917808219178
2026-06-10,86.73399886181768,0.01142494833979115,95.96484917231032,0.0821917808219178
2026-06-10,87.34239460999126,0.01382922205236354,95.96484917231032,0.0821917808219178
2026-06-10,87.95079035816485,0.0162129489742991,95.96484917231032,0.0821917808219178
2026-06-10,88.55918610633843,0.01956688572717044,95.96484917231032,0.0821917808219178
2026-06-10,89.16758185451201,0.023534623955866925,95.96484917231032,0.0821917808219178
2026-06-10,89.7759776026856,0.028179835086886186,95.96484917231032,0.0821917808219178
2026-06-10,90.38437335085918,0.03354727094918563,95.96484917231032,0.0821917808219178
2026-06-10,90.99276909903276,0.03964853046857116,95.96484917231032,0.0821917808219178
2026-06-10,91.60116484720633,0.046444748497904684,95.96484917231032,0.0821917808219178
2026-06-10,92.20956059537993,0.05382784480869681,95.96484917231032,0.0821917808219178
2026-06-10,92.8179563435535,0.0616035037320673,95.96484917231032,0.0821917808219178
2026-06-10,93.42635209172708,0.06948064536367854,95.96484917231032,0.0821917808219178
2026-06-10,94.03474783990066,0.07707317231333835,95.96484917231032,0.0821917808219178
2026-06-10,94.64314358807425,0.0839193803226273,95.96484917231032,0.0821917808219178
2026-06-10,95.25153933624783,0.0895218466546303,95.96484917231032,0.0821917808219178
2026-06-10,95.85993508442141,0.09340571294268979,95.96484917231032,0.0821917808219178
2026-06-10,96.468330832595,0.09518702768210481,95.96484917231032,0.0821917808219178
2026-06-10,97.07672658076858,0.09463735033847955,95.96484917231032,0.0821917808219178
2026-06-10,97.68512232894216,0.09172876404494455,95.96484917231032,0.0821917808219178
2026-06-10,98.29351807711573,0.08664656481534587,95.96484917231032,0.0821917808219178
2026-06-10,98.90191382528931,0.07976485812320995,95.96484917231032,0.0821917808219178
2026-06-10,99.5103095734629,0.07159041490498658,95.96484917231032,0.0821917808219178
2026-06-10,100.11870532163648,0.06268853369033175,95.96484917231032,0.0821917808219178
2026-06-10,100.72710106981006,0.053608193407736704,95.96484917231032,0.0821917808219178
2026-06-10,101.33549681798365,0.044821620415474404,95.96484917231032,0.0821917808219178
2026-06-10,101.94389256615723,0.03668715204766562,95.96484917231032,0.0821917808219178
2026-06-10,102.55228831433081,0.029436891505918716,95.96484917231032,0.0821917808219178
2026-06-10,103.16068406250439,0.023184785029393633,95.96484917231032,0.0821917808219178
2026-06-10,103.76907981067797,0.017947767191372355,95.96484917231032,0.0821917808219178
2026-06-10,104.37747555885156,0.01367242938666026,95.96484917231032,0.0821917808219178
2026-06-10,104.98587130702514,0.010261296432994737,95.96484917231032,0.0821917808219178
2026-06-10,105.59426705519871,0.007595091943221595,95.96484917231032,0.0821917808219178
2026-06-10,106.2026628033723,0.005592941907230374,95.96484917231032,0.0821917808219178
2026-06-10,106.81105855154588,0.004277431085617607,95.96484917231032,0.0821917808219178
2026-06-10,107.41945429971946,0.002668717623608743,95.96484917231032,0.0821917808219178
2026-06-10,108.02785004789305,0.0019085011756206226,95.96484917231032,0.0821917808219178
2026-06-10,108.63624579606663,0.0013550301163014293,95.96484917231032,0.0821917808219178
2026-06-10,109.24464154424021,0.0009552306772349849,95.96484917231032,0.0821917808219178
2026-06-10,109.85303729241379,0.0006686451709936738,95.96484917231032,0.0821917808219178
2026-06-10,110.46143304058737,0.00046477380197491874,95.96484917231032,0.0821917808219178
2026-06-10,111.06982878876096,0.0003208416108066566,95.96484917231032,0.0821917808219178
2026-06-10,111.67822453693454,0.00023437815067873263,95.96484917231032,0.0821917808219178
2026-06-10,112.28662028510811,0.00014751119490715017,95.96484917231032,0.0821917808219178
2026-06-10,112.8950160332817,9.110422822642552e-05,95.96484917231032,0.0821917808219178
2026-06-10,113.50341178145528,6.35881643463303e-05,95.96484917231032,0.0821917808219178
2026-06-10,114.11180752962886,4.404659402819396e-05,95.96484917231032,0.0821917808219178
2026-06-10,114.72020327780245,3.028223139602086e-05,95.96484917231032,0.0821917808219178
2026-06-10,115.32859902597602,2.066809293145709e-05,95.96484917231032,0.0821917808219178
2026-06-11,78.78480270585997,0.0012669802768984601,95.35123326242736,0.0821917808219178
2026-06-11,79.42135094101977,0.0015244607120729024,95.35123326242736,0.0821917808219178
2026-06-11,80.05789917617955,0.00183534133614046,95.35123326242736,0.0821917808219178
2026-06-11,80.69444741133934,0.0022493639552412046,95.35123326242736,0.0821917808219178
2026-06-11,81.33099564649912,0.003052684017705919,95.35123326242736,0.0821917808219178
2026-06-11,81.96754388165891,0.0033560586367338816,95.35123326242736,0.0821917808219178
2026-06-11,82.60409211681869,0.0040590352748107695,95.35123326242736,0.0821917808219178
2026-06-11,83.24064035197847,0.004911821365892951,95.35123326242736,0.0821917808219178
2026-06-11,83.87718858713826,0.0059462281248191615,95.35123326242736,0.0821917808219178
2026-06-11,84.51373682229804,0.00720023330835548,95.35123326242736,0.0821917808219178
2026-06-11,85.15028505745784,0.009248494401732454,95.35123326242736,0.0821917808219178
2026-06-11,85.78683329261762,0.011317101038157994,95.35123326242736,0.0821917808219178
2026-06-11,86.42338152777741,0.013170777487502144,95.35123326242736,0.0821917808219178
2026-06-11,87.05992976293719,0.015913872228932716,95.35123326242736,0.0821917808219178
2026-06-11,87.69647799809698,0.019180894341912464,95.35123326242736,0.0821917808219178
2026-06-11,88.33302623325676,0.02304040399974408,95.35123326242736,0.0821917808219178
2026-06-11,88.96957446841654,0.027552602010379044,95.35123326242736,0.0821917808219178
2026-06-11,89.60612270357633,0.03275885093574876,95.35123326242736,0.0821917808219178
2026-06-11,90.24267093873611,0.0386676995010773,95.35123326242736,0.0821917808219178
2026-06-11,90.8792191738959,0.04523788720992669,95.35123326242736,0.0821917808219178
2026-06-11,91.51576740905568,0.05235996977690971,95.35123326242736,0.0821917808219178
2026-06-11,92.15231564421546,0.059839752679157615,95.35123326242736,0.0821917808219178
2026-06-11,92.78886387937526,0.06738832772711863,95.35123326242736,0.0821917808219178
2026-06-11,93.42541211453504,0.07462453021444389,95.35123326242736,0.0821917808219178
2026-06-11,94.06196034969483,0.0810951885126237,95.35123326242736,0.0821917808219178
2026-06-11,94.69850858485461,0.0863158395796272,95.35123326242736,0.0821917808219178
2026-06-11,95.33505682001439,0.08982950623475609,95.35123326242736,0.0821917808219178
2026-06-11,95.97160505517418,0.0912747295399558,95.35123326242736,0.0821917808219178
2026-06-11,96.60815329033397,0.09044860148765882,95.35123326242736,0.0821917808219178
2026-06-11,97.24470152549375,0.08734877597629681,95.35123326242736,0.0821917808219178
2026-06-11,97.88124976065353,0.0821820875491651,95.35123326242736,0.0821917808219178
2026-06-11,98.51779799581332,0.07533593331748335,95.35123326242736,0.0821917808219178
2026-06-11,99.1543462309731,0.06731898748749701,95.35123326242736,0.0821917808219178
2026-06-11,99.7908944661329,0.05868602597969034,95.35123326242736,0.0821917808219178
2026-06-11,100.42744270129268,0.04996454647292076,95.35123326242736,0.0821917808219178
2026-06-11,101.06399093645246,0.04159791034802738,95.35123326242736,0.0821917808219178
2026-06-11,101.70053917161225,0.03391287846131018,95.35123326242736,0.0821917808219178
2026-06-11,102.33708740677203,0.0271118276141719,95.35123326242736,0.0821917808219178
2026-06-11,102.97363564193182,0.021284298523753208,95.35123326242736,0.0821917808219178
2026-06-11,103.6101838770916,0.016430023409185295,95.35123326242736,0.0821917808219178
2026-06-11,104.24673211225138,0.012485898903595092,95.35123326242736,0.0821917808219178
2026-06-11,104.88328034741117,0.009351362282834737,95.35123326242736,0.0821917808219178
2026-06-11,105.51982858257097,0.006909076376088315,95.35123326242736,0.0821917808219178
2026-06-11,106.15637681773075,0.005039902147520647,95.35123326242736,0.0821917808219178
2026-06-11,106.79292505289052,0.0036838517483305066,95.35123326242736,0.0821917808219178
2026-06-11,107.42947328805032,0.0027548429465128702,95.35123326242736,0.0821917808219178
2026-06-11,108.0660215232101,0.0016844189438831136,95.35123326242736,0.0821917808219178
2026-06-11,108.70256975836989,0.0011952130900003926,95.35123326242736,0.0821917808219178
2026-06-11,109.33911799352967,0.0008420450545308198,95.35123326242736,0.0821917808219178
2026-06-11,109.97566622868945,0.0005888974245838607,95.35123326242736,0.0821917808219178
2026-06-11,110.61221446384924,0.00040878533069550266,95.35123326242736,0.0821917808219178
2026-06-11,111.24876269900903,0.00028162341708989886,95.35123326242736,0.0821917808219178
2026-06-11,111.88531093416881,0.00019816970270664195,95.35123326242736,0.0821917808219178
2026-06-11,112.5218591693286,0.0001390894082095463,95.35123326242736,0.0821917808219178
2026-06-11,113.15840740448837,7.718863148261633e-05,95.35123326242736,0.0821917808219178
2026-06-11,113.79495563964817,5.3907729291532394e-05,95.35123326242736,0.0821917808219178
2026-06-11,114.43150387480796,3.729573670470369e-05,95.35123326242736,0.0821917808219178
2026-06-11,115.06805210996774,2.5564531207598713e-05,95.35123326242736,0.0821917808219178
2026-06-11,115.70460034512752,1.7366589204969075e-05,95.35123326242736,0.0821917808219178
2026-06-12,78.6110026719625,0.0013807292602523028,95.17139698051338,0.0821917808219178
2026-06-12,79.24744145424037,0.0016566734663865685,95.17139698051338,0.0821917808219178
2026-06-12,79.88388023651825,0.001988330842650274,95.17139698051338,0.0821917808219178
2026-06-12,80.52031901879613,0.0024324669504436265,95.17139698051338,0.0821917808219178
2026-06-12,81.15675780107401,0.0032788033947563073,95.17139698051338,0.0821917808219178
2026-06-12,81.79319658335187,0.0035913767617645285,95.17139698051338,0.0821917808219178
2026-06-12,82.42963536562975,0.004323739222906963,95.17139698051338,0.0821917808219178
2026-06-12,83.06607414790763,0.005206489510838413,95.17139698051338,0.0821917808219178
2026-06-12,83.7025129301855,0.006270133583732869,95.17139698051338,0.0821917808219178
2026-06-12,84.33895171246338,0.007550781684883265,95.17139698051338,0.0821917808219178
2026-06-12,84.97539049474126,0.009672563222256503,95.17139698051338,0.0821917808219178
2026-06-12,85.61182927701914,0.011693883878527446,95.17139698051338,0.0821917808219178
2026-06-12,86.24826805929702,0.01355235412976686,95.17139698051338,0.0821917808219178
2026-06-12,86.8847068415749,0.016272875678833412,95.17139698051338,0.0821917808219178
2026-06-12,87.52114562385276,0.019492689185343994,95.17139698051338,0.0821917808219178
2026-06-12,88.15758440613064,0.02327477331389779,95.17139698051338,0.0821917808219178
2026-06-12,88.79402318840852,0.027674651504145456,95.17139698051338,0.0821917808219178
2026-06-12,89.4304619706864,0.032731136956509366,95.17139698051338,0.0821917808219178
2026-06-12,90.06690075296427,0.03845387881369644,95.17139698051338,0.0821917808219178
2026-06-12,90.70333953524215,0.04480797030222041,95.17139698051338,0.0821917808219178
2026-06-12,91.33977831752003,0.05169684967824291,95.17139698051338,0.0821917808219178
2026-06-12,91.9762170997979,0.058946096031678274,95.17139698051338,0.0821917808219178
2026-06-12,92.61265588207579,0.06629228111680324,95.17139698051338,0.0821917808219178
2026-06-12,93.24909466435366,0.07338226995164865,95.17139698051338,0.0821917808219178
2026-06-12,93.88553344663154,0.07978846056989568,95.17139698051338,0.0821917808219178
2026-06-12,94.5219722289094,0.08504355214486814,95.17139698051338,0.0821917808219178
2026-06-12,95.15841101118728,0.08869410364414354,95.17139698051338,0.0821917808219178
2026-06-12,95.79484979346516,0.09036600159460059,95.17139698051338,0.0821917808219178
2026-06-12,96.43128857574304,0.08982893261530416,95.17139698051338,0.0821917808219178
2026-06-12,97.06772735802092,0.08704383954222172,95.17139698051338,0.0821917808219178
2026-06-12,97.7041661402988,0.08217942897405796,95.17139698051338,0.0821917808219178
2026-06-12,98.34060492257667,0.0755913494448183,95.17139698051338,0.0821917808219178
2026-06-12,98.97704370485455,0.06776821872645077,95.17139698051338,0.0821917808219178
2026-06-12,99.61348248713242,0.05925804543987111,95.17139698051338,0.0821917808219178
2026-06-12,100.2499212694103,0.05059300437508467,95.17139698051338,0.0821917808219178
2026-06-12,100.88636005168817,0.04222865863164374,95.17139698051338,0.0821917808219178
2026-06-12,101.52279883396605,0.034507153546790965,95.17139698051338,0.0821917808219178
2026-06-12,102.15923761624393,0.027645913469895898,95.17139698051338,0.0821917808219178
2026-06-12,102.7956763985218,0.0217470372342544,95.17139698051338,0.0821917808219178
2026-06-12,103.43211518079968,0.01681948249749971,95.17139698051338,0.0821917808219178
2026-06-12,104.06855396307756,0.012806124330048805,95.17139698051338,0.0821917808219178
2026-06-12,104.70499274535544,0.009609708629670907,95.17139698051338,0.0821917808219178
2026-06-12,105.34143152763332,0.007114264372986078,95.17139698051338,0.0821917808219178
2026-06-12,105.9778703099112,0.005200750616523906,95.17139698051338,0.0821917808219178
2026-06-12,106.61430909218907,0.0038004092426120245,95.17139698051338,0.0821917808219178
2026-06-12,107.25074787446694,0.0028716460151323683,95.17139698051338,0.0821917808219178
2026-06-12,107.88718665674482,0.0017512208719904121,95.17139698051338,0.0821917808219178
2026-06-12,108.5236254390227,0.0012462085297785068,95.17139698051338,0.0821917808219178
2026-06-12,109.16006422130057,0.0008807601975680578,95.17139698051338,0.0821917808219178
2026-06-12,109.79650300357845,0.0006181195895259477,95.17139698051338,0.0821917808219178
2026-06-12,110.43294178585633,0.0004307082883243334,95.17139698051338,0.0821917808219178
2026-06-12,111.06938056813419,0.0002979659535686606,95.17139698051338,0.0821917808219178
2026-06-12,111.70581935041207,0.00021040003008154426,95.17139698051338,0.0821917808219178
2026-06-12,112.34225813268995,0.00014909707532399934,95.17139698051338,0.0821917808219178
2026-06-12,112.97869691496783,8.292503020779869e-05,95.17139698051338,0.0821917808219178
2026-06-12,113.6151356972457,5.819347755310264e-05,95.17139698051338,0.0821917808219178
2026-06-12,114.25157447952358,4.0473140761702496e-05,95.17139698051338,0.0821917808219178
2026-06-12,114.88801326180146,2.79015163623569e-05,95.17139698051338,0.0821917808219178
2026-06-12,115.52445204407934,1.9071533341490466e-05,95.17139698051338,0.0821917808219178
2026-06-15,78.89819075809245,0.0013834986387462648,95.36492333064783,0.0821917808219178
2026-06-15,79.53041691187175,0.00165608567527372,95.36492333064783,0.0821917808219178
2026-06-15,80.16264306565107,0.001983347126241672,95.36492333064783,0.0821917808219178
2026-06-15,80.79486921943037,0.0024010984724470164,95.36492333064783,0.0821917808219178
2026-06-15,81.42709537320968,0.003272007090322345,95.36492333064783,0.0821917808219178
2026-06-15,82.05932152698898,0.003561320558864505,95.36492333064783,0.0821917808219178
2026-06-15,82.6915476807683,0.004282467316965409,95.36492333064783,0.0821917808219178
2026-06-15,83.32377383454761,0.005152054587864987,95.36492333064783,0.0821917808219178
2026-06-15,83.95599998832691,0.0062005913134724425,95.36492333064783,0.0821917808219178
2026-06-15,84.58822614210622,0.007464348058537233,95.36492333064783,0.0821917808219178
2026-06-15,85.22045229588552,0.009397332086390294,95.36492333064783,0.0821917808219178
2026-06-15,85.85267844966484,0.011688839004350825,95.36492333064783,0.0821917808219178
2026-06-15,86.48490460344414,0.013400249313008835,95.36492333064783,0.0821917808219178
2026-06-15,87.11713075722345,0.016104258562188653,95.36492333064783,0.0821917808219178
2026-06-15,87.74935691100276,0.01931264668295353,95.36492333064783,0.0821917808219178
2026-06-15,88.38158306478206,0.023091603397252924,95.36492333064783,0.0821917808219178
2026-06-15,89.01380921856138,0.02750052362011374,95.36492333064783,0.0821917808219178
2026-06-15,89.64603537234068,0.032582562531622096,95.36492333064783,0.0821917808219178
2026-06-15,90.27826152611999,0.03835179648728538,95.36492333064783,0.0821917808219178
2026-06-15,90.91048767989929,0.04477721812705332,95.36492333064783,0.0821917808219178
2026-06-15,91.5427138336786,0.05176481063930923,95.36492333064783,0.0821917808219178
2026-06-15,92.17493998745792,0.0591403927340138,95.36492333064783,0.0821917808219178
2026-06-15,92.80716614123722,0.06663757688231253,95.36492333064783,0.0821917808219178
2026-06-15,93.43939229501653,0.07389649187480903,95.36492333064783,0.0821917808219178
2026-06-15,94.07161844879583,0.08047903470400879,95.36492333064783,0.0821917808219178
2026-06-15,94.70384460257515,0.08590443151538064,95.36492333064783,0.0821917808219178
2026-06-15,95.33607075635445,0.08970437144742976,95.36492333064783,0.0821917808219178
2026-06-15,95.96829691013376,0.0914905916072849,95.36492333064783,0.0821917808219178
2026-06-15,96.60052306391307,0.09102156862547489,95.36492333064783,0.0821917808219178
2026-06-15,97.23274921769237,0.08825178841611227,95.36492333064783,0.0821917808219178
2026-06-15,97.86497537147169,0.08334925200911039,95.36492333064783,0.0821917808219178
2026-06-15,98.49720152525099,0.07667464273433967,95.36492333064783,0.0821917808219178
2026-06-15,99.1294276790303,0.06872638632197867,95.36492333064783,0.0821917808219178
2026-06-15,99.7616538328096,0.06006540347947105,95.36492333064783,0.0821917808219178
2026-06-15,100.39387998658891,0.051237886529545876,95.36492333064783,0.0821917808219178
2026-06-15,101.02610614036823,0.04271259192929554,95.36492333064783,0.0821917808219178
2026-06-15,101.65833229414753,0.03484251286075511,95.36492333064783,0.0821917808219178
2026-06-15,102.29055844792684,0.027852673408239628,95.36492333064783,0.0821917808219178
2026-06-15,102.92278460170614,0.02184928741134779,95.36492333064783,0.0821917808219178
2026-06-15,103.55501075548545,0.016842269974619073,95.36492333064783,0.0821917808219178
2026-06-15,104.18723690926475,0.012772990763106094,95.36492333064783,0.0821917808219178
2026-06-15,104.81946306304407,0.009541070796700246,95.36492333064783,0.0821917808219178
2026-06-15,105.45168921682338,0.0070266041475618105,95.36492333064783,0.0821917808219178
2026-06-15,106.08391537060268,0.005106464237450517,95.36492333064783,0.0821917808219178
2026-06-15,106.716141524382,0.0037554152049849056,95.36492333064783,0.0821917808219178
2026-06-15,107.3483676781613,0.002710320069241556,95.36492333064783,0.0821917808219178
2026-06-15,107.98059383194061,0.001686983466610164,95.36492333064783,0.0821917808219178
2026-06-15,108.61281998571991,0.001190914102681015,95.36492333064783,0.0821917808219178
2026-06-15,109.24504613949922,0.0008344527950409121,95.36492333064783,0.0821917808219178
2026-06-15,109.87727229327854,0.0005802339401715708,95.36492333064783,0.0821917808219178
2026-06-15,110.50949844705784,0.00040034156900080103,95.36492333064783,0.0821917808219178
2026-06-15,111.14172460083714,0.0002740693888671122,95.36492333064783,0.0821917808219178
2026-06-15,111.77395075461645,0.00019248545970675714,95.36492333064783,0.0821917808219178
2026-06-15,112.40617690839576,0.00013197186785239567,95.36492333064783,0.0821917808219178
2026-06-15,113.03840306217506,7.37485866995469e-05,95.36492333064783,0.0821917808219178
2026-06-15,113.67062921595438,5.1173152227404963e-05,95.36492333064783,0.0821917808219178
2026-06-15,114.30285536973369,3.516713340047239e-05,95.36492333064783,0.0821917808219178
2026-06-15,114.93508152351299,2.3939122489053062e-05,95.36492333064783,0.0821917808219178
2026-06-15,115.56730767729229,1.6147063930341465e-05,95.36492333064783,0.0821917808219178
2026-06-16,79.93217119126606,0.0014721048889467109,96.22589205052408,0.0821917808219178
2026-06-16,80.5562453521514,0.0017576211182368587,96.22589205052408,0.0821917808219178
2026-06-16,81.18031951303672,0.0020991447592421534,96.22589205052408,0.0821917808219178
2026-06-16,81.80439367392205,0.0025079301916908344,96.22589205052408,0.0821917808219178
2026-06-16,82.42846783480738,0.003420971149443661,96.22589205052408,0.0821917808219178
2026-06-16,83.0525419956927,0.0037551083731139304,96.22589205052408,0.0821917808219178
2026-06-16,83.67661615657804,0.004464924172182781,96.22589205052408,0.0821917808219178
2026-06-16,84.30069031746338,0.005351102031738508,96.22589205052408,0.0821917808219178
2026-06-16,84.9247644783487,0.006414720237307057,96.22589205052408,0.0821917808219178
2026-06-16,85.54883863923403,0.0076907673980279815,96.22589205052408,0.0821917808219178
2026-06-16,86.17291280011936,0.009220336013330329,96.22589205052408,0.0821917808219178
2026-06-16,86.79698696100469,0.012258483138710701,96.22589205052408,0.0821917808219178
2026-06-16,87.42106112189002,0.01360790197804535,96.22589205052408,0.0821917808219178
2026-06-16,88.04513528277535,0.016284008448735128,96.22589205052408,0.0821917808219178
2026-06-16,88.66920944366068,0.019453328672093387,96.22589205052408,0.0821917808219178
2026-06-16,89.293283604546,0.023177553903913333,96.22589205052408,0.0821917808219178
2026-06-16,89.91735776543133,0.027516024512936454,96.22589205052408,0.0821917808219178
2026-06-16,90.54143192631666,0.032514055015304244,96.22589205052408,0.0821917808219178
2026-06-16,91.16550608720199,0.03819097415516849,96.22589205052408,0.0821917808219178
2026-06-16,91.78958024808732,0.04452484402097751,96.22589205052408,0.0821917808219178
2026-06-16,92.41365440897266,0.051434782450729126,96.22589205052408,0.0821917808219178
2026-06-16,93.03772856985799,0.058763191477498436,96.22589205052408,0.0821917808219178
2026-06-16,93.66180273074332,0.06626189718463227,96.22589205052408,0.0821917808219178
2026-06-16,94.28587689162865,0.07358775964368446,96.22589205052408,0.0821917808219178
2026-06-16,94.90995105251397,0.08031387774255844,96.22589205052408,0.0821917808219178
2026-06-16,95.5340252133993,0.08596107930818113,96.22589205052408,0.0821917808219178
2026-06-16,96.15809937428463,0.09005027333521028,96.22589205052408,0.0821917808219178
2026-06-16,96.78217353516996,0.09216981329219968,96.22589205052408,0.0821917808219178
2026-06-16,97.40624769605529,0.09204515586950822,96.22589205052408,0.0821917808219178
2026-06-16,98.03032185694062,0.0895938352599923,96.22589205052408,0.0821917808219178
2026-06-16,98.65439601782595,0.0849499097711997,96.22589205052408,0.0821917808219178
2026-06-16,99.27847017871127,0.07844931473284414,96.22589205052408,0.0821917808219178
2026-06-16,99.9025443395966,0.07057868000057096,96.22589205052408,0.0821917808219178
2026-06-16,100.52661850048193,0.06190067405266217,96.22589205052408,0.0821917808219178
2026-06-16,101.15069266136726,0.0529745376771157,96.22589205052408,0.0821917808219178
2026-06-16,101.77476682225259,0.04428937301043089,96.22589205052408,0.0821917808219178
2026-06-16,102.39884098313792,0.036221343111134924,96.22589205052408,0.0821917808219178
2026-06-16,103.02291514402326,0.02901758626296483,96.22589205052408,0.0821917808219178
2026-06-16,103.64698930490859,0.022802699440737224,96.22589205052408,0.0821917808219178
2026-06-16,104.27106346579392,0.01759993049397592,96.22589205052408,0.0821917808219178
2026-06-16,104.89513762667924,0.01335878188427758,96.22589205052408,0.0821917808219178
2026-06-16,105.51921178756457,0.009982466732521964,96.22589205052408,0.0821917808219178
2026-06-16,106.1432859484499,0.007351206916625432,96.22589205052408,0.0821917808219178
2026-06-16,106.76736010933523,0.0053397064407420675,96.22589205052408,0.0821917808219178
2026-06-16,107.39143427022056,0.004046892966699001,96.22589205052408,0.0821917808219178
2026-06-16,108.01550843110589,0.0026543472246585934,96.22589205052408,0.0821917808219178
2026-06-16,108.63958259199121,0.0017747759284188684,96.22589205052408,0.0821917808219178
2026-06-16,109.26365675287656,0.0012495998669709335,96.22589205052408,0.0821917808219178
2026-06-16,109.88773091376189,0.0008728644260417298,96.22589205052408,0.0821917808219178
2026-06-16,110.51180507464721,0.0006048190978064001,96.22589205052408,0.0821917808219178
2026-06-16,111.13587923553254,0.00041569258010577386,96.22589205052408,0.0821917808219178
2026-06-16,111.75995339641787,0.00028338368560521323,96.22589205052408,0.0821917808219178
2026-06-16,112.3840275573032,0.00020102292404628968,96.22589205052408,0.0821917808219178
2026-06-16,113.00810171818853,0.00013055349494716704,96.22589205052408,0.0821917808219178
2026-06-16,113.63217587907386,7.585775098263733e-05,96.22589205052408,0.0821917808219178
2026-06-16,114.25625003995918,5.226997461229423e-05,96.22589205052408,0.0821917808219178
2026-06-16,114.88032420084451,3.567114607247706e-05,96.22589205052408,0.0821917808219178
2026-06-16,115.50439836172984,2.411184656970222e-05,96.22589205052408,0.0821917808219178
2026-06-16,116.12847252261517,1.614720684280829e-05,96.22589205052408,0.0821917808219178
2026-06-17,79.45247529768095,0.0014745466780262048,95.78123327391684,0.0821917808219178
2026-06-17,80.0784111273631,0.0017562751423144981,95.78123327391684,0.0821917808219178
2026-06-17,80.70434695704526,0.0020927966274698717,95.78123327391684,0.0821917808219178
2026-06-17,81.33028278672741,0.0024951266675338254,95.78123327391684,0.0821917808219178
2026-06-17,81.95621861640957,0.0034206380088863176,95.78123327391684,0.0821917808219178
2026-06-17,82.58215444609172,0.0037038398032580213,95.78123327391684,0.0821917808219178
2026-06-17,83.20809027577388,0.004419710868717683,95.78123327391684,0.0821917808219178
2026-06-17,83.83402610545603,0.005290667473775291,95.78123327391684,0.0821917808219178
2026-06-17,84.4599619351382,0.0063364865374255,95.78123327391684,0.0821917808219178
2026-06-17,85.08589776482034,0.007592194372223876,95.78123327391684,0.0821917808219178
2026-06-17,85.71183359450251,0.009240675309137312,95.78123327391684,0.0821917808219178
2026-06-17,86.33776942418466,0.011991687327085668,95.78123327391684,0.0821917808219178
2026-06-17,86.96370525386682,0.013438260359981068,95.78123327391684,0.0821917808219178
2026-06-17,87.58964108354897,0.01609614949257783,95.78123327391684,0.0821917808219178
2026-06-17,88.21557691323113,0.019248873173383085,95.78123327391684,0.0821917808219178
2026-06-17,88.8415127429133,0.022964696502287222,95.78123327391684,0.0821917808219178
2026-06-17,89.46744857259544,0.02730721514370786,95.78123327391684,0.0821917808219178
2026-06-17,90.0933844022776,0.03232642057329913,95.78123327391684,0.0821917808219178
2026-06-17,90.71932023195976,0.03804609500737458,95.78123327391684,0.0821917808219178
2026-06-17,91.34525606164192,0.04444748514558407,95.78123327391684,0.0821917808219178
2026-06-17,91.97119189132407,0.05145020119074762,95.78123327391684,0.0821917808219178
2026-06-17,92.59712772100623,0.05889283963785595,95.78123327391684,0.0821917808219178
2026-06-17,93.22306355068838,0.06651776967304769,95.78123327391684,0.0821917808219178
2026-06-17,93.84899938037054,0.07396630119676569,95.78123327391684,0.0821917808219178
2026-06-17,94.47493521005269,0.0807910781160284,95.78123327391684,0.0821917808219178
2026-06-17,95.10087103973486,0.08649082442036597,95.78123327391684,0.0821917808219178
2026-06-17,95.726806869417,0.09056775695680976,95.78123327391684,0.0821917808219178
2026-06-17,96.35274269909917,0.09260060250770039,95.78123327391684,0.0821917808219178
2026-06-17,96.97867852878133,0.09231855190119473,95.78123327391684,0.0821917808219178
2026-06-17,97.60461435846348,0.08965723514107594,95.78123327391684,0.0821917808219178
2026-06-17,98.23055018814563,0.08477995803909212,95.78123327391684,0.0821917808219178
2026-06-17,98.85648601782779,0.07805638840879837,95.78123327391684,0.0821917808219178
2026-06-17,99.48242184750995,0.07000347570981995,95.78123327391684,0.0821917808219178
2026-06-17,100.1083576771921,0.06120434997653419,95.78123327391684,0.0821917808219178
2026-06-17,100.73429350687425,0.05222577399684296,95.78123327391684,0.0821917808219178
2026-06-17,101.36022933655642,0.043552125724104364,95.78123327391684,0.0821917808219178
2026-06-17,101.98616516623858,0.035546083438660066,95.78123327391684,0.0821917808219178
2026-06-17,102.61210099592073,0.02843715463963991,95.78123327391684,0.0821917808219178
2026-06-17,103.23803682560289,0.022332367729938577,95.78123327391684,0.0821917808219178
2026-06-17,103.86397265528504,0.017240353140056768,95.78123327391684,0.0821917808219178
2026-06-17,104.4899084849672,0.01310030067424045,95.78123327391684,0.0821917808219178
2026-06-17,105.11584431464935,0.009809505748044735,95.78123327391684,0.0821917808219178
2026-06-17,105.74178014433151,0.007245968075682972,95.78123327391684,0.0821917808219178
2026-06-17,106.36771597401366,0.005284831526925421,95.78123327391684,0.0821917808219178
2026-06-17,106.99365180369583,0.003985387606016849,95.78123327391684,0.0821917808219178
2026-06-17,107.61958763337799,0.0027188143221675287,95.78123327391684,0.0821917808219178
2026-06-17,108.24552346306014,0.001785447945943079,95.78123327391684,0.0821917808219178
2026-06-17,108.87145929274229,0.0012669955561910257,95.78123327391684,0.0821917808219178
2026-06-17,109.49739512242445,0.0008927803970603625,95.78123327391684,0.0821917808219178
2026-06-17,110.12333095210661,0.0006246222813233532,95.78123327391684,0.0821917808219178
2026-06-17,110.74926678178876,0.00043387623752828863,95.78123327391684,0.0821917808219178
2026-06-17,111.37520261147091,0.000299214836771819,95.78123327391684,0.0821917808219178
2026-06-17,112.00113844115307,0.0002139989288868001,95.78123327391684,0.0821917808219178
2026-06-17,112.62707427083524,0.0001435144599438733,95.78123327391684,0.0821917808219178
2026-06-17,113.25301010051739,8.333036556142482e-05,95.78123327391684,0.0821917808219178
2026-06-17,113.87894593019955,5.818441525613409e-05,95.78123327391684,0.0821917808219178
2026-06-17,114.5048817598817,4.0276490349839616e-05,95.78123327391684,0.0821917808219178
2026-06-17,115.13081758956386,2.7642491148922484e-05,95.78123327391684,0.0821917808219178
2026-06-17,115.75675341924602,1.881410950035577e-05,95.78123327391684,0.0821917808219178
2026-06-18,78.97200002086308,0.0014644128505923854,95.54189256827624,0.0821917808219178
2026-06-18,79.60853773809961,0.0017475768714572569,95.54189256827624,0.0821917808219178
2026-06-18,80.24507545533615,0.002086004398556253,95.54189256827624,0.0821917808219178
2026-06-18,80.88161317257268,0.002528500670059464,95.54189256827624,0.0821917808219178
2026-06-18,81.51815088980922,0.0034058724091848933,95.54189256827624,0.0821917808219178
2026-06-18,82.15468860704576,0.0037002237330304166,95.54189256827624,0.0821917808219178
2026-06-18,82.79122632428229,0.004430168753712418,95.54189256827624,0.0821917808219178
2026-06-18,83.42776404151881,0.005305710984695988,95.54189256827624,0.0821917808219178
2026-06-18,84.06430175875535,0.0063558955886614124,95.54189256827624,0.0821917808219178
2026-06-18,84.70083947599188,0.007615170178364543,95.54189256827624,0.0821917808219178
2026-06-18,85.33737719322842,0.009633995610370675,95.54189256827624,0.0821917808219178
2026-06-18,85.97391491046496,0.011731827636386787,95.54189256827624,0.0821917808219178
2026-06-18,86.61045262770149,0.01347200296121727,95.54189256827624,0.0821917808219178
2026-06-18,87.24699034493803,0.016119544208981006,95.54189256827624,0.0821917808219178
2026-06-18,87.88352806217456,0.019252824572983846,95.54189256827624,0.0821917808219178
2026-06-18,88.5200657794111,0.02293708191508406,95.54189256827624,0.0821917808219178
2026-06-18,89.15660349664763,0.02723254876186795,95.54189256827624,0.0821917808219178
2026-06-18,89.79314121388417,0.032185750987244556,95.54189256827624,0.0821917808219178
2026-06-18,90.4296789311207,0.03781727331934184,95.54189256827624,0.0821917808219178
2026-06-18,91.06621664835724,0.044105939382493735,95.54189256827624,0.0821917808219178
2026-06-18,91.70275436559376,0.05097031433756498,95.54189256827624,0.0821917808219178
2026-06-18,92.3392920828303,0.05824994534170598,95.54189256827624,0.0821917808219178
2026-06-18,92.97582980006683,0.06569065923573077,95.54189256827624,0.0821917808219178
2026-06-18,93.61236751730337,0.07294000609655059,95.54189256827624,0.0821917808219178
2026-06-18,94.2489052345399,0.07955959489256476,95.54189256827624,0.0821917808219178
2026-06-18,94.88544295177644,0.08505941396797122,95.54189256827624,0.0821917808219178
2026-06-18,95.52198066901298,0.08895447385173248,95.54189256827624,0.0821917808219178
2026-06-18,96.15851838624951,0.09083675400905086,95.54189256827624,0.0821917808219178
2026-06-18,96.79505610348605,0.09044782099796123,95.54189256827624,0.0821917808219178
2026-06-18,97.43159382072258,0.08773325834392368,95.54189256827624,0.0821917808219178
2026-06-18,98.06813153795912,0.08286231554970198,95.54189256827624,0.0821917808219178
2026-06-18,98.70466925519565,0.07620530207454435,95.54189256827624,0.0821917808219178
2026-06-18,99.34120697243219,0.0682739466997472,95.54189256827624,0.0821917808219178
2026-06-18,99.97774468966873,0.059640795567700404,95.54189256827624,0.0821917808219178
2026-06-18,100.61428240690526,0.05085822914115931,95.54189256827624,0.0821917808219178
2026-06-18,101.2508201241418,0.042394704702981754,95.54189256827624,0.0821917808219178
2026-06-18,101.88735784137833,0.03459779895267398,95.54189256827624,0.0821917808219178
2026-06-18,102.52389555861485,0.027684619849769894,95.54189256827624,0.0821917808219178
2026-06-18,103.16043327585139,0.021753565763577343,95.54189256827624,0.0821917808219178
2026-06-18,103.79697099308792,0.01680861271290141,95.54189256827624,0.0821917808219178
2026-06-18,104.43350871032446,0.012787799961258488,95.54189256827624,0.0821917808219178
2026-06-18,105.070046427561,0.009589914638845055,95.54189256827624,0.0821917808219178
2026-06-18,105.70658414479753,0.0070961179524185085,95.54189256827624,0.0821917808219178
2026-06-18,106.34312186203407,0.00518550517016751,95.54189256827624,0.0821917808219178
2026-06-18,106.9796595792706,0.0038098028513690544,95.54189256827624,0.0821917808219178
2026-06-18,107.61619729650714,0.002831230195139399,95.54189256827624,0.0821917808219178
2026-06-18,108.25273501374367,0.001747524357982899,95.54189256827624,0.0821917808219178
2026-06-18,108.8892727309802,0.0012429544407817972,95.54189256827624,0.0821917808219178
2026-06-18,109.52581044821673,0.000877886374927252,95.54189256827624,0.0821917808219178
2026-06-18,110.16234816545327,0.000615589389722414,95.54189256827624,0.0821917808219178
2026-06-18,110.7988858826898,0.0004284952855153616,95.54189256827624,0.0821917808219178
2026-06-18,111.43542359992634,0.000296047111555228,95.54189256827624,0.0821917808219178
2026-06-18,112.07196131716287,0.00020925037536748107,95.54189256827624,0.0821917808219178
2026-06-18,112.70849903439941,0.00014668854631186715,95.54189256827624,0.0821917808219178
2026-06-18,113.34503675163594,8.198688262978157e-05,95.54189256827624,0.0821917808219178
2026-06-18,113.98157446887248,5.737287282523004e-05,95.54189256827624,0.0821917808219178
2026-06-18,114.61811218610902,3.977591141575427e-05,95.54189256827624,0.0821917808219178
2026-06-18,115.25464990334555,2.7322337871573425e-05,95.54189256827624,0.0821917808219178
2026-06-18,115.89118762058209,1.8599400217490986e-05,95.54189256827624,0.0821917808219178
2026-06-19,78.96606205914259,0.001602854369217454,95.35358929054762,0.0821917808219178
2026-06-19,79.59487806965879,0.0019058046959994424,95.35358929054762,0.0821917808219178
2026-06-19,80.223694080175,0.002266342302168464,95.35358929054762,0.0821917808219178
2026-06-19,80.8525100906912,0.0027091717200626608,95.35358929054762,0.0821917808219178
2026-06-19,81.4813261012074,0.003688014590584638,95.35358929054762,0.0821917808219178
2026-06-19,82.1101421117236,0.003965829760353135,95.35358929054762,0.0821917808219178
2026-06-19,82.73895812223981,0.004727132197365373,95.35358929054762,0.0821917808219178
2026-06-19,83.36777413275601,0.005635340095903624,95.35358929054762,0.0821917808219178
2026-06-19,83.99659014327221,0.006718562132837001,95.35358929054762,0.0821917808219178
2026-06-19,84.62540615378842,0.008009845001617569,95.35358929054762,0.0821917808219178
2026-06-19,85.25422216430462,0.009875099710517768,95.35358929054762,0.0821917808219178
2026-06-19,85.88303817482083,0.012360477432240674,95.35358929054762,0.0821917808219178
2026-06-19,86.51185418533703,0.01392142254380764,95.35358929054762,0.0821917808219178
2026-06-19,87.14067019585323,0.016562812577365856,95.35358929054762,0.0821917808219178
2026-06-19,87.76948620636944,0.019669069407969902,95.35358929054762,0.0821917808219178
2026-06-19,88.39830221688564,0.023299428120027096,95.35358929054762,0.0821917808219178
2026-06-19,89.02711822740184,0.027508322900399687,95.35358929054762,0.0821917808219178
2026-06-19,89.65593423791805,0.032337835245589926,95.35358929054762,0.0821917808219178
2026-06-19,90.28475024843425,0.03780715443937695,95.35358929054762,0.0821917808219178
2026-06-19,90.91356625895045,0.043898944049755376,95.35358929054762,0.0821917808219178
2026-06-19,91.54238226946666,0.050543226596280945,95.35358929054762,0.0821917808219178
2026-06-19,92.17119827998286,0.05760055713385422,95.35358929054762,0.0821917808219178
2026-06-19,92.80001429049906,0.06484779285113476,95.35358929054762,0.0821917808219178
2026-06-19,93.42883030101527,0.07197135183058664,95.35358929054762,0.0821917808219178
2026-06-19,94.05764631153147,0.0785738074434441,95.35358929054762,0.0821917808219178
2026-06-19,94.68646232204767,0.08419902395393812,95.35358929054762,0.0821917808219178
2026-06-19,95.31527833256388,0.08837793412511435,95.35358929054762,0.0821917808219178
2026-06-19,95.94409434308008,0.09069137518784519,95.35358929054762,0.0821917808219178
2026-06-19,96.57291035359628,0.09083942360926019,95.35358929054762,0.0821917808219178
2026-06-19,97.20172636411249,0.08870114785989441,95.35358929054762,0.0821917808219178
2026-06-19,97.83054237462869,0.08436781396333762,95.35358929054762,0.0821917808219178
2026-06-19,98.4593583851449,0.07813807857381892,95.35358929054762,0.0821917808219178
2026-06-19,99.0881743956611,0.07047433627795718,95.35358929054762,0.0821917808219178
2026-06-19,99.7169904061773,0.06193100686032627,95.35358929054762,0.0821917808219178
2026-06-19,100.3458064166935,0.05307321043500017,95.35358929054762,0.0821917808219178
2026-06-19,100.97462242720971,0.044405019134043586,95.35358929054762,0.0821917808219178
2026-06-19,101.60343843772591,0.03632081396282175,95.35358929054762,0.0821917808219178
2026-06-19,102.23225444824212,0.029084502984567478,95.35358929054762,0.0821917808219178
2026-06-19,102.86107045875832,0.022833360551403066,95.35358929054762,0.0821917808219178
2026-06-19,103.48988646927452,0.017598533952529867,95.35358929054762,0.0821917808219178
2026-06-19,104.11870247979073,0.013333270165181417,95.35358929054762,0.0821917808219178
2026-06-19,104.74751849030693,0.009941565139371021,95.35358929054762,0.0821917808219178
2026-06-19,105.37633450082313,0.007302680493323959,95.35358929054762,0.0821917808219178
2026-06-19,106.00515051133934,0.005289580692235245,95.35358929054762,0.0821917808219178
2026-06-19,106.63396652185554,0.0039040334736119425,95.35358929054762,0.0821917808219178
2026-06-19,107.26278253237174,0.0027396624431529366,95.35358929054762,0.0821917808219178
2026-06-19,107.89159854288795,0.001726275099934261,95.35358929054762,0.0821917808219178
2026-06-19,108.52041455340415,0.0012120884294702231,95.35358929054762,0.0821917808219178
2026-06-19,109.14923056392036,0.0008443133584959069,95.35358929054762,0.0821917808219178
2026-06-19,109.77804657443656,0.000583374117697289,95.35358929054762,0.0821917808219178
2026-06-19,110.40686258495276,0.00039977142157542755,95.35358929054762,0.0821917808219178
2026-06-19,111.03567859546897,0.00027169060137667117,95.35358929054762,0.0821917808219178
2026-06-19,111.66449460598517,0.00018996401618295915,95.35358929054762,0.0821917808219178
2026-06-19,112.29331061650137,0.00012750852895730734,95.35358929054762,0.0821917808219178
2026-06-19,112.92212662701758,7.13871844654999e-05,95.35358929054762,0.0821917808219178
2026-06-19,113.55094263753378,4.914506912952286e-05,95.35358929054762,0.0821917808219178
2026-06-19,114.17975864804998,3.34901697465713e-05,95.35358929054762,0.0821917808219178
2026-06-19,114.80857465856619,2.2594613445888058e-05,95.35358929054762,0.0821917808219178
2026-06-19,115.43739066908239,1.5096785304669121e-05,95.35358929054762,0.0821917808219178
2026-06-22,78.7314878395118,0.001510560655854852,95.33057026788192,0.0821917808219178
2026-06-22,79.36946692505286,0.0018056360121432241,95.33057026788192,0.0821917808219178
2026-06-22,80.00744601059392,0.002158340504785423,95.33057026788192,0.0821917808219178
2026-06-22,80.64542509613499,0.0026306459544918398,95.33057026788192,0.0821917808219178
2026-06-22,81.28340418167605,0.00352333154162813,95.33057026788192,0.0821917808219178
2026-06-22,81.92138326721711,0.0038391944792139543,95.33057026788192,0.0821917808219178
2026-06-22,82.55936235275817,0.004596920672489049,95.33057026788192,0.0821917808219178
2026-06-22,83.19734143829923,0.005503744521097836,95.33057026788192,0.0821917808219178
2026-06-22,83.8353205238403,0.006588432578201812,95.33057026788192,0.0821917808219178
2026-06-22,84.47329960938136,0.007884758492526846,95.33057026788192,0.0821917808219178
2026-06-22,85.11127869492242,0.010046277985759052,95.33057026788192,0.0821917808219178
2026-06-22,85.74925778046348,0.012029692711431278,95.33057026788192,0.0821917808219178
2026-06-22,86.38723686600454,0.013857974752478148,95.33057026788192,0.0821917808219178
2026-06-22,87.0252159515456,0.01652873117369585,95.33057026788192,0.0821917808219178
2026-06-22,87.66319503708667,0.0196700055745651,95.33057026788192,0.0821917808219178
2026-06-22,88.30117412262773,0.02333966975406997,95.33057026788192,0.0821917808219178
2026-06-22,88.93915320816879,0.027589499312966156,95.33057026788192,0.0821917808219178
2026-06-22,89.57713229370985,0.032457223579712036,95.33057026788192,0.0821917808219178
2026-06-22,90.21511137925091,0.03795564508275813,95.33057026788192,0.0821917808219178
2026-06-22,90.85309046479198,0.044058855894427075,95.33057026788192,0.0821917808219178
2026-06-22,91.49106955033304,0.05068635129098664,95.33057026788192,0.0821917808219178
2026-06-22,92.1290486358741,0.0576870293837144,95.33057026788192,0.0821917808219178
2026-06-22,92.76702772141516,0.06482656484280092,95.33057026788192,0.0821917808219178
2026-06-22,93.40500680695622,0.07178308076111663,95.33057026788192,0.0821917808219178
2026-06-22,94.04298589249728,0.07815670850732946,95.33057026788192,0.0821917808219178
2026-06-22,94.68096497803833,0.0834976007439037,95.33057026788192,0.0821917808219178
2026-06-22,95.31894406357941,0.08735351851675931,95.33057026788192,0.0821917808219178
2026-06-22,95.95692314912046,0.0893323559815539,95.33057026788192,0.0821917808219178
2026-06-22,96.59490223466153,0.08916838366495822,95.33057026788192,0.0821917808219178
2026-06-22,97.23288132020258,0.08677634085460775,95.33057026788192,0.0821917808219178
2026-06-22,97.87086040574366,0.0822776820271791,95.33057026788192,0.0821917808219178
2026-06-22,98.5088394912847,0.0759895139772355,95.33057026788192,0.0821917808219178
2026-06-22,99.14681857682578,0.06837734565047214,95.33057026788192,0.0821917808219178
2026-06-22,99.78479766236683,0.05998349991450079,95.33057026788192,0.0821917808219178
2026-06-22,100.4227767479079,0.051349370844522804,95.33057026788192,0.0821917808219178
2026-06-22,101.06075583344895,0.04294932951877101,95.33057026788192,0.0821917808219178
2026-06-22,101.69873491899003,0.03514798384977501,95.33057026788192,0.0821917808219178
2026-06-22,102.33671400453107,0.028184033671194476,95.33057026788192,0.0821917808219178
2026-06-22,102.97469309007215,0.022176715863879468,95.33057026788192,0.0821917808219178
2026-06-22,103.6126721756132,0.017146896821863596,95.33057026788192,0.0821917808219178
2026-06-22,104.25065126115426,0.01304438804268049,95.33057026788192,0.0821917808219178
2026-06-22,104.88863034669532,0.009774882796476758,95.33057026788192,0.0821917808219178
2026-06-22,105.52660943223638,0.00722257003443991,95.33057026788192,0.0821917808219178
2026-06-22,106.16458851777745,0.005266885943964389,95.33057026788192,0.0821917808219178
2026-06-22,106.80256760331851,0.0038325641855062624,95.33057026788192,0.0821917808219178
2026-06-22,107.44054668885957,0.002893871861218536,95.33057026788192,0.0821917808219178
2026-06-22,108.07852577440063,0.0017524151314504386,95.33057026788192,0.0821917808219178
2026-06-22,108.7165048599417,0.001241798175865238,95.33057026788192,0.0821917808219178
2026-06-22,109.35448394548276,0.0008735509969817545,95.33057026788192,0.0821917808219178
2026-06-22,109.99246303102382,0.0006099051157702371,95.33057026788192,0.0821917808219178
2026-06-22,110.63044211656488,0.0004225758065873582,95.33057026788192,0.0821917808219178
2026-06-22,111.26842120210594,0.0002905208630757138,95.33057026788192,0.0821917808219178
2026-06-22,111.906400287647,0.0002035893328663185,95.33057026788192,0.0821917808219178
2026-06-22,112.54437937318806,0.0001432803383007917,95.33057026788192,0.0821917808219178
2026-06-22,113.18235845872913,7.888588181024867e-05,95.33057026788192,0.0821917808219178
2026-06-22,113.82033754427019,5.497912943346079e-05,95.33057026788192,0.0821917808219178
2026-06-22,114.45831662981125,3.7946273321948806e-05,95.33057026788192,0.0821917808219178
2026-06-22,115.09629571535231,2.5940236878494168e-05,95.33057026788192,0.0821917808219178
2026-06-22,115.73427480089337,1.7568777595765598e-05,95.33057026788192,0.0821917808219178
2026-06-23,78.07025665571908,0.001548807379847077,94.10786327588238,0.0821917808219178
2026-06-23,78.68500397502206,0.0018516815980291657,94.10786327588238,0.0821917808219178
2026-06-23,79.29975129432505,0.002213734014028188,94.10786327588238,0.0821917808219178
2026-06-23,79.91449861362803,0.0026466360894881417,94.10786327588238,0.0821917808219178
2026-06-23,80.529245932931,0.0036358472264611274,94.10786327588238,0.0821917808219178
2026-06-23,81.14399325223398,0.003946170838495883,94.10786327588238,0.0821917808219178
2026-06-23,81.75874057153698,0.004711787592803252,94.10786327588238,0.0821917808219178
2026-06-23,82.37348789083995,0.0056416026309453,94.10786327588238,0.0821917808219178
2026-06-23,82.98823521014293,0.006753779775938388,94.10786327588238,0.0821917808219178
2026-06-23,83.60298252944591,0.008082958748818151,94.10786327588238,0.0821917808219178
2026-06-23,84.21772984874889,0.009811156268565428,94.10786327588238,0.0821917808219178
2026-06-23,84.83247716805188,0.012712620779466782,94.10786327588238,0.0821917808219178
2026-06-23,85.44722448735486,0.014186624579915659,94.10786327588238,0.0821917808219178
2026-06-23,86.06197180665784,0.016922408195132774,94.10786327588238,0.0821917808219178
2026-06-23,86.67671912596082,0.02014131301680894,94.10786327588238,0.0821917808219178
2026-06-23,87.29146644526381,0.023903492249217145,94.10786327588238,0.0821917808219178
2026-06-23,87.90621376456679,0.028263270498415805,94.10786327588238,0.0821917808219178
2026-06-23,88.52096108386976,0.03326111688939927,94.10786327588238,0.0821917808219178
2026-06-23,89.13570840317274,0.03891260714944831,94.10786327588238,0.0821917808219178
2026-06-23,89.75045572247572,0.045194370536512395,94.10786327588238,0.0821917808219178
2026-06-23,90.36520304177871,0.0520277930763582,94.10786327588238,0.0821917808219178
2026-06-23,90.97995036108169,0.05926245015426049,94.10786327588238,0.0821917808219178
2026-06-23,91.59469768038467,0.06666276942120962,94.10786327588238,0.0821917808219178
2026-06-23,92.20944499968765,0.07390290596027645,94.10786327588238,0.0821917808219178
2026-06-23,92.82419231899064,0.08057553594005434,94.10786327588238,0.0821917808219178
2026-06-23,93.43893963829362,0.0862193131937246,94.10786327588238,0.0821917808219178
2026-06-23,94.0536869575966,0.09036634123139735,94.10786327588238,0.0821917808219178
2026-06-23,94.66843427689957,0.09260527517901421,94.10786327588238,0.0821917808219178
2026-06-23,95.28318159620255,0.09264903914168535,94.10786327588238,0.0821917808219178
2026-06-23,95.89792891550553,0.09039134381073695,94.10786327588238,0.0821917808219178
2026-06-23,96.51267623480852,0.08593609072245709,94.10786327588238,0.0821917808219178
2026-06-23,97.1274235541115,0.07958963477537959,94.10786327588238,0.0821917808219178
2026-06-23,97.74217087341448,0.0718161845554202,94.10786327588238,0.0821917808219178
2026-06-23,98.35691819271747,0.06316732836206479,94.10786327588238,0.0821917808219178
2026-06-23,98.97166551202045,0.05420335541351622,94.10786327588238,0.0821917808219178
2026-06-23,99.58641283132343,0.045424284845331474,94.10786327588238,0.0821917808219178
2026-06-23,100.20116015062641,0.03722304598928639,94.10786327588238,0.0821917808219178
2026-06-23,100.81590746992939,0.02986512835043441,94.10786327588238,0.0821917808219178
2026-06-23,101.43065478923236,0.023491691130026564,94.10786327588238,0.0821917808219178
2026-06-23,102.04540210853536,0.018138773254055197,94.10786327588238,0.0821917808219178
2026-06-23,102.66014942783833,0.013764250805914828,94.10786327588238,0.0821917808219178
2026-06-23,103.27489674714131,0.010275612279120902,94.10786327588238,0.0821917808219178
2026-06-23,103.8896440664443,0.007554098270907068,94.10786327588238,0.0821917808219178
2026-06-23,104.50439138574728,0.0054731745040356985,94.10786327588238,0.0821917808219178
2026-06-23,105.11913870505026,0.004092320933317396,94.10786327588238,0.0821917808219178
2026-06-23,105.73388602435324,0.0027539123428994114,94.10786327588238,0.0821917808219178
2026-06-23,106.34863334365622,0.0017877853541942439,94.10786327588238,0.0821917808219178
2026-06-23,106.9633806629592,0.001251693140427215,94.10786327588238,0.0821917808219178
2026-06-23,107.57812798226219,0.0008687202985881892,94.10786327588238,0.0821917808219178
2026-06-23,108.19287530156517,0.0005975516343583213,94.10786327588238,0.0821917808219178
2026-06-23,108.80762262086814,0.0004072965544673096,94.10786327588238,0.0821917808219178
2026-06-23,109.42236994017114,0.0002750674993782505,94.10786327588238,0.0821917808219178
2026-06-23,110.03711725947412,0.00019206107640554507,94.10786327588238,0.0821917808219178
2026-06-23,110.6518645787771,0.00012502948642275025,94.10786327588238,0.0821917808219178
2026-06-23,111.26661189808007,7.067601082444132e-05,94.10786327588238,0.0821917808219178
2026-06-23,111.88135921738305,4.8185902893938956e-05,94.10786327588238,0.0821917808219178
2026-06-23,112.49610653668603,3.248958114139506e-05,94.10786327588238,0.0821917808219178
2026-06-23,113.110853855989,2.1665683870140794e-05,94.10786327588238,0.0821917808219178
2026-06-23,113.725601175292,1.429263740090473e-05,94.10786327588238,0.0821917808219178
2026-06-24,77.708406956439,0.001454729848334589,94.26237656360175,0.0821917808219178
2026-06-24,78.34534483700214,0.0017495170574434449,94.26237656360175,0.0821917808219178
2026-06-24,78.9822827175653,0.0021033272338728225,94.26237656360175,0.0821917808219178
2026-06-24,79.61922059812844,0.0026021264795653655,94.26237656360175,0.0821917808219178
2026-06-24,80.25615847869157,0.0034553843755564147,94.26237656360175,0.0821917808219178
2026-06-24,80.89309635925471,0.003804675399511567,94.26237656360175,0.0821917808219178
2026-06-24,81.53003423981787,0.0045751853235766055,94.26237656360175,0.0821917808219178
2026-06-24,82.166972120381,0.005499050281077107,94.26237656360175,0.0821917808219178
2026-06-24,82.80391000094414,0.0066057014354187335,94.26237656360175,0.0821917808219178
2026-06-24,83.44084788150728,0.007929553548277991,94.26237656360175,0.0821917808219178
2026-06-24,84.07778576207043,0.010323396837504736,94.26237656360175,0.0821917808219178
2026-06-24,84.71472364263357,0.012010372038750515,94.26237656360175,0.0821917808219178
2026-06-24,85.35166152319671,0.014040407629029588,94.26237656360175,0.0821917808219178
2026-06-24,85.98859940375985,0.016766336681308322,94.26237656360175,0.0821917808219178
2026-06-24,86.625537284323,0.019967761748522984,94.26237656360175,0.0821917808219178
2026-06-24,87.26247516488614,0.023700593045527765,94.26237656360175,0.0821917808219178
2026-06-24,87.89941304544928,0.028013642298752833,94.26237656360175,0.0821917808219178
2026-06-24,88.53635092601242,0.03294055708610467,94.26237656360175,0.0821917808219178
2026-06-24,89.17328880657556,0.03848894243004455,94.26237656360175,0.0821917808219178
2026-06-24,89.81022668713871,0.04462677609738605,94.26237656360175,0.0821917808219178
2026-06-24,90.44716456770185,0.05126700303472334,94.26237656360175,0.0821917808219178
2026-06-24,91.08410244826499,0.05825236222312736,94.26237656360175,0.0821917808219178
2026-06-24,91.72104032882812,0.06534393462666932,94.26237656360175,0.0821917808219178
2026-06-24,92.35797820939128,0.07221821701311147,94.26237656360175,0.0821917808219178
2026-06-24,92.99491608995442,0.07847977239414355,94.26237656360175,0.0821917808219178
2026-06-24,93.63185397051755,0.0845492818900126,94.26237656360175,0.0821917808219178
2026-06-24,94.26879185108069,0.08684390776620926,94.26237656360175,0.0821917808219178
2026-06-24,94.90572973164385,0.08860705337422368,94.26237656360175,0.0821917808219178
2026-06-24,95.54266761220698,0.08833154784994779,94.26237656360175,0.0821917808219178
2026-06-24,96.17960549277012,0.08735702714635943,94.26237656360175,0.0821917808219178
2026-06-24,96.81654337333326,0.08192351455062642,94.26237656360175,0.0821917808219178
2026-06-24,97.4534812538964,0.07563059937804445,94.26237656360175,0.0821917808219178
2026-06-24,98.09041913445955,0.06805200829323599,94.26237656360175,0.0821917808219178
2026-06-24,98.72735701502269,0.059713472601830554,94.26237656360175,0.0821917808219178
2026-06-24,99.36429489558583,0.05114262344330304,94.26237656360175,0.0821917808219178
2026-06-24,100.00123277614898,0.04280211851805695,94.26237656360175,0.0821917808219178
2026-06-24,100.63817065671212,0.03504885928265521,94.26237656360175,0.0821917808219178
2026-06-24,101.27510853727526,0.028118279999755375,94.26237656360175,0.0821917808219178
2026-06-24,101.9120464178384,0.022130034640491073,94.26237656360175,0.0821917808219178
2026-06-24,102.54898429840154,0.017107748389464782,94.26237656360175,0.0821917808219178
2026-06-24,103.18592217896469,0.013004971715491222,94.26237656360175,0.0821917808219178
2026-06-24,103.82286005952783,0.009731074144159909,94.26237656360175,0.0821917808219178
2026-06-24,104.45979794009097,0.007173238493252939,94.26237656360175,0.0821917808219178
2026-06-24,105.0967358206541,0.0052129657765958405,94.26237656360175,0.0821917808219178
2026-06-24,105.73367370121724,0.003737088436910326,94.26237656360175,0.0821917808219178
2026-06-24,106.3706115817804,0.0028734148881510136,94.26237656360175,0.0821917808219178
2026-06-24,107.00754946234353,0.0017091211491841373,94.26237656360175,0.0821917808219178
2026-06-24,107.64448734290667,0.0011880254755594817,94.26237656360175,0.0821917808219178
2026-06-24,108.28142522346982,0.0008274709862513058,94.26237656360175,0.0821917808219178
2026-06-24,108.91836310403296,0.0005711000257814399,94.26237656360175,0.0821917808219178
2026-06-24,109.5553009845961,0.00039043162995172496,94.26237656360175,0.0821917808219178
2026-06-24,110.19223886515924,0.00026431863646364696,94.26237656360175,0.0821917808219178
2026-06-24,110.82917674572238,0.0001806440206069194,94.26237656360175,0.0821917808219178
2026-06-24,111.46611462628553,0.000126989973479584,94.26237656360175,0.0821917808219178
2026-06-24,112.10305250684867,6.687600353174861e-05,94.26237656360175,0.0821917808219178
2026-06-24,112.73999038741181,4.574643166209777e-05,94.26237656360175,0.0821917808219178
2026-06-24,113.37692826797496,3.090044432443678e-05,94.26237656360175,0.0821917808219178
2026-06-24,114.01386614853809,2.0611583576805603e-05,94.26237656360175,0.0821917808219178
2026-06-24,114.65080402910124,1.3580213096724491e-05,94.26237656360175,0.0821917808219178
2026-06-25,77.52318786294414,0.001382925927630422,94.09623859528745,0.0821917808219178
2026-06-25,78.16109852107104,0.0016642426861882744,94.09623859528745,0.0821917808219178
2026-06-25,78.79900917919795,0.002002549552805854,94.09623859528745,0.0821917808219178
2026-06-25,79.43691983732485,0.0024882426743018595,94.09623859528745,0.0821917808219178
2026-06-25,80.07483049545176,0.003293289050163263,94.09623859528745,0.0821917808219178
2026-06-25,80.71274115357866,0.003639556837202293,94.09623859528745,0.0821917808219178
2026-06-25,81.35065181170557,0.004385466381732105,94.09623859528745,0.0821917808219178
2026-06-25,81.98856246983247,0.00528319137474336,94.09623859528745,0.0821917808219178
2026-06-25,82.62647312795939,0.006362929035807727,94.09623859528745,0.0821917808219178
2026-06-25,83.26438378608628,0.007660290033459147,94.09623859528745,0.0821917808219178
2026-06-25,83.9022944442132,0.01007139613441099,94.09623859528745,0.0821917808219178
2026-06-25,84.54020510234011,0.011638413748312159,94.09623859528745,0.0821917808219178
2026-06-25,85.17811576046701,0.013720343256230332,94.09623859528745,0.0821917808219178
2026-06-25,85.81602641859392,0.016451120136323306,94.09623859528745,0.0821917808219178
2026-06-25,86.45393707672082,0.019675766104690413,94.09623859528745,0.0821917808219178
2026-06-25,87.09184773484773,0.023455802982182573,94.09623859528745,0.0821917808219178
2026-06-25,87.72975839297463,0.02784560409870855,94.09623859528745,0.0821917808219178
2026-06-25,88.36766905110154,0.03288339227600859,94.09623859528745,0.0821917808219178
2026-06-25,89.00557970922844,0.038579005159279,94.09623859528745,0.0821917808219178
2026-06-25,89.64349036735535,0.044898597943861085,94.09623859528745,0.0821917808219178
2026-06-25,90.28140102548227,0.05174741692743755,94.09623859528745,0.0821917808219178
2026-06-25,90.91931168360917,0.05895319054646863,94.09623859528745,0.0821917808219178
2026-06-25,91.55722234173608,0.06625435149915569,94.09623859528745,0.0821917808219178
2026-06-25,92.19513299986298,0.07329869120181842,94.09623859528745,0.0821917808219178
2026-06-25,92.83304365798989,0.08046728615014986,94.09623859528745,0.0821917808219178
2026-06-25,93.47095431611679,0.0849792094969437,94.09623859528745,0.0821917808219178
2026-06-25,94.1088649742437,0.08788918683341194,94.09623859528745,0.0821917808219178
2026-06-25,94.7467756323706,0.08943317945680883,94.09623859528745,0.0821917808219178
2026-06-25,95.38468629049751,0.08885598414180096,94.09623859528745,0.0821917808219178
2026-06-25,96.02259694862443,0.08672258441142146,94.09623859528745,0.0821917808219178
2026-06-25,96.66050760675132,0.08261024015527041,94.09623859528745,0.0821917808219178
2026-06-25,97.29841826487822,0.07514592955374785,94.09623859528745,0.0821917808219178
2026-06-25,97.93632892300514,0.06732661005406645,94.09623859528745,0.0821917808219178
2026-06-25,98.57423958113205,0.05884093844986278,94.09623859528745,0.0821917808219178
2026-06-25,99.21215023925895,0.05021645707557516,94.09623859528745,0.0821917808219178
2026-06-25,99.85006089738586,0.041902036418245935,94.09623859528745,0.0821917808219178
2026-06-25,100.48797155551276,0.03423293337351082,94.09623859528745,0.0821917808219178
2026-06-25,101.12588221363967,0.027420973462507756,94.09623859528745,0.0821917808219178
2026-06-25,101.76379287176657,0.021564695326184005,94.09623859528745,0.0821917808219178
2026-06-25,102.40170352989348,0.01667156984019529,94.09623859528745,0.0821917808219178
2026-06-25,103.03961418802038,0.012684625747241827,94.09623859528745,0.0821917808219178
2026-06-25,103.67752484614729,0.009507789423938092,94.09623859528745,0.0821917808219178
2026-06-25,104.3154355042742,0.00702671643130302,94.09623859528745,0.0821917808219178
2026-06-25,104.9533461624011,0.005124001052236449,94.09623859528745,0.0821917808219178
2026-06-25,105.591256820528,0.003689044950940276,94.09623859528745,0.0821917808219178
2026-06-25,106.22916747865492,0.002840966229385232,94.09623859528745,0.0821917808219178
2026-06-25,106.86707813678183,0.001724847431450639,94.09623859528745,0.0821917808219178
2026-06-25,107.50498879490873,0.0011929044636550367,94.09623859528745,0.0821917808219178
2026-06-25,108.14289945303564,0.000836616483900109,94.09623859528745,0.0821917808219178
2026-06-25,108.78081011116254,0.0005818039116673698,94.09623859528745,0.0821917808219178
2026-06-25,109.41872076928945,0.00040105949539157666,94.09623859528745,0.0821917808219178
2026-06-25,110.05663142741636,0.0002739733819709929,94.09623859528745,0.0821917808219178
2026-06-25,110.69454208554326,0.000188670349162526,94.09623859528745,0.0821917808219178
2026-06-25,111.33245274367016,0.00013526534698627004,94.09623859528745,0.0821917808219178
2026-06-25,111.97036340179707,7.160621257862283e-05,94.09623859528745,0.0821917808219178
2026-06-25,112.60827405992399,4.946359868369075e-05,94.09623859528745,0.0821917808219178
2026-06-25,113.24618471805088,3.3769899977465234e-05,94.09623859528745,0.0821917808219178
2026-06-25,113.88409537617778,2.2787452989730904e-05,94.09623859528745,0.0821917808219178
2026-06-25,114.5220060343047,1.5201334914758213e-05,94.09623859528745,0.0821917808219178
2026-06-26,77.72492169287021,0.001527387068088167,94.12944805153738,0.0821917808219178
2026-06-26,78.35549413030976,0.0018273372503091285,94.12944805153738,0.0821917808219178
2026-06-26,78.9860665677493,0.002185944586887921,94.12944805153738,0.0821917808219178
2026-06-26,79.61663900518886,0.0026686594081122253,94.12944805153738,0.0821917808219178
2026-06-26,80.2472114426284,0.003571073234182761,94.12944805153738,0.0821917808219178
2026-06-26,80.87778388006794,0.0038950919029694057,94.12944805153738,0.0821917808219178
2026-06-26,81.50835631750749,0.004665149864120892,94.12944805153738,0.0821917808219178
2026-06-26,82.13892875494703,0.005586323338337329,94.12944805153738,0.0821917808219178
2026-06-26,82.76950119238658,0.006687563266540606,94.12944805153738,0.0821917808219178
2026-06-26,83.40007362982612,0.008002802103957153,94.12944805153738,0.0821917808219178
2026-06-26,84.03064606726568,0.01021465862680643,94.12944805153738,0.0821917808219178
2026-06-26,84.66121850470522,0.012187645029737378,94.12944805153738,0.0821917808219178
2026-06-26,85.29179094214476,0.014052761549849016,94.12944805153738,0.0821917808219178
2026-06-26,85.92236337958431,0.016752655136134765,94.12944805153738,0.0821917808219178
2026-06-26,86.55293581702385,0.019925127772024386,94.12944805153738,0.0821917808219178
2026-06-26,87.1835082544634,0.023627735080438906,94.12944805153738,0.0821917808219178
2026-06-26,87.81408069190294,0.027911909583216845,94.12944805153738,0.0821917808219178
2026-06-26,88.4446531293425,0.032815097525963045,94.12944805153738,0.0821917808219178
2026-06-26,89.07522556678204,0.03835000837240938,94.12944805153738,0.0821917808219178
2026-06-26,89.70579800422158,0.044490997725017696,94.12944805153738,0.0821917808219178
2026-06-26,90.33637044166113,0.05115835752342671,94.12944805153738,0.0821917808219178
2026-06-26,90.96694287910067,0.058202446828688414,94.12944805153738,0.0821917808219178
2026-06-26,91.59751531654021,0.06539106385288741,94.12944805153738,0.0821917808219178
2026-06-26,92.22808775397976,0.07240487428427458,94.12944805153738,0.0821917808219178
2026-06-26,92.8586601914193,0.07884638933277792,94.12944805153738,0.0821917808219178
2026-06-26,93.48923262885886,0.08426703593059538,94.12944805153738,0.0821917808219178
2026-06-26,94.1198050662984,0.08821356562449534,94.12944805153738,0.0821917808219178
2026-06-26,94.75037750373795,0.09028948828283265,94.12944805153738,0.0821917808219178
2026-06-26,95.38094994117749,0.09022079469191134,94.12944805153738,0.0821917808219178
2026-06-26,96.01152237861703,0.08791057919495734,94.12944805153738,0.0821917808219178
2026-06-26,96.64209481605658,0.08346708470080115,94.12944805153738,0.0821917808219178
2026-06-26,97.27266725349612,0.0771954330037392,94.12944805153738,0.0821917808219178
2026-06-26,97.90323969093568,0.06955337713734712,94.12944805153738,0.0821917808219178
2026-06-26,98.53381212837522,0.061081902820615014,94.12944805153738,0.0821917808219178
2026-06-26,99.16438456581477,0.052328064760178566,94.12944805153738,0.0821917808219178
2026-06-26,99.79495700325431,0.04377767039698232,94.12944805153738,0.0821917808219178
2026-06-26,100.42552944069385,0.03581000361927175,94.12944805153738,0.0821917808219178
2026-06-26,101.0561018781334,0.028678723415726415,94.12944805153738,0.0821917808219178
2026-06-26,101.68667431557294,0.022515809729303927,94.12944805153738,0.0821917808219178
2026-06-26,102.31724675301248,0.017351147422142554,94.12944805153738,0.0821917808219178
2026-06-26,102.94781919045204,0.013139418393931757,94.12944805153738,0.0821917808219178
2026-06-26,103.57839162789159,0.009787464407082464,94.12944805153738,0.0821917808219178
2026-06-26,104.20896406533113,0.007177805303016239,94.12944805153738,0.0821917808219178
2026-06-26,104.83953650277067,0.005186428975491878,94.12944805153738,0.0821917808219178
2026-06-26,105.47010894021022,0.0037265147582209984,94.12944805153738,0.0821917808219178
2026-06-26,106.10068137764976,0.002785585212398729,94.12944805153738,0.0821917808219178
2026-06-26,106.7312538150893,0.0016534986648662647,94.12944805153738,0.0821917808219178
2026-06-26,107.36182625252886,0.0011536431940826486,94.12944805153738,0.0821917808219178
2026-06-26,107.9923986899684,0.0007976118010415902,94.12944805153738,0.0821917808219178
2026-06-26,108.62297112740795,0.0005462627390186018,94.12944805153738,0.0821917808219178
2026-06-26,109.25354356484749,0.0003704755770518993,94.12944805153738,0.0821917808219178
2026-06-26,109.88411600228704,0.00024874911203818655,94.12944805153738,0.0821917808219178
2026-06-26,110.51468843972658,0.00016956755701512939,94.12944805153738,0.0821917808219178
2026-06-26,111.14526087716612,0.00011574430324218484,94.12944805153738,0.0821917808219178
2026-06-26,111.77583331460568,6.152107213804912e-05,94.12944805153738,0.0821917808219178
2026-06-26,112.40640575204522,4.175339068268387e-05,94.12944805153738,0.0821917808219178
2026-06-26,113.03697818948476,2.7976752367490674e-05,94.12944805153738,0.0821917808219178
2026-06-26,113.66755062692431,1.85092634269193e-05,94.12944805153738,0.0821917808219178
2026-06-26,114.29812306436386,1.2094964467694766e-05,94.12944805153738,0.0821917808219178
2026-06-29,77.89150026380668,0.0014778055802177595,94.21354930201196,0.0821917808219178
2026-06-29,78.5184326113626,0.0017668802620109212,94.21354930201196,0.0821917808219178
2026-06-29,79.14536495891852,0.0021128196279492743,94.21354930201196,0.0821917808219178
2026-06-29,79.77229730647443,0.002562368023547082,94.21354930201196,0.0821917808219178
2026-06-29,80.39922965403034,0.0034636899481098127,94.21354930201196,0.0821917808219178
2026-06-29,81.02616200158626,0.0037664578828896984,94.21354930201196,0.0821917808219178
2026-06-29,81.65309434914218,0.004515149631650472,94.21354930201196,0.0821917808219178
2026-06-29,82.28002669669809,0.005413325685752641,94.21354930201196,0.0821917808219178
2026-06-29,82.906959044254,0.006490514386082305,94.21354930201196,0.0821917808219178
2026-06-29,83.53389139180992,0.007781574284377146,94.21354930201196,0.0821917808219178
2026-06-29,84.16082373936584,0.009825142581745836,94.21354930201196,0.0821917808219178
2026-06-29,84.78775608692175,0.012012883024836708,94.21354930201196,0.0821917808219178
2026-06-29,85.41468843447765,0.013769728938230206,94.21354930201196,0.0821917808219178
2026-06-29,86.04162078203358,0.01646696255887172,94.21354930201196,0.0821917808219178
2026-06-29,86.6685531295895,0.019650939388120132,94.21354930201196,0.0821917808219178
2026-06-29,87.2954854771454,0.023383936351816056,94.21354930201196,0.0821917808219178
2026-06-29,87.92241782470131,0.027722296447595926,94.21354930201196,0.0821917808219178
2026-06-29,88.54935017225723,0.03270797812983646,94.21354930201196,0.0821917808219178
2026-06-29,89.17628251981316,0.03835695646491622,94.21354930201196,0.0821917808219178
2026-06-29,89.80321486736906,0.04464454246674543,94.21354930201196,0.0821917808219178
2026-06-29,90.43014721492497,0.05148854425367562,94.21354930201196,0.0821917808219178
2026-06-29,91.0570795624809,0.05873247770374621,94.21354930201196,0.0821917808219178
2026-06-29,91.68401191003682,0.06613259923733401,94.21354930201196,0.0821917808219178
2026-06-29,92.31094425759272,0.07335394375718854,94.21354930201196,0.0821917808219178
2026-06-29,92.93787660514863,0.07998105162979476,94.21354930201196,0.0821917808219178
2026-06-29,93.56480895270455,0.08554775609076197,94.21354930201196,0.0821917808219178
2026-06-29,94.19174130026047,0.08958666943660998,94.21354930201196,0.0821917808219178
2026-06-29,94.81867364781638,0.09169315588496153,94.21354930201196,0.0821917808219178
2026-06-29,95.44560599537229,0.09159223768767569,94.21354930201196,0.0821917808219178
2026-06-29,96.07253834292821,0.08919272483284263,94.21354930201196,0.0821917808219178
2026-06-29,96.69947069048413,0.08461344934561811,94.21354930201196,0.0821917808219178
2026-06-29,97.32640303804004,0.07817269337074367,94.21354930201196,0.0821917808219178
2026-06-29,97.95333538559595,0.07034195991692024,94.21354930201196,0.0821917808219178
2026-06-29,98.58026773315187,0.06167530006425721,94.21354930201196,0.0821917808219178
2026-06-29,99.20720008070779,0.05273147571170886,94.21354930201196,0.0821917808219178
2026-06-29,99.8341324282637,0.04400622828132511,94.21354930201196,0.0821917808219178
2026-06-29,100.46106477581961,0.035886595817194916,94.21354930201196,0.0821917808219178
2026-06-29,101.08799712337553,0.028631406647363192,94.21354930201196,0.0821917808219178
2026-06-29,101.71492947093145,0.022374984475359253,94.21354930201196,0.0821917808219178
2026-06-29,102.34186181848736,0.017146814995284983,94.21354930201196,0.0821917808219178
2026-06-29,102.96879416604327,0.01289887819621264,94.21354930201196,0.0821917808219178
2026-06-29,103.59572651359919,0.009533707767674884,94.21354930201196,0.0821917808219178
2026-06-29,104.22265886115511,0.0069286932922920695,94.21354930201196,0.0821917808219178
2026-06-29,104.84959120871102,0.00495458373604194,94.21354930201196,0.0821917808219178
2026-06-29,105.47652355626693,0.0035525780737169703,94.21354930201196,0.0821917808219178
2026-06-29,106.10345590382285,0.0025409301111080362,94.21354930201196,0.0821917808219178
2026-06-29,106.73038825137877,0.0015184496099280352,94.21354930201196,0.0821917808219178
2026-06-29,107.35732059893468,0.0010435855228462512,94.21354930201196,0.0821917808219178
2026-06-29,107.98425294649059,0.0007097335959933112,94.21354930201196,0.0821917808219178
2026-06-29,108.6111852940465,0.0004774141278898496,94.21354930201196,0.0821917808219178
2026-06-29,109.23811764160243,0.0003175002899852435,94.21354930201196,0.0821917808219178
2026-06-29,109.86504998915834,0.00020869023804575795,94.21354930201196,0.0821917808219178
2026-06-29,110.49198233671424,0.00013954167935608901,94.21354930201196,0.0821917808219178
2026-06-29,111.11891468427017,9.120354743009609e-05,94.21354930201196,0.0821917808219178
2026-06-29,111.74584703182609,4.7827966952097495e-05,94.21354930201196,0.0821917808219178
2026-06-29,112.372779379382,3.1718261970170075e-05,94.21354930201196,0.0821917808219178
2026-06-29,112.9997117269379,2.071997438502762e-05,94.21354930201196,0.0821917808219178
2026-06-29,113.62664407449383,1.333464547541205e-05,94.21354930201196,0.0821917808219178
2026-06-29,114.25357642204975,8.457585107051143e-06,94.21354930201196,0.0821917808219178
2026-06-30,76.20689646156669,0.0013114559356973803,92.22934323720952,0.0821917808219178
2026-06-30,76.82253499696306,0.0015870366751740347,92.22934323720952,0.0821917808219178
2026-06-30,77.43817353235941,0.0019204380445966356,92.22934323720952,0.0821917808219178
2026-06-30,78.05381206775579,0.0023640525373903117,92.22934323720952,0.0821917808219178
2026-06-30,78.66945060315216,0.003222266868656578,92.22934323720952,0.0821917808219178
2026-06-30,79.28508913854853,0.0035539161685246086,92.22934323720952,0.0821917808219178
2026-06-30,79.9007276739449,0.004307866127313098,92.22934323720952,0.0821917808219178
2026-06-30,80.51636620934127,0.005220658199638831,92.22934323720952,0.0821917808219178
2026-06-30,81.13200474473763,0.006324845626694107,92.22934323720952,0.0821917808219178
2026-06-30,81.747643280134,0.007658910990058206,92.22934323720952,0.0821917808219178
2026-06-30,82.36328181553037,0.009828042575194209,92.22934323720952,0.0821917808219178
2026-06-30,82.97892035092674,0.01201175614470601,92.22934323720952,0.0821917808219178
2026-06-30,83.59455888632311,0.013946060998640767,92.22934323720952,0.0821917808219178
2026-06-30,84.21019742171947,0.016804794013755894,92.22934323720952,0.0821917808219178
2026-06-30,84.82583595711584,0.020190076295442932,92.22934323720952,0.0821917808219178
2026-06-30,85.44147449251221,0.0241662762512261,92.22934323720952,0.0821917808219178
2026-06-30,86.05711302790858,0.028788727839293555,92.22934323720952,0.0821917808219178
2026-06-30,86.67275156330496,0.03409378463799588,92.22934323720952,0.0821917808219178
2026-06-30,87.28839009870133,0.04008569586027697,92.22934323720952,0.0821917808219178
2026-06-30,87.90402863409768,0.04672074628480999,92.22934323720952,0.0821917808219178
2026-06-30,88.51966716949406,0.05389013999233203,92.22934323720952,0.0821917808219178
2026-06-30,89.13530570489043,0.06140449433988351,92.22934323720952,0.0821917808219178
2026-06-30,89.7509442402868,0.06898427423183115,92.22934323720952,0.0821917808219178
2026-06-30,90.36658277568317,0.07626147892616403,92.22934323720952,0.0821917808219178
2026-06-30,90.98222131107954,0.08279761121758739,92.22934323720952,0.0821917808219178
2026-06-30,91.5978598464759,0.08812068382553935,92.22934323720952,0.0821917808219178
2026-06-30,92.21349838187227,0.09177956242437212,92.22934323720952,0.0821917808219178
2026-06-30,92.82913691726864,0.09340814232246611,92.22934323720952,0.0821917808219178
2026-06-30,93.44477545266501,0.09278665424256276,92.22934323720952,0.0821917808219178
2026-06-30,94.06041398806138,0.08988524274953759,92.22934323720952,0.0821917808219178
2026-06-30,94.67605252345774,0.08487758294805317,92.22934323720952,0.0821917808219178
2026-06-30,95.29169105885411,0.07811951265155298,92.22934323720952,0.0821917808219178
2026-06-30,95.90732959425048,0.07009708152770054,92.22934323720952,0.0821917808219178
2026-06-30,96.52296812964686,0.06135648780107817,92.22934323720952,0.0821917808219178
2026-06-30,97.13860666504323,0.052432099844221425,92.22934323720952,0.0821917808219178
2026-06-30,97.75424520043958,0.043787179882123495,92.22934323720952,0.0821917808219178
2026-06-30,98.36988373583596,0.035776348325905954,92.22934323720952,0.0821917808219178
2026-06-30,98.98552227123233,0.028631880712502614,92.22934323720952,0.0821917808219178
2026-06-30,99.6011608066287,0.022470155599813385,92.22934323720952,0.0821917808219178
2026-06-30,100.21679934202507,0.0173114007964598,92.22934323720952,0.0821917808219178
2026-06-30,100.83243787742144,0.013105411258538245,92.22934323720952,0.0821917808219178
2026-06-30,101.44807641281781,0.00975731566467812,92.22934323720952,0.0821917808219178
2026-06-30,102.06371494821417,0.007149656818872071,92.22934323720952,0.0821917808219178
2026-06-30,102.67935348361054,0.005159145255795476,92.22934323720952,0.0821917808219178
2026-06-30,103.29499201900691,0.0037194741264375388,92.22934323720952,0.0821917808219178
2026-06-30,103.91063055440328,0.002728364047789246,92.22934323720952,0.0821917808219178
2026-06-30,104.52626908979965,0.0016325444510643997,92.22934323720952,0.0821917808219178
2026-06-30,105.14190762519601,0.0011338646764419104,92.22934323720952,0.0821917808219178
2026-06-30,105.75754616059238,0.0007796617849257745,92.22934323720952,0.0821917808219178
2026-06-30,106.37318469598875,0.0005305128529646513,92.22934323720952,0.0821917808219178
2026-06-30,106.98882323138513,0.0003570605224556849,92.22934323720952,0.0821917808219178
2026-06-30,107.6044617667815,0.000237624942213715,92.22934323720952,0.0821917808219178
2026-06-30,108.22010030217785,0.0001606734126101643,92.22934323720952,0.0821917808219178
2026-06-30,108.83573883757424,0.00010733519524865851,92.22934323720952,0.0821917808219178
2026-06-30,109.4513773729706,5.668615324066018e-05,92.22934323720952,0.0821917808219178
2026-06-30,110.06701590836697,3.80060570499651e-05,92.22934323720952,0.0821917808219178
2026-06-30,110.68265444376334,2.5118171765503773e-05,92.22934323720952,0.0821917808219178
2026-06-30,111.2982929791597,1.636372407068618e-05,92.22934323720952,0.0821917808219178
2026-06-30,111.91393151455608,1.0510869192457742e-05,92.22934323720952,0.0821917808219178
2026-07-01,76.50871542737563,0.0013562836807291243,92.35019778890327,0.0821917808219178
2026-07-01,77.1164365149934,0.0016341448656699911,92.35019778890327,0.0821917808219178
2026-07-01,77.72415760261114,0.0019693437567993833,92.35019778890327,0.0821917808219178
2026-07-01,78.3318786902289,0.0023810289140079335,92.35019778890327,0.0821917808219178
2026-07-01,78.93959977784665,0.003301380133043112,92.35019778890327,0.0821917808219178
2026-07-01,79.5473208654644,0.0036002084306031752,92.35019778890327,0.0821917808219178
2026-07-01,80.15504195308216,0.004351065319019449,92.35019778890327,0.0821917808219178
2026-07-01,80.76276304069991,0.005259112782818612,92.35019778890327,0.0821917808219178
2026-07-01,81.37048412831767,0.0063567639811813684,92.35019778890327,0.0821917808219178
2026-07-01,81.97820521593542,0.007682475725839129,92.35019778890327,0.0821917808219178
2026-07-01,82.58592630355318,0.009562688964629685,92.35019778890327,0.0821917808219178
2026-07-01,83.19364739117093,0.012226742726170498,92.35019778890327,0.0821917808219178
2026-07-01,83.80136847878867,0.013921477463293133,92.35019778890327,0.0821917808219178
2026-07-01,84.40908956640644,0.016768109326100383,92.35019778890327,0.0821917808219178
2026-07-01,85.01681065402418,0.020144969647979318,92.35019778890327,0.0821917808219178
2026-07-01,85.62453174164195,0.024119668968320237,92.35019778890327,0.0821917808219178
2026-07-01,86.23225282925969,0.02875173260517553,92.35019778890327,0.0821917808219178
2026-07-01,86.83997391687745,0.034082575395448296,92.35019778890327,0.0821917808219178
2026-07-01,87.4476950044952,0.0401220774534914,92.35019778890327,0.0821917808219178
2026-07-01,88.05541609211295,0.046832121826225884,92.35019778890327,0.0821917808219178
2026-07-01,88.66313717973071,0.05410852655992956,92.35019778890327,0.0821917808219178
2026-07-01,89.27085826734846,0.061764271750756515,92.35019778890327,0.0821917808219178
2026-07-01,89.8785793549662,0.06951851881556814,92.35019778890327,0.0821917808219178
2026-07-01,90.48630044258397,0.07699706298516243,92.35019778890327,0.0821917808219178
2026-07-01,91.09402153020172,0.08374970699707941,92.35019778890327,0.0821917808219178
2026-07-01,91.70174261781948,0.08928777536182998,92.35019778890327,0.0821917808219178
2026-07-01,92.30946370543722,0.09314033525006395,92.35019778890327,0.0821917808219178
2026-07-01,92.91718479305499,0.09492147803269313,92.35019778890327,0.0821917808219178
2026-07-01,93.52490588067273,0.09439531148003627,92.35019778890327,0.0821917808219178
2026-07-01,94.13262696829048,0.09152279377116962,92.35019778890327,0.0821917808219178
2026-07-01,94.74034805590824,0.08647715847171486,92.35019778890327,0.0821917808219178
2026-07-01,95.34806914352599,0.07962232275156375,92.35019778890327,0.0821917808219178
2026-07-01,95.95579023114375,0.0714587977832752,92.35019778890327,0.0821917808219178
2026-07-01,96.5635113187615,0.06255033384305718,92.35019778890327,0.0821917808219178
2026-07-01,97.17123240637926,0.0534485488941704,92.35019778890327,0.0821917808219178
2026-07-01,97.77895349399701,0.044631054516467095,92.35019778890327,0.0821917808219178
2026-07-01,98.38667458161476,0.03646256232959702,92.35019778890327,0.0821917808219178
2026-07-01,98.99439566923252,0.029181018390845602,92.35019778890327,0.0821917808219178
2026-07-01,99.60211675685026,0.022904720426952834,92.35019778890327,0.0821917808219178
2026-07-01,100.20983784446801,0.017653116716133673,92.35019778890327,0.0821917808219178
2026-07-01,100.81755893208577,0.013373599193099628,92.35019778890327,0.0821917808219178
2026-07-01,101.42528001970354,0.00996816051503729,92.35019778890327,0.0821917808219178
2026-07-01,102.03300110732128,0.007316108620724414,92.35019778890327,0.0821917808219178
2026-07-01,102.64072219493903,0.005291210323287367,92.35019778890327,0.0821917808219178
2026-07-01,103.24844328255679,0.003907058933897227,92.35019778890327,0.0821917808219178
2026-07-01,103.85616437017454,0.0027059061977210445,92.35019778890327,0.0821917808219178
2026-07-01,104.46388545779229,0.0017083507164297367,92.35019778890327,0.0821917808219178
2026-07-01,105.07160654541005,0.0011924668100147641,92.35019778890327,0.0821917808219178
2026-07-01,105.6793276330278,0.0008247314430503454,92.35019778890327,0.0821917808219178
2026-07-01,106.28704872064556,0.0005649972038847926,92.35019778890327,0.0821917808219178
2026-07-01,106.8947698082633,0.00038329408697133184,92.35019778890327,0.0821917808219178
2026-07-01,107.50249089588107,0.00025744537409474474,92.35019778890327,0.0821917808219178
2026-07-01,108.11021198349881,0.0001777068681378291,92.35019778890327,0.0821917808219178
2026-07-01,108.71793307111656,0.00011661250821915349,92.35019778890327,0.0821917808219178
2026-07-01,109.32565415873432,6.438896509966039e-05,92.35019778890327,0.0821917808219178
2026-07-01,109.93337524635207,4.361970424664047e-05,92.35019778890327,0.0821917808219178
2026-07-01,110.54109633396982,2.9189794055532015e-05,92.35019778890327,0.0821917808219178
2026-07-01,111.14881742158758,1.9296234207728437e-05,92.35019778890327,0.0821917808219178
2026-07-01,111.75653850920534,1.2604110595267863e-05,92.35019778890327,0.0821917808219178
2026-07-02,76.57772971289066,0.0014567160337916054,92.20267827853151,0.0821917808219178
2026-07-02,77.1762471910427,0.0017418031811313722,92.20267827853151,0.0821917808219178
2026-07-02,77.77476466919477,0.0020836821006491816,92.20267827853151,0.0821917808219178
2026-07-02,78.37328214734681,0.0024940249381817307,92.20267827853151,0.0821917808219178
2026-07-02,78.97179962549887,0.0034127338988365354,92.20267827853151,0.0821917808219178
2026-07-02,79.57031710365094,0.003750407730649395,92.20267827853151,0.0821917808219178
2026-07-02,80.16883458180298,0.004473435689466031,92.20267827853151,0.0821917808219178
2026-07-02,80.76735205995504,0.005376113018345447,92.20267827853151,0.0821917808219178
2026-07-02,81.3658695381071,0.006463813742251142,92.20267827853151,0.0821917808219178
2026-07-02,81.96438701625915,0.007774106016468649,92.20267827853151,0.0821917808219178
2026-07-02,82.56290449441121,0.009365774491761819,92.20267827853151,0.0821917808219178
2026-07-02,83.16142197256326,0.012473206222642431,92.20267827853151,0.0821917808219178
2026-07-02,83.75993945071532,0.013906974124881748,92.20267827853151,0.0821917808219178
2026-07-02,84.35845692886738,0.01670816068553336,92.20267827853151,0.0821917808219178
2026-07-02,84.95697440701943,0.020035107811627755,92.20267827853151,0.0821917808219178
2026-07-02,85.55549188517149,0.02395902378850891,92.20267827853151,0.0821917808219178
2026-07-02,86.15400936332355,0.028545118805506916,92.20267827853151,0.0821917808219178
2026-07-02,86.7525268414756,0.0338429241024433,92.20267827853151,0.0821917808219178
2026-07-02,87.35104431962766,0.03987293668066096,92.20267827853151,0.0821917808219178
2026-07-02,87.94956179777971,0.04660972696160901,92.20267827853151,0.0821917808219178
2026-07-02,88.54807927593177,0.05396270556552804,92.20267827853151,0.0821917808219178
2026-07-02,89.14659675408383,0.06175728856171723,92.20267827853151,0.0821917808219178
2026-07-02,89.74511423223588,0.06972100415374902,92.20267827853151,0.0821917808219178
2026-07-02,90.34363171038794,0.0774805729738915,92.20267827853151,0.0821917808219178
2026-07-02,90.94214918853999,0.08457625237678036,92.20267827853151,0.0821917808219178
2026-07-02,91.54066666669205,0.09049777087878978,92.20267827853151,0.0821917808219178
2026-07-02,92.13918414484411,0.09474149246383001,92.20267827853151,0.0821917808219178
2026-07-02,92.73770162299616,0.09688170277220294,92.20267827853151,0.0821917808219178
2026-07-02,93.33621910114822,0.09664222330834914,92.20267827853151,0.0821917808219178
2026-07-02,93.93473657930028,0.09395096272145737,92.20267827853151,0.0821917808219178
2026-07-02,94.53325405745233,0.0889619798829134,92.20267827853151,0.0821917808219178
2026-07-02,95.13177153560439,0.08203745157064586,92.20267827853151,0.0821917808219178
2026-07-02,95.73028901375643,0.07369306715743094,92.20267827853151,0.0821917808219178
2026-07-02,96.3288064919085,0.06452047354148172,92.20267827853151,0.0821917808219178
2026-07-02,96.92732397006054,0.05510554563716774,92.20267827853151,0.0821917808219178
2026-07-02,97.5258414482126,0.045959950304921865,92.20267827853151,0.0821917808219178
2026-07-02,98.12435892636466,0.037477107580548105,92.20267827853151,0.0821917808219178
2026-07-02,98.72287640451671,0.029915426047411174,92.20267827853151,0.0821917808219178
2026-07-02,99.32139388266877,0.023404767534523047,92.20267827853151,0.0821917808219178
2026-07-02,99.91991136082083,0.01796827815949004,92.20267827853151,0.0821917808219178
2026-07-02,100.51842883897288,0.013551133512153582,92.20267827853151,0.0821917808219178
2026-07-02,101.11694631712494,0.010049382103232463,92.20267827853151,0.0821917808219178
2026-07-02,101.715463795277,0.007334613504714084,92.20267827853151,0.0821917808219178
2026-07-02,102.31398127342905,0.005272590113558023,92.20267827853151,0.0821917808219178
2026-07-02,102.91249875158111,0.003940447534514288,92.20267827853151,0.0821917808219178
2026-07-02,103.51101622973317,0.002555340055005411,92.20267827853151,0.0821917808219178
2026-07-02,104.10953370788522,0.0016779248953650223,92.20267827853151,0.0821917808219178
2026-07-02,104.70805118603727,0.001163220274780642,92.20267827853151,0.0821917808219178
2026-07-02,105.30656866418933,0.0007987913249689086,92.20267827853151,0.0821917808219178
2026-07-02,105.90508614234139,0.0005432300666988857,92.20267827853151,0.0821917808219178
2026-07-02,106.50360362049344,0.00036578462437318875,92.20267827853151,0.0821917808219178
2026-07-02,107.1021210986455,0.00024383748033599743,92.20267827853151,0.0821917808219178
2026-07-02,107.70063857679756,0.0001684647709051752,92.20267827853151,0.0821917808219178
2026-07-02,108.2991560549496,0.00010637428424996052,92.20267827853151,0.0821917808219178
2026-07-02,108.89767353310167,5.9981315543082325e-05,92.20267827853151,0.0821917808219178
2026-07-02,109.49619101125373,4.033226671752475e-05,92.20267827853151,0.0821917808219178
2026-07-02,110.09470848940578,2.6792453201367846e-05,92.20267827853151,0.0821917808219178
2026-07-02,110.69322596755784,1.7584623486505303e-05,92.20267827853151,0.0821917808219178
2026-07-02,111.2917434457099,1.1406078602019357e-05,92.20267827853151,0.0821917808219178
2026-07-03,76.2012203493568,0.0016452113518186566,91.62722537019428,0.0821917808219178
2026-07-03,76.79164668844385,0.001951354958509254,91.62722537019428,0.0821917808219178
2026-07-03,77.38207302753091,0.0023156973129864174,91.62722537019428,0.0821917808219178
2026-07-03,77.97249936661795,0.0027497086358901773,91.62722537019428,0.0821917808219178
2026-07-03,78.56292570570501,0.0037036034636388805,91.62722537019428,0.0821917808219178
2026-07-03,79.15335204479206,0.004080641074563306,91.62722537019428,0.0821917808219178
2026-07-03,79.74377838387912,0.004805215505531001,91.62722537019428,0.0821917808219178
2026-07-03,80.33420472296618,0.005729659312716123,91.62722537019428,0.0821917808219178
2026-07-03,80.92463106205322,0.006835743260097333,91.62722537019428,0.0821917808219178
2026-07-03,81.51505740114028,0.008159086637308681,91.62722537019428,0.0821917808219178
2026-07-03,82.10548374022733,0.00974159259397914,91.62722537019428,0.0821917808219178
2026-07-03,82.69591007931439,0.012738983348936528,91.62722537019428,0.0821917808219178
2026-07-03,83.28633641840143,0.014391190671416504,91.62722537019428,0.0821917808219178
2026-07-03,83.87676275748849,0.01701502375185082,91.62722537019428,0.0821917808219178
2026-07-03,84.46718909657554,0.020275668264986654,91.62722537019428,0.0821917808219178
2026-07-03,85.0576154356626,0.02410760467593345,91.62722537019428,0.0821917808219178
2026-07-03,85.64804177474966,0.028574738507591135,91.62722537019428,0.0821917808219178
2026-07-03,86.2384681138367,0.033728220532271314,91.62722537019428,0.0821917808219178
2026-07-03,86.82889445292376,0.03959460055484242,91.62722537019428,0.0821917808219178
2026-07-03,87.41932079201081,0.04616045089846017,91.62722537019428,0.0821917808219178
2026-07-03,88.00974713109787,0.053354197448125765,91.62722537019428,0.0821917808219178
2026-07-03,88.60017347018493,0.06102722268004415,91.62722537019428,0.0821917808219178
2026-07-03,89.19059980927197,0.06893801362790436,91.62722537019428,0.0821917808219178
2026-07-03,89.78102614835903,0.0767448146860583,91.62722537019428,0.0821917808219178
2026-07-03,90.37145248744608,0.08401313979447624,91.62722537019428,0.0821917808219178
2026-07-03,90.96187882653314,0.09024358992759188,91.62722537019428,0.0821917808219178
2026-07-03,91.55230516562018,0.09492188810111683,91.62722537019428,0.0821917808219178
2026-07-03,92.14273150470724,0.09758692681135026,91.62722537019428,0.0821917808219178
2026-07-03,92.73315784379429,0.09790539911184377,91.62722537019428,0.0821917808219178
2026-07-03,93.32358418288135,0.09573608592907909,91.62722537019428,0.0821917808219178
2026-07-03,93.91401052196841,0.09116618873849922,91.62722537019428,0.0821917808219178
2026-07-03,94.50443686105545,0.08450779686002882,91.62722537019428,0.0821917808219178
2026-07-03,95.09486320014251,0.07625333701894568,91.62722537019428,0.0821917808219178
2026-07-03,95.68528953922956,0.06700064408250318,91.62722537019428,0.0821917808219178
2026-07-03,96.27571587831662,0.05736633794110442,91.62722537019428,0.0821917808219178
2026-07-03,96.86614221740368,0.0479075022031488,91.62722537019428,0.0821917808219178
2026-07-03,97.45656855649072,0.03906648185524787,91.62722537019428,0.0821917808219178
2026-07-03,98.04699489557778,0.031144921045605945,91.62722537019428,0.0821917808219178
2026-07-03,98.63742123466483,0.024304743368599148,91.62722537019428,0.0821917808219178
2026-07-03,99.22784757375189,0.018588343981718002,91.62722537019428,0.0821917808219178
2026-07-03,99.81827391283895,0.013948589319228098,91.62722537019428,0.0821917808219178
2026-07-03,100.40870025192599,0.010280481538424327,91.62722537019428,0.0821917808219178
2026-07-03,100.99912659101304,0.007449047036679009,91.62722537019428,0.0821917808219178
2026-07-03,101.5895529301001,0.0053108229883690565,91.62722537019428,0.0821917808219178
2026-07-03,102.17997926918716,0.003968238909269359,91.62722537019428,0.0821917808219178
2026-07-03,102.7704056082742,0.0024675765721575518,91.62722537019428,0.0821917808219178
2026-07-03,103.36083194736126,0.0016446030536536576,91.62722537019428,0.0821917808219178
2026-07-03,103.95125828644831,0.001128499746040045,91.62722537019428,0.0821917808219178
2026-07-03,104.54168462553537,0.0007666760221657394,91.62722537019428,0.0821917808219178
2026-07-03,105.13211096462243,0.0005155970570750318,91.62722537019428,0.0821917808219178
2026-07-03,105.72253730370947,0.00034319075769084003,91.62722537019428,0.0821917808219178
2026-07-03,106.31296364279653,0.00022607927471186812,91.62722537019428,0.0821917808219178
2026-07-03,106.90338998188358,0.0001549211832759921,91.62722537019428,0.0821917808219178
2026-07-03,107.49381632097064,9.49679131663128e-05,91.62722537019428,0.0821917808219178
2026-07-03,108.0842426600577,5.3734020058701896e-05,91.62722537019428,0.0821917808219178
2026-07-03,108.67466899914474,3.5751848336454704e-05,91.62722537019428,0.0821917808219178
2026-07-03,109.26509533823179,2.3493542772254706e-05,91.62722537019428,0.0821917808219178
2026-07-03,109.85552167731885,1.5250772532795118e-05,91.62722537019428,0.0821917808219178
2026-07-03,110.44594801640591,9.783676266204314e-06,91.62722537019428,0.0821917808219178
2026-07-06,75.89927409005736,0.0016310659724762659,90.99316669562661,0.0821917808219178
2026-07-06,76.47596359402931,0.0019366904324612546,90.99316669562661,0.0821917808219178
2026-07-06,77.05265309800127,0.002300964057958804,90.99316669562661,0.0821917808219178
2026-07-06,77.62934260197322,0.002735581648643957,90.99316669562661,0.0821917808219178
2026-07-06,78.20603210594517,0.003632529911769224,90.99316669562661,0.0821917808219178
2026-07-06,78.78272160991713,0.004112993285391762,90.99316669562661,0.0821917808219178
2026-07-06,79.35941111388908,0.00479866278866703,90.99316669562661,0.0821917808219178
2026-07-06,79.93610061786103,0.005730819420315039,90.99316669562661,0.0821917808219178
2026-07-06,80.51279012183298,0.006848332949839768,90.99316669562661,0.0821917808219178
2026-07-06,81.08947962580493,0.008188048261782193,90.99316669562661,0.0821917808219178
2026-07-06,81.66616912977689,0.00979340999630672,90.99316669562661,0.0821917808219178
2026-07-06,82.24285863374884,0.01241891526532616,90.99316669562661,0.0821917808219178
2026-07-06,82.81954813772079,0.014847432004707792,90.99316669562661,0.0821917808219178
2026-07-06,83.39623764169275,0.01718832272934522,90.99316669562661,0.0821917808219178
2026-07-06,83.9729271456647,0.020521106691171735,90.99316669562661,0.0821917808219178
2026-07-06,84.54961664963665,0.024445085058279963,90.99316669562661,0.0821917808219178
2026-07-06,85.1263061536086,0.029027304697431103,90.99316669562661,0.0821917808219178
2026-07-06,85.70299565758054,0.03432153635633174,90.99316669562661,0.0821917808219178
2026-07-06,86.27968516155251,0.04035584036683722,90.99316669562661,0.0821917808219178
2026-07-06,86.85637466552446,0.04711646670252886,90.99316669562661,0.0821917808219178
2026-07-06,87.4330641694964,0.05452891687000599,90.99316669562661,0.0821917808219178
2026-07-06,88.00975367346837,0.062438398026877374,90.99316669562661,0.0821917808219178
2026-07-06,88.58644317744032,0.07059367434955222,90.99316669562661,0.0821917808219178
2026-07-06,89.16313268141226,0.07864002190355633,90.99316669562661,0.0821917808219178
2026-07-06,89.73982218538421,0.08612780529190456,90.99316669562661,0.0821917808219178
2026-07-06,90.31651168935616,0.09254208751842052,90.99316669562661,0.0821917808219178
2026-07-06,90.89320119332812,0.09735487914852771,90.99316669562661,0.0821917808219178
2026-07-06,91.46989069730007,0.10009528374789808,90.99316669562661,0.0821917808219178
2026-07-06,92.04658020127202,0.10042552167572989,90.99316669562661,0.0821917808219178
2026-07-06,92.62326970524398,0.09820552145686363,90.99316669562661,0.0821917808219178
2026-07-06,93.19995920921593,0.09352847912550477,90.99316669562661,0.0821917808219178
2026-07-06,93.77664871318788,0.08671586937713201,90.99316669562661,0.0821917808219178
2026-07-06,94.35333821715983,0.07827131376296274,90.99316669562661,0.0821917808219178
2026-07-06,94.93002772113178,0.06880437637844544,90.99316669562661,0.0821917808219178
2026-07-06,95.50671722510374,0.05894310713028814,90.99316669562661,0.0821917808219178
2026-07-06,96.08340672907569,0.049255204491678306,90.99316669562661,0.0821917808219178
2026-07-06,96.66009623304764,0.0401924106700141,90.99316669562661,0.0821917808219178
2026-07-06,97.2367857370196,0.032064145783071624,90.99316669562661,0.0821917808219178
2026-07-06,97.81347524099155,0.0250381138426403,90.99316669562661,0.0821917808219178
2026-07-06,98.3901647449635,0.019160265397540198,90.99316669562661,0.0821917808219178
2026-07-06,98.96685424893545,0.014384812445873968,90.99316669562661,0.0821917808219178
2026-07-06,99.5435437529074,0.010606170451829202,90.99316669562661,0.0821917808219178
2026-07-06,100.12023325687936,0.007687318267904632,90.99316669562661,0.0821917808219178
2026-07-06,100.69692276085131,0.005526172807669364,90.99316669562661,0.0821917808219178
2026-07-06,101.27361226482326,0.004093345608623521,90.99316669562661,0.0821917808219178
2026-07-06,101.85030176879522,0.002471079197722672,90.99316669562661,0.0821917808219178
2026-07-06,102.42699127276717,0.0017117484191648932,90.99316669562661,0.0821917808219178
2026-07-06,103.00368077673912,0.0011739299588506094,90.99316669562661,0.0821917808219178
2026-07-06,103.58037028071107,0.0007969843364109871,90.99316669562661,0.0821917808219178
2026-07-06,104.15705978468301,0.000535563791414901,90.99316669562661,0.0821917808219178
2026-07-06,104.73374928865498,0.00035619693978880475,90.99316669562661,0.0821917808219178
2026-07-06,105.31043879262693,0.00023446577031980336,90.99316669562661,0.0821917808219178
2026-07-06,105.88712829659887,0.00016214368241114458,90.99316669562661,0.0821917808219178
2026-07-06,106.46381780057084,9.586291300781625e-05,90.99316669562661,0.0821917808219178
2026-07-06,107.04050730454279,5.608531613299355e-05,90.99316669562661,0.0821917808219178
2026-07-06,107.61719680851473,3.7224097221530076e-05,90.99316669562661,0.0821917808219178
2026-07-06,108.19388631248668,2.4411119199602222e-05,90.99316669562661,0.0821917808219178
2026-07-06,108.77057581645863,1.5820127093907655e-05,90.99316669562661,0.0821917808219178
2026-07-06,109.3472653204306,1.0135412730033112e-05,90.99316669562661,0.0821917808219178
2026-07-07,74.7251143072778,0.0016030047567347214,89.74736481989792,0.0821917808219178
2026-07-07,75.29968561439361,0.0018971311150715341,89.74736481989792,0.0821917808219178
2026-07-07,75.87425692150941,0.0022474489481791524,89.74736481989792,0.0821917808219178
2026-07-07,76.44882822862522,0.0026653337106496105,89.74736481989792,0.0821917808219178
2026-07-07,77.02339953574102,0.0035653476004844737,89.74736481989792,0.0821917808219178
2026-07-07,77.59797084285682,0.003967632410376598,89.74736481989792,0.0821917808219178
2026-07-07,78.17254214997263,0.00465490232853405,89.74736481989792,0.0821917808219178
2026-07-07,78.74711345708842,0.005556811279782019,89.74736481989792,0.0821917808219178
2026-07-07,79.32168476420422,0.006641257845349246,89.74736481989792,0.0821917808219178
2026-07-07,79.89625607132002,0.00794594554046346,89.74736481989792,0.0821917808219178
2026-07-07,80.47082737843583,0.00951577707304593,89.74736481989792,0.0821917808219178
2026-07-07,81.04539868555163,0.012335757046692318,89.74736481989792,0.0821917808219178
2026-07-07,81.61996999266744,0.014302519189522599,89.74736481989792,0.0821917808219178
2026-07-07,82.19454129978324,0.01684177785381489,89.74736481989792,0.0821917808219178
2026-07-07,82.76911260689904,0.020177697380144667,89.74736481989792,0.0821917808219178
2026-07-07,83.34368391401485,0.02412933625104392,89.74736481989792,0.0821917808219178
2026-07-07,83.91825522113065,0.02877200680431901,89.74736481989792,0.0821917808219178
2026-07-07,84.49282652824645,0.03416789624062456,89.74736481989792,0.0821917808219178
2026-07-07,85.06739783536226,0.04035235921303587,89.74736481989792,0.0821917808219178
2026-07-07,85.64196914247806,0.047315989015994674,89.74736481989792,0.0821917808219178
2026-07-07,86.21654044959385,0.054983416297263374,89.74736481989792,0.0821917808219178
2026-07-07,86.79111175670965,0.06319143001844155,89.74736481989792,0.0821917808219178
2026-07-07,87.36568306382546,0.07167107195347117,89.74736481989792,0.0821917808219178
2026-07-07,87.94025437094126,0.08004026551237949,89.74736481989792,0.0821917808219178
2026-07-07,88.51482567805706,0.08781432011739074,89.74736481989792,0.0821917808219178
2026-07-07,89.08939698517287,0.09444012450455781,89.74736481989792,0.0821917808219178
2026-07-07,89.66396829228867,0.09935521256886816,89.74736481989792,0.0821917808219178
2026-07-07,90.23853959940448,0.10206553306805709,89.74736481989792,0.0821917808219178
2026-07-07,90.81311090652028,0.10222774377460515,89.74736481989792,0.0821917808219178
2026-07-07,91.38768221363608,0.09971655877262085,89.74736481989792,0.0821917808219178
2026-07-07,91.96225352075189,0.09465831584567752,89.74736481989792,0.0821917808219178
2026-07-07,92.53682482786769,0.08741957691726479,89.74736481989792,0.0821917808219178
2026-07-07,93.1113961349835,0.07855201659388761,89.74736481989792,0.0821917808219178
2026-07-07,93.6859674420993,0.06870730322250955,89.74736481989792,0.0821917808219178
2026-07-07,94.2605387492151,0.058543162463254056,89.74736481989792,0.0821917808219178
2026-07-07,94.8351100563309,0.048641775075657694,89.74736481989792,0.0821917808219178
2026-07-07,95.40968136344671,0.03945505926448115,89.74736481989792,0.0821917808219178
2026-07-07,95.9842526705625,0.03128175997129937,89.74736481989792,0.0821917808219178
2026-07-07,96.5588239776783,0.0242725891755653,89.74736481989792,0.0821917808219178
2026-07-07,97.1333952847941,0.01845448643974725,89.74736481989792,0.0821917808219178
2026-07-07,97.70796659190991,0.013763879705299395,89.74736481989792,0.0821917808219178
2026-07-07,98.28253789902571,0.010080551027717774,89.74736481989792,0.0821917808219178
2026-07-07,98.85710920614152,0.007256731707126316,89.74736481989792,0.0821917808219178
2026-07-07,99.43168051325732,0.005139021810403725,89.74736481989792,0.0821917808219178
2026-07-07,100.00625182037312,0.003842663092949154,89.74736481989792,0.0821917808219178
2026-07-07,100.58082312748893,0.002307396356358236,89.74736481989792,0.0821917808219178
2026-07-07,101.15539443460473,0.0015619622616531784,89.74736481989792,0.0821917808219178
2026-07-07,101.72996574172052,0.001064452535906718,89.74736481989792,0.0821917808219178
2026-07-07,102.30453704883632,0.0007180445512374725,89.74736481989792,0.0821917808219178
2026-07-07,102.87910835595213,0.0004793668231761469,89.74736481989792,0.0821917808219178
2026-07-07,103.45367966306793,0.00031667999678925785,89.74736481989792,0.0821917808219178
2026-07-07,104.02825097018373,0.00020700946180497257,89.74736481989792,0.0821917808219178
2026-07-07,104.60282227729954,0.0001412212977453669,89.74736481989792,0.0821917808219178
2026-07-07,105.17739358441534,8.460572091946e-05,89.74736481989792,0.0821917808219178
2026-07-07,105.75196489153114,4.8144384537773394e-05,89.74736481989792,0.0821917808219178
2026-07-07,106.32653619864695,3.179618722832244e-05,89.74736481989792,0.0821917808219178
2026-07-07,106.90110750576275,2.0734624418467648e-05,89.74736481989792,0.0821917808219178
2026-07-07,107.47567881287856,1.3354288189324802e-05,89.74736481989792,0.0821917808219178
2026-07-07,108.05025011999436,8.498440595864625e-06,89.74736481989792,0.0821917808219178
2026-07-08,76.03154049082674,0.001417230902425464,91.0192832208885,0.0821917808219178
2026-07-08,76.60367779913011,0.0016832111109081702,91.0192832208885,0.0821917808219178
2026-07-08,77.1758151074335,0.002002049028232912,91.0192832208885,0.0821917808219178
2026-07-08,77.74795241573688,0.0023850378543808066,91.0192832208885,0.0821917808219178
2026-07-08,78.32008972404026,0.003152972803643317,91.0192832208885,0.0821917808219178
2026-07-08,78.89222703234363,0.0036323849934689506,91.0192832208885,0.0821917808219178
2026-07-08,79.46436434064701,0.004238946460539741,91.0192832208885,0.0821917808219178
2026-07-08,80.03650164895039,0.005094987442470879,91.0192832208885,0.0821917808219178
2026-07-08,80.60863895725376,0.006134081040966664,91.0192832208885,0.0821917808219178
2026-07-08,81.18077626555714,0.007396406934673761,91.0192832208885,0.0821917808219178
2026-07-08,81.75291357386052,0.008930287917030575,91.0192832208885,0.0821917808219178
2026-07-08,82.3250508821639,0.01125905680134935,91.0192832208885,0.0821917808219178
2026-07-08,82.89718819046728,0.014000116946734394,91.0192832208885,0.0821917808219178
2026-07-08,83.46932549877066,0.016228630201598777,91.0192832208885,0.0821917808219178
2026-07-08,84.04146280707403,0.019616357997757444,91.0192832208885,0.0821917808219178
2026-07-08,84.61360011537741,0.02366139258872155,91.0192832208885,0.0821917808219178
2026-07-08,85.18573742368079,0.028446833847849084,91.0192832208885,0.0821917808219178
2026-07-08,85.75787473198417,0.03404047510087702,91.0192832208885,0.0821917808219178
2026-07-08,86.33001204028754,0.04047915504432021,91.0192832208885,0.0821917808219178
2026-07-08,86.90214934859092,0.04774869064914133,91.0192832208885,0.0821917808219178
2026-07-08,87.47428665689431,0.05576081450689665,91.0192832208885,0.0821917808219178
2026-07-08,88.04642396519768,0.06433040593069117,91.0192832208885,0.0821917808219178
2026-07-08,88.61856127350106,0.0731584353252855,91.0192832208885,0.0821917808219178
2026-07-08,89.19069858180444,0.08182772872479581,91.0192832208885,0.0821917808219178
2026-07-08,89.76283589010782,0.08981884096650836,91.0192832208885,0.0821917808219178
2026-07-08,90.33497319841119,0.09655092284291984,91.0192832208885,0.0821917808219178
2026-07-08,90.90711050671457,0.10144702158800457,91.0192832208885,0.0821917808219178
2026-07-08,91.47924781501796,0.10401561221131969,91.0192832208885,0.0821917808219178
2026-07-08,92.05138512332132,0.10393271333749536,91.0192832208885,0.0821917808219178
2026-07-08,92.6235224316247,0.10110497690309266,91.0192832208885,0.0821917808219178
2026-07-08,93.19565973992809,0.09569628864940778,91.0192832208885,0.0821917808219178
2026-07-08,93.76779704823147,0.08810899014537975,91.0192832208885,0.0821917808219178
2026-07-08,94.33993435653484,0.07892316096224897,91.0192832208885,0.0821917808219178
2026-07-08,94.91207166483822,0.06880883867359452,91.0192832208885,0.0821917808219178
2026-07-08,95.48420897314159,0.05843225759728639,91.0192832208885,0.0821917808219178
2026-07-08,96.05634628144497,0.04837625265581572,91.0192832208885,0.0821917808219178
2026-07-08,96.62848358974836,0.039088160104563195,91.0192832208885,0.0821917808219178
2026-07-08,97.20062089805174,0.03085924936318852,91.0192832208885,0.0821917808219178
2026-07-08,97.77275820635512,0.023831557489974724,91.0192832208885,0.0821917808219178
2026-07-08,98.34489551465849,0.018023220674811154,91.0192832208885,0.0821917808219178
2026-07-08,98.91703282296187,0.013362376354282496,91.0192832208885,0.0821917808219178
2026-07-08,99.48917013126524,0.009721423981773347,91.0192832208885,0.0821917808219178
2026-07-08,100.06130743956862,0.006946370921053488,91.0192832208885,0.0821917808219178
2026-07-08,100.633444747872,0.004976923586592926,91.0192832208885,0.0821917808219178
2026-07-08,101.20558205617539,0.0034956826050723854,91.0192832208885,0.0821917808219178
2026-07-08,101.77771936447876,0.0021306474521414994,91.0192832208885,0.0821917808219178
2026-07-08,102.34985667278214,0.0014519314544381313,91.0192832208885,0.0821917808219178
2026-07-08,102.92199398108552,0.0009786833285767185,91.0192832208885,0.0821917808219178
2026-07-08,103.49413128938889,0.000652433355236684,91.0192832208885,0.0821917808219178
2026-07-08,104.06626859769227,0.0004300929219117171,91.0192832208885,0.0821917808219178
2026-07-08,104.63840590599565,0.0002803346527262086,91.0192832208885,0.0821917808219178
2026-07-08,105.21054321429904,0.00018066394137331487,91.0192832208885,0.0821917808219178
2026-07-08,105.7826805226024,0.00012257356792486114,91.0192832208885,0.0821917808219178
2026-07-08,106.35481783090579,6.941211058842082e-05,91.0192832208885,0.0821917808219178
2026-07-08,106.92695513920917,4.040221998629907e-05,91.0192832208885,0.0821917808219178
2026-07-08,107.49909244751254,2.6258682199241232e-05,91.0192832208885,0.0821917808219178
2026-07-08,108.07122975581592,1.684038005926814e-05,91.0192832208885,0.0821917808219178
2026-07-08,108.6433670641193,1.0660016554543036e-05,91.0192832208885,0.0821917808219178
2026-07-08,109.21550437242269,6.663282343055682e-06,91.0192832208885,0.0821917808219178
2026-07-09,76.15287822432911,0.0013388334721286034,90.99794723535423,0.0821917808219178
2026-07-09,76.71895175337863,0.0015965268945771051,90.99794723535423,0.0821917808219178
2026-07-09,77.28502528242814,0.0019067603700832125,90.99794723535423,0.0821917808219178
2026-07-09,77.85109881147764,0.002281038313143979,90.99794723535423,0.0821917808219178
2026-07-09,78.41717234052715,0.002999358173295384,90.99794723535423,0.0821917808219178
2026-07-09,78.98324586957665,0.003528484177752917,90.99794723535423,0.0821917808219178
2026-07-09,79.54931939862617,0.004109654893765699,90.99794723535423,0.0821917808219178
2026-07-09,80.11539292767567,0.004961972021721493,90.99794723535423,0.0821917808219178
2026-07-09,80.68146645672518,0.006001147197899595,90.99794723535423,0.0821917808219178
2026-07-09,81.2475399857747,0.0072690659997516355,90.99794723535423,0.0821917808219178
2026-07-09,81.8136135148242,0.008816225761515336,90.99794723535423,0.0821917808219178
2026-07-09,82.3796870438737,0.01092701425934225,90.99794723535423,0.0821917808219178
2026-07-09,82.9457605729232,0.014133325538394085,90.99794723535423,0.0821917808219178
2026-07-09,83.51183410197271,0.01622942780496801,90.99794723535423,0.0821917808219178
2026-07-09,84.07790763102223,0.01969483603851099,90.99794723535423,0.0821917808219178
2026-07-09,84.64398116007173,0.02384247781167853,90.99794723535423,0.0821917808219178
2026-07-09,85.21005468912124,0.028757910424629052,90.99794723535423,0.0821917808219178
2026-07-09,85.77612821817075,0.034509428543525913,90.99794723535423,0.0821917808219178
2026-07-09,86.34220174722026,0.04113129119004634,90.99794723535423,0.0821917808219178
2026-07-09,86.90827527626976,0.04860254115910144,90.99794723535423,0.0821917808219178
2026-07-09,87.47434880531927,0.056823175065991355,90.99794723535423,0.0821917808219178
2026-07-09,88.04042233436877,0.06559140362104314,90.99794723535423,0.0821917808219178
2026-07-09,88.60649586341829,0.07458787309658817,90.99794723535423,0.0821917808219178
2026-07-09,89.17256939246779,0.0833742000574404,90.99794723535423,0.0821917808219178
2026-07-09,89.7386429215173,0.09141289974230939,90.99794723535423,0.0821917808219178
2026-07-09,90.30471645056681,0.09811277286897327,90.99794723535423,0.0821917808219178
2026-07-09,90.87078997961632,0.10289784430491683,90.99794723535423,0.0821917808219178
2026-07-09,91.43686350866582,0.10529019816830172,90.99794723535423,0.0821917808219178
2026-07-09,92.00293703771533,0.10499014880748032,90.99794723535423,0.0821917808219178
2026-07-09,92.56901056676483,0.10193432482279319,90.99794723535423,0.0821917808219178
2026-07-09,93.13508409581435,0.09631560835075681,90.99794723535423,0.0821917808219178
2026-07-09,93.70115762486385,0.08855816672844592,90.99794723535423,0.0821917808219178
2026-07-09,94.26723115391336,0.07925295950595114,90.99794723535423,0.0821917808219178
2026-07-09,94.83330468296288,0.06906953446068267,90.99794723535423,0.0821917808219178
2026-07-09,95.39937821201238,0.058664819994572216,90.99794723535423,0.0821917808219178
2026-07-09,95.96545174106188,0.048607716847140985,90.99794723535423,0.0821917808219178
2026-07-09,96.53152527011139,0.0393312230969861,90.99794723535423,0.0821917808219178
2026-07-09,97.09759879916089,0.031114939442602997,90.99794723535423,0.0821917808219178
2026-07-09,97.66367232821041,0.024093361908584646,90.99794723535423,0.0821917808219178
2026-07-09,98.22974585725991,0.018281238057339094,90.99794723535423,0.0821917808219178
2026-07-09,98.79581938630942,0.013606589653552733,90.99794723535423,0.0821917808219178
2026-07-09,99.36189291535894,0.009943757370061984,90.99794723535423,0.0821917808219178
2026-07-09,99.92796644440844,0.007141609115414375,90.99794723535423,0.0821917808219178
2026-07-09,100.49403997345794,0.005223264283407661,90.99794723535423,0.0821917808219178
2026-07-09,101.06011350250745,0.0035328797035429674,90.99794723535423,0.0821917808219178
2026-07-09,101.62618703155695,0.0022463347887837944,90.99794723535423,0.0821917808219178
2026-07-09,102.19226056060647,0.001540814554728155,90.99794723535423,0.0821917808219178
2026-07-09,102.75833408965597,0.0010457678235775484,90.99794723535423,0.0821917808219178
2026-07-09,103.32440761870548,0.0007022558132868663,90.99794723535423,0.0821917808219178
2026-07-09,103.890481147755,0.0004665417645795652,90.99794723535423,0.0821917808219178
2026-07-09,104.4565546768045,0.0003066168247777639,90.99794723535423,0.0821917808219178
2026-07-09,105.022628205854,0.00019934940115805738,90.99794723535423,0.0821917808219178
2026-07-09,105.58870173490351,0.00013741197139993094,90.99794723535423,0.0821917808219178
2026-07-09,106.15477526395301,7.699002902118226e-05,90.99794723535423,0.0821917808219178
2026-07-09,106.72084879300253,4.619968096267591e-05,90.99794723535423,0.0821917808219178
2026-07-09,107.28692232205204,3.025132889534478e-05,90.99794723535423,0.0821917808219178
2026-07-09,107.85299585110154,1.9565278893822655e-05,90.99794723535423,0.0821917808219178
2026-07-09,108.41906938015106,1.2500856650508839e-05,90.99794723535423,0.0821917808219178
2026-07-09,108.98514290920056,7.893346917985863e-06,90.99794723535423,0.0821917808219178
2026-07-10,75.39385138772589,0.0014573653922489024,89.99502045189796,0.0821917808219178
2026-07-10,75.95027137729204,0.0017256338885643042,89.99502045189796,0.0821917808219178
2026-07-10,76.50669136685818,0.0020467512286150022,89.99502045189796,0.0821917808219178
2026-07-10,77.06311135642433,0.0024320275220383754,89.99502045189796,0.0821917808219178
2026-07-10,77.61953134599047,0.003156411877858739,89.99502045189796,0.0821917808219178
2026-07-10,78.17595133555662,0.003722193426517082,89.99502045189796,0.0821917808219178
2026-07-10,78.73237132512276,0.004290679703608601,89.99502045189796,0.0821917808219178
2026-07-10,79.28879131468891,0.005149550919399121,89.99502045189796,0.0821917808219178
2026-07-10,79.84521130425505,0.0061924629224051645,89.99502045189796,0.0821917808219178
2026-07-10,80.4016312938212,0.007460261913673132,89.99502045189796,0.0821917808219178
2026-07-10,80.95805128338733,0.009002245255527824,89.99502045189796,0.0821917808219178
2026-07-10,81.51447127295347,0.010961837207018543,89.99502045189796,0.0821917808219178
2026-07-10,82.07089126251962,0.014405236707988867,89.99502045189796,0.0821917808219178
2026-07-10,82.62731125208576,0.016343318708429505,89.99502045189796,0.0821917808219178
2026-07-10,83.18373124165191,0.019768972377361364,89.99502045189796,0.0821917808219178
2026-07-10,83.74015123121805,0.023869033128006003,89.99502045189796,0.0821917808219178
2026-07-10,84.2965712207842,0.02873230401738061,89.99502045189796,0.0821917808219178
2026-07-10,84.85299121035034,0.034433225316782536,89.99502045189796,0.0821917808219178
2026-07-10,85.40941119991649,0.04101587328342719,89.99502045189796,0.0821917808219178
2026-07-10,85.96583118948263,0.04847318671148184,89.99502045189796,0.0821917808219178
2026-07-10,86.52225117904877,0.05672275574988096,89.99502045189796,0.0821917808219178
2026-07-10,87.07867116861492,0.06558244076185452,89.99502045189796,0.0821917808219178
2026-07-10,87.63509115818105,0.07475135424681924,89.99502045189796,0.0821917808219178
2026-07-10,88.1915111477472,0.08380362684847902,89.99502045189796,0.0821917808219178
2026-07-10,88.74793113731334,0.09220278447346647,89.99502045189796,0.0821917808219178
2026-07-10,89.3043511268795,0.09934231534868845,89.99502045189796,0.0821917808219178
2026-07-10,89.86077111644563,0.10461251666974286,89.99502045189796,0.0821917808219178
2026-07-10,90.41719110601178,0.10748572305746915,89.99502045189796,0.0821917808219178
2026-07-10,90.97361109557792,0.10760393569021909,89.99502045189796,0.0821917808219178
2026-07-10,91.53003108514406,0.10484815826770283,89.99502045189796,0.0821917808219178
2026-07-10,92.08645107471021,0.0993703644901524,89.99502045189796,0.0821917808219178
2026-07-10,92.64287106427636,0.09157760261385653,89.99502045189796,0.0821917808219178
2026-07-10,93.1992910538425,0.08207071594328186,89.99502045189796,0.0821917808219178
2026-07-10,93.75571104340864,0.07155266138185883,89.99502045189796,0.0821917808219178
2026-07-10,94.31213103297479,0.06072864408243383,89.99502045189796,0.0821917808219178
2026-07-10,94.86855102254093,0.05021991822792592,89.99502045189796,0.0821917808219178
2026-07-10,95.42497101210708,0.0405062058919271,89.99502045189796,0.0821917808219178
2026-07-10,95.98139100167322,0.03190178892984772,89.99502045189796,0.0821917808219178
2026-07-10,96.53781099123937,0.024561379681692565,89.99502045189796,0.0821917808219178
2026-07-10,97.0942309808055,0.01850644869679241,89.99502045189796,0.0821917808219178
2026-07-10,97.65065097037166,0.013661326946443288,89.99502045189796,0.0821917808219178
2026-07-10,98.2070709599378,0.009890086704301065,89.99502045189796,0.0821917808219178
2026-07-10,98.76349094950393,0.007028322034200987,89.99502045189796,0.0821917808219178
2026-07-10,99.31991093907008,0.005120374905854847,89.99502045189796,0.0821917808219178
2026-07-10,99.87633092863624,0.0033282483403032437,89.99502045189796,0.0821917808219178
2026-07-10,100.43275091820237,0.002131443550840535,89.99502045189796,0.0821917808219178
2026-07-10,100.98917090776851,0.0014428895173045193,89.99502045189796,0.0821917808219178
2026-07-10,101.54559089733466,0.0009658269285367873,89.99502045189796,0.0821917808219178
2026-07-10,102.1020108869008,0.000639213795429108,89.99502045189796,0.0821917808219178
2026-07-10,102.65843087646695,0.00041826021952610546,89.99502045189796,0.0821917808219178
2026-07-10,103.21485086603309,0.00027057956606605445,89.99502045189796,0.0821917808219178
2026-07-10,103.77127085559923,0.00017306914721027392,89.99502045189796,0.0821917808219178
2026-07-10,104.32769084516538,0.00011753160569066534,89.99502045189796,0.0821917808219178
2026-07-10,104.88411083473153,6.37984870403901e-05,89.99502045189796,0.0821917808219178
2026-07-10,105.44053082429767,3.81730266931887e-05,89.99502045189796,0.0821917808219178
2026-07-10,105.9969508138638,2.462134823614787e-05,89.99502045189796,0.0821917808219178
2026-07-10,106.55337080342996,1.567538466891331e-05,89.99502045189796,0.0821917808219178
2026-07-10,107.10979079299611,9.853955652663607e-06,89.99502045189796,0.0821917808219178
2026-07-10,107.66621078256225,6.119289308928476e-06,89.99502045189796,0.0821917808219178
2026-07-13,75.07594041764338,0.001477795455698348,89.59888614262809,0.0821917808219178
2026-07-13,75.6293182535008,0.001745760812151845,89.59888614262809,0.0821917808219178
2026-07-13,76.1826960893582,0.0020660806033833677,89.59888614262809,0.0821917808219178
2026-07-13,76.73607392521562,0.0024499448697559247,89.59888614262809,0.0821917808219178
2026-07-13,77.28945176107302,0.0031698347993202995,89.59888614262809,0.0821917808219178
2026-07-13,77.84282959693043,0.0037370401673426823,89.59888614262809,0.0821917808219178
2026-07-13,78.39620743278785,0.004297816673129923,89.59888614262809,0.0821917808219178
2026-07-13,78.94958526864525,0.005150944841121527,89.59888614262809,0.0821917808219178
2026-07-13,79.50296310450265,0.006186713371959722,89.59888614262809,0.0821917808219178
2026-07-13,80.05634094036007,0.007445883232604615,89.59888614262809,0.0821917808219178
2026-07-13,80.60971877621748,0.00897775653322913,89.59888614262809,0.0821917808219178
2026-07-13,81.1630966120749,0.01090079819895182,89.59888614262809,0.0821917808219178
2026-07-13,81.7164744479323,0.014371119480215444,89.59888614262809,0.0821917808219178
2026-07-13,82.2698522837897,0.016279649634273027,89.59888614262809,0.0821917808219178
2026-07-13,82.82323011964712,0.019694089445768632,89.59888614262809,0.0821917808219178
2026-07-13,83.37660795550453,0.023786221668184,89.59888614262809,0.0821917808219178
2026-07-13,83.92998579136193,0.028647561877716738,89.59888614262809,0.0821917808219178
2026-07-13,84.48336362721935,0.03435609117012791,89.59888614262809,0.0821917808219178
2026-07-13,85.03674146307675,0.04096019974061385,89.59888614262809,0.0821917808219178
2026-07-13,85.59011929893417,0.04845765149687881,89.59888614262809,0.0821917808219178
2026-07-13,86.14349713479157,0.05677081746943069,89.59888614262809,0.0821917808219178
2026-07-13,86.69687497064898,0.06572138983661921,89.59888614262809,0.0821917808219178
2026-07-13,87.2502528065064,0.07501013610041735,89.59888614262809,0.0821917808219178
2026-07-13,87.8036306423638,0.0842092808764256,89.59888614262809,0.0821917808219178
2026-07-13,88.35700847822122,0.09277568203592772,89.59888614262809,0.0821917808219178
2026-07-13,88.91038631407862,0.10009085991140303,89.59888614262809,0.0821917808219178
2026-07-13,89.46376414993603,0.10552845680828282,89.59888614262809,0.0821917808219178
2026-07-13,90.01714198579344,0.10854150376529621,89.59888614262809,0.0821917808219178
2026-07-13,90.57051982165085,0.10875334880157715,89.59888614262809,0.0821917808219178
2026-07-13,91.12389765750825,0.10603085203345186,89.59888614262809,0.0821917808219178
2026-07-13,91.67727549336567,0.10051968294749897,89.59888614262809,0.0821917808219178
2026-07-13,92.23065332922307,0.09263013511754108,89.59888614262809,0.0821917808219178
2026-07-13,92.78403116508049,0.0829753111666219,89.59888614262809,0.0821917808219178
2026-07-13,93.3374090009379,0.07227679381253956,89.59888614262809,0.0821917808219178
2026-07-13,93.89078683679531,0.06126086699566073,89.59888614262809,0.0821917808219178
2026-07-13,94.44416467265272,0.05056832733179776,89.59888614262809,0.0821917808219178
2026-07-13,94.99754250851012,0.04069388901995125,89.59888614262809,0.0821917808219178
2026-07-13,95.55092034436754,0.03196079827100323,89.59888614262809,0.0821917808219178
2026-07-13,96.10429818022494,0.024526752027245885,89.59888614262809,0.0821917808219178
2026-07-13,96.65767601608235,0.018411373251466315,89.59888614262809,0.0821917808219178
2026-07-13,97.21105385193977,0.013533979231868101,89.59888614262809,0.0821917808219178
2026-07-13,97.76443168779717,0.009752134547932301,89.59888614262809,0.0821917808219178
2026-07-13,98.31780952365457,0.006894781717238676,89.59888614262809,0.0821917808219178
2026-07-13,98.87118735951199,0.005000810230759848,89.59888614262809,0.0821917808219178
2026-07-13,99.4245651953694,0.0032148592939890814,89.59888614262809,0.0821917808219178
2026-07-13,99.9779430312268,0.002053528301964797,89.59888614262809,0.0821917808219178
2026-07-13,100.53132086708422,0.001381705772888893,89.59888614262809,0.0821917808219178
2026-07-13,101.08469870294164,0.000918985519267119,89.59888614262809,0.0821917808219178
2026-07-13,101.63807653879904,0.0006041583593764081,89.59888614262809,0.0821917808219178
2026-07-13,102.19145437465644,0.00039256819250228466,89.59888614262809,0.0821917808219178
2026-07-13,102.74483221051386,0.00025211551781635216,89.59888614262809,0.0821917808219178
2026-07-13,103.29821004637127,0.00016004388427331507,89.59888614262809,0.0821917808219178
2026-07-13,103.85158788222867,0.00010782926698313204,89.59888614262809,0.0821917808219178
2026-07-13,104.40496571808609,5.7885866020435776e-05,89.59888614262809,0.0821917808219178
2026-07-13,104.9583435539435,3.446509419365944e-05,89.59888614262809,0.0821917808219178
2026-07-13,105.5117213898009,2.207634658926144e-05,89.59888614262809,0.0821917808219178
2026-07-13,106.06509922565832,1.3952494013683744e-05,89.59888614262809,0.0821917808219178
2026-07-13,106.61847706151572,8.703947830182953e-06,89.59888614262809,0.0821917808219178
2026-07-13,107.17185489737312,5.3623995023847586e-06,89.59888614262809,0.0821917808219178
2026-07-14,75.53697711379219,0.0012786054320131559,90.6592498958211,0.0821917808219178
2026-07-14,76.11513339158795,0.0015183879824379786,90.6592498958211,0.0821917808219178
2026-07-14,76.6932896693837,0.0018068862401402878,90.6592498958211,0.0821917808219178
2026-07-14,77.27144594717946,0.0021549674173569383,90.6592498958211,0.0821917808219178
2026-07-14,77.84960222497521,0.0028942932734515544,90.6592498958211,0.0821917808219178
2026-07-14,78.42775850277097,0.0032703646129604983,90.6592498958211,0.0821917808219178
2026-07-14,79.00591478056674,0.0038657085273148236,90.6592498958211,0.0821917808219178
2026-07-14,79.5840710583625,0.0046662012188421,90.6592498958211,0.0821917808219178
2026-07-14,80.16222733615825,0.005645922062819137,90.6592498958211,0.0821917808219178
2026-07-14,80.74038361395401,0.006846611318179386,90.6592498958211,0.0821917808219178
2026-07-14,81.31853989174977,0.008319074961505564,90.6592498958211,0.0821917808219178
2026-07-14,81.89669616954552,0.010880482582631605,90.6592498958211,0.0821917808219178
2026-07-14,82.47485244734128,0.013004659968039194,90.6592498958211,0.0821917808219178
2026-07-14,83.05300872513703,0.01549840742070919,90.6592498958211,0.0821917808219178
2026-07-14,83.63116500293279,0.018888144228481084,90.6592498958211,0.0821917808219178
2026-07-14,84.20932128072855,0.022971386633875785,90.6592498958211,0.0821917808219178
2026-07-14,84.7874775585243,0.027841095589620984,90.6592498958211,0.0821917808219178
2026-07-14,85.36563383632006,0.03357362331732881,90.6592498958211,0.0821917808219178
2026-07-14,85.94379011411581,0.040210909378096966,90.6592498958211,0.0821917808219178
2026-07-14,86.52194639191157,0.04773775426221189,90.6592498958211,0.0821917808219178
2026-07-14,87.10010266970733,0.05605602353004016,90.6592498958211,0.0821917808219178
2026-07-14,87.67825894750308,0.06495982201924837,90.6592498958211,0.0821917808219178
2026-07-14,88.25641522529885,0.0741180418944383,90.6592498958211,0.0821917808219178
2026-07-14,88.83457150309461,0.08307234272192322,90.6592498958211,0.0821917808219178
2026-07-14,89.41272778089036,0.09125834241107991,90.6592498958211,0.0821917808219178
2026-07-14,89.99088405868612,0.09805448516404047,90.6592498958211,0.0821917808219178
2026-07-14,90.56904033648188,0.10285647264199616,90.6592498958211,0.0821917808219178
2026-07-14,91.14719661427763,0.10516660619653911,90.6592498958211,0.0821917808219178
2026-07-14,91.72535289207339,0.10467980258853976,90.6592498958211,0.0821917808219178
2026-07-14,92.30350916986914,0.10134496790771677,90.6592498958211,0.0821917808219178
2026-07-14,92.8816654476649,0.09538426964831215,90.6592498958211,0.0821917808219178
2026-07-14,93.45982172546066,0.08726328400630874,90.6592498958211,0.0821917808219178
2026-07-14,94.03797800325641,0.07761853754218791,90.6592498958211,0.0821917808219178
2026-07-14,94.61613428105218,0.0671604554493668,90.6592498958211,0.0821917808219178
2026-07-14,95.19429055884794,0.05657487465356612,90.6592498958211,0.0821917808219178
2026-07-14,95.7724468366437,0.04644371921418593,90.6592498958211,0.0821917808219178
2026-07-14,96.35060311443945,0.03719713310545898,90.6592498958211,0.0821917808219178
2026-07-14,96.92875939223521,0.029099230684831646,90.6592498958211,0.0821917808219178
2026-07-14,97.50691567003096,0.022261407260903386,90.6592498958211,0.0821917808219178
2026-07-14,98.08507194782672,0.016672898318169083,90.6592498958211,0.0821917808219178
2026-07-14,98.66322822562248,0.0122380046204938,90.6592498958211,0.0821917808219178
2026-07-14,99.24138450341823,0.00881177939510219,90.6592498958211,0.0821917808219178
2026-07-14,99.81954078121399,0.006229325741962055,90.6592498958211,0.0821917808219178
2026-07-14,100.39769705900974,0.004326897073352583,90.6592498958211,0.0821917808219178
2026-07-14,100.9758533368055,0.0031787174900505845,90.6592498958211,0.0821917808219178
2026-07-14,101.55400961460126,0.001833525996933419,90.6592498958211,0.0821917808219178
2026-07-14,102.13216589239701,0.0012318862097060966,90.6592498958211,0.0821917808219178
2026-07-14,102.71032217019277,0.0008211812301392198,90.6592498958211,0.0821917808219178
2026-07-14,103.28847844798852,0.000541152849411472,90.6592498958211,0.0821917808219178
2026-07-14,103.86663472578428,0.0003524484578460373,90.6592498958211,0.0821917808219178
2026-07-14,104.44479100358004,0.0002268201921506613,90.6592498958211,0.0821917808219178
2026-07-14,105.0229472813758,0.00014422543612467063,90.6592498958211,0.0821917808219178
2026-07-14,105.60110355917156,9.55999838595025e-05,90.6592498958211,0.0821917808219178
2026-07-14,106.17925983696732,5.4887263815305645e-05,90.6592498958211,0.0821917808219178
2026-07-14,106.75741611476307,3.055971454931457e-05,90.6592498958211,0.0821917808219178
2026-07-14,107.33557239255883,1.9644171054740576e-05,90.6592498958211,0.0821917808219178
2026-07-14,107.91372867035459,1.2440660908453907e-05,90.6592498958211,0.0821917808219178
2026-07-14,108.49188494815034,7.76539691739409e-06,90.6592498958211,0.0821917808219178
2026-07-14,109.0700412259461,4.780337927243607e-06,90.6592498958211,0.0821917808219178
2026-07-15,76.02299312514103,0.0013169008525167575,91.53967116867693,0.0821917808219178
2026-07-15,76.61738238388989,0.0015636205600709156,91.53967116867693,0.0821917808219178
2026-07-15,77.21177164263875,0.001859931097031926,91.53967116867693,0.0821917808219178
2026-07-15,77.80616090138763,0.0022166725961209324,91.53967116867693,0.0821917808219178
2026-07-15,78.40055016013649,0.0030248811877797805,91.53967116867693,0.0821917808219178
2026-07-15,78.99493941888535,0.003318782788107303,91.53967116867693,0.0821917808219178
2026-07-15,79.58932867763421,0.003961968827312674,91.53967116867693,0.0821917808219178
2026-07-15,80.18371793638308,0.0047721945267527755,91.53967116867693,0.0821917808219178
2026-07-15,80.77810719513194,0.005759778090034578,91.53967116867693,0.0821917808219178
2026-07-15,81.3724964538808,0.006964782625350551,91.53967116867693,0.0821917808219178
2026-07-15,81.96688571262966,0.008454034953818513,91.53967116867693,0.0821917808219178
2026-07-15,82.56127497137854,0.011352169042777612,91.53967116867693,0.0821917808219178
2026-07-15,83.1556642301274,0.012797059293385012,91.53967116867693,0.0821917808219178
2026-07-15,83.75005348887626,0.01554527364775043,91.53967116867693,0.0821917808219178
2026-07-15,84.34444274762512,0.018862919184187005,91.53967116867693,0.0821917808219178
2026-07-15,84.93883200637399,0.022838852518274264,91.53967116867693,0.0821917808219178
2026-07-15,85.53322126512285,0.02755742658090197,91.53967116867693,0.0821917808219178
2026-07-15,86.12761052387171,0.033086870842454194,91.53967116867693,0.0821917808219178
2026-07-15,86.72199978262057,0.03946299125577021,91.53967116867693,0.0821917808219178
2026-07-15,87.31638904136945,0.046668413738003074,91.53967116867693,0.0821917808219178
2026-07-15,87.91077830011831,0.05460898547145503,91.53967116867693,0.0821917808219178
2026-07-15,88.50516755886717,0.06309089872009824,91.53967116867693,0.0821917808219178
2026-07-15,89.09955681761603,0.07180426387341317,91.53967116867693,0.0821917808219178
2026-07-15,89.6939460763649,0.08032046980907388,91.53967116867693,0.0821917808219178
2026-07-15,90.28833533511376,0.0881106301262216,91.53967116867693,0.0821917808219178
2026-07-15,90.88272459386263,0.09458966057888749,91.53967116867693,0.0821917808219178
2026-07-15,91.4771138526115,0.09918470169155769,91.53967116867693,0.0821917808219178
2026-07-15,92.07150311136036,0.10141869825949609,91.53967116867693,0.0821917808219178
2026-07-15,92.66589237010922,0.10099253611531057,91.53967116867693,0.0821917808219178
2026-07-15,93.26028162885808,0.09784558546654162,91.53967116867693,0.0821917808219178
2026-07-15,93.85467088760694,0.09217737486843675,91.53967116867693,0.0821917808219178
2026-07-15,94.4490601463558,0.08442250318108428,91.53967116867693,0.0821917808219178
2026-07-15,95.04344940510467,0.07518379680452827,91.53967116867693,0.0821917808219178
2026-07-15,95.63783866385353,0.06514022739274429,91.53967116867693,0.0821917808219178
2026-07-15,96.2322279226024,0.054951802654988856,91.53967116867693,0.0821917808219178
2026-07-15,96.82661718135127,0.04518180702332336,91.53967116867693,0.0821917808219178
2026-07-15,97.42100644010013,0.03624901377688795,91.53967116867693,0.0821917808219178
2026-07-15,98.01539569884899,0.028412573412326777,91.53967116867693,0.0821917808219178
2026-07-15,98.60978495759785,0.021784014737976656,91.53967116867693,0.0821917808219178
2026-07-15,99.20417421634671,0.016356379143754776,91.53967116867693,0.0821917808219178
2026-07-15,99.79856347509559,0.012040090410203081,91.53967116867693,0.0821917808219178
2026-07-15,100.39295273384445,0.00869745568119934,91.53967116867693,0.0821917808219178
2026-07-15,100.98734199259331,0.006171004945036755,91.53967116867693,0.0821917808219178
2026-07-15,101.58173125134218,0.004303895010945911,91.53967116867693,0.0821917808219178
2026-07-15,102.17612051009104,0.003107070929320044,91.53967116867693,0.0821917808219178
2026-07-15,102.7705097688399,0.0019434518506284645,91.53967116867693,0.0821917808219178
2026-07-15,103.36489902758876,0.0012316930321757714,91.53967116867693,0.0821917808219178
2026-07-15,103.95928828633762,0.0008259690661645526,91.53967116867693,0.0821917808219178
2026-07-15,104.55367754508649,0.0005478708496889806,91.53967116867693,0.0821917808219178
2026-07-15,105.14806680383536,0.0003593425156774697,91.53967116867693,0.0821917808219178
2026-07-15,105.74245606258422,0.00023300071212103022,91.53967116867693,0.0821917808219178
2026-07-15,106.33684532133309,0.00014934145236557517,91.53967116867693,0.0821917808219178
2026-07-15,106.93123458008195,9.883232717246661e-05,91.53967116867693,0.0821917808219178
2026-07-15,107.52562383883081,5.957330248062313e-05,91.53967116867693,0.0821917808219178
2026-07-15,108.12001309757969,3.2201290603541236e-05,91.53967116867693,0.0821917808219178
2026-07-15,108.71440235632855,2.091770464624082e-05,91.53967116867693,0.0821917808219178
2026-07-15,109.30879161507741,1.3389471572646265e-05,91.53967116867693,0.0821917808219178
2026-07-15,109.90318087382627,8.449681254894736e-06,91.53967116867693,0.0821917808219178
2026-07-15,110.49757013257513,5.2606388414204145e-06,91.53967116867693,0.0821917808219178
2026-07-16,75.36974257280485,0.0012698299289432807,91.12354895245564,0.0821917808219178
2026-07-16,75.9746900819614,0.0015189707733899848,91.12354895245564,0.0821917808219178
2026-07-16,76.57963759111796,0.0018195114748937942,91.12354895245564,0.0821917808219178
2026-07-16,77.1845851002745,0.002208324173783285,91.12354895245564,0.0821917808219178
2026-07-16,77.78953260943106,0.0030106782745718077,91.12354895245564,0.0821917808219178
2026-07-16,78.39448011858761,0.0032915469192534783,91.12354895245564,0.0821917808219178
2026-07-16,78.99942762774417,0.0039759381160559435,91.12354895245564,0.0821917808219178
2026-07-16,79.60437513690071,0.004809792445125327,91.12354895245564,0.0821917808219178
2026-07-16,80.20932264605727,0.005826576901378111,91.12354895245564,0.0821917808219178
2026-07-16,80.81427015521382,0.007066803248235849,91.12354895245564,0.0821917808219178
2026-07-16,81.41921766437038,0.009000792214585796,91.12354895245564,0.0821917808219178
2026-07-16,82.02416517352692,0.011258578041462795,91.12354895245564,0.0821917808219178
2026-07-16,82.62911268268348,0.01306893402567041,91.12354895245564,0.0821917808219178
2026-07-16,83.23406019184003,0.015874583212118536,91.12354895245564,0.0821917808219178
2026-07-16,83.83900770099659,0.019246960961599766,91.12354895245564,0.0821917808219178
2026-07-16,84.44395521015315,0.023268192859139496,91.12354895245564,0.0821917808219178
2026-07-16,85.0489027193097,0.02801329111742242,91.12354895245564,0.0821917808219178
2026-07-16,85.65385022846624,0.03353840498168567,91.12354895245564,0.0821917808219178
2026-07-16,86.2587977376228,0.03986486354680758,91.12354895245564,0.0821917808219178
2026-07-16,86.86374524677936,0.046959491418228604,91.12354895245564,0.0821917808219178
2026-07-16,87.4686927559359,0.054713031665743705,91.12354895245564,0.0821917808219178
2026-07-16,88.07364026509246,0.06292030519893617,91.12354895245564,0.0821917808219178
2026-07-16,88.67858777424901,0.07126759201020647,91.12354895245564,0.0821917808219178
2026-07-16,89.28353528340557,0.07933390172017914,91.12354895245564,0.0821917808219178
2026-07-16,89.88848279256212,0.08661232790691283,91.12354895245564,0.0821917808219178
2026-07-16,90.49343030171867,0.09255470457709997,91.12354895245564,0.0821917808219178
2026-07-16,91.09837781087522,0.09663717996731318,91.12354895245564,0.0821917808219178
2026-07-16,91.70332532003178,0.09843722541575102,91.12354895245564,0.0821917808219178
2026-07-16,92.30827282918833,0.09770642683673561,91.12354895245564,0.0821917808219178
2026-07-16,92.91322033834489,0.0944210837707503,91.12354895245564,0.0821917808219178
2026-07-16,93.51816784750145,0.08879613352221616,91.12354895245564,0.0821917808219178
2026-07-16,94.12311535665799,0.08125688618405563,91.12354895245564,0.0821917808219178
2026-07-16,94.72806286581454,0.07237456054440881,91.12354895245564,0.0821917808219178
2026-07-16,95.3330103749711,0.06278130857229904,91.12354895245564,0.0821917808219178
2026-07-16,95.93795788412766,0.05308468067813959,91.12354895245564,0.0821917808219178
2026-07-16,96.5429053932842,0.043799169201795836,91.12354895245564,0.0821917808219178
2026-07-16,97.14785290244076,0.03530525618683853,91.12354895245564,0.0821917808219178
2026-07-16,97.7528004115973,0.027837637170210518,91.12354895245564,0.0821917808219178
2026-07-16,98.35774792075387,0.021497223312493582,91.12354895245564,0.0821917808219178
2026-07-16,98.96269542991041,0.01627790543627836,91.12354895245564,0.0821917808219178
2026-07-16,99.56764293906697,0.012098902616296266,91.12354895245564,0.0821917808219178
2026-07-16,100.17259044822352,0.008835643892511652,91.12354895245564,0.0821917808219178
2026-07-16,100.77753795738008,0.0063450724400787245,91.12354895245564,0.0821917808219178
2026-07-16,101.38248546653662,0.004483898521642509,91.12354895245564,0.0821917808219178
2026-07-16,101.98743297569318,0.0031879550210443387,91.12354895245564,0.0821917808219178
2026-07-16,102.59238048484974,0.0022293297192454687,91.12354895245564,0.0821917808219178
2026-07-16,103.19732799400629,0.0013282097452718396,91.12354895245564,0.0821917808219178
2026-07-16,103.80227550316283,0.0009046977383766154,91.12354895245564,0.0821917808219178
2026-07-16,104.40722301231939,0.0006100182105352004,91.12354895245564,0.0821917808219178
2026-07-16,105.01217052147595,0.00040701283418328777,91.12354895245564,0.0821917808219178
2026-07-16,105.6171180306325,0.00026863332811436044,91.12354895245564,0.0821917808219178
2026-07-16,106.22206553978904,0.0001753526011253389,91.12354895245564,0.0821917808219178
2026-07-16,106.8270130489456,0.0001166963432308147,91.12354895245564,0.0821917808219178
2026-07-16,107.43196055810216,7.545014547215485e-05,91.12354895245564,0.0821917808219178
2026-07-16,108.03690806725871,3.9620115712526885e-05,91.12354895245564,0.0821917808219178
2026-07-16,108.64185557641527,2.6215482816957552e-05,91.12354895245564,0.0821917808219178
2026-07-16,109.24680308557183,1.7098089802446015e-05,91.12354895245564,0.0821917808219178
2026-07-16,109.85175059472837,1.0996657684092362e-05,91.12354895245564,0.0821917808219178
2026-07-16,110.45669810388492,6.9783698023772764e-06,91.12354895245564,0.0821917808219178
2026-07-17,76.84197786091498,0.0013374748892727086,92.85195560594804,0.0821917808219178
2026-07-17,77.4565577296655,0.0015957808796210676,92.85195560594804,0.0821917808219178
2026-07-17,78.07113759841603,0.0019060789863506828,92.85195560594804,0.0821917808219178
2026-07-17,78.68571746716655,0.0022992927618705247,92.85195560594804,0.0821917808219178
2026-07-17,79.30029733591708,0.003136308877354268,92.85195560594804,0.0821917808219178
2026-07-17,79.9148772046676,0.0034088876597869753,92.85195560594804,0.0821917808219178
2026-07-17,80.52945707341813,0.00410058135522911,92.85195560594804,0.0821917808219178
2026-07-17,81.14403694216865,0.004938713082773932,92.85195560594804,0.0821917808219178
2026-07-17,81.75861681091918,0.005955008344569701,92.85195560594804,0.0821917808219178
2026-07-17,82.3731966796697,0.007187673050688075,92.85195560594804,0.0821917808219178
2026-07-17,82.98777654842023,0.009052009589501404,92.85195560594804,0.0821917808219178
2026-07-17,83.60235641717075,0.011370035526085976,92.85195560594804,0.0821917808219178
2026-07-17,84.21693628592128,0.013075373943423419,92.85195560594804,0.0821917808219178
2026-07-17,84.8315161546718,0.015801443534859974,92.85195560594804,0.0821917808219178
2026-07-17,85.44609602342233,0.01906405218032399,92.85195560594804,0.0821917808219178
2026-07-17,86.06067589217285,0.02294010535960517,92.85195560594804,0.0821917808219178
2026-07-17,86.67525576092338,0.027500585122515672,92.85195560594804,0.0821917808219178
2026-07-17,87.2898356296739,0.03280003919735332,92.85195560594804,0.0821917808219178
2026-07-17,87.90441549842443,0.03886213400958638,92.85195560594804,0.0821917808219178
2026-07-17,88.51899536717495,0.04566154416338051,92.85195560594804,0.0821917808219178
2026-07-17,89.13357523592548,0.053103632267904786,92.85195560594804,0.0821917808219178
2026-07-17,89.748155104676,0.06100501224904923,92.85195560594804,0.0821917808219178
2026-07-17,90.36273497342653,0.0690798960641618,92.85195560594804,0.0821917808219178
2026-07-17,90.97731484217705,0.07693846634855239,92.85195560594804,0.0821917808219178
2026-07-17,91.59189471092758,0.08410348135637438,92.85195560594804,0.0821917808219178
2026-07-17,92.2064745796781,0.090049009890567,92.85195560594804,0.0821917808219178
2026-07-17,92.82105444842864,0.09426028367293685,92.85195560594804,0.0821917808219178
2026-07-17,93.43563431717917,0.09630694535395529,92.85195560594804,0.0821917808219178
2026-07-17,94.05021418592969,0.09591557426029804,92.85195560594804,0.0821917808219178
2026-07-17,94.66479405468021,0.09302412511309,92.85195560594804,0.0821917808219178
2026-07-17,95.27937392343074,0.08780305730647756,92.85195560594804,0.0821917808219178
2026-07-17,95.89395379218126,0.08063568485117478,92.85195560594804,0.0821917808219178
2026-07-17,96.50853366093179,0.07206127070110571,92.85195560594804,0.0821917808219178
2026-07-17,97.12311352968231,0.0626945336836433,92.85195560594804,0.0821917808219178
2026-07-17,97.73769339843284,0.053140682065328744,92.85195560594804,0.0821917808219178
2026-07-17,98.35227326718336,0.043924122990814975,92.85195560594804,0.0821917808219178
2026-07-17,98.96685313593389,0.03544272429407145,92.85195560594804,0.0821917808219178
2026-07-17,99.58143300468441,0.027950984159493073,92.85195560594804,0.0821917808219178
2026-07-17,100.19601287343494,0.021568004426226604,92.85195560594804,0.0821917808219178
2026-07-17,100.81059274218546,0.01630185584196419,92.85195560594804,0.0821917808219178
2026-07-17,101.42517261093599,0.012081121315149455,92.85195560594804,0.0821917808219178
2026-07-17,102.03975247968651,0.008786139568669223,92.85195560594804,0.0821917808219178
2026-07-17,102.65433234843704,0.0062753025114085466,92.85195560594804,0.0821917808219178
2026-07-17,103.26891221718756,0.004404479790578712,92.85195560594804,0.0821917808219178
2026-07-17,103.88349208593809,0.003118045897765158,92.85195560594804,0.0821917808219178
2026-07-17,104.49807195468861,0.0021289490436031664,92.85195560594804,0.0821917808219178
2026-07-17,105.11265182343914,0.0012664247549941017,92.85195560594804,0.0821917808219178
2026-07-17,105.72723169218966,0.0008524829825126641,92.85195560594804,0.0821917808219178
2026-07-17,106.34181156094019,0.0005672647616917038,92.85195560594804,0.0821917808219178
2026-07-17,106.95639142969071,0.0003729493412654347,92.85195560594804,0.0821917808219178
2026-07-17,107.57097129844124,0.0002421514145414772,92.85195560594804,0.0821917808219178
2026-07-17,108.18555116719176,0.00015522644243788316,92.85195560594804,0.0821917808219178
2026-07-17,108.80013103594229,0.00010137619325098348,92.85195560594804,0.0821917808219178
2026-07-17,109.41471090469281,6.35127514730886e-05,92.85195560594804,0.0821917808219178
2026-07-17,110.02929077344334,3.2763974258062454e-05,92.85195560594804,0.0821917808219178
2026-07-17,110.64387064219386,2.124061180252861e-05,92.85195560594804,0.0821917808219178
2026-07-17,111.25845051094439,1.3540623725849202e-05,92.85195560594804,0.0821917808219178
2026-07-17,111.87303037969491,8.49166832004881e-06,92.85195560594804,0.0821917808219178
2026-07-17,112.48761024844543,5.242081172437879e-06,92.85195560594804,0.0821917808219178
2026-07-20,76.91092830945182,0.0013563219386799343,92.84043767442515,0.0821917808219178
2026-07-20,77.52204507121412,0.0016206492150628695,92.84043767442515,0.0821917808219178
2026-07-20,78.13316183297643,0.0019382410353041691,92.84043767442515,0.0821917808219178
2026-07-20,78.74427859473873,0.002327882813664059,92.84043767442515,0.0821917808219178
2026-07-20,79.35539535650103,0.0032042519988412545,92.84043767442515,0.0821917808219178
2026-07-20,79.96651211826334,0.0034743997594332628,92.84043767442515,0.0821917808219178
2026-07-20,80.57762888002564,0.004180475312920562,92.84043767442515,0.0821917808219178
2026-07-20,81.18874564178795,0.005034889959844593,92.84043767442515,0.0821917808219178
2026-07-20,81.79986240355025,0.00606924361564365,92.84043767442515,0.0821917808219178
2026-07-20,82.41097916531255,0.0073214175065583415,92.84043767442515,0.0821917808219178
2026-07-20,83.02209592707486,0.009109311070437998,92.84043767442515,0.0821917808219178
2026-07-20,83.63321268883716,0.011635681915683559,92.84043767442515,0.0821917808219178
2026-07-20,84.24432945059947,0.013264753329372672,92.84043767442515,0.0821917808219178
2026-07-20,84.85544621236178,0.016003265459850858,92.84043767442515,0.0821917808219178
2026-07-20,85.46656297412409,0.01927124441233839,92.84043767442515,0.0821917808219178
2026-07-20,86.07767973588639,0.02314243355595255,92.84043767442515,0.0821917808219178
2026-07-20,86.6887964976487,0.02768447948114692,92.84043767442515,0.0821917808219178
2026-07-20,87.299913259411,0.03294894514621123,92.84043767442515,0.0821917808219178
2026-07-20,87.9110300211733,0.03895767438874006,92.84043767442515,0.0821917808219178
2026-07-20,88.52214678293561,0.04568575916372872,92.84043767442515,0.0821917808219178
2026-07-20,89.13326354469791,0.053042423828889566,92.84043767442515,0.0821917808219178
2026-07-20,89.74438030646022,0.06085261673683638,92.84043767442515,0.0821917808219178
2026-07-20,90.35549706822252,0.06884374276188453,92.84043767442515,0.0821917808219178
2026-07-20,90.96661382998482,0.07664323947992392,92.84043767442515,0.0821917808219178
2026-07-20,91.57773059174713,0.08379279595572686,92.84043767442515,0.0821917808219178
2026-07-20,92.18884735350943,0.08978312477773655,92.84043767442515,0.0821917808219178
2026-07-20,92.79996411527173,0.09410895514660106,92.84043767442515,0.0821917808219178
2026-07-20,93.41108087703404,0.09633789281457444,92.84043767442515,0.0821917808219178
2026-07-20,94.02219763879634,0.09618073067492372,92.84043767442515,0.0821917808219178
2026-07-20,94.63331440055865,0.0935471915217063,92.84043767442515,0.0821917808219178
2026-07-20,95.24443116232095,0.08857213379966035,92.84043767442515,0.0821917808219178
2026-07-20,95.85554792408325,0.08160355452490468,92.84043767442515,0.0821917808219178
2026-07-20,96.46666468584556,0.07315359326961478,92.84043767442515,0.0821917808219178
2026-07-20,97.07778144760786,0.06382368927343031,92.84043767442515,0.0821917808219178
2026-07-20,97.68889820937017,0.05422135773196023,92.84043767442515,0.0821917808219178
2026-07-20,98.30001497113247,0.044886586412598024,92.84043767442515,0.0821917808219178
2026-07-20,98.91113173289477,0.03624097658183919,92.84043767442515,0.0821917808219178
2026-07-20,99.52224849465708,0.028564924897991745,92.84043767442515,0.0821917808219178
2026-07-20,100.13336525641938,0.02200051939387241,92.84043767442515,0.0821917808219178
2026-07-20,100.74448201818169,0.016572770412287673,92.84043767442515,0.0821917808219178
2026-07-20,101.35559877994399,0.012220127929458717,92.84043767442515,0.0821917808219178
2026-07-20,101.9667155417063,0.008826346884114242,92.84043767442515,0.0821917808219178
2026-07-20,102.5778323034686,0.006248340561882909,92.84043767442515,0.0821917808219178
2026-07-20,103.1889490652309,0.00433743634139873,92.84043767442515,0.0821917808219178
2026-07-20,103.8000658269932,0.0030512797397138336,92.84043767442515,0.0821917808219178
2026-07-20,104.41118258875551,0.001998842668027802,92.84043767442515,0.0821917808219178
2026-07-20,105.02229935051781,0.0011897230773090135,92.84043767442515,0.0821917808219178
2026-07-20,105.63341611228012,0.0007857715093354086,92.84043767442515,0.0821917808219178
2026-07-20,106.24453287404242,0.000511844455263096,92.84043767442515,0.0821917808219178
2026-07-20,106.85564963580472,0.00032858587734425746,92.84043767442515,0.0821917808219178
2026-07-20,107.46676639756703,0.00020775384320050595,92.84043767442515,0.0821917808219178
2026-07-20,108.07788315932933,0.0001293086170594895,92.84043767442515,0.0821917808219178
2026-07-20,108.68899992109164,8.191476948907003e-05,92.84043767442515,0.0821917808219178
2026-07-20,109.30011668285394,4.8694529806828636e-05,92.84043767442515,0.0821917808219178
2026-07-20,109.91123344461624,2.445982200881508e-05,92.84043767442515,0.0821917808219178
2026-07-20,110.52235020637856,1.5337901961232074e-05,92.84043767442515,0.0821917808219178
2026-07-20,111.13346696814087,9.418834618896436e-06,92.84043767442515,0.0821917808219178
2026-07-20,111.74458372990317,5.6669154228122285e-06,92.84043767442515,0.0821917808219178
2026-07-20,112.35570049166547,3.3428995545282056e-06,92.84043767442515,0.0821917808219178
2026-07-21,77.03437524198361,0.0013924172221184267,92.61251326449532,0.0821917808219178
2026-07-21,77.6305608192772,0.0016607188444531405,92.61251326449532,0.0821917808219178
2026-07-21,78.22674639657079,0.0019826348994081565,92.61251326449532,0.0821917808219178
2026-07-21,78.82293197386437,0.0023694359757931134,92.61251326449532,0.0821917808219178
2026-07-21,79.41911755115797,0.0032133573935478805,92.61251326449532,0.0821917808219178
2026-07-21,80.01530312845155,0.0035757025612423105,92.61251326449532,0.0821917808219178
2026-07-21,80.61148870574515,0.004242893562295526,92.61251326449532,0.0821917808219178
2026-07-21,81.20767428303873,0.005103085922632355,92.61251326449532,0.0821917808219178
2026-07-21,81.80385986033231,0.006143808788431846,92.61251326449532,0.0821917808219178
2026-07-21,82.4000454376259,0.007403172127021462,92.61251326449532,0.0821917808219178
2026-07-21,82.99623101491949,0.008926542439806336,92.61251326449532,0.0821917808219178
2026-07-21,83.59241659221307,0.011779830865609991,92.61251326449532,0.0821917808219178
2026-07-21,84.18860216950667,0.013501636083059699,92.61251326449532,0.0821917808219178
2026-07-21,84.78478774680025,0.016111498934407463,92.61251326449532,0.0821917808219178
2026-07-21,85.38097332409384,0.019399083588035125,92.61251326449532,0.0821917808219178
2026-07-21,85.97715890138743,0.023298483799371703,92.61251326449532,0.0821917808219178
2026-07-21,86.57334447868101,0.027881059904565488,92.61251326449532,0.0821917808219178
2026-07-21,87.1695300559746,0.03320309609829789,92.61251326449532,0.0821917808219178
2026-07-21,87.76571563326819,0.03929211567284308,92.61251326449532,0.0821917808219178
2026-07-21,88.36190121056177,0.04612957803175751,92.61251326449532,0.0821917808219178
2026-07-21,88.95808678785536,0.053631176159692116,92.61251326449532,0.0821917808219178
2026-07-21,89.55427236514895,0.061627450266314436,92.61251326449532,0.0821917808219178
2026-07-21,90.15045794244253,0.06984914125417069,92.61251326449532,0.0821917808219178
2026-07-21,90.74664351973612,0.0779230936068803,92.61251326449532,0.0821917808219178
2026-07-21,91.3428290970297,0.08538477385797252,92.61251326449532,0.0821917808219178
2026-07-21,91.93901467432329,0.09171174916726733,92.61251326449532,0.0821917808219178
2026-07-21,92.53520025161689,0.09637833281921479,92.61251326449532,0.0821917808219178
2026-07-21,93.13138582891047,0.09892554089451609,92.61251326449532,0.0821917808219178
2026-07-21,93.72757140620406,0.09903419216017445,92.61251326449532,0.0821917808219178
2026-07-21,94.32375698349765,0.0965849274388232,92.61251326449532,0.0821917808219178
2026-07-21,94.91994256079124,0.09168943069484571,92.61251326449532,0.0821917808219178
2026-07-21,95.51612813808482,0.08468301217553309,92.61251326449532,0.0821917808219178
2026-07-21,96.1123137153784,0.07607849745571112,92.61251326449532,0.0821917808219178
2026-07-21,96.708499292672,0.06649167868895055,92.61251326449532,0.0821917808219178
2026-07-21,97.30468486996558,0.056555625108817356,92.61251326449532,0.0821917808219178
2026-07-21,97.90087044725917,0.04684250183540025,92.61251326449532,0.0821917808219178
2026-07-21,98.49705602455276,0.03780724872676726,92.61251326449532,0.0821917808219178
2026-07-21,99.09324160184634,0.02975977278979617,92.61251326449532,0.0821917808219178
2026-07-21,99.68942717913993,0.02286436274639378,92.61251326449532,0.0821917808219178
2026-07-21,100.28561275643352,0.017159398961848288,92.61251326449532,0.0821917808219178
2026-07-21,100.8817983337271,0.012588174526845517,92.61251326449532,0.0821917808219178
2026-07-21,101.47798391102069,0.009032356360321939,92.61251326449532,0.0821917808219178
2026-07-21,102.07416948831428,0.006342056340814369,92.61251326449532,0.0821917808219178
2026-07-21,102.67035506560786,0.0043593346673658235,92.61251326449532,0.0821917808219178
2026-07-21,103.26654064290145,0.00311639837041427,92.61251326449532,0.0821917808219178
2026-07-21,103.86272622019504,0.001830089668373332,92.61251326449532,0.0821917808219178
2026-07-21,104.45891179748862,0.0011629235773354838,92.61251326449532,0.0821917808219178
2026-07-21,105.0550973747822,0.0007558529446769955,92.61251326449532,0.0821917808219178
2026-07-21,105.6512829520758,0.00048363946918960374,92.61251326449532,0.0821917808219178
2026-07-21,106.24746852936939,0.00030441786817398927,92.61251326449532,0.0821917808219178
2026-07-21,106.84365410666298,0.00018835907019810395,92.61251326449532,0.0821917808219178
2026-07-21,107.43983968395656,0.00011450943453591862,92.61251326449532,0.0821917808219178
2026-07-21,108.03602526125016,7.152746091027301e-05,92.61251326449532,0.0821917808219178
2026-07-21,108.63221083854374,3.928828673538218e-05,92.61251326449532,0.0821917808219178
2026-07-21,109.22839641583732,2.018478548283839e-05,92.61251326449532,0.0821917808219178
2026-07-21,109.82458199313092,1.2302480686275731e-05,92.61251326449532,0.0821917808219178
2026-07-21,110.4207675704245,7.327781413705159e-06,92.61251326449532,0.0821917808219178
2026-07-21,111.01695314771808,4.267101352104125e-06,92.61251326449532,0.0821917808219178
2026-07-21,111.61313872501168,2.430885363626624e-06,92.61251326449532,0.0821917808219178
2026-07-22,75.7817397470616,0.001313474643264677,91.10288313091277,0.0821917808219178
2026-07-22,76.3680758013812,0.0015708326614249611,91.10288313091277,0.0821917808219178
2026-07-22,76.9544118557008,0.0018807827968442253,91.10288313091277,0.0821917808219178
2026-07-22,77.5407479100204,0.0022547071516724466,91.10288313091277,0.0821917808219178
2026-07-22,78.12708396434,0.0030685888527162415,91.10288313091277,0.0821917808219178
2026-07-22,78.7134200186596,0.0034295849372904703,91.10288313091277,0.0821917808219178
2026-07-22,79.29975607297919,0.004085266168401351,91.10288313091277,0.0821917808219178
2026-07-22,79.8860921272988,0.004934241009682382,91.10288313091277,0.0821917808219178
2026-07-22,80.4724281816184,0.005967127568907408,91.10288313091277,0.0821917808219178
2026-07-22,81.058764235938,0.007224270951293247,91.10288313091277,0.0821917808219178
2026-07-22,81.6451002902576,0.008754070774776697,91.10288313091277,0.0821917808219178
2026-07-22,82.2314363445772,0.011612274860967607,91.10288313091277,0.0821917808219178
2026-07-22,82.8177723988968,0.013397183228080645,91.10288313091277,0.0821917808219178
2026-07-22,83.40410845321641,0.016071815431750364,91.10288313091277,0.0821917808219178
2026-07-22,83.99044450753601,0.01945915293949882,91.10288313091277,0.0821917808219178
2026-07-22,84.57678056185561,0.023498841874259213,91.10288313091277,0.0821917808219178
2026-07-22,85.16311661617522,0.02826943102679643,91.10288313091277,0.0821917808219178
2026-07-22,85.7494526704948,0.033832398542584144,91.10288313091277,0.0821917808219178
2026-07-22,86.3357887248144,0.04021647520237129,91.10288313091277,0.0821917808219178
2026-07-22,86.92212477913401,0.04739798805837512,91.10288313091277,0.0821917808219178
2026-07-22,87.50846083345361,0.05527887575706948,91.10288313091277,0.0821917808219178
2026-07-22,88.09479688777321,0.06366581702113151,91.10288313091277,0.0821917808219178
2026-07-22,88.68113294209282,0.07225582272255769,91.10288313091277,0.0821917808219178
2026-07-22,89.26746899641242,0.08063495756984339,91.10288313091277,0.0821917808219178
2026-07-22,89.85380505073202,0.08829661140631702,91.10288313091277,0.0821917808219178
2026-07-22,90.44014110505162,0.09468306835211455,91.10288313091277,0.0821917808219178
2026-07-22,91.02647715937123,0.09924883380239503,91.10288313091277,0.0821917808219178
2026-07-22,91.61281321369083,0.10153727203127694,91.10288313091277,0.0821917808219178
2026-07-22,92.19914926801042,0.10125581867172524,91.10288313091277,0.0821917808219178
2026-07-22,92.78548532233003,0.09833213880606279,91.10288313091277,0.0821917808219178
2026-07-22,93.37182137664962,0.09293610599029493,91.10288313091277,0.0821917808219178
2026-07-22,93.95815743096922,0.08546035341109808,91.10288313091277,0.0821917808219178
2026-07-22,94.54449348528883,0.076462972559887,91.10288313091277,0.0821917808219178
2026-07-22,95.13082953960843,0.06658581566780097,91.10288313091277,0.0821917808219178
2026-07-22,95.71716559392803,0.05646723731163543,91.10288313091277,0.0821917808219178
2026-07-22,96.30350164824763,0.04666741303609873,91.10288313091277,0.0821917808219178
2026-07-22,96.88983770256723,0.03761856659303677,91.10288313091277,0.0821917808219178
2026-07-22,97.47617375688684,0.02960428431684125,91.10288313091277,0.0821917808219178
2026-07-22,98.06250981120644,0.022764670409112234,91.10288313091277,0.0821917808219178
2026-07-22,98.64884586552603,0.017119473421933144,91.10288313091277,0.0821917808219178
2026-07-22,99.23518191984564,0.012600023070307437,91.10288313091277,0.0821917808219178
2026-07-22,99.82151797416523,0.00908212373143249,91.10288313091277,0.0821917808219178
2026-07-22,100.40785402848483,0.0064146627035715454,91.10288313091277,0.0821917808219178
2026-07-22,100.99419008280444,0.004441420549990263,91.10288313091277,0.0821917808219178
2026-07-22,101.58052613712404,0.0032059378339472674,91.10288313091277,0.0821917808219178
2026-07-22,102.16686219144364,0.0019020891852016503,91.10288313091277,0.0821917808219178
2026-07-22,102.75319824576324,0.0012228339072357728,91.10288313091277,0.0821917808219178
2026-07-22,103.33953430008285,0.000803997893925254,91.10288313091277,0.0821917808219178
2026-07-22,103.92587035440245,0.0005210301582347234,91.10288313091277,0.0821917808219178
2026-07-22,104.51220640872205,0.00033258231295755304,91.10288313091277,0.0821917808219178
2026-07-22,105.09854246304164,0.00020897889530768012,91.10288313091277,0.0821917808219178
2026-07-22,105.68487851736126,0.00012920139946359798,91.10288313091277,0.0821917808219178
2026-07-22,106.27121457168084,8.22895808195367e-05,91.10288313091277,0.0821917808219178
2026-07-22,106.85755062600045,4.61824751906124e-05,91.10288313091277,0.0821917808219178
2026-07-22,107.44388668032005,2.4211749222587002e-05,91.10288313091277,0.0821917808219178
2026-07-22,108.03022273463965,1.5013840744887036e-05,91.10288313091277,0.0821917808219178
2026-07-22,108.61655878895925,9.11766632704849e-06,91.10288313091277,0.0821917808219178
2026-07-22,109.20289484327886,5.423870450038242e-06,91.10288313091277,0.0821917808219178
2026-07-22,109.78923089759846,3.1622368972419997e-06,91.10288313091277,0.0821917808219178
2026-07-23,75.14917514035002,0.001398189279594014,90.19725745690201,0.0821917808219178
2026-07-23,75.724508089535,0.001666443924542133,90.19725745690201,0.0821917808219178
2026-07-23,76.29984103871996,0.0019885080929030645,90.19725745690201,0.0821917808219178
2026-07-23,76.87517398790494,0.0023758373674879372,90.19725745690201,0.0821917808219178
2026-07-23,77.45050693708993,0.0031941016958560867,90.19725745690201,0.0821917808219178
2026-07-23,78.0258398862749,0.0036062186430123456,90.19725745690201,0.0821917808219178
2026-07-23,78.60117283545986,0.004256232326631818,90.19725745690201,0.0821917808219178
2026-07-23,79.17650578464485,0.005123453056412808,90.19725745690201,0.0821917808219178
2026-07-23,79.75183873382983,0.006175271769227834,90.19725745690201,0.0821917808219178
2026-07-23,80.3271716830148,0.007451551197030595,90.19725745690201,0.0821917808219178
2026-07-23,80.90250463219976,0.009000000678004914,90.19725745690201,0.0821917808219178
2026-07-23,81.47783758138475,0.011687799916687674,90.19725745690201,0.0821917808219178
2026-07-23,82.05317053056973,0.013839663916176359,90.19725745690201,0.0821917808219178
2026-07-23,82.6285034797547,0.01634912196809888,90.19725745690201,0.0821917808219178
2026-07-23,83.20383642893967,0.019738270791978898,90.19725745690201,0.0821917808219178
2026-07-23,83.77916937812465,0.023772941496758307,90.19725745690201,0.0821917808219178
2026-07-23,84.35450232730963,0.02853158197501898,90.19725745690201,0.0821917808219178
2026-07-23,84.9298352764946,0.03407716615968668,90.19725745690201,0.0821917808219178
2026-07-23,85.50516822567957,0.04044238473687114,90.19725745690201,0.0821917808219178
2026-07-23,86.08050117486455,0.047610843033930414,90.19725745690201,0.0821917808219178
2026-07-23,86.65583412404953,0.05549561046722693,90.19725745690201,0.0821917808219178
2026-07-23,87.2311670732345,0.06391812128020379,90.19725745690201,0.0821917808219178
2026-07-23,87.80650002241947,0.07259229620807837,90.19725745690201,0.0821917808219178
2026-07-23,88.38183297160445,0.08112023717704385,90.19725745690201,0.0821917808219178
2026-07-23,88.95716592078944,0.0890060505431524,90.19725745690201,0.0821917808219178
2026-07-23,89.5324988699744,0.09569237019822989,90.19725745690201,0.0821917808219178
2026-07-23,90.10783181915937,0.10061955739661631,90.19725745690201,0.0821917808219178
2026-07-23,90.68316476834435,0.10330096084783746,90.19725745690201,0.0821917808219178
2026-07-23,91.25849771752934,0.10340090597637218,90.19725745690201,0.0821917808219178
2026-07-23,91.8338306667143,0.10079795218473847,90.19725745690201,0.0821917808219178
2026-07-23,92.40916361589927,0.09561680537386318,90.19725745690201,0.0821917808219178
2026-07-23,92.98449656508426,0.08821882073720388,90.19725745690201,0.0821917808219178
2026-07-23,93.55982951426924,0.07915157010073513,90.19725745690201,0.0821917808219178
2026-07-23,94.13516246345421,0.06906882203933835,90.19725745690201,0.0821917808219178
2026-07-23,94.71049541263918,0.05863950485465785,90.19725745690201,0.0821917808219178
2026-07-23,95.28582836182416,0.04846535963017968,90.19725745690201,0.0821917808219178
2026-07-23,95.86116131100914,0.03902222027066405,90.19725745690201,0.0821917808219178
2026-07-23,96.43649426019411,0.030631632451265097,90.19725745690201,0.0821917808219178
2026-07-23,97.01182720937908,0.023461170854660696,90.19725745690201,0.0821917808219178
2026-07-23,97.58716015856406,0.017545973479102684,90.19725745690201,0.0821917808219178
2026-07-23,98.16249310774904,0.012821742817811801,90.19725745690201,0.0821917808219178
2026-07-23,98.73782605693401,0.00916029377673718,90.19725745690201,0.0821917808219178
2026-07-23,99.31315900611898,0.006401337615528844,90.19725745690201,0.0821917808219178
2026-07-23,99.88849195530396,0.004377203768418341,90.19725745690201,0.0821917808219178
2026-07-23,100.46382490448894,0.0031440296259145637,90.19725745690201,0.0821917808219178
2026-07-23,101.03915785367391,0.0017650623268292706,90.19725745690201,0.0821917808219178
2026-07-23,101.61449080285888,0.0011525912515268522,90.19725745690201,0.0821917808219178
2026-07-23,102.18982375204386,0.0007442542513298777,90.19725745690201,0.0821917808219178
2026-07-23,102.76515670122885,0.0004728777273760713,90.19725745690201,0.0821917808219178
2026-07-23,103.34048965041382,0.00029541370265692734,90.19725745690201,0.0821917808219178
2026-07-23,103.91582259959878,0.00018133340457210907,90.19725745690201,0.0821917808219178
2026-07-23,104.49115554878377,0.0001093118472158453,90.19725745690201,0.0821917808219178
2026-07-23,105.06648849796875,6.797642786675732e-05,90.19725745690201,0.0821917808219178
2026-07-23,105.64182144715372,3.624223408530886e-05,90.19725745690201,0.0821917808219178
2026-07-23,106.21715439633869,1.8845023043933373e-05,90.19725745690201,0.0821917808219178
2026-07-23,106.79248734552367,1.1376918271386363e-05,90.19725745690201,0.0821917808219178
2026-07-23,107.36782029470865,6.709388588988417e-06,90.19725745690201,0.0821917808219178
2026-07-23,107.94315324389362,3.866722275446484e-06,90.19725745690201,0.0821917808219178
2026-07-23,108.51848619307859,2.179198712767558e-06,90.19725745690201,0.0821917808219178
2026-07-24,77.1516871645438,0.0014810037705305559,92.04251881710566,0.0821917808219178
2026-07-24,77.71895938291482,0.001750680826759053,92.04251881710566,0.0821917808219178
2026-07-24,78.28623160128582,0.0020725370397894475,92.04251881710566,0.0821917808219178
2026-07-24,78.85350381965684,0.0024574951252904387,92.04251881710566,0.0821917808219178
2026-07-24,79.42077603802784,0.0031716747706206643,92.04251881710566,0.0821917808219178
2026-07-24,79.98804825639886,0.0037480134760861047,92.04251881710566,0.0821917808219178
2026-07-24,80.55532047476986,0.004299174038850273,92.04251881710566,0.0821917808219178
2026-07-24,81.12259269314086,0.005144260040774342,92.04251881710566,0.0821917808219178
2026-07-24,81.68986491151188,0.006166598385785746,92.04251881710566,0.0821917808219178
2026-07-24,82.25713712988288,0.007404784829079971,92.04251881710566,0.0821917808219178
2026-07-24,82.8244093482539,0.008905315058972739,92.04251881710566,0.0821917808219178
2026-07-24,83.3916815666249,0.010734108645550114,92.04251881710566,0.0821917808219178
2026-07-24,83.9589537849959,0.014205156248187712,92.04251881710566,0.0821917808219178
2026-07-24,84.52622600336692,0.015992530048050173,92.04251881710566,0.0821917808219178
2026-07-24,85.09349822173792,0.019283855868025265,92.04251881710566,0.0821917808219178
2026-07-24,85.66077044010893,0.023216027359373913,92.04251881710566,0.0821917808219178
2026-07-24,86.22804265847994,0.027874825289537174,92.04251881710566,0.0821917808219178
2026-07-24,86.79531487685094,0.033334088370995586,92.04251881710566,0.0821917808219178
2026-07-24,87.36258709522195,0.0396412185683665,92.04251881710566,0.0821917808219178
2026-07-24,87.92985931359296,0.04679808130208638,92.04251881710566,0.0821917808219178
2026-07-24,88.49713153196397,0.05473829525987899,92.04251881710566,0.0821917808219178
2026-07-24,89.06440375033498,0.06330362450192183,92.04251881710566,0.0821917808219178
2026-07-24,89.63167596870599,0.07222428586937225,92.04251881710566,0.0821917808219178
2026-07-24,90.198948187077,0.08110989006583245,92.04251881710566,0.0821917808219178
2026-07-24,90.766220405448,0.08945848894006886,92.04251881710566,0.0821917808219178
2026-07-24,91.33349262381901,0.09668970892993053,92.04251881710566,0.0821917808219178
2026-07-24,91.90076484219001,0.10220350915513397,92.04251881710566,0.0821917808219178
2026-07-24,92.46803706056103,0.1054590717686532,92.04251881710566,0.0821917808219178
2026-07-24,93.03530927893203,0.10606054234361657,92.04251881710566,0.0821917808219178
2026-07-24,93.60258149730305,0.10383078139013627,92.04251881710566,0.0821917808219178
2026-07-24,94.16985371567405,0.09885393153276739,92.04251881710566,0.0821917808219178
2026-07-24,94.73712593404505,0.09147377071612091,92.04251881710566,0.0821917808219178
2026-07-24,95.30439815241607,0.08224608458589165,92.04251881710566,0.0821917808219178
2026-07-24,95.87167037078707,0.07185575145930821,92.04251881710566,0.0821917808219178
2026-07-24,96.43894258915807,0.06101823602643514,92.04251881710566,0.0821917808219178
2026-07-24,97.00621480752909,0.050387565612073484,92.04251881710566,0.0821917808219178
2026-07-24,97.57348702590009,0.04048837337416867,92.04251881710566,0.0821917808219178
2026-07-24,98.14075924427111,0.03168074925989394,92.04251881710566,0.0821917808219178
2026-07-24,98.70803146264211,0.024157187411825584,92.04251881710566,0.0821917808219178
2026-07-24,99.27530368101313,0.017963996418829144,92.04251881710566,0.0821917808219178
2026-07-24,99.84257589938413,0.013036547084855304,92.04251881710566,0.0821917808219178
2026-07-24,100.40984811775513,0.009238297419352592,92.04251881710566,0.0821917808219178
2026-07-24,100.97712033612615,0.006396248328972464,92.04251881710566,0.0821917808219178
2026-07-24,101.54439255449715,0.004527482741845396,92.04251881710566,0.0821917808219178
2026-07-24,102.11166477286817,0.002789363138046172,92.04251881710566,0.0821917808219178
2026-07-24,102.67893699123917,0.0017323764633137546,92.04251881710566,0.0821917808219178
2026-07-24,103.24620920961019,0.0011224228198169642,92.04251881710566,0.0821917808219178
2026-07-24,103.81348142798119,0.0007154003447762932,92.04251881710566,0.0821917808219178
2026-07-24,104.38075364635219,0.0004483206132210616,92.04251881710566,0.0821917808219178
2026-07-24,104.9480258647232,0.0002760851985282255,92.04251881710566,0.0821917808219178
2026-07-24,105.51529808309421,0.00016700006106177442,92.04251881710566,0.0821917808219178
2026-07-24,106.08257030146521,9.919098617579789e-05,92.04251881710566,0.0821917808219178
2026-07-24,106.64984251983623,6.176937021498582e-05,92.04251881710566,0.0821917808219178
2026-07-24,107.21711473820723,3.0187761192293758e-05,92.04251881710566,0.0821917808219178
2026-07-24,107.78438695657825,1.6744034378837404e-05,92.04251881710566,0.0821917808219178
2026-07-24,108.35165917494925,9.936890828833488e-06,92.04251881710566,0.0821917808219178
2026-07-24,108.91893139332026,5.766392845630519e-06,92.04251881710566,0.0821917808219178
2026-07-24,109.48620361169127,3.2733582734632423e-06,92.04251881710566,0.0821917808219178
2026-07-24,110.05347583006227,1.8188908410587508e-06,92.04251881710566,0.0821917808219178
